org_id remap_id
1 0
39 1
43 2
47 3
102 4
107 5
124 6
125 7
145 8
166 9
168 10
176 11
177 12
208 13
221 14
226 15
261 16
262 17
266 18
268 19
272 20
274 21
276 22
288 23
299 24
305 25
313 26
340 27
344 28
351 29
369 30
386 31
415 32
420 33
428 34
454 35
491 36
510 37
529 38
551 39
564 40
572 41
602 42
608 43
614 44
618 45
624 46
639 47
662 48
681 49
683 50
696 51
732 52
742 53
747 54
809 55
821 56
852 57
873 58
877 59
878 60
940 61
944 62
953 63
967 64
993 65
1001 66
1023 67
1024 68
1042 69
1050 70
1055 71
1071 72
1075 73
1076 74
1097 75
1104 76
1105 77
1135 78
1145 79
1147 80
1153 81
1161 82
1168 83
1170 84
1179 85
1182 86
1215 87
1216 88
1218 89
1220 90
1232 91
1255 92
1289 93
1327 94
1383 95
1399 96
1420 97
1439 98
1446 99
1450 100
1458 101
1476 102
1490 103
1491 104
1493 105
1503 106
1511 107
1540 108
1563 109
1572 110
1620 111
1642 112
1644 113
1696 114
1699 115
1742 116
1746 117
1750 118
1790 119
1795 120
1800 121
1816 122
1827 123
1830 124
1909 125
1913 126
1949 127
1976 128
2001 129
2013 130
2031 131
2038 132
2091 133
2108 134
2126 135
2142 136
2148 137
2149 138
2153 139
2171 140
2211 141
2227 142
2251 143
2272 144
2304 145
2322 146
2330 147
2379 148
2382 149
2384 150
2390 151
2398 152
2401 153
2407 154
2410 155
2425 156
2430 157
2445 158
2447 159
2458 160
2471 161
2515 162
2519 163
2531 164
2560 165
2582 166
2583 167
2590 168
2601 169
2608 170
2610 171
2631 172
2639 173
2653 174
2663 175
2682 176
2703 177
2715 178
2723 179
2727 180
2728 181
2741 182
2750 183
2754 184
2800 185
2808 186
2841 187
2858 188
2863 189
2867 190
2873 191
2889 192
2893 193
2899 194
2915 195
2940 196
2967 197
3011 198
3019 199
3034 200
3057 201
3068 202
3080 203
3083 204
3093 205
3120 206
3164 207
3185 208
3191 209
3199 210
3214 211
3233 212
3235 213
3246 214
3269 215
3272 216
3274 217
3310 218
3318 219
3329 220
3335 221
3368 222
3371 223
3376 224
3406 225
3423 226
3450 227
3456 228
3468 229
3475 230
3483 231
3504 232
3507 233
3512 234
3526 235
3543 236
3571 237
3574 238
3591 239
3600 240
3609 241
3612 242
3621 243
3623 244
3631 245
3640 246
3642 247
3648 248
3649 249
3653 250
3678 251
3705 252
3708 253
3767 254
3770 255
3777 256
3791 257
3797 258
3827 259
3830 260
3853 261
3873 262
3874 263
3890 264
3895 265
3906 266
3914 267
3922 268
3941 269
3948 270
3965 271
3973 272
4000 273
4038 274
4049 275
4065 276
4069 277
4075 278
4080 279
4086 280
4088 281
4101 282
4102 283
4107 284
4112 285
4136 286
4147 287
4155 288
4194 289
4199 290
4205 291
4209 292
4215 293
4220 294
4232 295
4257 296
4260 297
4263 298
4264 299
4271 300
4275 301
4277 302
4278 303
4281 304
4290 305
4293 306
4309 307
4312 308
4320 309
4375 310
4377 311
4379 312
4425 313
4438 314
4447 315
4456 316
4457 317
4466 318
4499 319
4501 320
4515 321
4558 322
4559 323
4564 324
4586 325
4591 326
4596 327
4601 328
4626 329
4633 330
4645 331
4668 332
4670 333
4674 334
4686 335
4692 336
4694 337
4695 338
4699 339
4708 340
4735 341
4775 342
4778 343
4783 344
4795 345
4810 346
4820 347
4838 348
4848 349
4859 350
4926 351
4933 352
4961 353
4991 354
5005 355
5008 356
5009 357
5011 358
5023 359
5026 360
5041 361
5042 362
5053 363
5066 364
5067 365
5085 366
5091 367
5107 368
5127 369
5158 370
5184 371
5192 372
5203 373
5213 374
5237 375
5241 376
5249 377
5251 378
5260 379
5274 380
5286 381
5294 382
5311 383
5319 384
5327 385
5335 386
5358 387
5365 388
5419 389
5420 390
5439 391
5456 392
5460 393
5466 394
5494 395
5497 396
5499 397
5517 398
5518 399
5533 400
5537 401
5542 402
5559 403
5573 404
5583 405
5616 406
5622 407
5629 408
5648 409
5653 410
5659 411
5682 412
5687 413
5689 414
5691 415
5708 416
5753 417
5761 418
5767 419
5786 420
5796 421
5797 422
5806 423
5811 424
5833 425
5837 426
5840 427
5890 428
5893 429
5902 430
5905 431
5919 432
5935 433
5938 434
5939 435
5940 436
5947 437
5977 438
6000 439
6036 440
6062 441
6082 442
6117 443
6136 444
6146 445
6156 446
6158 447
6180 448
6188 449
6195 450
6196 451
6212 452
6213 453
6214 454
6276 455
6294 456
6301 457
6302 458
6316 459
6323 460
6337 461
6346 462
6365 463
6400 464
6421 465
6423 466
6429 467
6436 468
6437 469
6443 470
6462 471
6466 472
6475 473
6497 474
6498 475
6513 476
6520 477
6524 478
6531 479
6532 480
6566 481
6595 482
6606 483
6610 484
6645 485
6651 486
6655 487
6664 488
6666 489
6672 490
6681 491
6693 492
6702 493
6708 494
6711 495
6753 496
6775 497
6784 498
6805 499
6806 500
6809 501
6816 502
6834 503
6849 504
6856 505
6862 506
6897 507
6906 508
6925 509
6930 510
6960 511
6961 512
6964 513
6986 514
7017 515
7023 516
7043 517
7053 518
7056 519
7074 520
7081 521
7094 522
7102 523
7123 524
7133 525
7135 526
7137 527
7189 528
7192 529
7199 530
7200 531
7207 532
7218 533
7220 534
7226 535
7244 536
7245 537
7254 538
7281 539
7292 540
7328 541
7336 542
7338 543
7351 544
7392 545
7411 546
7430 547
7444 548
7445 549
7449 550
7467 551
7469 552
7472 553
7483 554
7500 555
7509 556
7517 557
7541 558
7581 559
7590 560
7599 561
7621 562
7622 563
7632 564
7635 565
7636 566
7645 567
7649 568
7663 569
7665 570
7680 571
7685 572
7737 573
7765 574
7767 575
7783 576
7787 577
7789 578
7807 579
7817 580
7824 581
7827 582
7846 583
7849 584
7906 585
7925 586
7954 587
7965 588
7972 589
7981 590
8021 591
8031 592
8037 593
8054 594
8059 595
8065 596
8072 597
8079 598
8082 599
8107 600
8128 601
8171 602
8174 603
8185 604
8186 605
8198 606
8207 607
8208 608
8233 609
8242 610
8248 611
8252 612
8254 613
8258 614
8259 615
8269 616
8280 617
8281 618
8290 619
8291 620
8292 621
8309 622
8315 623
8336 624
8342 625
8351 626
8364 627
8369 628
8418 629
8451 630
8460 631
8485 632
8488 633
8490 634
8504 635
8509 636
8520 637
8526 638
8535 639
8548 640
8564 641
8583 642
8598 643
8654 644
8657 645
8662 646
8669 647
8678 648
8691 649
8697 650
8698 651
8708 652
8709 653
8726 654
8729 655
8732 656
8735 657
8750 658
8751 659
8752 660
8764 661
8788 662
8821 663
8822 664
8827 665
8833 666
8867 667
8868 668
8870 669
8894 670
8908 671
8933 672
8945 673
8948 674
8952 675
9002 676
9007 677
9010 678
9022 679
9042 680
9058 681
9070 682
9087 683
9092 684
9116 685
9130 686
9150 687
9153 688
9155 689
9159 690
9176 691
9180 692
9193 693
9196 694
9222 695
9234 696
9243 697
9256 698
9273 699
9278 700
9286 701
9291 702
9300 703
9309 704
9324 705
9330 706
9337 707
9344 708
9347 709
9359 710
9364 711
9368 712
9386 713
9387 714
9390 715
9392 716
9399 717
9410 718
9417 719
9425 720
9444 721
9448 722
9449 723
9468 724
9477 725
9506 726
9511 727
9544 728
9552 729
9560 730
9578 731
9588 732
9590 733
9602 734
9611 735
9649 736
9653 737
9658 738
9666 739
9671 740
9675 741
9677 742
9699 743
9741 744
9746 745
9770 746
9772 747
9789 748
9794 749
9813 750
9816 751
9846 752
9883 753
9885 754
9928 755
9933 756
9952 757
9963 758
9969 759
9970 760
9980 761
10005 762
10058 763
10135 764
10137 765
10171 766
10176 767
10177 768
10178 769
10182 770
10184 771
10189 772
10198 773
10211 774
10230 775
10240 776
10246 777
10260 778
10276 779
10285 780
10305 781
10318 782
10332 783
10391 784
10400 785
10404 786
10410 787
10433 788
10442 789
10463 790
10464 791
10471 792
10474 793
10483 794
10495 795
10512 796
10517 797
10534 798
10536 799
10545 800
10546 801
10590 802
10591 803
10593 804
10599 805
10602 806
10608 807
10611 808
10614 809
10627 810
10628 811
10645 812
10650 813
10662 814
10668 815
10670 816
10674 817
10675 818
10689 819
10713 820
10730 821
10743 822
10778 823
10783 824
10801 825
10805 826
10806 827
10835 828
10844 829
10846 830
10861 831
10886 832
10896 833
10898 834
10929 835
10935 836
10937 837
10948 838
10956 839
10959 840
10966 841
10992 842
10993 843
11010 844
11011 845
11013 846
11042 847
11056 848
11060 849
11068 850
11078 851
11084 852
11088 853
11097 854
11107 855
11109 856
11112 857
11117 858
11118 859
11129 860
11133 861
11136 862
11140 863
11152 864
11153 865
11168 866
11180 867
11181 868
11186 869
11196 870
11205 871
11229 872
11230 873
11249 874
11250 875
11263 876
11274 877
11287 878
11303 879
11306 880
11311 881
11314 882
11321 883
11344 884
11350 885
11352 886
11362 887
11364 888
11370 889
11371 890
11374 891
11378 892
11382 893
11385 894
11390 895
11402 896
11446 897
11447 898
11455 899
11464 900
11471 901
11498 902
11501 903
11503 904
11538 905
11543 906
11544 907
11550 908
11564 909
11569 910
11577 911
11615 912
11628 913
11636 914
11638 915
11640 916
11653 917
11655 918
11663 919
11666 920
11668 921
11674 922
11716 923
11738 924
11758 925
11770 926
11771 927
11772 928
11800 929
11805 930
11816 931
11817 932
11822 933
11823 934
11825 935
11838 936
11897 937
11936 938
11956 939
11977 940
11978 941
11994 942
11997 943
12041 944
12046 945
12051 946
12069 947
12121 948
12127 949
12129 950
12130 951
12133 952
12134 953
12154 954
12162 955
12191 956
12197 957
12208 958
12210 959
12220 960
12222 961
12228 962
12242 963
12301 964
12302 965
12343 966
12354 967
12361 968
12391 969
12417 970
12427 971
12443 972
12444 973
12447 974
12457 975
12459 976
12462 977
12479 978
12482 979
12488 980
12492 981
12500 982
12510 983
12511 984
12537 985
12582 986
12599 987
12603 988
12617 989
12643 990
12645 991
12656 992
12692 993
12693 994
12701 995
12710 996
12726 997
12734 998
12785 999
12790 1000
12814 1001
12816 1002
12819 1003
12842 1004
12848 1005
12861 1006
12872 1007
12874 1008
12894 1009
12918 1010
12924 1011
12931 1012
12937 1013
12939 1014
12998 1015
13002 1016
13049 1017
13050 1018
13067 1019
13082 1020
13084 1021
13096 1022
13141 1023
13177 1024
13187 1025
13208 1026
13218 1027
13222 1028
13229 1029
13265 1030
13291 1031
13301 1032
13345 1033
13350 1034
13353 1035
13386 1036
13398 1037
13424 1038
13444 1039
13446 1040
13466 1041
13477 1042
13507 1043
13514 1044
13515 1045
13535 1046
13537 1047
13559 1048
13563 1049
13564 1050
13570 1051
13582 1052
13589 1053
13590 1054
13592 1055
13625 1056
13650 1057
13655 1058
13672 1059
13684 1060
13686 1061
13698 1062
13704 1063
13752 1064
13757 1065
13763 1066
13770 1067
13777 1068
13793 1069
13805 1070
13812 1071
13816 1072
13844 1073
13892 1074
13899 1075
13915 1076
13995 1077
14056 1078
14061 1079
14087 1080
14125 1081
14157 1082
14162 1083
14188 1084
14197 1085
14211 1086
14235 1087
14331 1088
14381 1089
14472 1090
14557 1091
14596 1092
14614 1093
14617 1094
14621 1095
14634 1096
14646 1097
14658 1098
14659 1099
14672 1100
14678 1101
14694 1102
14706 1103
14720 1104
14743 1105
14749 1106
14750 1107
14751 1108
14752 1109
14757 1110
14762 1111
14768 1112
14775 1113
14776 1114
14785 1115
14799 1116
14805 1117
14819 1118
14841 1119
14861 1120
14865 1121
14888 1122
14895 1123
14899 1124
14911 1125
14915 1126
14945 1127
14953 1128
14965 1129
15010 1130
15016 1131
15023 1132
15025 1133
15044 1134
15056 1135
15089 1136
15099 1137
15101 1138
15102 1139
15116 1140
15126 1141
15128 1142
15143 1143
15157 1144
15167 1145
15186 1146
15191 1147
15197 1148
15207 1149
15220 1150
15235 1151
15257 1152
15258 1153
15266 1154
15280 1155
15293 1156
15294 1157
15296 1158
15301 1159
15304 1160
15328 1161
15329 1162
15339 1163
15351 1164
15378 1165
15408 1166
15425 1167
15427 1168
15436 1169
15475 1170
15481 1171
15486 1172
15494 1173
15495 1174
15500 1175
15516 1176
15564 1177
15574 1178
15595 1179
15606 1180
15616 1181
15635 1182
15654 1183
15668 1184
15670 1185
15674 1186
15677 1187
15710 1188
15716 1189
15752 1190
15753 1191
15758 1192
15764 1193
15778 1194
15796 1195
15834 1196
15849 1197
15858 1198
15911 1199
15919 1200
15930 1201
15976 1202
16002 1203
16009 1204
16011 1205
16013 1206
16014 1207
16021 1208
16025 1209
16075 1210
16078 1211
16090 1212
16101 1213
16104 1214
16112 1215
16118 1216
16125 1217
16126 1218
16139 1219
16154 1220
16175 1221
16187 1222
16208 1223
16219 1224
16227 1225
16261 1226
16273 1227
16275 1228
16285 1229
16292 1230
16297 1231
16304 1232
16330 1233
16338 1234
16342 1235
16346 1236
16349 1237
16355 1238
16356 1239
16383 1240
16403 1241
16415 1242
16416 1243
16426 1244
16461 1245
16484 1246
16499 1247
16510 1248
16521 1249
16527 1250
16540 1251
16546 1252
16548 1253
16549 1254
16556 1255
16557 1256
16577 1257
16595 1258
16618 1259
16711 1260
16721 1261
16741 1262
16763 1263
16770 1264
16778 1265
16780 1266
16815 1267
16818 1268
16830 1269
16869 1270
16871 1271
16891 1272
16894 1273
16895 1274
16896 1275
16899 1276
16902 1277
16903 1278
16932 1279
16944 1280
16951 1281
16967 1282
16975 1283
16990 1284
17004 1285
17007 1286
17019 1287
17041 1288
17053 1289
17054 1290
17057 1291
17061 1292
17067 1293
17073 1294
17081 1295
17093 1296
17096 1297
17100 1298
17101 1299
17112 1300
17118 1301
17122 1302
17125 1303
17153 1304
17187 1305
17189 1306
17201 1307
17203 1308
17205 1309
17218 1310
17228 1311
17248 1312
17274 1313
17289 1314
17317 1315
17330 1316
17347 1317
17349 1318
17352 1319
17371 1320
17386 1321
17401 1322
17425 1323
17432 1324
17434 1325
17459 1326
17489 1327
17503 1328
17509 1329
17537 1330
17567 1331
17581 1332
17606 1333
17626 1334
17639 1335
17653 1336
17656 1337
17662 1338
17675 1339
17676 1340
17705 1341
17728 1342
17765 1343
17773 1344
17776 1345
17777 1346
17790 1347
17791 1348
17803 1349
17820 1350
17829 1351
17832 1352
17833 1353
17849 1354
17854 1355
17867 1356
17870 1357
17879 1358
17911 1359
17914 1360
17915 1361
17919 1362
17923 1363
17926 1364
17937 1365
17938 1366
17970 1367
17971 1368
17986 1369
18008 1370
18020 1371
18029 1372
18031 1373
18036 1374
18047 1375
18087 1376
18102 1377
18108 1378
18110 1379
18122 1380
18142 1381
18145 1382
18153 1383
18155 1384
18179 1385
18185 1386
18201 1387
18205 1388
18223 1389
18227 1390
18265 1391
18284 1392
18310 1393
18342 1394
18353 1395
18382 1396
18389 1397
18407 1398
18422 1399
18423 1400
18462 1401
18475 1402
18478 1403
18479 1404
18494 1405
18504 1406
18505 1407
18509 1408
18531 1409
18533 1410
18574 1411
18591 1412
18605 1413
18626 1414
18651 1415
18661 1416
18689 1417
18730 1418
18739 1419
18749 1420
18800 1421
18841 1422
18865 1423
18874 1424
18875 1425
18887 1426
18906 1427
18910 1428
18914 1429
18939 1430
18980 1431
18992 1432
18998 1433
19002 1434
19005 1435
19021 1436
19037 1437
19049 1438
19051 1439
19068 1440
19070 1441
19107 1442
19117 1443
19121 1444
19126 1445
19136 1446
19161 1447
19246 1448
19256 1449
19257 1450
19293 1451
19299 1452
19311 1453
19328 1454
19357 1455
19369 1456
19398 1457
19404 1458
19411 1459
19440 1460
19463 1461
19473 1462
19475 1463
19476 1464
19495 1465
19502 1466
19513 1467
19551 1468
19563 1469
19605 1470
19621 1471
19624 1472
19625 1473
19628 1474
19641 1475
19651 1476
19655 1477
19667 1478
19675 1479
19693 1480
19700 1481
19724 1482
19733 1483
19737 1484
19756 1485
19758 1486
19777 1487
19781 1488
19814 1489
19827 1490
19829 1491
19843 1492
19891 1493
19896 1494
19898 1495
19927 1496
19931 1497
19941 1498
19966 1499
20016 1500
20019 1501
20040 1502
20057 1503
20060 1504
20084 1505
20093 1506
20102 1507
20125 1508
20127 1509
20130 1510
20150 1511
20155 1512
20159 1513
20162 1514
20182 1515
20183 1516
20194 1517
20195 1518
20202 1519
20288 1520
20303 1521
20311 1522
20331 1523
20369 1524
20374 1525
20399 1526
20444 1527
20460 1528
20463 1529
20484 1530
20514 1531
20518 1532
20531 1533
20532 1534
20538 1535
20547 1536
20551 1537
20567 1538
20579 1539
20587 1540
20588 1541
20590 1542
20603 1543
20613 1544
20614 1545
20624 1546
20633 1547
20640 1548
20660 1549
20684 1550
20685 1551
20691 1552
20714 1553
20755 1554
20770 1555
20772 1556
20775 1557
20792 1558
20801 1559
20806 1560
20812 1561
20837 1562
20846 1563
20849 1564
20870 1565
20915 1566
20923 1567
20925 1568
20942 1569
20958 1570
20966 1571
20968 1572
21005 1573
21009 1574
21029 1575
21057 1576
21093 1577
21115 1578
21121 1579
21129 1580
21135 1581
21181 1582
21188 1583
21216 1584
21233 1585
21236 1586
21247 1587
21248 1588
21254 1589
21297 1590
21316 1591
21324 1592
21345 1593
21371 1594
21382 1595
21389 1596
21399 1597
21413 1598
21416 1599
21446 1600
21454 1601
21469 1602
21484 1603
21505 1604
21519 1605
21535 1606
21555 1607
21568 1608
21580 1609
21604 1610
21617 1611
21627 1612
21654 1613
21655 1614
21723 1615
21736 1616
21760 1617
21762 1618
21769 1619
21776 1620
21819 1621
21837 1622
21845 1623
21847 1624
21866 1625
21882 1626
21913 1627
21917 1628
21924 1629
21945 1630
21955 1631
21970 1632
21981 1633
21999 1634
22013 1635
22022 1636
22033 1637
22045 1638
22056 1639
22065 1640
22068 1641
22074 1642
22085 1643
22089 1644
22111 1645
22128 1646
22138 1647
22145 1648
22162 1649
22164 1650
22187 1651
22213 1652
22223 1653
22225 1654
22259 1655
22260 1656
22344 1657
22366 1658
22378 1659
22382 1660
22383 1661
22385 1662
22393 1663
22398 1664
22408 1665
22414 1666
22417 1667
22431 1668
22434 1669
22437 1670
22441 1671
22449 1672
22458 1673
22480 1674
22498 1675
22519 1676
22525 1677
22556 1678
22559 1679
22562 1680
22564 1681
22570 1682
22591 1683
22592 1684
22598 1685
22612 1686
22629 1687
22632 1688
22633 1689
22653 1690
22658 1691
22666 1692
22685 1693
22690 1694
22732 1695
22737 1696
22755 1697
22756 1698
22757 1699
22775 1700
22799 1701
22815 1702
22826 1703
22828 1704
22844 1705
22848 1706
22853 1707
22856 1708
22868 1709
22873 1710
22882 1711
22885 1712
22889 1713
22892 1714
22903 1715
22906 1716
22916 1717
22931 1718
22934 1719
22944 1720
22947 1721
22958 1722
22985 1723
22988 1724
22990 1725
22994 1726
23002 1727
23029 1728
23045 1729
23076 1730
23106 1731
23113 1732
23135 1733
23148 1734
23169 1735
23187 1736
23196 1737
23197 1738
23225 1739
23231 1740
23232 1741
23239 1742
23242 1743
23296 1744
23318 1745
23329 1746
23335 1747
23341 1748
23400 1749
23402 1750
23417 1751
23427 1752
23452 1753
23500 1754
23522 1755
23545 1756
23548 1757
23583 1758
23590 1759
23599 1760
23604 1761
23615 1762
23626 1763
23641 1764
23645 1765
23669 1766
23683 1767
23684 1768
23688 1769
23689 1770
23694 1771
23702 1772
23736 1773
23737 1774
23767 1775
23777 1776
23784 1777
23785 1778
23804 1779
23820 1780
23825 1781
23841 1782
23845 1783
23884 1784
23887 1785
23899 1786
23918 1787
23957 1788
23962 1789
23976 1790
23986 1791
24011 1792
24014 1793
24020 1794
24028 1795
24033 1796
24044 1797
24048 1798
24083 1799
24093 1800
24098 1801
24119 1802
24123 1803
24138 1804
24145 1805
24146 1806
24159 1807
24176 1808
24196 1809
24212 1810
24218 1811
24219 1812
24223 1813
24266 1814
24272 1815
24277 1816
24283 1817
24292 1818
24310 1819
24349 1820
24351 1821
24359 1822
24392 1823
24408 1824
24421 1825
24422 1826
24433 1827
24440 1828
24447 1829
24491 1830
24497 1831
24501 1832
24505 1833
24510 1834
24516 1835
24522 1836
24525 1837
24526 1838
24555 1839
24559 1840
24560 1841
24565 1842
24577 1843
24587 1844
24596 1845
24601 1846
24605 1847
24611 1848
24618 1849
24624 1850
24631 1851
24634 1852
24636 1853
24642 1854
24644 1855
24646 1856
24651 1857
24667 1858
24682 1859
24694 1860
24696 1861
24705 1862
24723 1863
24725 1864
24731 1865
24748 1866
24759 1867
24773 1868
24787 1869
24790 1870
24795 1871
24809 1872
24831 1873
24841 1874
24855 1875
24870 1876
24873 1877
24874 1878
24884 1879
24895 1880
24900 1881
24901 1882
24922 1883
24927 1884
24930 1885
24932 1886
24939 1887
24967 1888
24972 1889
24982 1890
24991 1891
25013 1892
25024 1893
25027 1894
25031 1895
25043 1896
25045 1897
25055 1898
25057 1899
25069 1900
25086 1901
25105 1902
25111 1903
25112 1904
25113 1905
25124 1906
25178 1907
25185 1908
25189 1909
25197 1910
25202 1911
25208 1912
25209 1913
25242 1914
25275 1915
25276 1916
25280 1917
25291 1918
25299 1919
25332 1920
25335 1921
25365 1922
25384 1923
25394 1924
25400 1925
25405 1926
25420 1927
25428 1928
25433 1929
25453 1930
25474 1931
25478 1932
25486 1933
25503 1934
25512 1935
25524 1936
25550 1937
25572 1938
25593 1939
25600 1940
25601 1941
25617 1942
25625 1943
25628 1944
25643 1945
25651 1946
25662 1947
25668 1948
25680 1949
25702 1950
25711 1951
25726 1952
25730 1953
25758 1954
25776 1955
25795 1956
25797 1957
25836 1958
25841 1959
25861 1960
25863 1961
25867 1962
25899 1963
25904 1964
25917 1965
25934 1966
25942 1967
25987 1968
25993 1969
26021 1970
26024 1971
26040 1972
26060 1973
26061 1974
26071 1975
26079 1976
26081 1977
26125 1978
26153 1979
26162 1980
26178 1981
26179 1982
26188 1983
26190 1984
26193 1985
26199 1986
26204 1987
26218 1988
26248 1989
26249 1990
26288 1991
26311 1992
26317 1993
26353 1994
26357 1995
26375 1996
26376 1997
26396 1998
26450 1999
26481 2000
26489 2001
26491 2002
26498 2003
26505 2004
26514 2005
26517 2006
26530 2007
26532 2008
26551 2009
26552 2010
26560 2011
26605 2012
26632 2013
26638 2014
26651 2015
26654 2016
26674 2017
26696 2018
26729 2019
26733 2020
26734 2021
26743 2022
26772 2023
26776 2024
26781 2025
26789 2026
26822 2027
26916 2028
26945 2029
26947 2030
26967 2031
27025 2032
27035 2033
27051 2034
27052 2035
27067 2036
27114 2037
27158 2038
27160 2039
27162 2040
27174 2041
27179 2042
27197 2043
27235 2044
27241 2045
27289 2046
27295 2047
27322 2048
27350 2049
27357 2050
27360 2051
27368 2052
27374 2053
27376 2054
27394 2055
27400 2056
27415 2057
27467 2058
27535 2059
27569 2060
27576 2061
27585 2062
27606 2063
27624 2064
27642 2065
27646 2066
27681 2067
27747 2068
27766 2069
27773 2070
27790 2071
27799 2072
27815 2073
27836 2074
27858 2075
27878 2076
27882 2077
27888 2078
27894 2079
27899 2080
27905 2081
27919 2082
27921 2083
27925 2084
27929 2085
27949 2086
27968 2087
27977 2088
27979 2089
27988 2090
28003 2091
28009 2092
28022 2093
28048 2094
28056 2095
28073 2096
28075 2097
28085 2098
28110 2099
28111 2100
28113 2101
28117 2102
28137 2103
28182 2104
28212 2105
28213 2106
28244 2107
28246 2108
28247 2109
28266 2110
28289 2111
28338 2112
28355 2113
28359 2114
28366 2115
28367 2116
28372 2117
28392 2118
28408 2119
28414 2120
28431 2121
28436 2122
28446 2123
28454 2124
28472 2125
28479 2126
28491 2127
28497 2128
28503 2129
28504 2130
28514 2131
28524 2132
28527 2133
28533 2134
28563 2135
28566 2136
28568 2137
28582 2138
28593 2139
28597 2140
28603 2141
28606 2142
28610 2143
28635 2144
28648 2145
28676 2146
28680 2147
28704 2148
28714 2149
28721 2150
28727 2151
28759 2152
28761 2153
28769 2154
28776 2155
28781 2156
28787 2157
28788 2158
28801 2159
28826 2160
28841 2161
28856 2162
28860 2163
28880 2164
28881 2165
28885 2166
28899 2167
28908 2168
28945 2169
28971 2170
28989 2171
28992 2172
29028 2173
29034 2174
29036 2175
29043 2176
29047 2177
29051 2178
29062 2179
29063 2180
29069 2181
29076 2182
29106 2183
29115 2184
29116 2185
29119 2186
29123 2187
29129 2188
29131 2189
29138 2190
29140 2191
29162 2192
29173 2193
29195 2194
29199 2195
29205 2196
29210 2197
29226 2198
29248 2199
29249 2200
29254 2201
29262 2202
29274 2203
29290 2204
29293 2205
29301 2206
29307 2207
29317 2208
29319 2209
29332 2210
29334 2211
29349 2212
29370 2213
29377 2214
29385 2215
29389 2216
29402 2217
29427 2218
29449 2219
29450 2220
29464 2221
29465 2222
29493 2223
29500 2224
29524 2225
29532 2226
29533 2227
29540 2228
29568 2229
29586 2230
29595 2231
29605 2232
29611 2233
29613 2234
29616 2235
29626 2236
29630 2237
29636 2238
29639 2239
29649 2240
29654 2241
29684 2242
29685 2243
29694 2244
29696 2245
29697 2246
29725 2247
29737 2248
29750 2249
29762 2250
29765 2251
29789 2252
29790 2253
29795 2254
29815 2255
29821 2256
29852 2257
29857 2258
29860 2259
29861 2260
29873 2261
29878 2262
29943 2263
29950 2264
29981 2265
29993 2266
30002 2267
30022 2268
30070 2269
30111 2270
30113 2271
30114 2272
30126 2273
30166 2274
30170 2275
30176 2276
30239 2277
30250 2278
30273 2279
30315 2280
30327 2281
30328 2282
30335 2283
30374 2284
30387 2285
30411 2286
30418 2287
30431 2288
30445 2289
30458 2290
30477 2291
30484 2292
30501 2293
30503 2294
30513 2295
30539 2296
30540 2297
30551 2298
30575 2299
30584 2300
30586 2301
30598 2302
30623 2303
30633 2304
30640 2305
30646 2306
30652 2307
30658 2308
30661 2309
30663 2310
30665 2311
30679 2312
30690 2313
30700 2314
30701 2315
30723 2316
30743 2317
30755 2318
30763 2319
30765 2320
30794 2321
30813 2322
30836 2323
30848 2324
30867 2325
30871 2326
30872 2327
30883 2328
30899 2329
30930 2330
30945 2331
30958 2332
30964 2333
30974 2334
30978 2335
30988 2336
30990 2337
30997 2338
30998 2339
31006 2340
31008 2341
31022 2342
31026 2343
31043 2344
31080 2345
31083 2346
31086 2347
31094 2348
31096 2349
31100 2350
31113 2351
31125 2352
31131 2353
31133 2354
31134 2355
31147 2356
31181 2357
31183 2358
31196 2359
31203 2360
31207 2361
31215 2362
31223 2363
31241 2364
31245 2365
31246 2366
31255 2367
31259 2368
31270 2369
31275 2370
31278 2371
31279 2372
31282 2373
31295 2374
31300 2375
31306 2376
31310 2377
31328 2378
31336 2379
31338 2380
31348 2381
31357 2382
31362 2383
31387 2384
31412 2385
31413 2386
31432 2387
31483 2388
31492 2389
31494 2390
31501 2391
31516 2392
31525 2393
31554 2394
31567 2395
31577 2396
31607 2397
31608 2398
31649 2399
31680 2400
31735 2401
31736 2402
31742 2403
31747 2404
31764 2405
31771 2406
31793 2407
31805 2408
31818 2409
31826 2410
31837 2411
31851 2412
31852 2413
31864 2414
31870 2415
31877 2416
31890 2417
31897 2418
31899 2419
31906 2420
31917 2421
31918 2422
31930 2423
31940 2424
31952 2425
31966 2426
32008 2427
32074 2428
32091 2429
32093 2430
32096 2431
32101 2432
32106 2433
32108 2434
32114 2435
32129 2436
32136 2437
32165 2438
32166 2439
32186 2440
32187 2441
32204 2442
32233 2443
32252 2444
32279 2445
32280 2446
32291 2447
32297 2448
32306 2449
32310 2450
32312 2451
32314 2452
32315 2453
32337 2454
32341 2455
32353 2456
32363 2457
32371 2458
32419 2459
32423 2460
32452 2461
32516 2462
32528 2463
32538 2464
32544 2465
32557 2466
32566 2467
32569 2468
32570 2469
32602 2470
32607 2471
32627 2472
32637 2473
32649 2474
32687 2475
32689 2476
32691 2477
32733 2478
32738 2479
32792 2480
32794 2481
32805 2482
32817 2483
32825 2484
32843 2485
32844 2486
32845 2487
32865 2488
32870 2489
32885 2490
32888 2491
32891 2492
32893 2493
32899 2494
32912 2495
32918 2496
32922 2497
32924 2498
32931 2499
32938 2500
32955 2501
32969 2502
32975 2503
32980 2504
32991 2505
33000 2506
33009 2507
33062 2508
33068 2509
33074 2510
33112 2511
33114 2512
33129 2513
33154 2514
33156 2515
33172 2516
33182 2517
33188 2518
33189 2519
33214 2520
33224 2521
33240 2522
33267 2523
33286 2524
33300 2525
33302 2526
33311 2527
33326 2528
33342 2529
33356 2530
33364 2531
33377 2532
33382 2533
33415 2534
33419 2535
33422 2536
33423 2537
33442 2538
33467 2539
33468 2540
33509 2541
33514 2542
33547 2543
33549 2544
33558 2545
33569 2546
33579 2547
33583 2548
33584 2549
33587 2550
33594 2551
33598 2552
33606 2553
33607 2554
33637 2555
33643 2556
33644 2557
33650 2558
33661 2559
33676 2560
33677 2561
33683 2562
33693 2563
33696 2564
33709 2565
33721 2566
33783 2567
33787 2568
33798 2569
33838 2570
33841 2571
33849 2572
33864 2573
33866 2574
33870 2575
33882 2576
33915 2577
33930 2578
33935 2579
33950 2580
33964 2581
33969 2582
33975 2583
33986 2584
33988 2585
33996 2586
34013 2587
34025 2588
34045 2589
34067 2590
34077 2591
34082 2592
34083 2593
34089 2594
34096 2595
34098 2596
34112 2597
34115 2598
34120 2599
34121 2600
34122 2601
34128 2602
34129 2603
34148 2604
34156 2605
34157 2606
34177 2607
34186 2608
34192 2609
34196 2610
34200 2611
34212 2612
34221 2613
34228 2614
34234 2615
34239 2616
34268 2617
34297 2618
34316 2619
34318 2620
34327 2621
34338 2622
34340 2623
34342 2624
34344 2625
34353 2626
34366 2627
34381 2628
34396 2629
34422 2630
34431 2631
34445 2632
34455 2633
34460 2634
34467 2635
34470 2636
34502 2637
34514 2638
34520 2639
34548 2640
34583 2641
34595 2642
34597 2643
34618 2644
34650 2645
34653 2646
34671 2647
34677 2648
34693 2649
34703 2650
34727 2651
34734 2652
34761 2653
34764 2654
34769 2655
34773 2656
34779 2657
34788 2658
34791 2659
34796 2660
34829 2661
34861 2662
34874 2663
34882 2664
34895 2665
34911 2666
34973 2667
34982 2668
34988 2669
34991 2670
34994 2671
35017 2672
35021 2673
35040 2674
35043 2675
35054 2676
35077 2677
35086 2678
35095 2679
35099 2680
35113 2681
35115 2682
35137 2683
35151 2684
35177 2685
35179 2686
35212 2687
35218 2688
35227 2689
35245 2690
35256 2691
35264 2692
35273 2693
35279 2694
35299 2695
35300 2696
35303 2697
35342 2698
35365 2699
35366 2700
35369 2701
35382 2702
35402 2703
35405 2704
35443 2705
35464 2706
35472 2707
35486 2708
35507 2709
35515 2710
35518 2711
35538 2712
35547 2713
35572 2714
35580 2715
35608 2716
35650 2717
35663 2718
35667 2719
35668 2720
35672 2721
35678 2722
35714 2723
35724 2724
35737 2725
35748 2726
35778 2727
35784 2728
35802 2729
35804 2730
35826 2731
35836 2732
35844 2733
35847 2734
35859 2735
35862 2736
35886 2737
35891 2738
35916 2739
35932 2740
35935 2741
35936 2742
35940 2743
35944 2744
35980 2745
35983 2746
35988 2747
36012 2748
36040 2749
36063 2750
36083 2751
36092 2752
36096 2753
36101 2754
36103 2755
36104 2756
36125 2757
36165 2758
36167 2759
36181 2760
36184 2761
36196 2762
36216 2763
36220 2764
36226 2765
36248 2766
36253 2767
36267 2768
36302 2769
36305 2770
36328 2771
36329 2772
36368 2773
36401 2774
36418 2775
36419 2776
36434 2777
36470 2778
36472 2779
36488 2780
36497 2781
36519 2782
36569 2783
36573 2784
36594 2785
36624 2786
36632 2787
36634 2788
36639 2789
36641 2790
36658 2791
36681 2792
36688 2793
36690 2794
36692 2795
36703 2796
36721 2797
36725 2798
36739 2799
36749 2800
36757 2801
36766 2802
36779 2803
36810 2804
36825 2805
36846 2806
36861 2807
36868 2808
36875 2809
36904 2810
36915 2811
36916 2812
36918 2813
36921 2814
36924 2815
36935 2816
36944 2817
36948 2818
36949 2819
36951 2820
36952 2821
36967 2822
37003 2823
37004 2824
37006 2825
37011 2826
37043 2827
37047 2828
37051 2829
37077 2830
37087 2831
37111 2832
37112 2833
37126 2834
37143 2835
37147 2836
37162 2837
37181 2838
37199 2839
37213 2840
37230 2841
37242 2842
37256 2843
37280 2844
37328 2845
37337 2846
37355 2847
37420 2848
37428 2849
37471 2850
37472 2851
37478 2852
37495 2853
37499 2854
37527 2855
37543 2856
37546 2857
37554 2858
37559 2859
37578 2860
37583 2861
37619 2862
37645 2863
37662 2864
37689 2865
37702 2866
37711 2867
37714 2868
37720 2869
37760 2870
37775 2871
37789 2872
37790 2873
37798 2874
37802 2875
37818 2876
37832 2877
37841 2878
37851 2879
37874 2880
37884 2881
37927 2882
37929 2883
37931 2884
37940 2885
37958 2886
37959 2887
37967 2888
37989 2889
37991 2890
38003 2891
38013 2892
38020 2893
38024 2894
38044 2895
38049 2896
38065 2897
38068 2898
38075 2899
38079 2900
38089 2901
38097 2902
38104 2903
38121 2904
38125 2905
38131 2906
38137 2907
38142 2908
38153 2909
38178 2910
38183 2911
38184 2912
38194 2913
38214 2914
38227 2915
38251 2916
38257 2917
38276 2918
38278 2919
38285 2920
38290 2921
38292 2922
38299 2923
38300 2924
38314 2925
38327 2926
38332 2927
38339 2928
38345 2929
38367 2930
38378 2931
38382 2932
38390 2933
38404 2934
38405 2935
38407 2936
38415 2937
38419 2938
38425 2939
38433 2940
38464 2941
38475 2942
38501 2943
38514 2944
38563 2945
38578 2946
38589 2947
38598 2948
38609 2949
38628 2950
38631 2951
38632 2952
38673 2953
38682 2954
38683 2955
38692 2956
38698 2957
38707 2958
38712 2959
38718 2960
38737 2961
38738 2962
38760 2963
38763 2964
38784 2965
38811 2966
38818 2967
38819 2968
38859 2969
38880 2970
38881 2971
38892 2972
38901 2973
38917 2974
38920 2975
38932 2976
38937 2977
38944 2978
38965 2979
38968 2980
38991 2981
39008 2982
39009 2983
39028 2984
39030 2985
39062 2986
39073 2987
39102 2988
39129 2989
39138 2990
39150 2991
39160 2992
39162 2993
39181 2994
39183 2995
39186 2996
39190 2997
39195 2998
39202 2999
39216 3000
39239 3001
39305 3002
39336 3003
39349 3004
39362 3005
39364 3006
39373 3007
39379 3008
39388 3009
39396 3010
39402 3011
39444 3012
39464 3013
39482 3014
39493 3015
39515 3016
39530 3017
39543 3018
39553 3019
39566 3020
39581 3021
39592 3022
39610 3023
39634 3024
39636 3025
39657 3026
39658 3027
39659 3028
39666 3029
39694 3030
39695 3031
39714 3032
39731 3033
39741 3034
39742 3035
39766 3036
39777 3037
39793 3038
39800 3039
39814 3040
39842 3041
39850 3042
39861 3043
39868 3044
39888 3045
39914 3046
39931 3047
39945 3048
39948 3049
39966 3050
39969 3051
39985 3052
39989 3053
40003 3054
40022 3055
40035 3056
40046 3057
40051 3058
40056 3059
40076 3060
40103 3061
40110 3062
40124 3063
40141 3064
40150 3065
40151 3066
40152 3067
40169 3068
40172 3069
40180 3070
40182 3071
40212 3072
40225 3073
40256 3074
40261 3075
40263 3076
40281 3077
40283 3078
40284 3079
40298 3080
40308 3081
40310 3082
40324 3083
40327 3084
40349 3085
40354 3086
40372 3087
40386 3088
40410 3089
40419 3090
40456 3091
40462 3092
40466 3093
40483 3094
40490 3095
40504 3096
40506 3097
40520 3098
40568 3099
40578 3100
40597 3101
40604 3102
40606 3103
40610 3104
40616 3105
40618 3106
40630 3107
40654 3108
40660 3109
40665 3110
40692 3111
40696 3112
40707 3113
40710 3114
40712 3115
40768 3116
40771 3117
40795 3118
40803 3119
40822 3120
40832 3121
40841 3122
40853 3123
40860 3124
40874 3125
40890 3126
40896 3127
40920 3128
40943 3129
40952 3130
40959 3131
40969 3132
40974 3133
40979 3134
40989 3135
41019 3136
41040 3137
41051 3138
41054 3139
41064 3140
41069 3141
41077 3142
41087 3143
41090 3144
41097 3145
41114 3146
41119 3147
41129 3148
41132 3149
41135 3150
41141 3151
41157 3152
41178 3153
41195 3154
41196 3155
41198 3156
41217 3157
41221 3158
41224 3159
41227 3160
41244 3161
41262 3162
41267 3163
41274 3164
41296 3165
41303 3166
41318 3167
41325 3168
41326 3169
41337 3170
41380 3171
41401 3172
41435 3173
41457 3174
41501 3175
41525 3176
41529 3177
41530 3178
41532 3179
41551 3180
41553 3181
41572 3182
41587 3183
41613 3184
41622 3185
41634 3186
41643 3187
41649 3188
41656 3189
41661 3190
41669 3191
41672 3192
41674 3193
41693 3194
41695 3195
41754 3196
41755 3197
41781 3198
41796 3199
41797 3200
41802 3201
41850 3202
41862 3203
41875 3204
41876 3205
41895 3206
41911 3207
41924 3208
41946 3209
41967 3210
41980 3211
41983 3212
41984 3213
41999 3214
42002 3215
42017 3216
42023 3217
42026 3218
42046 3219
42063 3220
42080 3221
42090 3222
42094 3223
42125 3224
42168 3225
42172 3226
42185 3227
42209 3228
42227 3229
42251 3230
42281 3231
42283 3232
42289 3233
42291 3234
42339 3235
42351 3236
42353 3237
42362 3238
42425 3239
42449 3240
42461 3241
42476 3242
42499 3243
42519 3244
42521 3245
42545 3246
42556 3247
42563 3248
42564 3249
42575 3250
42591 3251
42600 3252
42601 3253
42613 3254
42627 3255
42640 3256
42671 3257
42674 3258
42680 3259
42683 3260
42686 3261
42736 3262
42759 3263
42766 3264
42773 3265
42775 3266
42800 3267
42817 3268
42844 3269
42876 3270
42885 3271
42890 3272
42894 3273
42895 3274
42914 3275
42922 3276
42935 3277
42937 3278
43019 3279
43024 3280
43039 3281
43051 3282
43057 3283
43061 3284
43075 3285
43085 3286
43100 3287
43111 3288
43116 3289
43136 3290
43140 3291
43142 3292
43147 3293
43156 3294
43159 3295
43175 3296
43212 3297
43216 3298
43220 3299
43222 3300
43241 3301
43260 3302
43265 3303
43278 3304
43282 3305
43286 3306
43290 3307
43293 3308
43316 3309
43322 3310
43326 3311
43333 3312
43334 3313
43338 3314
43445 3315
43456 3316
43476 3317
43478 3318
43491 3319
43526 3320
43528 3321
43545 3322
43549 3323
43554 3324
43556 3325
43559 3326
43580 3327
43592 3328
43609 3329
43613 3330
43645 3331
43685 3332
43690 3333
43703 3334
43706 3335
43723 3336
43753 3337
43770 3338
43791 3339
43795 3340
43820 3341
43823 3342
43855 3343
43857 3344
43864 3345
43883 3346
43886 3347
43906 3348
43917 3349
43923 3350
43940 3351
43957 3352
43997 3353
44030 3354
44064 3355
44070 3356
44085 3357
44101 3358
44112 3359
44119 3360
44124 3361
44127 3362
44128 3363
44141 3364
44151 3365
44155 3366
44165 3367
44167 3368
44173 3369
44198 3370
44201 3371
44249 3372
44266 3373
44312 3374
44320 3375
44406 3376
44437 3377
44439 3378
44442 3379
44459 3380
44494 3381
44495 3382
44503 3383
44505 3384
44506 3385
44510 3386
44514 3387
44515 3388
44537 3389
44541 3390
44543 3391
44551 3392
44555 3393
44563 3394
44597 3395
44611 3396
44613 3397
44624 3398
44625 3399
44683 3400
44693 3401
44731 3402
44752 3403
44757 3404
44766 3405
44782 3406
44784 3407
44795 3408
44805 3409
44818 3410
44852 3411
44879 3412
44889 3413
44927 3414
44961 3415
45003 3416
45021 3417
45034 3418
45077 3419
45078 3420
45091 3421
45095 3422
45101 3423
45127 3424
45144 3425
45186 3426
45192 3427
45201 3428
45217 3429
45222 3430
45260 3431
45268 3432
45291 3433
45295 3434
45305 3435
45312 3436
45323 3437
45331 3438
45339 3439
45341 3440
45368 3441
45396 3442
45419 3443
45421 3444
45424 3445
45456 3446
45461 3447
45506 3448
45507 3449
45551 3450
45554 3451
45561 3452
45564 3453
45567 3454
45592 3455
45604 3456
45612 3457
45622 3458
45668 3459
45669 3460
45690 3461
45691 3462
45692 3463
45700 3464
45707 3465
45719 3466
45736 3467
45740 3468
45741 3469
45749 3470
45763 3471
45789 3472
45796 3473
45802 3474
45833 3475
45854 3476
45862 3477
45865 3478
45928 3479
45931 3480
45962 3481
45967 3482
45968 3483
45990 3484
46020 3485
46034 3486
46036 3487
46045 3488
46064 3489
46075 3490
46083 3491
46091 3492
46093 3493
46099 3494
46107 3495
46116 3496
46146 3497
46155 3498
46163 3499
46171 3500
46180 3501
46191 3502
46195 3503
46212 3504
46213 3505
46218 3506
46227 3507
46235 3508
46239 3509
46266 3510
46269 3511
46273 3512
46285 3513
46315 3514
46355 3515
46362 3516
46368 3517
46387 3518
46392 3519
46444 3520
46474 3521
46487 3522
46515 3523
46525 3524
46575 3525
46577 3526
46589 3527
46595 3528
46601 3529
46614 3530
46630 3531
46647 3532
46650 3533
46656 3534
46666 3535
46720 3536
46743 3537
46757 3538
46788 3539
46791 3540
46802 3541
46817 3542
46828 3543
46832 3544
46836 3545
46851 3546
46868 3547
46887 3548
46907 3549
46920 3550
46931 3551
46938 3552
46948 3553
47023 3554
47052 3555
47057 3556
47094 3557
47101 3558
47112 3559
47113 3560
47115 3561
47150 3562
47169 3563
47171 3564
47183 3565
47191 3566
47212 3567
47216 3568
47223 3569
47226 3570
47232 3571
47243 3572
47262 3573
47264 3574
47265 3575
47298 3576
47302 3577
47316 3578
47320 3579
47343 3580
47360 3581
47365 3582
47368 3583
47381 3584
47390 3585
47392 3586
47393 3587
47405 3588
47407 3589
47423 3590
47425 3591
47443 3592
47479 3593
47484 3594
47489 3595
47495 3596
47496 3597
47510 3598
47528 3599
47533 3600
47549 3601
47564 3602
47573 3603
47582 3604
47589 3605
47590 3606
47602 3607
47607 3608
47610 3609
47622 3610
47676 3611
47694 3612
47708 3613
47725 3614
47737 3615
47748 3616
47764 3617
47785 3618
47807 3619
47846 3620
47874 3621
47885 3622
47892 3623
47895 3624
47906 3625
47950 3626
47959 3627
47975 3628
47986 3629
48004 3630
48012 3631
48031 3632
48050 3633
48053 3634
48058 3635
48059 3636
48082 3637
48095 3638
48101 3639
48118 3640
48126 3641
48129 3642
48144 3643
48164 3644
48186 3645
48197 3646
48202 3647
48230 3648
48257 3649
48259 3650
48262 3651
48263 3652
48267 3653
48269 3654
48270 3655
48297 3656
48300 3657
48310 3658
48323 3659
48334 3660
48335 3661
48361 3662
48368 3663
48377 3664
48389 3665
48403 3666
48411 3667
48418 3668
48426 3669
48429 3670
48434 3671
48445 3672
48454 3673
48457 3674
48494 3675
48513 3676
48518 3677
48528 3678
48529 3679
48535 3680
48536 3681
48573 3682
48607 3683
48619 3684
48621 3685
48624 3686
48643 3687
48662 3688
48665 3689
48667 3690
48668 3691
48669 3692
48680 3693
48723 3694
48744 3695
48762 3696
48790 3697
48791 3698
48803 3699
48809 3700
48819 3701
48839 3702
48847 3703
48856 3704
48859 3705
48860 3706
48881 3707
48904 3708
48948 3709
48962 3710
48965 3711
48986 3712
48992 3713
48995 3714
49030 3715
49033 3716
49036 3717
49044 3718
49051 3719
49078 3720
49081 3721
49105 3722
49115 3723
49124 3724
49153 3725
49161 3726
49170 3727
49199 3728
49200 3729
49205 3730
49210 3731
49212 3732
49220 3733
49225 3734
49234 3735
49245 3736
49252 3737
49280 3738
49293 3739
49304 3740
49310 3741
49317 3742
49322 3743
49327 3744
49339 3745
49349 3746
49359 3747
49360 3748
49364 3749
49371 3750
49390 3751
49391 3752
49423 3753
49430 3754
49448 3755
49455 3756
49456 3757
49458 3758
49520 3759
49522 3760
49538 3761
49544 3762
49547 3763
49585 3764
49604 3765
49627 3766
49653 3767
49668 3768
49686 3769
49696 3770
49724 3771
49743 3772
49762 3773
49793 3774
49794 3775
49813 3776
49832 3777
49833 3778
49852 3779
49880 3780
49886 3781
49911 3782
49915 3783
49920 3784
49932 3785
49948 3786
49951 3787
49961 3788
49987 3789
50001 3790
50008 3791
50025 3792
50048 3793
50062 3794
50082 3795
50098 3796
50108 3797
50119 3798
50120 3799
50132 3800
50165 3801
50172 3802
50178 3803
50182 3804
50205 3805
50208 3806
50213 3807
50219 3808
50223 3809
50226 3810
50228 3811
50238 3812
50252 3813
50266 3814
50274 3815
50278 3816
50315 3817
50318 3818
50333 3819
50340 3820
50341 3821
50378 3822
50390 3823
50411 3824
50440 3825
50456 3826
50463 3827
50470 3828
50488 3829
50490 3830
50492 3831
50493 3832
50516 3833
50540 3834
50548 3835
50550 3836
50596 3837
50649 3838
50650 3839
50665 3840
50669 3841
50674 3842
50690 3843
50712 3844
50715 3845
50722 3846
50746 3847
50766 3848
50792 3849
50794 3850
50808 3851
50829 3852
50838 3853
50868 3854
50875 3855
50878 3856
50904 3857
50914 3858
50919 3859
50924 3860
50934 3861
50947 3862
50964 3863
50983 3864
50997 3865
51001 3866
51006 3867
51008 3868
51012 3869
51038 3870
51043 3871
51056 3872
51077 3873
51081 3874
51091 3875
51096 3876
51106 3877
51108 3878
51165 3879
51179 3880
51207 3881
51214 3882
51218 3883
51222 3884
51224 3885
51227 3886
51234 3887
51242 3888
51253 3889
51267 3890
51268 3891
51285 3892
51321 3893
51322 3894
51328 3895
51358 3896
51362 3897
51370 3898
51378 3899
51407 3900
51414 3901
51421 3902
51425 3903
51448 3904
51452 3905
51454 3906
51493 3907
51496 3908
51514 3909
51534 3910
51545 3911
51546 3912
51548 3913
51569 3914
51571 3915
51575 3916
51586 3917
51596 3918
51627 3919
51630 3920
51653 3921
51662 3922
51677 3923
51686 3924
51689 3925
51691 3926
51713 3927
51714 3928
51744 3929
51748 3930
51757 3931
51761 3932
51765 3933
51771 3934
51773 3935
51778 3936
51788 3937
51806 3938
51807 3939
51856 3940
51865 3941
51868 3942
51869 3943
51872 3944
51875 3945
51886 3946
51890 3947
51932 3948
51936 3949
51954 3950
51980 3951
51992 3952
51994 3953
52006 3954
52009 3955
52016 3956
52018 3957
52019 3958
52022 3959
52039 3960
52040 3961
52056 3962
52058 3963
52068 3964
52079 3965
52086 3966
52099 3967
52154 3968
52194 3969
52210 3970
52228 3971
52248 3972
52306 3973
52326 3974
52366 3975
52378 3976
52386 3977
52388 3978
52395 3979
52420 3980
52452 3981
52455 3982
52460 3983
52468 3984
52473 3985
52513 3986
52538 3987
52550 3988
52591 3989
52602 3990
52610 3991
52618 3992
52657 3993
52714 3994
52727 3995
52738 3996
52741 3997
52744 3998
52747 3999
52795 4000
52808 4001
52813 4002
52817 4003
52827 4004
52843 4005
52844 4006
52849 4007
52863 4008
52885 4009
52899 4010
52902 4011
52982 4012
53009 4013
53019 4014
53026 4015
53027 4016
53038 4017
53039 4018
53058 4019
53073 4020
53078 4021
53085 4022
53104 4023
53117 4024
53124 4025
53131 4026
53132 4027
53141 4028
53155 4029
53160 4030
53163 4031
53168 4032
53180 4033
53214 4034
53215 4035
53220 4036
53224 4037
53225 4038
53273 4039
53276 4040
53277 4041
53289 4042
53307 4043
53321 4044
53324 4045
53341 4046
53343 4047
53352 4048
53366 4049
53371 4050
53375 4051
53392 4052
53429 4053
53431 4054
53446 4055
53484 4056
53533 4057
53539 4058
53548 4059
53558 4060
53559 4061
53584 4062
53586 4063
53587 4064
53610 4065
53628 4066
53639 4067
53640 4068
53641 4069
53668 4070
53702 4071
53706 4072
53735 4073
53736 4074
53758 4075
53763 4076
53792 4077
53806 4078
53812 4079
53813 4080
53841 4081
53871 4082
53880 4083
53887 4084
53898 4085
53912 4086
53924 4087
53927 4088
53940 4089
53955 4090
53967 4091
53968 4092
54005 4093
54013 4094
54015 4095
54018 4096
54024 4097
54036 4098
54040 4099
54051 4100
54054 4101
54055 4102
54060 4103
54073 4104
54083 4105
54084 4106
54161 4107
54183 4108
54212 4109
54243 4110
54248 4111
54249 4112
54259 4113
54260 4114
54266 4115
54267 4116
54268 4117
54282 4118
54286 4119
54291 4120
54306 4121
54308 4122
54319 4123
54331 4124
54342 4125
54350 4126
54358 4127
54366 4128
54369 4129
54371 4130
54372 4131
54379 4132
54384 4133
54386 4134
54389 4135
54397 4136
54408 4137
54416 4138
54434 4139
54451 4140
54454 4141
54455 4142
54462 4143
54510 4144
54517 4145
54521 4146
54523 4147
54536 4148
54551 4149
54575 4150
54577 4151
54588 4152
54597 4153
54600 4154
54614 4155
54649 4156
54652 4157
54654 4158
54657 4159
54661 4160
54662 4161
54679 4162
54716 4163
54726 4164
54728 4165
54731 4166
54737 4167
54738 4168
54784 4169
54803 4170
54836 4171
54841 4172
54844 4173
54881 4174
54886 4175
54891 4176
54893 4177
54935 4178
54949 4179
54959 4180
54976 4181
55016 4182
55019 4183
55033 4184
55104 4185
55106 4186
55109 4187
55127 4188
55135 4189
55162 4190
55207 4191
55252 4192
55264 4193
55269 4194
55301 4195
55318 4196
55333 4197
55348 4198
55372 4199
55389 4200
55400 4201
55424 4202
55454 4203
55459 4204
55484 4205
55501 4206
55506 4207
55508 4208
55514 4209
55520 4210
55529 4211
55534 4212
55535 4213
55542 4214
55577 4215
55589 4216
55594 4217
55603 4218
55611 4219
55624 4220
55631 4221
55642 4222
55647 4223
55650 4224
55688 4225
55695 4226
55699 4227
55712 4228
55769 4229
55786 4230
55794 4231
55813 4232
55826 4233
55828 4234
55839 4235
55849 4236
55859 4237
55865 4238
55898 4239
55918 4240
55924 4241
55930 4242
55931 4243
55945 4244
55947 4245
55956 4246
55970 4247
55973 4248
55980 4249
55985 4250
56002 4251
56033 4252
56044 4253
56045 4254
56048 4255
56084 4256
56095 4257
56106 4258
56136 4259
56166 4260
56168 4261
56169 4262
56178 4263
56184 4264
56201 4265
56207 4266
56217 4267
56226 4268
56229 4269
56239 4270
56263 4271
56271 4272
56285 4273
56290 4274
56340 4275
56344 4276
56365 4277
56366 4278
56373 4279
56389 4280
56401 4281
56403 4282
56427 4283
56446 4284
56450 4285
56513 4286
56518 4287
56531 4288
56534 4289
56555 4290
56565 4291
56577 4292
56578 4293
56581 4294
56592 4295
56622 4296
56626 4297
56633 4298
56647 4299
56653 4300
56685 4301
56718 4302
56721 4303
56752 4304
56757 4305
56769 4306
56784 4307
56807 4308
56813 4309
56815 4310
56826 4311
56831 4312
56848 4313
56850 4314
56859 4315
56866 4316
56867 4317
56870 4318
56871 4319
56885 4320
56898 4321
56914 4322
56938 4323
56949 4324
56992 4325
57053 4326
57057 4327
57091 4328
57092 4329
57093 4330
57102 4331
57103 4332
57106 4333
57110 4334
57118 4335
57151 4336
57164 4337
57181 4338
57190 4339
57195 4340
57198 4341
57200 4342
57202 4343
57213 4344
57217 4345
57218 4346
57236 4347
57244 4348
57253 4349
57273 4350
57278 4351
57286 4352
57296 4353
57299 4354
57329 4355
57357 4356
57379 4357
57407 4358
57413 4359
57417 4360
57418 4361
57420 4362
57427 4363
57458 4364
57459 4365
57481 4366
57498 4367
57503 4368
57506 4369
57532 4370
57543 4371
57545 4372
57553 4373
57557 4374
57560 4375
57582 4376
57598 4377
57600 4378
57604 4379
57621 4380
57629 4381
57666 4382
57670 4383
57685 4384
57688 4385
57700 4386
57708 4387
57710 4388
57719 4389
57723 4390
57735 4391
57757 4392
57770 4393
57776 4394
57794 4395
57796 4396
57804 4397
57809 4398
57811 4399
57831 4400
57878 4401
57884 4402
57898 4403
57905 4404
57914 4405
57951 4406
57960 4407
57965 4408
57966 4409
57985 4410
58000 4411
58026 4412
58028 4413
58036 4414
58041 4415
58051 4416
58054 4417
58059 4418
58060 4419
58128 4420
58133 4421
58144 4422
58164 4423
58168 4424
58231 4425
58232 4426
58271 4427
58324 4428
58363 4429
58367 4430
58374 4431
58379 4432
58405 4433
58417 4434
58429 4435
58436 4436
58460 4437
58467 4438
58468 4439
58482 4440
58497 4441
58501 4442
58504 4443
58506 4444
58510 4445
58533 4446
58550 4447
58552 4448
58561 4449
58563 4450
58564 4451
58584 4452
58586 4453
58614 4454
58638 4455
58657 4456
58667 4457
58672 4458
58674 4459
58682 4460
58710 4461
58755 4462
58764 4463
58773 4464
58786 4465
58788 4466
58817 4467
58822 4468
58823 4469
58839 4470
58843 4471
58863 4472
58869 4473
58902 4474
58920 4475
58922 4476
58937 4477
58964 4478
58965 4479
58969 4480
58974 4481
58976 4482
58982 4483
58986 4484
58989 4485
58996 4486
59005 4487
59011 4488
59017 4489
59025 4490
59026 4491
59043 4492
59047 4493
59068 4494
59069 4495
59071 4496
59080 4497
59093 4498
59097 4499
59108 4500
59110 4501
59146 4502
59173 4503
59179 4504
59187 4505
59207 4506
59211 4507
59222 4508
59223 4509
59231 4510
59253 4511
59279 4512
59291 4513
59296 4514
59300 4515
59301 4516
59332 4517
59341 4518
59362 4519
59387 4520
59389 4521
59392 4522
59406 4523
59410 4524
59423 4525
59424 4526
59430 4527
59442 4528
59448 4529
59458 4530
59482 4531
59489 4532
59497 4533
59502 4534
59508 4535
59512 4536
59540 4537
59548 4538
59552 4539
59587 4540
59605 4541
59609 4542
59613 4543
59621 4544
59652 4545
59676 4546
59681 4547
59691 4548
59694 4549
59705 4550
59709 4551
59710 4552
59714 4553
59758 4554
59759 4555
59765 4556
59776 4557
59779 4558
59785 4559
59793 4560
59797 4561
59819 4562
59861 4563
59863 4564
59868 4565
59875 4566
59885 4567
59887 4568
59905 4569
59940 4570
59941 4571
59944 4572
59969 4573
59984 4574
59990 4575
59991 4576
59998 4577
60001 4578
60014 4579
60019 4580
60028 4581
60047 4582
60053 4583
60063 4584
60099 4585
60142 4586
60153 4587
60190 4588
60193 4589
60202 4590
60204 4591
60209 4592
60247 4593
60254 4594
60267 4595
60283 4596
60320 4597
60338 4598
60349 4599
60351 4600
60357 4601
60372 4602
60389 4603
60408 4604
60423 4605
60431 4606
60434 4607
60453 4608
60491 4609
60498 4610
60501 4611
60516 4612
60528 4613
60530 4614
60554 4615
60571 4616
60574 4617
60584 4618
60588 4619
60591 4620
60606 4621
60608 4622
60609 4623
60612 4624
60623 4625
60626 4626
60636 4627
60657 4628
60681 4629
60699 4630
60718 4631
60741 4632
60768 4633
60773 4634
60819 4635
60824 4636
60842 4637
60864 4638
60885 4639
60887 4640
60900 4641
60901 4642
60904 4643
60910 4644
60921 4645
60943 4646
60950 4647
60952 4648
60960 4649
60965 4650
60977 4651
60978 4652
61025 4653
61029 4654
61042 4655
61048 4656
61049 4657
61067 4658
61075 4659
61091 4660
61092 4661
61152 4662
61164 4663
61201 4664
61212 4665
61231 4666
61250 4667
61256 4668
61267 4669
61271 4670
61285 4671
61302 4672
61338 4673
61362 4674
61370 4675
61387 4676
61389 4677
61390 4678
61391 4679
61403 4680
61410 4681
61419 4682
61444 4683
61465 4684
61484 4685
61486 4686
61509 4687
61519 4688
61543 4689
61560 4690
61590 4691
61595 4692
61632 4693
61653 4694
61673 4695
61679 4696
61688 4697
61694 4698
61703 4699
61725 4700
61738 4701
61752 4702
61761 4703
61771 4704
61777 4705
61779 4706
61795 4707
61800 4708
61838 4709
61842 4710
61848 4711
61849 4712
61854 4713
61861 4714
61883 4715
61897 4716
61912 4717
61922 4718
61928 4719
61939 4720
61967 4721
61968 4722
61973 4723
61977 4724
61980 4725
61989 4726
61996 4727
62006 4728
62023 4729
62039 4730
62048 4731
62050 4732
62053 4733
62073 4734
62103 4735
62116 4736
62136 4737
62165 4738
62176 4739
62177 4740
62197 4741
62219 4742
62240 4743
62261 4744
62286 4745
62289 4746
62293 4747
62299 4748
62332 4749
62339 4750
62351 4751
62371 4752
62388 4753
62390 4754
62396 4755
62459 4756
62471 4757
62480 4758
62495 4759
62522 4760
62531 4761
62551 4762
62553 4763
62571 4764
62574 4765
62580 4766
62584 4767
62602 4768
62627 4769
62645 4770
62646 4771
62657 4772
62670 4773
62674 4774
62686 4775
62698 4776
62706 4777
62707 4778
62709 4779
62711 4780
62717 4781
62743 4782
62746 4783
62753 4784
62777 4785
62802 4786
62803 4787
62861 4788
62876 4789
62880 4790
62906 4791
62949 4792
62953 4793
62957 4794
62990 4795
62999 4796
63000 4797
63011 4798
63038 4799
63061 4800
63066 4801
63068 4802
63082 4803
63094 4804
63113 4805
63117 4806
63122 4807
63138 4808
63155 4809
63156 4810
63157 4811
63159 4812
63189 4813
63200 4814
63201 4815
63203 4816
63208 4817
63220 4818
63223 4819
63238 4820
63243 4821
63257 4822
63294 4823
63329 4824
63337 4825
63343 4826
63370 4827
63372 4828
63387 4829
63399 4830
63402 4831
63446 4832
63447 4833
63462 4834
63466 4835
63469 4836
63477 4837
63492 4838
63505 4839
63550 4840
63571 4841
63575 4842
63578 4843
63594 4844
63605 4845
63609 4846
63619 4847
63671 4848
63679 4849
63762 4850
63774 4851
63781 4852
63822 4853
63831 4854
63840 4855
63852 4856
63861 4857
63870 4858
63884 4859
63897 4860
63905 4861
63923 4862
63924 4863
63934 4864
63947 4865
63964 4866
63987 4867
64015 4868
64020 4869
64040 4870
64045 4871
64063 4872
64084 4873
64096 4874
64110 4875
64114 4876
64131 4877
64137 4878
64138 4879
64141 4880
64145 4881
64150 4882
64158 4883
64180 4884
64183 4885
64200 4886
64235 4887
64272 4888
64285 4889
64312 4890
64315 4891
64326 4892
64355 4893
64379 4894
64381 4895
64402 4896
64405 4897
64438 4898
64522 4899
64533 4900
64536 4901
64539 4902
64609 4903
64621 4904
64629 4905
64636 4906
64687 4907
64689 4908
64724 4909
64733 4910
64736 4911
64778 4912
64785 4913
64792 4914
64818 4915
64842 4916
64849 4917
64852 4918
64858 4919
64861 4920
64884 4921
64905 4922
64927 4923
64928 4924
64941 4925
64942 4926
64950 4927
64954 4928
64959 4929
64964 4930
64984 4931
64986 4932
64998 4933
64999 4934
65050 4935
65065 4936
65071 4937
65095 4938
65098 4939
65101 4940
65111 4941
65120 4942
65126 4943
65129 4944
65152 4945
65154 4946
65155 4947
65168 4948
65173 4949
65188 4950
65222 4951
65234 4952
65256 4953
65260 4954
65268 4955
65270 4956
65288 4957
65299 4958
65332 4959
65338 4960
65341 4961
65344 4962
65346 4963
65416 4964
65436 4965
65460 4966
65468 4967
65487 4968
65490 4969
65521 4970
65574 4971
65581 4972
65603 4973
65604 4974
65615 4975
65618 4976
65631 4977
65697 4978
65740 4979
65750 4980
65751 4981
65756 4982
65757 4983
65784 4984
65787 4985
65793 4986
65807 4987
65809 4988
65815 4989
65818 4990
65833 4991
65839 4992
65845 4993
65888 4994
65901 4995
65906 4996
65914 4997
65922 4998
65936 4999
65940 5000
65951 5001
65956 5002
65961 5003
65973 5004
65980 5005
65988 5006
65991 5007
66015 5008
66016 5009
66049 5010
66072 5011
66076 5012
66093 5013
66108 5014
66138 5015
66156 5016
66157 5017
66161 5018
66169 5019
66209 5020
66217 5021
66220 5022
66234 5023
66244 5024
66277 5025
66293 5026
66295 5027
66296 5028
66304 5029
66306 5030
66344 5031
66348 5032
66362 5033
66375 5034
66398 5035
66420 5036
66430 5037
66431 5038
66471 5039
66481 5040
66491 5041
66493 5042
66509 5043
66519 5044
66534 5045
66549 5046
66550 5047
66552 5048
66555 5049
66602 5050
66619 5051
66626 5052
66654 5053
66682 5054
66688 5055
66693 5056
66701 5057
66704 5058
66710 5059
66726 5060
66760 5061
66773 5062
66784 5063
66786 5064
66787 5065
66788 5066
66796 5067
66816 5068
66876 5069
66892 5070
66913 5071
66915 5072
66934 5073
67026 5074
67033 5075
67034 5076
67053 5077
67060 5078
67067 5079
67086 5080
67093 5081
67116 5082
67122 5083
67124 5084
67154 5085
67186 5086
67215 5087
67235 5088
67237 5089
67265 5090
67267 5091
67273 5092
67281 5093
67287 5094
67292 5095
67295 5096
67296 5097
67314 5098
67336 5099
67339 5100
67344 5101
67345 5102
67361 5103
67372 5104
67381 5105
67385 5106
67405 5107
67408 5108
67448 5109
67477 5110
67507 5111
67509 5112
67511 5113
67535 5114
67561 5115
67602 5116
67608 5117
67609 5118
67612 5119
67613 5120
67628 5121
67643 5122
67652 5123
67656 5124
67665 5125
67668 5126
67677 5127
67685 5128
67688 5129
67703 5130
67730 5131
67743 5132
67774 5133
67788 5134
67794 5135
67798 5136
67893 5137
67920 5138
67929 5139
67933 5140
67940 5141
67942 5142
67967 5143
67989 5144
67992 5145
67997 5146
67998 5147
68004 5148
68008 5149
68011 5150
68015 5151
68030 5152
68058 5153
68083 5154
68134 5155
68136 5156
68143 5157
68145 5158
68158 5159
68160 5160
68197 5161
68213 5162
68227 5163
68239 5164
68292 5165
68323 5166
68340 5167
68363 5168
68371 5169
68385 5170
68395 5171
68398 5172
68401 5173
68403 5174
68421 5175
68425 5176
68436 5177
68448 5178
68459 5179
68470 5180
68489 5181
68494 5182
68497 5183
68509 5184
68513 5185
68533 5186
68542 5187
68548 5188
68552 5189
68580 5190
68592 5191
68596 5192
68603 5193
68606 5194
68616 5195
68625 5196
68643 5197
68645 5198
68647 5199
68652 5200
68656 5201
68678 5202
68693 5203
68702 5204
68738 5205
68740 5206
68758 5207
68767 5208
68784 5209
68785 5210
68792 5211
68796 5212
68813 5213
68825 5214
68835 5215
68836 5216
68841 5217
68855 5218
68867 5219
68868 5220
68880 5221
68923 5222
68925 5223
68927 5224
68941 5225
68961 5226
68974 5227
69001 5228
69007 5229
69011 5230
69022 5231
69040 5232
69052 5233
69057 5234
69060 5235
69104 5236
69110 5237
69116 5238
69135 5239
69137 5240
69157 5241
69160 5242
69177 5243
69185 5244
69201 5245
69211 5246
69216 5247
69217 5248
69226 5249
69240 5250
69242 5251
69283 5252
69303 5253
69315 5254
69320 5255
69329 5256
69332 5257
69338 5258
69355 5259
69357 5260
69364 5261
69384 5262
69403 5263
69495 5264
69508 5265
69517 5266
69547 5267
69552 5268
69564 5269
69593 5270
69602 5271
69618 5272
69625 5273
69641 5274
69678 5275
69679 5276
69682 5277
69710 5278
69717 5279
69720 5280
69721 5281
69758 5282
69766 5283
69775 5284
69780 5285
69848 5286
69862 5287
69870 5288
69881 5289
69885 5290
69891 5291
69900 5292
69902 5293
69916 5294
69943 5295
69951 5296
69953 5297
69965 5298
69973 5299
69974 5300
69987 5301
70005 5302
70018 5303
70025 5304
70029 5305
70051 5306
70079 5307
70088 5308
70091 5309
70098 5310
70110 5311
70115 5312
70119 5313
70120 5314
70125 5315
70149 5316
70158 5317
70161 5318
70166 5319
70167 5320
70179 5321
70183 5322
70191 5323
70228 5324
70232 5325
70241 5326
70244 5327
70256 5328
70265 5329
70270 5330
70324 5331
70327 5332
70352 5333
70357 5334
70386 5335
70403 5336
70457 5337
70472 5338
70479 5339
70506 5340
70543 5341
70547 5342
70549 5343
70557 5344
70564 5345
70565 5346
70581 5347
70592 5348
70615 5349
70639 5350
70641 5351
70644 5352
70666 5353
70671 5354
70687 5355
70722 5356
70728 5357
70767 5358
70783 5359
70793 5360
70795 5361
70807 5362
70813 5363
70832 5364
70833 5365
70849 5366
70851 5367
70856 5368
70871 5369
70881 5370
70883 5371
70897 5372
70899 5373
70913 5374
70919 5375
70926 5376
70965 5377
70988 5378
70997 5379
71006 5380
71011 5381
71013 5382
71033 5383
71042 5384
71066 5385
71069 5386
71071 5387
71091 5388
71095 5389
71098 5390
71103 5391
71110 5392
71113 5393
71140 5394
71148 5395
71174 5396
71175 5397
71178 5398
71193 5399
71196 5400
71207 5401
71208 5402
71219 5403
71228 5404
71234 5405
71236 5406
71244 5407
71247 5408
71256 5409
71258 5410
71293 5411
71341 5412
71348 5413
71381 5414
71382 5415
71386 5416
71400 5417
71416 5418
71418 5419
71423 5420
71504 5421
71514 5422
71560 5423
71564 5424
71569 5425
71572 5426
71594 5427
71627 5428
71651 5429
71659 5430
71674 5431
71732 5432
71741 5433
71745 5434
71810 5435
71823 5436
71830 5437
71836 5438
71838 5439
71850 5440
71867 5441
71871 5442
71885 5443
71891 5444
71912 5445
71931 5446
71940 5447
71951 5448
71960 5449
71966 5450
71969 5451
71971 5452
71986 5453
71997 5454
72029 5455
72037 5456
72067 5457
72084 5458
72090 5459
72097 5460
72108 5461
72112 5462
72121 5463
72123 5464
72145 5465
72147 5466
72149 5467
72165 5468
72169 5469
72179 5470
72188 5471
72252 5472
72262 5473
72263 5474
72337 5475
72351 5476
72370 5477
72382 5478
72388 5479
72398 5480
72403 5481
72452 5482
72474 5483
72477 5484
72505 5485
72519 5486
72528 5487
72534 5488
72551 5489
72558 5490
72569 5491
72573 5492
72576 5493
72587 5494
72592 5495
72606 5496
72620 5497
72648 5498
72674 5499
72686 5500
72688 5501
72704 5502
72744 5503
72781 5504
72802 5505
72809 5506
72810 5507
72824 5508
72831 5509
72834 5510
72839 5511
72840 5512
72855 5513
72871 5514
72880 5515
72901 5516
72910 5517
72924 5518
72936 5519
72940 5520
72976 5521
72982 5522
72986 5523
72990 5524
72996 5525
73005 5526
73009 5527
73028 5528
73030 5529
73032 5530
73048 5531
73059 5532
73079 5533
73102 5534
73105 5535
73124 5536
73144 5537
73158 5538
73186 5539
73204 5540
73214 5541
73220 5542
73241 5543
73243 5544
73264 5545
73274 5546
73287 5547
73309 5548
73324 5549
73326 5550
73331 5551
73347 5552
73363 5553
73380 5554
73405 5555
73433 5556
73443 5557
73455 5558
73469 5559
73487 5560
73512 5561
73520 5562
73531 5563
73532 5564
73545 5565
73550 5566
73568 5567
73574 5568
73575 5569
73607 5570
73609 5571
73614 5572
73661 5573
73666 5574
73682 5575
73686 5576
73690 5577
73703 5578
73708 5579
73724 5580
73754 5581
73790 5582
73795 5583
73828 5584
73831 5585
73872 5586
73897 5587
73946 5588
73975 5589
73986 5590
74002 5591
74008 5592
74016 5593
74018 5594
74022 5595
74025 5596
74055 5597
74063 5598
74085 5599
74102 5600
74107 5601
74118 5602
74141 5603
74190 5604
74203 5605
74217 5606
74225 5607
74234 5608
74260 5609
74291 5610
74298 5611
74321 5612
74336 5613
74338 5614
74365 5615
74368 5616
74380 5617
74386 5618
74387 5619
74388 5620
74397 5621
74419 5622
74441 5623
74461 5624
74469 5625
74483 5626
74494 5627
74505 5628
74514 5629
74526 5630
74528 5631
74537 5632
74544 5633
74570 5634
74571 5635
74572 5636
74581 5637
74607 5638
74610 5639
74636 5640
74651 5641
74656 5642
74658 5643
74694 5644
74733 5645
74763 5646
74777 5647
74791 5648
74809 5649
74821 5650
74829 5651
74833 5652
74841 5653
74842 5654
74851 5655
74860 5656
74878 5657
74887 5658
74897 5659
74911 5660
74920 5661
74944 5662
74963 5663
74980 5664
74984 5665
74985 5666
74991 5667
75005 5668
75008 5669
75021 5670
75022 5671
75031 5672
75044 5673
75066 5674
75075 5675
75105 5676
75107 5677
75121 5678
75147 5679
75156 5680
75158 5681
75173 5682
75183 5683
75204 5684
75208 5685
75235 5686
75266 5687
75273 5688
75279 5689
75288 5690
75297 5691
75298 5692
75311 5693
75313 5694
75321 5695
75323 5696
75327 5697
75328 5698
75330 5699
75346 5700
75361 5701
75376 5702
75395 5703
75425 5704
75476 5705
75498 5706
75504 5707
75516 5708
75533 5709
75544 5710
75555 5711
75614 5712
75616 5713
75633 5714
75642 5715
75664 5716
75678 5717
75692 5718
75711 5719
75716 5720
75741 5721
75770 5722
75835 5723
75848 5724
75856 5725
75887 5726
75888 5727
75911 5728
75915 5729
75920 5730
75921 5731
75940 5732
75944 5733
75959 5734
75963 5735
75964 5736
75981 5737
75984 5738
75985 5739
75986 5740
75995 5741
76020 5742
76028 5743
76058 5744
76066 5745
76100 5746
76104 5747
76107 5748
76124 5749
76127 5750
76130 5751
76131 5752
76145 5753
76149 5754
76167 5755
76168 5756
76177 5757
76207 5758
76222 5759
76227 5760
76239 5761
76265 5762
76276 5763
76277 5764
76290 5765
76301 5766
76305 5767
76307 5768
76314 5769
76325 5770
76334 5771
76338 5772
76345 5773
76347 5774
76369 5775
76376 5776
76382 5777
76391 5778
76410 5779
76416 5780
76427 5781
76478 5782
76488 5783
76509 5784
76517 5785
76547 5786
76552 5787
76561 5788
76565 5789
76573 5790
76609 5791
76636 5792
76668 5793
76679 5794
76697 5795
76704 5796
76712 5797
76714 5798
76718 5799
76725 5800
76734 5801
76749 5802
76752 5803
76756 5804
76762 5805
76775 5806
76781 5807
76800 5808
76807 5809
76830 5810
76832 5811
76845 5812
76859 5813
76882 5814
76884 5815
76890 5816
76895 5817
76926 5818
76932 5819
76946 5820
76952 5821
76955 5822
76956 5823
76973 5824
76992 5825
77030 5826
77050 5827
77054 5828
77079 5829
77094 5830
77108 5831
77109 5832
77115 5833
77116 5834
77120 5835
77125 5836
77129 5837
77133 5838
77137 5839
77141 5840
77155 5841
77163 5842
77184 5843
77196 5844
77209 5845
77212 5846
77224 5847
77227 5848
77249 5849
77255 5850
77276 5851
77279 5852
77297 5853
77302 5854
77303 5855
77330 5856
77356 5857
77394 5858
77406 5859
77407 5860
77434 5861
77439 5862
77461 5863
77466 5864
77470 5865
77472 5866
77478 5867
77499 5868
77520 5869
77543 5870
77549 5871
77550 5872
77560 5873
77570 5874
77571 5875
77592 5876
77597 5877
77638 5878
77661 5879
77664 5880
77669 5881
77689 5882
77708 5883
77742 5884
77757 5885
77766 5886
77774 5887
77786 5888
77795 5889
77808 5890
77816 5891
77842 5892
77849 5893
77886 5894
77901 5895
77976 5896
77983 5897
77996 5898
77997 5899
78002 5900
78041 5901
78045 5902
78052 5903
78066 5904
78119 5905
78127 5906
78129 5907
78130 5908
78138 5909
78161 5910
78178 5911
78192 5912
78223 5913
78255 5914
78269 5915
78271 5916
78305 5917
78308 5918
78335 5919
78347 5920
78363 5921
78374 5922
78387 5923
78397 5924
78403 5925
78415 5926
78431 5927
78460 5928
78472 5929
78492 5930
78493 5931
78550 5932
78559 5933
78563 5934
78575 5935
78605 5936
78607 5937
78647 5938
78657 5939
78672 5940
78685 5941
78695 5942
78697 5943
78703 5944
78704 5945
78706 5946
78723 5947
78728 5948
78751 5949
78757 5950
78775 5951
78791 5952
78799 5953
78843 5954
78862 5955
78865 5956
78883 5957
78886 5958
78887 5959
78892 5960
78901 5961
78904 5962
78929 5963
78948 5964
78977 5965
79007 5966
79009 5967
79017 5968
79029 5969
79039 5970
79043 5971
79057 5972
79124 5973
79138 5974
79155 5975
79161 5976
79169 5977
79173 5978
79183 5979
79192 5980
79212 5981
79214 5982
79244 5983
79246 5984
79249 5985
79252 5986
79257 5987
79261 5988
79274 5989
79279 5990
79313 5991
79314 5992
79328 5993
79330 5994
79349 5995
79363 5996
79404 5997
79440 5998
79447 5999
79448 6000
79458 6001
79460 6002
79482 6003
79508 6004
79521 6005
79526 6006
79531 6007
79538 6008
79544 6009
79555 6010
79558 6011
79622 6012
79632 6013
79660 6014
79664 6015
79681 6016
79686 6017
79708 6018
79725 6019
79749 6020
79753 6021
79764 6022
79772 6023
79776 6024
79786 6025
79792 6026
79793 6027
79794 6028
79801 6029
79820 6030
79841 6031
79863 6032
79874 6033
79883 6034
79909 6035
79915 6036
79919 6037
79924 6038
79928 6039
79935 6040
79952 6041
79967 6042
79979 6043
79994 6044
79995 6045
80054 6046
80059 6047
80062 6048
80086 6049
80092 6050
80102 6051
80110 6052
80119 6053
80134 6054
80140 6055
80177 6056
80179 6057
80206 6058
80210 6059
80219 6060
80220 6061
80234 6062
80244 6063
80257 6064
80262 6065
80269 6066
80275 6067
80284 6068
80288 6069
80296 6070
80309 6071
80310 6072
80344 6073
80359 6074
80363 6075
80371 6076
80391 6077
80400 6078
80404 6079
80413 6080
80464 6081
80508 6082
80511 6083
80558 6084
80573 6085
80651 6086
80654 6087
80682 6088
80687 6089
80689 6090
80691 6091
80696 6092
80705 6093
80729 6094
80738 6095
80750 6096
80758 6097
80771 6098
80776 6099
80782 6100
80783 6101
80784 6102
80831 6103
80835 6104
80855 6105
80859 6106
80878 6107
80915 6108
80916 6109
80947 6110
80948 6111
80956 6112
80958 6113
80980 6114
81011 6115
81049 6116
81062 6117
81069 6118
81092 6119
81111 6120
81112 6121
81119 6122
81121 6123
81157 6124
81173 6125
81189 6126
81201 6127
81204 6128
81208 6129
81211 6130
81216 6131
81220 6132
81228 6133
81240 6134
81245 6135
81249 6136
81253 6137
81264 6138
81271 6139
81284 6140
81357 6141
81365 6142
81367 6143
81411 6144
81424 6145
81435 6146
81460 6147
81475 6148
81478 6149
81480 6150
81493 6151
81494 6152
81535 6153
81567 6154
81580 6155
81594 6156
81608 6157
81626 6158
81628 6159
81642 6160
81653 6161
81658 6162
81662 6163
81674 6164
81676 6165
81680 6166
81703 6167
81721 6168
81732 6169
81733 6170
81754 6171
81756 6172
81761 6173
81766 6174
81773 6175
81776 6176
81788 6177
81802 6178
81803 6179
81807 6180
81808 6181
81809 6182
81814 6183
81841 6184
81884 6185
81905 6186
81952 6187
81953 6188
81963 6189
81968 6190
81976 6191
81977 6192
81988 6193
81991 6194
82000 6195
82011 6196
82028 6197
82044 6198
82049 6199
82051 6200
82061 6201
82091 6202
82111 6203
82133 6204
82145 6205
82170 6206
82176 6207
82179 6208
82181 6209
82189 6210
82201 6211
82203 6212
82205 6213
82206 6214
82234 6215
82237 6216
82268 6217
82276 6218
82285 6219
82293 6220
82297 6221
82315 6222
82316 6223
82320 6224
82325 6225
82326 6226
82338 6227
82361 6228
82362 6229
82371 6230
82372 6231
82375 6232
82394 6233
82420 6234
82429 6235
82440 6236
82441 6237
82442 6238
82444 6239
82445 6240
82446 6241
82464 6242
82494 6243
82502 6244
82527 6245
82530 6246
82564 6247
82582 6248
82594 6249
82603 6250
82623 6251
82649 6252
82660 6253
82677 6254
82690 6255
82691 6256
82706 6257
82714 6258
82720 6259
82726 6260
82736 6261
82738 6262
82769 6263
82771 6264
82772 6265
82773 6266
82786 6267
82799 6268
82800 6269
82818 6270
82822 6271
82838 6272
82844 6273
82889 6274
82899 6275
82903 6276
82904 6277
82913 6278
82920 6279
82933 6280
82935 6281
82970 6282
82971 6283
82972 6284
82975 6285
82977 6286
83037 6287
83057 6288
83069 6289
83073 6290
83076 6291
83115 6292
83149 6293
83159 6294
83169 6295
83175 6296
83201 6297
83239 6298
83250 6299
83252 6300
83268 6301
83269 6302
83279 6303
83281 6304
83283 6305
83284 6306
83320 6307
83331 6308
83332 6309
83336 6310
83352 6311
83353 6312
83379 6313
83407 6314
83419 6315
83429 6316
83432 6317
83436 6318
83453 6319
83455 6320
83458 6321
83464 6322
83472 6323
83482 6324
83502 6325
83509 6326
83533 6327
83539 6328
83540 6329
83557 6330
83566 6331
83582 6332
83616 6333
83635 6334
83643 6335
83656 6336
83671 6337
83693 6338
83695 6339
83696 6340
83717 6341
83720 6342
83730 6343
83743 6344
83801 6345
83808 6346
83810 6347
83813 6348
83823 6349
83834 6350
83835 6351
83852 6352
83862 6353
83888 6354
83890 6355
83905 6356
83920 6357
83921 6358
83929 6359
83934 6360
83946 6361
83972 6362
83977 6363
83981 6364
83997 6365
84006 6366
84027 6367
84032 6368
84035 6369
84054 6370
84059 6371
84076 6372
84077 6373
84093 6374
84123 6375
84128 6376
84130 6377
84135 6378
84153 6379
84164 6380
84170 6381
84175 6382
84185 6383
84198 6384
84209 6385
84211 6386
84214 6387
84239 6388
84262 6389
84263 6390
84265 6391
84267 6392
84293 6393
84304 6394
84318 6395
84352 6396
84358 6397
84360 6398
84363 6399
84364 6400
84366 6401
84388 6402
84408 6403
84416 6404
84420 6405
84422 6406
84424 6407
84432 6408
84436 6409
84442 6410
84457 6411
84495 6412
84556 6413
84563 6414
84567 6415
84573 6416
84588 6417
84618 6418
84639 6419
84656 6420
84659 6421
84702 6422
84704 6423
84706 6424
84714 6425
84732 6426
84740 6427
84752 6428
84755 6429
84784 6430
84792 6431
84795 6432
84826 6433
84828 6434
84843 6435
84887 6436
84942 6437
84949 6438
84961 6439
84971 6440
84997 6441
85001 6442
85041 6443
85042 6444
85061 6445
85069 6446
85078 6447
85090 6448
85102 6449
85116 6450
85118 6451
85122 6452
85125 6453
85130 6454
85131 6455
85138 6456
85177 6457
85204 6458
85211 6459
85219 6460
85232 6461
85245 6462
85269 6463
85283 6464
85286 6465
85288 6466
85294 6467
85316 6468
85329 6469
85339 6470
85343 6471
85377 6472
85390 6473
85393 6474
85404 6475
85406 6476
85465 6477
85505 6478
85552 6479
85559 6480
85566 6481
85568 6482
85574 6483
85575 6484
85586 6485
85621 6486
85626 6487
85654 6488
85662 6489
85692 6490
85712 6491
85714 6492
85719 6493
85724 6494
85727 6495
85732 6496
85755 6497
85770 6498
85790 6499
85827 6500
85846 6501
85851 6502
85858 6503
85876 6504
85911 6505
85925 6506
85942 6507
85953 6508
85954 6509
85975 6510
85976 6511
85980 6512
85984 6513
85988 6514
86028 6515
86031 6516
86035 6517
86043 6518
86044 6519
86049 6520
86052 6521
86057 6522
86087 6523
86091 6524
86104 6525
86195 6526
86208 6527
86231 6528
86248 6529
86266 6530
86280 6531
86291 6532
86294 6533
86317 6534
86347 6535
86353 6536
86362 6537
86368 6538
86378 6539
86393 6540
86423 6541
86439 6542
86459 6543
86503 6544
86506 6545
86547 6546
86571 6547
86574 6548
86645 6549
86682 6550
86708 6551
86718 6552
86732 6553
86745 6554
86771 6555
86772 6556
86777 6557
86779 6558
86789 6559
86791 6560
86824 6561
86834 6562
86844 6563
86874 6564
86889 6565
86910 6566
86933 6567
86995 6568
86998 6569
87007 6570
87010 6571
87018 6572
87024 6573
87037 6574
87039 6575
87049 6576
87051 6577
87077 6578
87079 6579
87080 6580
87086 6581
87096 6582
87115 6583
87136 6584
87149 6585
87152 6586
87180 6587
87220 6588
87236 6589
87245 6590
87253 6591
87263 6592
87264 6593
87291 6594
87293 6595
87307 6596
87310 6597
87314 6598
87317 6599
87318 6600
87323 6601
87340 6602
87350 6603
87376 6604
87404 6605
87409 6606
87415 6607
87416 6608
87428 6609
87430 6610
87431 6611
87457 6612
87481 6613
87491 6614
87497 6615
87505 6616
87519 6617
87536 6618
87540 6619
87595 6620
87602 6621
87613 6622
87617 6623
87631 6624
87639 6625
87647 6626
87660 6627
87670 6628
87685 6629
87719 6630
87720 6631
87751 6632
87760 6633
87764 6634
87785 6635
87799 6636
87811 6637
87813 6638
87829 6639
87830 6640
87833 6641
87858 6642
87860 6643
87862 6644
87889 6645
87894 6646
87903 6647
87914 6648
87918 6649
87921 6650
87925 6651
87931 6652
87939 6653
87944 6654
87955 6655
87983 6656
87993 6657
87999 6658
88000 6659
88002 6660
88004 6661
88077 6662
88078 6663
88097 6664
88099 6665
88103 6666
88115 6667
88124 6668
88140 6669
88151 6670
88159 6671
88166 6672
88183 6673
88203 6674
88249 6675
88269 6676
88271 6677
88276 6678
88299 6679
88318 6680
88325 6681
88332 6682
88334 6683
88336 6684
88357 6685
88360 6686
88372 6687
88377 6688
88378 6689
88382 6690
88396 6691
88399 6692
88405 6693
88406 6694
88437 6695
88451 6696
88452 6697
88481 6698
88483 6699
88498 6700
88507 6701
88510 6702
88533 6703
88538 6704
88588 6705
88599 6706
88622 6707
88637 6708
88663 6709
88665 6710
88677 6711
88703 6712
88732 6713
88742 6714
88772 6715
88774 6716
88796 6717
88827 6718
88839 6719
88841 6720
88880 6721
88893 6722
88905 6723
88922 6724
88934 6725
88945 6726
88959 6727
89012 6728
89042 6729
89047 6730
89084 6731
89093 6732
89119 6733
89122 6734
89130 6735
89131 6736
89138 6737
89142 6738
89145 6739
89163 6740
89171 6741
89172 6742
89178 6743
89194 6744
89198 6745
89214 6746
89229 6747
89230 6748
89257 6749
89262 6750
89265 6751
89285 6752
89300 6753
89319 6754
89325 6755
89328 6756
89340 6757
89349 6758
89358 6759
89375 6760
89378 6761
89383 6762
89385 6763
89419 6764
89446 6765
89457 6766
89501 6767
89502 6768
89503 6769
89504 6770
89511 6771
89522 6772
89524 6773
89525 6774
89528 6775
89535 6776
89553 6777
89556 6778
89571 6779
89573 6780
89588 6781
89607 6782
89610 6783
89612 6784
89620 6785
89622 6786
89623 6787
89635 6788
89676 6789
89697 6790
89711 6791
89713 6792
89748 6793
89753 6794
89765 6795
89771 6796
89781 6797
89788 6798
89816 6799
89828 6800
89831 6801
89848 6802
89880 6803
89896 6804
89904 6805
89929 6806
89947 6807
89950 6808
89954 6809
89971 6810
89988 6811
89990 6812
89996 6813
90005 6814
90036 6815
90044 6816
90045 6817
90073 6818
90087 6819
90096 6820
90114 6821
90116 6822
90152 6823
90156 6824
90170 6825
90172 6826
90200 6827
90225 6828
90232 6829
90244 6830
90252 6831
90260 6832
90265 6833
90273 6834
90283 6835
90291 6836
90300 6837
90326 6838
90369 6839
90404 6840
90408 6841
90414 6842
90426 6843
90427 6844
90444 6845
90467 6846
90470 6847
90489 6848
90501 6849
90525 6850
90550 6851
90558 6852
90563 6853
90596 6854
90602 6855
90603 6856
90643 6857
90678 6858
90704 6859
90719 6860
90731 6861
90757 6862
90797 6863
90809 6864
90812 6865
90831 6866
90842 6867
90846 6868
90857 6869
90885 6870
90895 6871
90909 6872
90927 6873
90938 6874
90940 6875
90943 6876
90945 6877
90946 6878
90959 6879
90962 6880
90987 6881
90988 6882
90993 6883
91037 6884
91047 6885
91054 6886
91056 6887
91060 6888
91071 6889
91087 6890
91090 6891
91094 6892
91111 6893
91113 6894
91171 6895
91176 6896
91212 6897
91228 6898
91230 6899
91261 6900
91263 6901
91281 6902
91282 6903
91305 6904
91308 6905
91312 6906
91332 6907
91334 6908
91339 6909
91378 6910
91383 6911
91416 6912
91417 6913
91429 6914
91432 6915
91445 6916
91455 6917
91477 6918
91486 6919
91520 6920
91533 6921
91537 6922
91556 6923
91581 6924
91587 6925
91590 6926
91597 6927
91604 6928
91606 6929
91619 6930
91630 6931
91647 6932
91651 6933
91675 6934
91686 6935
91711 6936
91728 6937
91758 6938
91765 6939
91775 6940
91783 6941
91802 6942
91824 6943
91841 6944
91859 6945
91873 6946
91880 6947
91882 6948
91910 6949
91911 6950
91914 6951
91918 6952
91922 6953
91938 6954
91961 6955
91979 6956
91985 6957
91987 6958
91992 6959
92024 6960
92034 6961
92044 6962
92048 6963
92084 6964
92089 6965
92103 6966
92105 6967
92110 6968
92139 6969
92171 6970
92210 6971
92244 6972
92248 6973
92254 6974
92261 6975
92278 6976
92289 6977
92319 6978
92327 6979
92329 6980
92340 6981
92357 6982
92380 6983
92385 6984
92400 6985
92410 6986
92428 6987
92429 6988
92439 6989
92497 6990
92500 6991
92506 6992
92508 6993
92518 6994
92542 6995
92580 6996
92625 6997
92635 6998
92644 6999
92666 7000
92671 7001
92679 7002
92688 7003
92702 7004
92712 7005
92720 7006
92733 7007
92735 7008
92741 7009
92780 7010
92828 7011
92838 7012
92847 7013
92853 7014
92862 7015
92869 7016
92878 7017
92888 7018
92907 7019
92917 7020
92932 7021
92946 7022
92960 7023
92969 7024
92976 7025
92992 7026
92995 7027
93020 7028
93044 7029
93048 7030
93059 7031
93092 7032
93093 7033
93103 7034
93109 7035
93118 7036
93135 7037
93138 7038
93153 7039
93158 7040
93166 7041
93173 7042
93192 7043
93199 7044
93210 7045
93237 7046
93251 7047
93268 7048
93289 7049
93298 7050
93300 7051
93302 7052
93304 7053
93314 7054
93318 7055
93332 7056
93343 7057
93368 7058
93403 7059
93414 7060
93427 7061
93457 7062
93467 7063
93483 7064
93485 7065
93488 7066
93503 7067
93508 7068
93514 7069
93527 7070
93543 7071
93549 7072
93552 7073
93558 7074
93583 7075
93593 7076
93608 7077
93622 7078
93636 7079
93677 7080
93682 7081
93692 7082
93694 7083
93704 7084
93712 7085
93721 7086
93722 7087
93745 7088
93769 7089
93783 7090
93785 7091
93790 7092
93795 7093
93833 7094
93835 7095
93867 7096
93879 7097
93882 7098
93893 7099
93919 7100
93935 7101
93958 7102
93962 7103
93967 7104
93993 7105
94012 7106
94018 7107
94023 7108
94025 7109
94028 7110
94036 7111
94038 7112
94062 7113
94072 7114
94073 7115
94112 7116
94136 7117
94137 7118
94144 7119
94159 7120
94165 7121
94174 7122
94199 7123
94213 7124
94229 7125
94279 7126
94280 7127
94281 7128
94310 7129
94320 7130
94334 7131
94335 7132
94344 7133
94355 7134
94359 7135
94364 7136
94370 7137
94411 7138
94412 7139
94413 7140
94417 7141
94426 7142
94433 7143
94442 7144
94452 7145
94472 7146
94490 7147
94511 7148
94520 7149
94531 7150
94542 7151
94560 7152
94561 7153
94603 7154
94623 7155
94648 7156
94651 7157
94656 7158
94657 7159
94668 7160
94670 7161
94701 7162
94703 7163
94707 7164
94723 7165
94740 7166
94758 7167
94780 7168
94790 7169
94794 7170
94798 7171
94815 7172
94816 7173
94826 7174
94834 7175
94836 7176
94839 7177
94843 7178
94872 7179
94875 7180
94949 7181
94985 7182
94996 7183
95005 7184
95014 7185
95025 7186
95060 7187
95062 7188
95079 7189
95083 7190
95084 7191
95085 7192
95094 7193
95095 7194
95098 7195
95103 7196
95110 7197
95124 7198
95126 7199
95134 7200
95146 7201
95149 7202
95152 7203
95153 7204
95155 7205
95158 7206
95187 7207
95193 7208
95201 7209
95207 7210
95208 7211
95218 7212
95220 7213
95233 7214
95247 7215
95251 7216
95266 7217
95281 7218
95292 7219
95323 7220
95324 7221
95337 7222
95348 7223
95361 7224
95372 7225
95376 7226
95389 7227
95408 7228
95431 7229
95435 7230
95447 7231
95452 7232
95481 7233
95482 7234
95505 7235
95510 7236
95515 7237
95518 7238
95522 7239
95527 7240
95553 7241
95561 7242
95591 7243
95600 7244
95601 7245
95611 7246
95621 7247
95630 7248
95635 7249
95659 7250
95667 7251
95693 7252
95711 7253
95733 7254
95744 7255
95789 7256
95808 7257
95820 7258
95821 7259
95827 7260
95832 7261
95853 7262
95865 7263
95866 7264
95882 7265
95888 7266
95902 7267
95904 7268
95905 7269
95914 7270
95915 7271
95927 7272
95975 7273
96007 7274
96008 7275
96012 7276
96013 7277
96027 7278
96045 7279
96064 7280
96070 7281
96094 7282
96100 7283
96159 7284
96162 7285
96175 7286
96181 7287
96202 7288
96209 7289
96211 7290
96219 7291
96223 7292
96230 7293
96236 7294
96242 7295
96255 7296
96286 7297
96322 7298
96374 7299
96385 7300
96392 7301
96399 7302
96400 7303
96428 7304
96435 7305
96442 7306
96455 7307
96511 7308
96530 7309
96531 7310
96552 7311
96558 7312
96573 7313
96584 7314
96604 7315
96613 7316
96624 7317
96640 7318
96641 7319
96642 7320
96643 7321
96648 7322
96650 7323
96651 7324
96664 7325
96671 7326
96674 7327
96682 7328
96702 7329
96704 7330
96705 7331
96715 7332
96750 7333
96756 7334
96761 7335
96768 7336
96850 7337
96860 7338
96861 7339
96891 7340
96894 7341
96920 7342
96926 7343
96940 7344
96955 7345
96956 7346
96980 7347
96985 7348
97001 7349
97025 7350
97048 7351
97050 7352
97051 7353
97059 7354
97066 7355
97083 7356
97100 7357
97108 7358
97113 7359
97117 7360
97126 7361
97148 7362
97154 7363
97184 7364
97191 7365
97197 7366
97207 7367
97225 7368
97229 7369
97232 7370
97238 7371
97281 7372
97315 7373
97338 7374
97359 7375
97364 7376
97369 7377
97371 7378
97390 7379
97395 7380
97408 7381
97412 7382
97415 7383
97447 7384
97465 7385
97492 7386
97505 7387
97509 7388
97516 7389
97521 7390
97535 7391
97543 7392
97581 7393
97597 7394
97628 7395
97631 7396
97669 7397
97684 7398
97686 7399
97708 7400
97718 7401
97735 7402
97763 7403
97796 7404
97820 7405
97828 7406
97829 7407
97840 7408
97860 7409
97891 7410
97892 7411
97897 7412
97908 7413
97922 7414
97924 7415
97934 7416
97939 7417
97942 7418
97964 7419
97969 7420
97981 7421
97985 7422
97991 7423
98000 7424
98017 7425
98047 7426
98057 7427
98085 7428
98093 7429
98112 7430
98114 7431
98116 7432
98132 7433
98138 7434
98165 7435
98169 7436
98172 7437
98201 7438
98218 7439
98221 7440
98223 7441
98224 7442
98229 7443
98232 7444
98243 7445
98249 7446
98254 7447
98281 7448
98290 7449
98300 7450
98322 7451
98324 7452
98337 7453
98356 7454
98374 7455
98384 7456
98399 7457
98409 7458
98424 7459
98471 7460
98476 7461
98487 7462
98491 7463
98498 7464
98499 7465
98501 7466
98512 7467
98514 7468
98528 7469
98549 7470
98550 7471
98554 7472
98580 7473
98581 7474
98585 7475
98593 7476
98594 7477
98620 7478
98622 7479
98638 7480
98642 7481
98651 7482
98689 7483
98692 7484
98707 7485
98712 7486
98728 7487
98739 7488
98748 7489
98753 7490
98776 7491
98789 7492
98833 7493
98849 7494
98858 7495
98865 7496
98869 7497
98878 7498
98881 7499
98889 7500
98912 7501
98916 7502
98930 7503
98936 7504
98941 7505
98965 7506
98975 7507
98980 7508
98988 7509
99002 7510
99033 7511
99034 7512
99037 7513
99055 7514
99056 7515
99063 7516
99075 7517
99080 7518
99084 7519
99121 7520
99122 7521
99128 7522
99132 7523
99135 7524
99136 7525
99210 7526
99219 7527
99252 7528
99260 7529
99292 7530
99296 7531
99320 7532
99327 7533
99330 7534
99338 7535
99364 7536
99386 7537
99395 7538
99399 7539
99411 7540
99450 7541
99463 7542
99479 7543
99502 7544
99561 7545
99569 7546
99583 7547
99584 7548
99587 7549
99588 7550
99594 7551
99601 7552
99623 7553
99640 7554
99675 7555
99694 7556
99706 7557
99715 7558
99729 7559
99756 7560
99767 7561
99773 7562
99787 7563
99807 7564
99818 7565
99844 7566
99849 7567
99861 7568
99897 7569
99911 7570
99915 7571
99927 7572
99947 7573
99950 7574
99964 7575
100002 7576
100017 7577
100038 7578
100047 7579
100048 7580
100087 7581
100097 7582
100118 7583
100150 7584
100158 7585
100163 7586
100164 7587
100175 7588
100190 7589
100199 7590
100202 7591
100203 7592
100218 7593
100232 7594
100241 7595
100242 7596
100256 7597
100257 7598
100261 7599
100263 7600
100282 7601
100285 7602
100287 7603
100294 7604
100300 7605
100309 7606
100318 7607
100328 7608
100341 7609
100342 7610
100347 7611
100350 7612
100351 7613
100359 7614
100383 7615
100385 7616
100417 7617
100421 7618
100434 7619
100443 7620
100452 7621
100453 7622
100476 7623
100494 7624
100499 7625
100500 7626
100502 7627
100522 7628
100527 7629
100572 7630
100607 7631
100613 7632
100630 7633
100633 7634
100709 7635
100721 7636
100722 7637
100724 7638
100729 7639
100730 7640
100735 7641
100744 7642
100764 7643
100772 7644
100773 7645
100778 7646
100789 7647
100790 7648
100865 7649
100870 7650
100877 7651
100879 7652
100881 7653
100883 7654
100901 7655
100903 7656
100906 7657
100912 7658
100915 7659
100927 7660
100929 7661
100931 7662
100948 7663
100973 7664
100977 7665
100994 7666
100996 7667
101017 7668
101021 7669
101025 7670
101042 7671
101049 7672
101059 7673
101077 7674
101095 7675
101106 7676
101109 7677
101113 7678
101127 7679
101137 7680
101146 7681
101152 7682
101171 7683
101175 7684
101191 7685
101229 7686
101243 7687
101265 7688
101268 7689
101275 7690
101285 7691
101296 7692
101305 7693
101308 7694
101310 7695
101312 7696
101339 7697
101348 7698
101353 7699
101356 7700
101361 7701
101372 7702
101381 7703
101389 7704
101402 7705
101421 7706
101427 7707
101433 7708
101443 7709
101455 7710
101467 7711
101500 7712
101535 7713
101560 7714
101578 7715
101597 7716
101608 7717
101610 7718
101632 7719
101645 7720
101655 7721
101657 7722
101677 7723
101688 7724
101694 7725
101714 7726
101726 7727
101734 7728
101736 7729
101760 7730
101765 7731
101779 7732
101784 7733
101790 7734
101792 7735
101800 7736
101804 7737
101839 7738
101849 7739
101867 7740
101868 7741
101874 7742
101886 7743
101889 7744
101891 7745
101898 7746
101910 7747
101914 7748
101923 7749
101933 7750
101934 7751
101938 7752
101976 7753
101991 7754
102041 7755
102043 7756
102047 7757
102067 7758
102077 7759
102085 7760
102106 7761
102107 7762
102112 7763
102115 7764
102165 7765
102192 7766
102211 7767
102230 7768
102260 7769
102261 7770
102272 7771
102318 7772
102333 7773
102337 7774
102359 7775
102372 7776
102379 7777
102409 7778
102446 7779
102449 7780
102462 7781
102467 7782
102493 7783
102536 7784
102539 7785
102557 7786
102566 7787
102572 7788
102573 7789
102584 7790
102606 7791
102609 7792
102641 7793
102646 7794
102672 7795
102699 7796
102725 7797
102761 7798
102768 7799
102776 7800
102781 7801
102782 7802
102785 7803
102807 7804
102826 7805
102865 7806
102886 7807
102888 7808
102891 7809
102892 7810
102918 7811
102919 7812
102929 7813
102936 7814
102937 7815
102956 7816
102963 7817
102965 7818
103012 7819
103024 7820
103034 7821
103041 7822
103046 7823
103047 7824
103067 7825
103078 7826
103081 7827
103100 7828
103155 7829
103157 7830
103159 7831
103162 7832
103171 7833
103184 7834
103194 7835
103196 7836
103207 7837
103210 7838
103213 7839
103216 7840
103219 7841
103266 7842
103281 7843
103296 7844
103315 7845
103328 7846
103337 7847
103342 7848
103361 7849
103364 7850
103384 7851
103388 7852
103408 7853
103429 7854
103442 7855
103459 7856
103465 7857
103478 7858
103491 7859
103500 7860
103526 7861
103539 7862
103569 7863
103571 7864
103607 7865
103632 7866
103642 7867
103658 7868
103662 7869
103677 7870
103692 7871
103702 7872
103711 7873
103719 7874
103731 7875
103743 7876
103752 7877
103780 7878
103801 7879
103806 7880
103809 7881
103811 7882
103820 7883
103832 7884
103862 7885
103865 7886
103873 7887
103887 7888
103888 7889
103890 7890
103896 7891
103955 7892
103956 7893
103962 7894
103975 7895
103997 7896
103999 7897
104006 7898
104026 7899
104030 7900
104037 7901
104053 7902
104085 7903
104134 7904
104138 7905
104149 7906
104183 7907
104209 7908
104222 7909
104225 7910
104226 7911
104231 7912
104241 7913
104245 7914
104266 7915
104284 7916
104309 7917
104319 7918
104347 7919
104354 7920
104355 7921
104366 7922
104374 7923
104376 7924
104379 7925
104380 7926
104407 7927
104413 7928
104414 7929
104423 7930
104455 7931
104468 7932
104479 7933
104487 7934
104498 7935
104517 7936
104533 7937
104534 7938
104537 7939
104558 7940
104562 7941
104568 7942
104581 7943
104598 7944
104609 7945
104643 7946
104653 7947
104676 7948
104680 7949
104685 7950
104695 7951
104710 7952
104714 7953
104718 7954
104727 7955
104733 7956
104754 7957
104759 7958
104760 7959
104762 7960
104776 7961
104783 7962
104808 7963
104832 7964
104859 7965
104880 7966
104893 7967
104896 7968
104898 7969
104899 7970
104915 7971
104918 7972
104955 7973
104962 7974
104980 7975
104981 7976
105034 7977
105053 7978
105080 7979
105147 7980
105160 7981
105168 7982
105207 7983
105229 7984
105234 7985
105241 7986
105266 7987
105274 7988
105285 7989
105287 7990
105302 7991
105337 7992
105338 7993
105351 7994
105392 7995
105394 7996
105395 7997
105399 7998
105405 7999
105424 8000
105447 8001
105464 8002
105516 8003
105527 8004
105538 8005
105562 8006
105571 8007
105581 8008
105584 8009
105590 8010
105594 8011
105622 8012
105630 8013
105639 8014
105644 8015
105688 8016
105701 8017
105702 8018
105711 8019
105753 8020
105756 8021
105770 8022
105771 8023
105777 8024
105793 8025
105803 8026
105817 8027
105822 8028
105832 8029
105853 8030
105854 8031
105869 8032
105877 8033
105882 8034
105950 8035
105954 8036
105957 8037
105983 8038
106044 8039
106051 8040
106053 8041
106059 8042
106073 8043
106077 8044
106092 8045
106107 8046
106109 8047
106153 8048
106161 8049
106174 8050
106209 8051
106220 8052
106221 8053
106232 8054
106252 8055
106272 8056
106284 8057
106330 8058
106339 8059
106349 8060
106390 8061
106399 8062
106408 8063
106426 8064
106428 8065
106445 8066
106464 8067
106468 8068
106473 8069
106515 8070
106523 8071
106528 8072
106530 8073
106556 8074
106602 8075
106624 8076
106631 8077
106662 8078
106663 8079
106667 8080
106692 8081
106705 8082
106721 8083
106724 8084
106755 8085
106758 8086
106778 8087
106784 8088
106791 8089
106817 8090
106830 8091
106874 8092
106881 8093
106885 8094
106925 8095
106951 8096
106974 8097
106976 8098
107016 8099
107046 8100
107049 8101
107054 8102
107061 8103
107069 8104
107080 8105
107097 8106
107165 8107
107187 8108
107191 8109
107195 8110
107224 8111
107249 8112
107262 8113
107270 8114
107271 8115
107273 8116
107322 8117
107327 8118
107340 8119
107345 8120
107367 8121
107384 8122
107390 8123
107397 8124
107421 8125
107449 8126
107470 8127
107482 8128
107485 8129
107486 8130
107497 8131
107544 8132
107554 8133
107557 8134
107577 8135
107609 8136
107624 8137
107630 8138
107667 8139
107671 8140
107686 8141
107690 8142
107694 8143
107715 8144
107725 8145
107736 8146
107759 8147
107771 8148
107773 8149
107816 8150
107833 8151
107862 8152
107917 8153
107924 8154
107951 8155
107969 8156
107971 8157
107975 8158
107978 8159
108007 8160
108027 8161
108038 8162
108040 8163
108064 8164
108069 8165
108103 8166
108126 8167
108127 8168
108129 8169
108154 8170
108159 8171
108182 8172
108192 8173
108194 8174
108202 8175
108210 8176
108225 8177
108228 8178
108231 8179
108258 8180
108265 8181
108315 8182
108325 8183
108328 8184
108340 8185
108352 8186
108357 8187
108374 8188
108383 8189
108403 8190
108435 8191
108459 8192
108463 8193
108468 8194
108475 8195
108477 8196
108487 8197
108497 8198
108499 8199
108501 8200
108505 8201
108510 8202
108549 8203
108553 8204
108557 8205
108561 8206
108571 8207
108645 8208
108671 8209
108681 8210
108687 8211
108690 8212
108703 8213
108721 8214
108730 8215
108745 8216
108748 8217
108773 8218
108781 8219
108836 8220
108859 8221
108887 8222
108903 8223
108941 8224
108956 8225
108968 8226
109004 8227
109008 8228
109028 8229
109039 8230
109083 8231
109086 8232
109111 8233
109126 8234
109141 8235
109155 8236
109198 8237
109205 8238
109208 8239
109267 8240
109276 8241
109285 8242
109351 8243
109362 8244
109375 8245
109410 8246
109429 8247
109432 8248
109443 8249
109450 8250
109475 8251
109478 8252
109484 8253
109486 8254
109500 8255
109519 8256
109533 8257
109562 8258
109575 8259
109578 8260
109619 8261
109623 8262
109626 8263
109631 8264
109639 8265
109642 8266
109645 8267
109650 8268
109656 8269
109680 8270
109705 8271
109710 8272
109732 8273
109741 8274
109748 8275
109752 8276
109758 8277
109764 8278
109792 8279
109799 8280
109811 8281
109813 8282
109826 8283
109831 8284
109843 8285
109853 8286
109858 8287
109864 8288
109883 8289
109894 8290
109896 8291
109899 8292
109919 8293
109920 8294
109948 8295
109991 8296
109993 8297
110013 8298
110016 8299
110063 8300
110065 8301
110074 8302
110106 8303
110120 8304
110137 8305
110151 8306
110173 8307
110182 8308
110188 8309
110209 8310
110211 8311
110237 8312
110250 8313
110277 8314
110309 8315
110323 8316
110404 8317
110406 8318
110421 8319
110437 8320
110445 8321
110486 8322
110492 8323
110512 8324
110535 8325
110576 8326
110608 8327
110634 8328
110638 8329
110644 8330
110646 8331
110649 8332
110652 8333
110660 8334
110663 8335
110665 8336
110679 8337
110703 8338
110735 8339
110749 8340
110775 8341
110783 8342
110785 8343
110798 8344
110804 8345
110829 8346
110845 8347
110891 8348
110901 8349
110913 8350
110979 8351
111003 8352
111041 8353
111060 8354
111067 8355
111078 8356
111088 8357
111089 8358
111095 8359
111104 8360
111135 8361
111148 8362
111159 8363
111178 8364
111207 8365
111239 8366
111244 8367
111246 8368
111276 8369
111289 8370
111299 8371
111318 8372
111326 8373
111327 8374
111329 8375
111352 8376
111355 8377
111360 8378
111371 8379
111378 8380
111381 8381
111382 8382
111397 8383
111418 8384
111443 8385
111446 8386
111454 8387
111463 8388
111481 8389
111500 8390
111503 8391
111510 8392
111516 8393
111523 8394
111569 8395
111588 8396
111598 8397
111643 8398
111673 8399
111695 8400
111778 8401
111814 8402
111834 8403
111849 8404
111864 8405
111873 8406
111928 8407
111953 8408
111973 8409
111986 8410
111998 8411
112010 8412
112018 8413
112051 8414
112054 8415
112085 8416
112115 8417
112116 8418
112137 8419
112144 8420
112156 8421
112190 8422
112209 8423
112216 8424
112258 8425
112282 8426
112284 8427
112295 8428
112298 8429
112302 8430
112310 8431
112319 8432
112321 8433
112325 8434
112327 8435
112331 8436
112360 8437
112379 8438
112382 8439
112386 8440
112420 8441
112446 8442
112448 8443
112451 8444
112455 8445
112467 8446
112490 8447
112494 8448
112500 8449
112508 8450
112512 8451
112521 8452
112531 8453
112547 8454
112558 8455
112559 8456
112563 8457
112572 8458
112573 8459
112583 8460
112592 8461
112598 8462
112631 8463
112659 8464
112683 8465
112694 8466
112753 8467
112760 8468
112785 8469
112806 8470
112807 8471
112837 8472
112857 8473
112867 8474
112898 8475
112901 8476
112914 8477
112933 8478
112981 8479
112990 8480
112991 8481
113009 8482
113011 8483
113014 8484
113032 8485
113041 8486
113058 8487
113097 8488
113118 8489
113124 8490
113126 8491
113136 8492
113176 8493
113185 8494
113235 8495
113250 8496
113251 8497
113265 8498
113277 8499
113306 8500
113314 8501
113317 8502
113324 8503
113327 8504
113333 8505
113336 8506
113356 8507
113373 8508
113374 8509
113381 8510
113402 8511
113408 8512
113424 8513
113429 8514
113459 8515
113480 8516
113491 8517
113493 8518
113497 8519
113509 8520
113517 8521
113518 8522
113543 8523
113554 8524
113560 8525
113574 8526
113604 8527
113623 8528
113661 8529
113678 8530
113746 8531
113750 8532
113751 8533
113777 8534
113787 8535
113801 8536
113815 8537
113816 8538
113824 8539
113834 8540
113842 8541
113853 8542
113891 8543
113917 8544
113931 8545
113968 8546
113975 8547
113998 8548
114013 8549
114015 8550
114026 8551
114042 8552
114046 8553
114088 8554
114126 8555
114179 8556
114181 8557
114226 8558
114248 8559
114252 8560
114259 8561
114260 8562
114273 8563
114285 8564
114321 8565
114330 8566
114337 8567
114372 8568
114380 8569
114395 8570
114402 8571
114404 8572
114442 8573
114459 8574
114471 8575
114477 8576
114495 8577
114506 8578
114507 8579
114519 8580
114528 8581
114549 8582
114553 8583
114563 8584
114564 8585
114571 8586
114587 8587
114597 8588
114599 8589
114604 8590
114620 8591
114631 8592
114634 8593
114636 8594
114653 8595
114659 8596
114666 8597
114676 8598
114689 8599
114691 8600
114701 8601
114720 8602
114794 8603
114810 8604
114811 8605
114844 8606
114851 8607
114872 8608
114888 8609
114901 8610
114915 8611
114917 8612
114942 8613
114987 8614
114996 8615
114999 8616
115014 8617
115027 8618
115041 8619
115048 8620
115056 8621
115066 8622
115078 8623
115095 8624
115096 8625
115105 8626
115117 8627
115123 8628
115142 8629
115150 8630
115151 8631
115159 8632
115175 8633
115186 8634
115208 8635
115215 8636
115219 8637
115220 8638
115222 8639
115224 8640
115276 8641
115285 8642
115287 8643
115295 8644
115314 8645
115329 8646
115332 8647
115338 8648
115341 8649
115347 8650
115420 8651
115435 8652
115450 8653
115453 8654
115470 8655
115474 8656
115479 8657
115483 8658
115494 8659
115503 8660
115504 8661
115523 8662
115531 8663
115549 8664
115553 8665
115572 8666
115578 8667
115586 8668
115599 8669
115608 8670
115629 8671
115639 8672
115646 8673
115657 8674
115674 8675
115678 8676
115685 8677
115687 8678
115693 8679
115710 8680
115712 8681
115719 8682
115768 8683
115777 8684
115805 8685
115831 8686
115836 8687
115838 8688
115843 8689
115859 8690
115870 8691
115890 8692
115894 8693
115985 8694
115988 8695
115992 8696
116000 8697
116028 8698
116032 8699
116033 8700
116035 8701
116056 8702
116058 8703
116064 8704
116069 8705
116097 8706
116135 8707
116153 8708
116166 8709
116223 8710
116225 8711
116233 8712
116253 8713
116260 8714
116287 8715
116290 8716
116296 8717
116325 8718
116334 8719
116362 8720
116364 8721
116376 8722
116384 8723
116387 8724
116404 8725
116428 8726
116449 8727
116453 8728
116462 8729
116501 8730
116514 8731
116526 8732
116529 8733
116557 8734
116565 8735
116590 8736
116595 8737
116596 8738
116601 8739
116639 8740
116646 8741
116654 8742
116687 8743
116701 8744
116712 8745
116734 8746
116754 8747
116763 8748
116766 8749
116771 8750
116775 8751
116778 8752
116797 8753
116815 8754
116817 8755
116830 8756
116846 8757
116856 8758
116862 8759
116882 8760
116886 8761
116890 8762
116896 8763
116909 8764
116918 8765
116923 8766
116959 8767
116966 8768
116995 8769
116996 8770
117003 8771
117016 8772
117017 8773
117020 8774
117024 8775
117028 8776
117030 8777
117043 8778
117046 8779
117053 8780
117083 8781
117089 8782
117096 8783
117108 8784
117118 8785
117119 8786
117143 8787
117164 8788
117197 8789
117208 8790
117216 8791
117219 8792
117222 8793
117262 8794
117273 8795
117282 8796
117345 8797
117346 8798
117350 8799
117358 8800
117363 8801
117365 8802
117367 8803
117373 8804
117378 8805
117392 8806
117398 8807
117422 8808
117444 8809
117454 8810
117474 8811
117484 8812
117485 8813
117493 8814
117504 8815
117522 8816
117577 8817
117604 8818
117615 8819
117621 8820
117643 8821
117644 8822
117652 8823
117663 8824
117682 8825
117683 8826
117693 8827
117706 8828
117723 8829
117726 8830
117727 8831
117733 8832
117745 8833
117752 8834
117784 8835
117786 8836
117788 8837
117803 8838
117810 8839
117825 8840
117831 8841
117874 8842
117893 8843
117978 8844
117984 8845
117985 8846
117993 8847
118004 8848
118005 8849
118009 8850
118020 8851
118028 8852
118046 8853
118062 8854
118094 8855
118102 8856
118105 8857
118116 8858
118120 8859
118131 8860
118140 8861
118182 8862
118191 8863
118201 8864
118211 8865
118217 8866
118227 8867
118231 8868
118239 8869
118241 8870
118258 8871
118276 8872
118277 8873
118295 8874
118326 8875
118334 8876
118351 8877
118356 8878
118364 8879
118380 8880
118385 8881
118395 8882
118423 8883
118440 8884
118443 8885
118447 8886
118515 8887
118529 8888
118536 8889
118542 8890
118589 8891
118600 8892
118608 8893
118611 8894
118617 8895
118664 8896
118674 8897
118677 8898
118678 8899
118683 8900
118686 8901
118734 8902
118737 8903
118744 8904
118752 8905
118756 8906
118774 8907
118786 8908
118790 8909
118843 8910
118864 8911
118894 8912
118899 8913
118909 8914
118927 8915
118934 8916
118956 8917
118957 8918
118971 8919
118977 8920
118982 8921
118997 8922
118998 8923
119000 8924
119004 8925
119009 8926
119016 8927
119026 8928
119050 8929
119060 8930
119089 8931
119123 8932
119158 8933
119166 8934
119169 8935
119196 8936
119211 8937
119233 8938
119241 8939
119255 8940
119266 8941
119277 8942
119290 8943
119303 8944
119312 8945
119329 8946
119350 8947
119359 8948
119372 8949
119382 8950
119397 8951
119425 8952
119427 8953
119428 8954
119439 8955
119462 8956
119480 8957
119487 8958
119491 8959
119502 8960
119505 8961
119518 8962
119525 8963
119543 8964
119573 8965
119585 8966
119601 8967
119605 8968
119613 8969
119626 8970
119639 8971
119670 8972
119678 8973
119707 8974
119712 8975
119713 8976
119717 8977
119724 8978
119736 8979
119744 8980
119747 8981
119752 8982
119758 8983
119760 8984
119790 8985
119798 8986
119800 8987
119814 8988
119835 8989
119838 8990
119854 8991
119884 8992
119887 8993
119896 8994
119905 8995
119909 8996
119911 8997
119922 8998
119924 8999
119945 9000
119949 9001
119959 9002
119960 9003
119970 9004
119972 9005
119981 9006
119987 9007
120001 9008
120004 9009
120016 9010
120017 9011
120021 9012
120027 9013
120030 9014
120033 9015
120064 9016
120085 9017
120088 9018
120089 9019
120096 9020
120117 9021
120124 9022
120139 9023
120140 9024
120142 9025
120148 9026
120154 9027
120168 9028
120169 9029
120177 9030
120211 9031
120215 9032
120224 9033
120254 9034
120275 9035
120281 9036
120300 9037
120302 9038
120314 9039
120315 9040
120325 9041
120337 9042
120340 9043
120344 9044
120355 9045
120357 9046
120360 9047
120383 9048
120405 9049
120409 9050
120436 9051
120438 9052
120440 9053
120451 9054
120461 9055
120489 9056
120498 9057
120508 9058
120534 9059
120539 9060
120569 9061
120576 9062
120595 9063
120601 9064
120605 9065
120610 9066
120634 9067
120647 9068
120668 9069
120672 9070
120689 9071
120698 9072
120707 9073
120708 9074
120716 9075
120718 9076
120719 9077
120737 9078
120743 9079
120744 9080
120749 9081
120750 9082
120782 9083
120784 9084
120787 9085
120788 9086
120790 9087
120800 9088
120808 9089
120842 9090
120846 9091
120871 9092
120879 9093
120895 9094
120898 9095
120905 9096
120906 9097
120923 9098
120925 9099
120966 9100
120970 9101
120972 9102
120985 9103
120994 9104
121002 9105
121020 9106
121031 9107
121032 9108
121038 9109
121042 9110
121044 9111
121052 9112
121071 9113
121072 9114
121076 9115
121084 9116
121094 9117
121113 9118
121132 9119
121138 9120
121142 9121
121147 9122
121171 9123
121179 9124
121180 9125
121181 9126
121182 9127
121203 9128
121209 9129
121225 9130
121237 9131
121246 9132
121251 9133
121252 9134
121256 9135
121258 9136
121266 9137
121287 9138
121288 9139
121329 9140
121334 9141
121340 9142
121358 9143
121366 9144
121394 9145
121432 9146
121456 9147
121495 9148
121506 9149
121510 9150
121511 9151
121516 9152
121533 9153
121549 9154
121562 9155
121567 9156
121569 9157
121570 9158
121571 9159
121589 9160
121592 9161
121595 9162
121598 9163
121609 9164
121624 9165
121629 9166
121637 9167
121642 9168
121674 9169
121679 9170
121715 9171
121723 9172
121737 9173
121739 9174
121748 9175
121761 9176
121778 9177
121780 9178
121782 9179
121800 9180
121824 9181
121857 9182
121991 9183
122001 9184
122004 9185
122040 9186
122056 9187
122077 9188
122109 9189
122111 9190
122128 9191
122149 9192
122201 9193
122212 9194
122227 9195
122244 9196
122282 9197
122292 9198
122294 9199
122298 9200
122305 9201
122311 9202
122319 9203
122326 9204
122337 9205
122339 9206
122361 9207
122371 9208
122394 9209
122395 9210
122413 9211
122416 9212
122426 9213
122437 9214
122449 9215
122466 9216
122500 9217
122503 9218
122520 9219
122532 9220
122567 9221
122573 9222
122581 9223
122612 9224
122617 9225
122640 9226
122665 9227
122674 9228
122679 9229
122712 9230
122730 9231
122736 9232
122737 9233
122745 9234
122773 9235
122778 9236
122787 9237
122794 9238
122800 9239
122806 9240
122821 9241
122825 9242
122827 9243
122837 9244
122867 9245
122887 9246
122894 9247
122896 9248
122904 9249
122935 9250
122963 9251
122971 9252
122997 9253
123007 9254
123031 9255
123040 9256
123055 9257
123060 9258
123088 9259
123091 9260
123095 9261
123118 9262
123131 9263
123169 9264
123171 9265
123173 9266
123174 9267
123191 9268
123192 9269
123197 9270
123198 9271
123201 9272
123207 9273
123213 9274
123220 9275
123242 9276
123254 9277
123269 9278
123278 9279
123297 9280
123300 9281
123311 9282
123320 9283
123326 9284
123338 9285
123392 9286
123405 9287
123420 9288
123457 9289
123463 9290
123482 9291
123486 9292
123493 9293
123522 9294
123524 9295
123527 9296
123528 9297
123534 9298
123543 9299
123567 9300
123583 9301
123589 9302
123639 9303
123647 9304
123655 9305
123665 9306
123681 9307
123697 9308
123700 9309
123704 9310
123710 9311
123715 9312
123723 9313
123745 9314
123749 9315
123755 9316
123762 9317
123764 9318
123818 9319
123822 9320
123844 9321
123846 9322
123849 9323
123866 9324
123880 9325
123901 9326
123911 9327
123920 9328
123952 9329
123966 9330
123988 9331
124003 9332
124004 9333
124008 9334
124012 9335
124045 9336
124069 9337
124088 9338
124094 9339
124096 9340
124098 9341
124102 9342
124103 9343
124110 9344
124115 9345
124121 9346
124124 9347
124130 9348
124139 9349
124140 9350
124146 9351
124152 9352
124187 9353
124190 9354
124199 9355
124216 9356
124222 9357
124236 9358
124240 9359
124245 9360
124250 9361
124254 9362
124268 9363
124276 9364
124280 9365
124288 9366
124299 9367
124318 9368
124353 9369
124379 9370
124397 9371
124402 9372
124413 9373
124416 9374
124438 9375
124455 9376
124469 9377
124475 9378
124481 9379
124498 9380
124500 9381
124502 9382
124505 9383
124506 9384
124509 9385
124514 9386
124531 9387
124564 9388
124568 9389
124579 9390
124592 9391
124593 9392
124600 9393
124606 9394
124629 9395
124634 9396
124641 9397
124647 9398
124651 9399
124660 9400
124662 9401
124688 9402
124703 9403
124707 9404
124716 9405
124724 9406
124754 9407
124756 9408
124806 9409
124830 9410
124833 9411
124835 9412
124854 9413
124855 9414
124866 9415
124885 9416
124890 9417
124908 9418
124919 9419
124969 9420
124970 9421
124977 9422
124989 9423
125002 9424
125004 9425
125013 9426
125015 9427
125028 9428
125069 9429
125071 9430
125072 9431
125074 9432
125096 9433
125099 9434
125130 9435
125140 9436
125143 9437
125144 9438
125150 9439
125152 9440
125172 9441
125178 9442
125194 9443
125221 9444
125228 9445
125237 9446
125240 9447
125248 9448
125256 9449
125306 9450
125310 9451
125313 9452
125318 9453
125350 9454
125353 9455
125362 9456
125377 9457
125397 9458
125398 9459
125405 9460
125407 9461
125408 9462
125414 9463
125420 9464
125424 9465
125434 9466
125435 9467
125437 9468
125461 9469
125480 9470
125530 9471
125535 9472
125536 9473
125539 9474
125553 9475
125576 9476
125583 9477
125600 9478
125637 9479
125642 9480
125653 9481
125657 9482
125674 9483
125683 9484
125685 9485
125688 9486
125713 9487
125768 9488
125773 9489
125791 9490
125822 9491
125831 9492
125839 9493
125847 9494
125882 9495
125886 9496
125902 9497
125912 9498
125914 9499
125923 9500
125933 9501
125952 9502
125969 9503
125979 9504
125983 9505
125989 9506
126007 9507
126026 9508
126048 9509
126070 9510
126073 9511
126076 9512
126077 9513
126088 9514
126092 9515
126104 9516
126126 9517
126164 9518
126181 9519
126182 9520
126184 9521
126198 9522
126205 9523
126225 9524
126237 9525
126241 9526
126255 9527
126264 9528
126266 9529
126276 9530
126298 9531
126314 9532
126322 9533
126332 9534
126337 9535
126354 9536
126389 9537
126405 9538
126412 9539
126424 9540
126431 9541
126436 9542
126468 9543
126472 9544
126482 9545
126497 9546
126510 9547
126514 9548
126523 9549
126529 9550
126535 9551
126536 9552
126556 9553
126570 9554
126571 9555
126576 9556
126584 9557
126591 9558
126616 9559
126623 9560
126633 9561
126641 9562
126653 9563
126699 9564
126720 9565
126725 9566
126744 9567
126749 9568
126750 9569
126758 9570
126779 9571
126789 9572
126820 9573
126827 9574
126830 9575
126879 9576
126900 9577
126921 9578
126941 9579
126942 9580
126953 9581
126960 9582
126977 9583
127006 9584
127012 9585
127088 9586
127102 9587
127126 9588
127131 9589
127147 9590
127155 9591
127181 9592
127205 9593
127223 9594
127239 9595
127248 9596
127261 9597
127269 9598
127281 9599
127308 9600
127317 9601
127354 9602
127358 9603
127367 9604
127381 9605
127390 9606
127396 9607
127421 9608
127425 9609
127475 9610
127491 9611
127503 9612
127515 9613
127531 9614
127536 9615
127565 9616
127581 9617
127588 9618
127594 9619
127597 9620
127608 9621
127623 9622
127627 9623
127646 9624
127649 9625
127655 9626
127662 9627
127669 9628
127683 9629
127690 9630
127698 9631
127705 9632
127713 9633
127726 9634
127738 9635
127753 9636
127764 9637
127774 9638
127794 9639
127798 9640
127799 9641
127805 9642
127813 9643
127815 9644
127817 9645
127823 9646
127827 9647
127829 9648
127836 9649
127840 9650
127846 9651
127871 9652
127881 9653
127885 9654
127886 9655
127891 9656
127892 9657
127899 9658
127914 9659
127923 9660
127928 9661
127995 9662
128012 9663
128021 9664
128033 9665
128046 9666
128047 9667
128069 9668
128078 9669
128081 9670
128101 9671
128140 9672
128157 9673
128177 9674
128202 9675
128207 9676
128208 9677
128209 9678
128227 9679
128230 9680
128242 9681
128251 9682
128257 9683
128265 9684
128272 9685
128283 9686
128286 9687
128293 9688
128294 9689
128301 9690
128332 9691
128363 9692
128393 9693
128401 9694
128405 9695
128418 9696
128420 9697
128453 9698
128455 9699
128467 9700
128469 9701
128476 9702
128477 9703
128479 9704
128495 9705
128500 9706
128501 9707
128502 9708
128506 9709
128520 9710
128545 9711
128577 9712
128578 9713
128584 9714
128599 9715
128636 9716
128743 9717
128759 9718
128767 9719
128771 9720
128773 9721
128800 9722
128804 9723
128824 9724
128829 9725
128839 9726
128861 9727
128872 9728
128895 9729
128924 9730
128950 9731
128966 9732
128981 9733
128991 9734
129011 9735
129162 9736
129188 9737
129199 9738
129203 9739
129207 9740
129221 9741
129230 9742
129231 9743
129233 9744
129253 9745
129258 9746
129260 9747
129275 9748
129285 9749
129292 9750
129318 9751
129322 9752
129334 9753
129344 9754
129356 9755
129425 9756
129430 9757
129439 9758
129442 9759
129445 9760
129458 9761
129467 9762
129488 9763
129490 9764
129522 9765
129537 9766
129559 9767
129591 9768
129622 9769
129623 9770
129629 9771
129649 9772
129656 9773
129663 9774
129688 9775
129705 9776
129709 9777
129715 9778
129723 9779
129747 9780
129766 9781
129775 9782
129778 9783
129786 9784
129790 9785
129805 9786
129816 9787
129817 9788
129820 9789
129846 9790
129875 9791
129879 9792
129894 9793
129913 9794
129936 9795
129968 9796
129977 9797
129978 9798
129984 9799
129985 9800
129995 9801
129998 9802
130004 9803
130005 9804
130019 9805
130024 9806
130028 9807
130032 9808
130088 9809
130094 9810
130110 9811
130131 9812
130166 9813
130168 9814
130191 9815
130196 9816
130246 9817
130271 9818
130278 9819
130281 9820
130284 9821
130296 9822
130314 9823
130323 9824
130329 9825
130340 9826
130341 9827
130384 9828
130407 9829
130419 9830
130433 9831
130437 9832
130444 9833
130449 9834
130486 9835
130497 9836
130498 9837
130502 9838
130504 9839
130508 9840
130526 9841
130552 9842
130562 9843
130565 9844
130587 9845
130612 9846
130616 9847
130621 9848
130626 9849
130628 9850
130633 9851
130634 9852
130635 9853
130639 9854
130649 9855
130674 9856
130683 9857
130689 9858
130707 9859
130708 9860
130714 9861
130717 9862
130719 9863
130731 9864
130746 9865
130748 9866
130787 9867
130794 9868
130856 9869
130871 9870
130877 9871
130885 9872
130903 9873
130940 9874
130979 9875
131011 9876
131031 9877
131032 9878
131035 9879
131045 9880
131052 9881
131076 9882
131083 9883
131085 9884
131087 9885
131103 9886
131110 9887
131121 9888
131193 9889
131212 9890
131218 9891
131227 9892
131239 9893
131240 9894
131256 9895
131267 9896
131271 9897
131290 9898
131336 9899
131351 9900
131356 9901
131359 9902
131366 9903
131371 9904
131373 9905
131375 9906
131377 9907
131434 9908
131476 9909
131480 9910
131525 9911
131527 9912
131557 9913
131582 9914
131589 9915
131604 9916
131614 9917
131636 9918
131638 9919
131647 9920
131648 9921
131671 9922
131676 9923
131678 9924
131686 9925
131691 9926
131693 9927
131699 9928
131733 9929
131736 9930
131766 9931
131772 9932
131794 9933
131795 9934
131807 9935
131812 9936
131850 9937
131886 9938
131923 9939
131927 9940
131993 9941
132001 9942
132005 9943
132013 9944
132028 9945
132048 9946
132063 9947
132066 9948
132074 9949
132090 9950
132091 9951
132099 9952
132103 9953
132122 9954
132124 9955
132127 9956
132134 9957
132151 9958
132153 9959
132173 9960
132194 9961
132196 9962
132235 9963
132241 9964
132255 9965
132259 9966
132279 9967
132285 9968
132288 9969
132301 9970
132306 9971
132320 9972
132321 9973
132322 9974
132338 9975
132342 9976
132350 9977
132356 9978
132411 9979
132412 9980
132415 9981
132430 9982
132433 9983
132444 9984
132459 9985
132466 9986
132476 9987
132484 9988
132486 9989
132495 9990
132501 9991
132505 9992
132528 9993
132531 9994
132544 9995
132545 9996
132555 9997
132561 9998
132564 9999
132568 10000
132636 10001
132642 10002
132655 10003
132661 10004
132676 10005
132692 10006
132697 10007
132729 10008
132732 10009
132733 10010
132757 10011
132758 10012
132778 10013
132781 10014
132788 10015
132803 10016
132824 10017
132827 10018
132844 10019
132847 10020
132888 10021
132891 10022
132907 10023
132915 10024
132917 10025
132938 10026
132961 10027
132977 10028
132998 10029
133001 10030
133027 10031
133042 10032
133043 10033
133050 10034
133061 10035
133066 10036
133082 10037
133103 10038
133140 10039
133177 10040
133183 10041
133199 10042
133211 10043
133223 10044
133274 10045
133277 10046
133329 10047
133342 10048
133351 10049
133364 10050
133377 10051
133387 10052
133397 10053
133407 10054
133427 10055
133436 10056
133466 10057
133488 10058
133501 10059
133504 10060
133513 10061
133520 10062
133562 10063
133579 10064
133584 10065
133587 10066
133622 10067
133678 10068
133698 10069
133700 10070
133720 10071
133766 10072
133790 10073
133810 10074
133849 10075
133851 10076
133852 10077
133858 10078
133867 10079
133871 10080
133875 10081
133880 10082
133899 10083
133943 10084
133992 10085
134004 10086
134016 10087
134045 10088
134048 10089
134087 10090
134088 10091
134111 10092
134176 10093
134198 10094
134200 10095
134206 10096
134210 10097
134217 10098
134231 10099
134233 10100
134258 10101
134284 10102
134295 10103
134310 10104
134327 10105
134363 10106
134373 10107
134388 10108
134393 10109
134421 10110
134423 10111
134446 10112
134507 10113
134508 10114
134513 10115
134520 10116
134534 10117
134536 10118
134554 10119
134555 10120
134593 10121
134624 10122
134634 10123
134635 10124
134639 10125
134669 10126
134694 10127
134705 10128
134707 10129
134708 10130
134717 10131
134727 10132
134754 10133
134767 10134
134768 10135
134772 10136
134773 10137
134775 10138
134792 10139
134825 10140
134844 10141
134851 10142
134888 10143
134926 10144
134928 10145
134934 10146
134952 10147
134961 10148
134968 10149
134970 10150
134993 10151
135002 10152
135020 10153
135031 10154
135066 10155
135101 10156
135108 10157
135135 10158
135142 10159
135147 10160
135149 10161
135153 10162
135154 10163
135155 10164
135178 10165
135197 10166
135214 10167
135231 10168
135245 10169
135246 10170
135248 10171
135271 10172
135281 10173
135300 10174
135304 10175
135324 10176
135338 10177
135343 10178
135346 10179
135354 10180
135359 10181
135395 10182
135400 10183
135458 10184
135461 10185
135470 10186
135504 10187
135520 10188
135532 10189
135545 10190
135554 10191
135574 10192
135579 10193
135588 10194
135602 10195
135607 10196
135615 10197
135623 10198
135631 10199
135642 10200
135659 10201
135661 10202
135696 10203
135711 10204
135761 10205
135764 10206
135845 10207
135851 10208
135866 10209
135891 10210
135911 10211
135914 10212
135917 10213
135919 10214
135922 10215
135943 10216
135996 10217
135997 10218
135999 10219
136002 10220
136004 10221
136010 10222
136013 10223
136016 10224
136020 10225
136025 10226
136029 10227
136034 10228
136040 10229
136041 10230
136062 10231
136077 10232
136091 10233
136106 10234
136107 10235
136116 10236
136139 10237
136140 10238
136188 10239
136191 10240
136192 10241
136199 10242
136248 10243
136250 10244
136260 10245
136261 10246
136275 10247
136278 10248
136283 10249
136294 10250
136301 10251
136304 10252
136312 10253
136338 10254
136346 10255
136347 10256
136350 10257
136361 10258
136377 10259
136381 10260
136389 10261
136390 10262
136417 10263
136434 10264
136440 10265
136441 10266
136472 10267
136477 10268
136489 10269
136521 10270
136528 10271
136540 10272
136582 10273
136584 10274
136586 10275
136595 10276
136617 10277
136620 10278
136640 10279
136647 10280
136671 10281
136673 10282
136686 10283
136694 10284
136709 10285
136717 10286
136729 10287
136731 10288
136736 10289
136743 10290
136757 10291
136760 10292
136761 10293
136775 10294
136795 10295
136820 10296
136825 10297
136853 10298
136854 10299
136858 10300
136871 10301
136873 10302
136875 10303
136879 10304
136890 10305
136910 10306
136915 10307
136918 10308
136928 10309
136932 10310
136938 10311
136968 10312
136974 10313
136975 10314
136976 10315
137009 10316
137033 10317
137053 10318
137072 10319
137077 10320
137097 10321
137105 10322
137112 10323
137147 10324
137151 10325
137187 10326
137196 10327
137205 10328
137215 10329
137240 10330
137254 10331
137272 10332
137277 10333
137281 10334
137307 10335
137341 10336
137346 10337
137352 10338
137377 10339
137383 10340
137392 10341
137417 10342
137424 10343
137426 10344
137442 10345
137448 10346
137451 10347
137453 10348
137464 10349
137471 10350
137474 10351
137502 10352
137512 10353
137534 10354
137541 10355
137551 10356
137569 10357
137572 10358
137577 10359
137588 10360
137607 10361
137611 10362
137613 10363
137623 10364
137629 10365
137632 10366
137639 10367
137640 10368
137649 10369
137650 10370
137662 10371
137675 10372
137676 10373
137679 10374
137702 10375
137713 10376
137718 10377
137739 10378
137740 10379
137757 10380
137761 10381
137766 10382
137772 10383
137776 10384
137824 10385
137839 10386
137856 10387
137872 10388
137882 10389
137902 10390
137906 10391
137923 10392
137925 10393
137937 10394
137965 10395
137968 10396
137977 10397
137979 10398
137981 10399
137993 10400
137995 10401
138002 10402
138018 10403
138024 10404
138038 10405
138061 10406
138114 10407
138129 10408
138150 10409
138163 10410
138170 10411
138201 10412
138209 10413
138213 10414
138220 10415
138223 10416
138228 10417
138234 10418
138235 10419
138256 10420
138270 10421
138290 10422
138315 10423
138325 10424
138330 10425
138331 10426
138372 10427
138378 10428
138387 10429
138402 10430
138406 10431
138423 10432
138428 10433
138448 10434
138468 10435
138474 10436
138484 10437
138524 10438
138525 10439
138528 10440
138531 10441
138558 10442
138576 10443
138603 10444
138646 10445
138671 10446
138673 10447
138704 10448
138721 10449
138722 10450
138740 10451
138742 10452
138746 10453
138761 10454
138765 10455
138768 10456
138770 10457
138776 10458
138786 10459
138788 10460
138792 10461
138807 10462
138815 10463
138821 10464
138865 10465
138878 10466
138881 10467
138905 10468
138912 10469
138920 10470
138923 10471
138938 10472
138955 10473
138956 10474
138982 10475
138984 10476
139022 10477
139023 10478
139050 10479
139072 10480
139084 10481
139088 10482
139097 10483
139104 10484
139105 10485
139113 10486
139123 10487
139138 10488
139143 10489
139152 10490
139180 10491
139191 10492
139219 10493
139223 10494
139242 10495
139251 10496
139263 10497
139268 10498
139331 10499
139344 10500
139357 10501
139362 10502
139373 10503
139376 10504
139387 10505
139404 10506
139413 10507
139418 10508
139434 10509
139438 10510
139492 10511
139529 10512
139542 10513
139572 10514
139573 10515
139592 10516
139606 10517
139609 10518
139611 10519
139628 10520
139642 10521
139645 10522
139650 10523
139675 10524
139680 10525
139685 10526
139706 10527
139707 10528
139723 10529
139750 10530
139757 10531
139769 10532
139772 10533
139775 10534
139777 10535
139798 10536
139802 10537
139807 10538
139823 10539
139839 10540
139844 10541
139845 10542
139853 10543
139855 10544
139856 10545
139882 10546
139887 10547
139892 10548
139902 10549
139905 10550
139906 10551
139908 10552
139910 10553
139914 10554
139961 10555
139973 10556
139984 10557
139986 10558
139990 10559
139991 10560
139993 10561
140015 10562
140019 10563
140045 10564
140047 10565
140049 10566
140057 10567
140063 10568
140071 10569
140098 10570
140119 10571
140124 10572
140139 10573
140144 10574
140163 10575
140189 10576
140193 10577
140194 10578
140195 10579
140216 10580
140219 10581
140228 10582
140250 10583
140270 10584
140287 10585
140292 10586
140297 10587
140315 10588
140326 10589
140352 10590
140366 10591
140373 10592
140408 10593
140411 10594
140421 10595
140426 10596
140449 10597
140475 10598
140476 10599
140544 10600
140546 10601
140556 10602
140579 10603
140580 10604
140597 10605
140605 10606
140610 10607
140615 10608
140625 10609
140628 10610
140635 10611
140644 10612
140695 10613
140716 10614
140722 10615
140743 10616
140747 10617
140762 10618
140766 10619
140774 10620
140779 10621
140784 10622
140796 10623
140811 10624
140823 10625
140862 10626
140896 10627
140905 10628
140914 10629
140935 10630
140939 10631
140978 10632
140985 10633
140986 10634
141012 10635
141024 10636
141032 10637
141053 10638
141075 10639
141076 10640
141093 10641
141105 10642
141127 10643
141129 10644
141133 10645
141157 10646
141162 10647
141164 10648
141171 10649
141185 10650
141217 10651
141219 10652
141224 10653
141233 10654
141244 10655
141245 10656
141246 10657
141283 10658
141302 10659
141349 10660
141352 10661
141363 10662
141367 10663
141369 10664
141387 10665
141392 10666
141397 10667
141399 10668
141403 10669
141421 10670
141467 10671
141475 10672
141495 10673
141510 10674
141528 10675
141536 10676
141537 10677
141544 10678
141549 10679
141573 10680
141577 10681
141593 10682
141606 10683
141615 10684
141621 10685
141635 10686
141656 10687
141671 10688
141679 10689
141707 10690
141710 10691
141716 10692
141751 10693
141759 10694
141765 10695
141766 10696
141801 10697
141810 10698
141819 10699
141823 10700
141824 10701
141832 10702
141841 10703
141848 10704
141854 10705
141857 10706
141861 10707
141873 10708
141880 10709
141959 10710
141964 10711
141973 10712
141979 10713
141992 10714
141993 10715
142006 10716
142025 10717
142032 10718
142036 10719
142048 10720
142049 10721
142082 10722
142090 10723
142091 10724
142110 10725
142113 10726
142125 10727
142141 10728
142142 10729
142155 10730
142158 10731
142160 10732
142164 10733
142166 10734
142203 10735
142214 10736
142240 10737
142248 10738
142254 10739
142264 10740
142287 10741
142288 10742
142289 10743
142291 10744
142297 10745
142303 10746
142307 10747
142317 10748
142328 10749
142340 10750
142345 10751
142352 10752
142372 10753
142398 10754
142404 10755
142405 10756
142406 10757
142413 10758
142416 10759
142418 10760
142428 10761
142433 10762
142437 10763
142439 10764
142446 10765
142449 10766
142477 10767
142482 10768
142486 10769
142494 10770
142508 10771
142532 10772
142619 10773
142633 10774
142636 10775
142639 10776
142656 10777
142671 10778
142707 10779
142709 10780
142721 10781
142733 10782
142749 10783
142761 10784
142810 10785
142813 10786
142816 10787
142819 10788
142829 10789
142865 10790
142870 10791
142888 10792
142920 10793
142934 10794
142952 10795
142970 10796
143043 10797
143053 10798
143054 10799
143069 10800
143083 10801
143132 10802
143133 10803
143136 10804
143155 10805
143184 10806
143211 10807
143213 10808
143220 10809
143238 10810
143251 10811
143256 10812
143258 10813
143264 10814
143267 10815
143272 10816
143278 10817
143289 10818
143293 10819
143304 10820
143306 10821
143323 10822
143339 10823
143343 10824
143366 10825
143402 10826
143445 10827
143460 10828
143461 10829
143467 10830
143470 10831
143493 10832
143512 10833
143533 10834
143539 10835
143555 10836
143582 10837
143583 10838
143657 10839
143701 10840
143721 10841
143760 10842
143767 10843
143781 10844
143785 10845
143810 10846
143815 10847
143840 10848
143850 10849
143871 10850
143874 10851
143878 10852
143885 10853
143893 10854
143951 10855
143955 10856
143971 10857
143988 10858
144005 10859
144040 10860
144046 10861
144047 10862
144070 10863
144094 10864
144106 10865
144107 10866
144116 10867
144122 10868
144138 10869
144193 10870
144194 10871
144196 10872
144198 10873
144201 10874
144203 10875
144218 10876
144237 10877
144249 10878
144255 10879
144300 10880
144307 10881
144311 10882
144320 10883
144400 10884
144404 10885
144430 10886
144441 10887
144459 10888
144461 10889
144462 10890
144465 10891
144466 10892
144478 10893
144510 10894
144522 10895
144527 10896
144534 10897
144544 10898
144558 10899
144569 10900
144571 10901
144580 10902
144584 10903
144622 10904
144634 10905
144637 10906
144654 10907
144667 10908
144685 10909
144687 10910
144709 10911
144728 10912
144754 10913
144759 10914
144796 10915
144818 10916
144829 10917
144837 10918
144841 10919
144845 10920
144846 10921
144871 10922
144881 10923
144963 10924
144964 10925
145024 10926
145032 10927
145039 10928
145048 10929
145094 10930
145120 10931
145127 10932
145128 10933
145164 10934
145187 10935
145230 10936
145238 10937
145240 10938
145259 10939
145271 10940
145275 10941
145320 10942
145327 10943
145329 10944
145334 10945
145351 10946
145362 10947
145367 10948
145380 10949
145388 10950
145412 10951
145427 10952
145428 10953
145434 10954
145447 10955
145478 10956
145480 10957
145481 10958
145489 10959
145499 10960
145500 10961
145505 10962
145521 10963
145552 10964
145558 10965
145568 10966
145604 10967
145616 10968
145643 10969
145654 10970
145694 10971
145701 10972
145705 10973
145707 10974
145725 10975
145727 10976
145772 10977
145795 10978
145809 10979
145821 10980
145823 10981
145856 10982
145880 10983
145882 10984
145892 10985
145899 10986
145908 10987
145917 10988
145923 10989
145925 10990
145927 10991
145954 10992
145958 10993
145967 10994
145976 10995
145990 10996
146004 10997
146013 10998
146015 10999
146026 11000
146032 11001
146039 11002
146056 11003
146066 11004
146096 11005
146101 11006
146103 11007
146119 11008
146124 11009
146133 11010
146144 11011
146152 11012
146154 11013
146156 11014
146161 11015
146169 11016
146179 11017
146187 11018
146240 11019
146261 11020
146293 11021
146301 11022
146348 11023
146351 11024
146353 11025
146382 11026
146391 11027
146406 11028
146417 11029
146420 11030
146434 11031
146439 11032
146446 11033
146448 11034
146453 11035
146457 11036
146460 11037
146473 11038
146531 11039
146541 11040
146551 11041
146572 11042
146587 11043
146601 11044
146628 11045
146630 11046
146635 11047
146646 11048
146666 11049
146691 11050
146697 11051
146719 11052
146736 11053
146749 11054
146758 11055
146769 11056
146787 11057
146823 11058
146843 11059
146853 11060
146856 11061
146864 11062
146871 11063
146879 11064
146883 11065
146897 11066
146950 11067
146955 11068
146957 11069
146966 11070
146974 11071
146984 11072
147006 11073
147017 11074
147032 11075
147044 11076
147067 11077
147073 11078
147086 11079
147088 11080
147106 11081
147137 11082
147159 11083
147177 11084
147187 11085
147245 11086
147259 11087
147260 11088
147272 11089
147294 11090
147339 11091
147354 11092
147356 11093
147378 11094
147390 11095
147400 11096
147403 11097
147405 11098
147409 11099
147447 11100
147492 11101
147524 11102
147551 11103
147552 11104
147558 11105
147582 11106
147589 11107
147592 11108
147603 11109
147606 11110
147607 11111
147644 11112
147657 11113
147667 11114
147680 11115
147687 11116
147690 11117
147740 11118
147744 11119
147750 11120
147761 11121
147769 11122
147774 11123
147779 11124
147781 11125
147790 11126
147805 11127
147921 11128
147937 11129
147943 11130
147976 11131
147978 11132
148003 11133
148027 11134
148111 11135
148129 11136
148152 11137
148159 11138
148166 11139
148171 11140
148172 11141
148205 11142
148210 11143
148226 11144
148252 11145
148284 11146
148294 11147
148307 11148
148321 11149
148329 11150
148335 11151
148374 11152
148389 11153
148424 11154
148431 11155
148439 11156
148449 11157
148457 11158
148463 11159
148494 11160
148509 11161
148512 11162
148513 11163
148541 11164
148553 11165
148555 11166
148556 11167
148562 11168
148589 11169
148602 11170
148603 11171
148625 11172
148632 11173
148653 11174
148661 11175
148663 11176
148674 11177
148675 11178
148677 11179
148679 11180
148682 11181
148683 11182
148696 11183
148719 11184
148730 11185
148779 11186
148791 11187
148795 11188
148804 11189
148842 11190
148843 11191
148845 11192
148850 11193
148876 11194
148917 11195
148939 11196
148953 11197
148975 11198
148979 11199
148981 11200
148987 11201
149009 11202
149011 11203
149022 11204
149024 11205
149032 11206
149038 11207
149042 11208
149077 11209
149084 11210
149085 11211
149091 11212
149099 11213
149103 11214
149114 11215
149117 11216
149125 11217
149129 11218
149164 11219
149196 11220
149224 11221
149227 11222
149246 11223
149248 11224
149266 11225
149286 11226
149298 11227
149299 11228
149301 11229
149310 11230
149312 11231
149315 11232
149341 11233
149350 11234
149351 11235
149378 11236
149407 11237
149424 11238
149447 11239
149465 11240
149468 11241
149482 11242
149490 11243
149492 11244
149500 11245
149511 11246
149513 11247
149543 11248
149545 11249
149552 11250
149562 11251
149572 11252
149573 11253
149578 11254
149580 11255
149583 11256
149594 11257
149596 11258
149599 11259
149617 11260
149628 11261
149638 11262
149663 11263
149678 11264
149708 11265
149730 11266
149733 11267
149745 11268
149768 11269
149769 11270
149784 11271
149786 11272
149789 11273
149790 11274
149838 11275
149840 11276
149850 11277
149851 11278
149856 11279
149859 11280
149910 11281
149914 11282
149915 11283
149947 11284
149972 11285
149994 11286
149995 11287
150000 11288
150005 11289
150006 11290
150012 11291
150015 11292
150038 11293
150054 11294
150063 11295
150085 11296
150104 11297
150110 11298
150147 11299
150150 11300
150164 11301
150166 11302
150175 11303
150204 11304
150227 11305
150267 11306
150270 11307
150287 11308
150298 11309
150304 11310
150308 11311
150341 11312
150352 11313
150360 11314
150382 11315
150390 11316
150399 11317
150400 11318
150405 11319
150416 11320
150438 11321
150452 11322
150453 11323
150487 11324
150501 11325
150513 11326
150520 11327
150529 11328
150554 11329
150555 11330
150571 11331
150576 11332
150578 11333
150597 11334
150608 11335
150618 11336
150637 11337
150646 11338
150649 11339
150673 11340
150681 11341
150685 11342
150689 11343
150692 11344
150715 11345
150729 11346
150734 11347
150743 11348
150752 11349
150753 11350
150768 11351
150770 11352
150788 11353
150797 11354
150832 11355
150843 11356
150850 11357
150869 11358
150926 11359
150927 11360
150954 11361
150955 11362
151030 11363
151031 11364
151039 11365
151057 11366
151060 11367
151067 11368
151082 11369
151090 11370
151098 11371
151107 11372
151109 11373
151132 11374
151138 11375
151141 11376
151155 11377
151156 11378
151160 11379
151181 11380
151191 11381
151196 11382
151202 11383
151209 11384
151213 11385
151233 11386
151236 11387
151242 11388
151249 11389
151261 11390
151263 11391
151264 11392
151277 11393
151290 11394
151320 11395
151331 11396
151357 11397
151392 11398
151412 11399
151457 11400
151459 11401
151468 11402
151513 11403
151518 11404
151522 11405
151553 11406
151567 11407
151569 11408
151590 11409
151600 11410
151617 11411
151624 11412
151636 11413
151638 11414
151643 11415
151648 11416
151652 11417
151689 11418
151707 11419
151718 11420
151773 11421
151777 11422
151805 11423
151836 11424
151856 11425
151876 11426
151877 11427
151886 11428
151909 11429
151950 11430
151955 11431
151967 11432
151991 11433
152001 11434
152020 11435
152023 11436
152055 11437
152056 11438
152059 11439
152062 11440
152074 11441
152083 11442
152114 11443
152125 11444
152131 11445
152138 11446
152161 11447
152168 11448
152169 11449
152172 11450
152191 11451
152205 11452
152206 11453
152207 11454
152237 11455
152241 11456
152254 11457
152255 11458
152260 11459
152262 11460
152268 11461
152294 11462
152302 11463
152345 11464
152347 11465
152353 11466
152388 11467
152389 11468
152397 11469
152406 11470
152408 11471
152410 11472
152412 11473
152436 11474
152439 11475
152440 11476
152457 11477
152491 11478
152499 11479
152516 11480
152549 11481
152561 11482
152573 11483
152577 11484
152582 11485
152587 11486
152592 11487
152597 11488
152601 11489
152627 11490
152653 11491
152663 11492
152664 11493
152682 11494
152709 11495
152725 11496
152757 11497
152768 11498
152769 11499
152776 11500
152782 11501
152840 11502
152852 11503
152868 11504
152879 11505
152882 11506
152908 11507
152927 11508
152938 11509
152952 11510
152988 11511
153012 11512
153014 11513
153046 11514
153048 11515
153051 11516
153062 11517
153074 11518
153095 11519
153102 11520
153114 11521
153122 11522
153123 11523
153140 11524
153141 11525
153149 11526
153165 11527
153177 11528
153193 11529
153198 11530
153204 11531
153205 11532
153213 11533
153248 11534
153252 11535
153274 11536
153297 11537
153318 11538
153335 11539
153357 11540
153369 11541
153380 11542
153397 11543
153426 11544
153428 11545
153474 11546
153488 11547
153503 11548
153528 11549
153537 11550
153560 11551
153574 11552
153577 11553
153584 11554
153617 11555
153632 11556
153641 11557
153642 11558
153660 11559
153678 11560
153707 11561
153717 11562
153721 11563
153731 11564
153746 11565
153785 11566
153788 11567
153790 11568
153798 11569
153821 11570
153825 11571
153845 11572
153847 11573
153862 11574
153866 11575
153893 11576
153903 11577
153904 11578
153910 11579
153917 11580
153927 11581
153930 11582
153953 11583
153956 11584
153959 11585
153961 11586
153997 11587
154003 11588
154037 11589
154061 11590
154065 11591
154075 11592
154079 11593
154082 11594
154098 11595
154104 11596
154105 11597
154123 11598
154131 11599
154136 11600
154142 11601
154161 11602
154170 11603
154181 11604
154198 11605
154199 11606
154201 11607
154210 11608
154242 11609
154247 11610
154250 11611
154256 11612
154282 11613
154300 11614
154311 11615
154333 11616
154343 11617
154347 11618
154349 11619
154397 11620
154398 11621
154404 11622
154413 11623
154416 11624
154420 11625
154444 11626
154461 11627
154483 11628
154503 11629
154513 11630
154519 11631
154527 11632
154528 11633
154545 11634
154550 11635
154558 11636
154559 11637
154560 11638
154580 11639
154586 11640
154615 11641
154628 11642
154633 11643
154645 11644
154653 11645
154656 11646
154662 11647
154664 11648
154666 11649
154701 11650
154734 11651
154760 11652
154761 11653
154771 11654
154787 11655
154791 11656
154799 11657
154803 11658
154819 11659
154822 11660
154838 11661
154841 11662
154850 11663
154857 11664
154872 11665
154881 11666
154923 11667
154935 11668
154941 11669
154946 11670
154952 11671
154977 11672
154980 11673
154988 11674
154989 11675
154996 11676
155002 11677
155008 11678
155022 11679
155024 11680
155025 11681
155049 11682
155060 11683
155096 11684
155105 11685
155109 11686
155118 11687
155126 11688
155144 11689
155145 11690
155155 11691
155167 11692
155173 11693
155181 11694
155182 11695
155204 11696
155211 11697
155237 11698
155246 11699
155285 11700
155312 11701
155329 11702
155336 11703
155337 11704
155344 11705
155348 11706
155351 11707
155357 11708
155366 11709
155397 11710
155418 11711
155422 11712
155437 11713
155472 11714
155479 11715
155480 11716
155507 11717
155512 11718
155518 11719
155519 11720
155522 11721
155533 11722
155540 11723
155544 11724
155556 11725
155563 11726
155621 11727
155623 11728
155625 11729
155638 11730
155672 11731
155677 11732
155692 11733
155701 11734
155710 11735
155714 11736
155723 11737
155725 11738
155731 11739
155738 11740
155743 11741
155775 11742
155802 11743
155821 11744
155854 11745
155855 11746
155872 11747
155892 11748
155906 11749
155926 11750
155930 11751
155931 11752
155934 11753
155948 11754
155954 11755
156013 11756
156016 11757
156048 11758
156058 11759
156061 11760
156075 11761
156088 11762
156092 11763
156100 11764
156157 11765
156191 11766
156200 11767
156231 11768
156243 11769
156244 11770
156271 11771
156276 11772
156319 11773
156348 11774
156351 11775
156360 11776
156390 11777
156414 11778
156422 11779
156436 11780
156445 11781
156455 11782
156464 11783
156465 11784
156474 11785
156476 11786
156487 11787
156492 11788
156521 11789
156594 11790
156604 11791
156627 11792
156628 11793
156632 11794
156646 11795
156655 11796
156657 11797
156659 11798
156680 11799
156688 11800
156702 11801
156734 11802
156739 11803
156755 11804
156789 11805
156791 11806
156796 11807
156805 11808
156894 11809
156899 11810
156931 11811
156932 11812
156933 11813
156939 11814
156952 11815
156955 11816
157025 11817
157039 11818
157051 11819
157068 11820
157075 11821
157092 11822
157094 11823
157095 11824
157116 11825
157175 11826
157196 11827
157200 11828
157209 11829
157254 11830
157257 11831
157305 11832
157312 11833
157334 11834
157367 11835
157375 11836
157384 11837
157405 11838
157415 11839
157417 11840
157425 11841
157430 11842
157449 11843
157456 11844
157466 11845
157493 11846
157497 11847
157527 11848
157529 11849
157533 11850
157544 11851
157556 11852
157563 11853
157583 11854
157634 11855
157652 11856
157667 11857
157668 11858
157714 11859
157727 11860
157754 11861
157767 11862
157769 11863
157787 11864
157789 11865
157800 11866
157816 11867
157817 11868
157820 11869
157823 11870
157843 11871
157847 11872
157866 11873
157869 11874
157884 11875
157887 11876
157924 11877
157937 11878
157945 11879
157947 11880
157956 11881
158032 11882
158033 11883
158034 11884
158037 11885
158047 11886
158067 11887
158074 11888
158103 11889
158140 11890
158171 11891
158202 11892
158212 11893
158224 11894
158229 11895
158243 11896
158245 11897
158250 11898
158261 11899
158263 11900
158271 11901
158278 11902
158295 11903
158316 11904
158317 11905
158357 11906
158360 11907
158368 11908
158378 11909
158388 11910
158394 11911
158402 11912
158409 11913
158421 11914
158426 11915
158433 11916
158457 11917
158469 11918
158471 11919
158475 11920
158484 11921
158496 11922
158515 11923
158517 11924
158550 11925
158558 11926
158578 11927
158581 11928
158656 11929
158660 11930
158679 11931
158690 11932
158691 11933
158693 11934
158695 11935
158715 11936
158721 11937
158729 11938
158736 11939
158740 11940
158770 11941
158774 11942
158791 11943
158806 11944
158810 11945
158826 11946
158833 11947
158853 11948
158875 11949
158937 11950
158942 11951
158960 11952
158962 11953
159002 11954
159004 11955
159007 11956
159015 11957
159017 11958
159029 11959
159032 11960
159059 11961
159072 11962
159102 11963
159106 11964
159137 11965
159149 11966
159151 11967
159160 11968
159167 11969
159181 11970
159186 11971
159194 11972
159202 11973
159205 11974
159218 11975
159243 11976
159250 11977
159257 11978
159277 11979
159320 11980
159326 11981
159333 11982
159335 11983
159388 11984
159391 11985
159443 11986
159464 11987
159486 11988
159488 11989
159515 11990
159525 11991
159526 11992
159564 11993
159581 11994
159582 11995
159588 11996
159609 11997
159633 11998
159641 11999
159656 12000
159660 12001
159698 12002
159706 12003
159711 12004
159717 12005
159758 12006
159764 12007
159777 12008
159787 12009
159792 12010
159817 12011
159838 12012
159856 12013
159857 12014
159875 12015
159889 12016
159913 12017
159922 12018
159926 12019
159946 12020
159979 12021
159995 12022
160008 12023
160009 12024
160038 12025
160041 12026
160056 12027
160066 12028
160095 12029
160142 12030
160149 12031
160161 12032
160162 12033
160164 12034
160188 12035
160212 12036
160216 12037
160265 12038
160278 12039
160281 12040
160298 12041
160300 12042
160357 12043
160364 12044
160382 12045
160412 12046
160414 12047
160416 12048
160422 12049
160454 12050
160461 12051
160479 12052
160480 12053
160517 12054
160535 12055
160547 12056
160571 12057
160575 12058
160577 12059
160592 12060
160606 12061
160607 12062
160614 12063
160647 12064
160651 12065
160653 12066
160675 12067
160683 12068
160696 12069
160702 12070
160728 12071
160731 12072
160736 12073
160743 12074
160752 12075
160756 12076
160772 12077
160786 12078
160796 12079
160812 12080
160814 12081
160816 12082
160852 12083
160853 12084
160860 12085
160863 12086
160866 12087
160877 12088
160893 12089
160905 12090
160916 12091
160922 12092
160959 12093
160970 12094
160998 12095
161012 12096
161014 12097
161023 12098
161030 12099
161063 12100
161075 12101
161100 12102
161104 12103
161122 12104
161129 12105
161159 12106
161161 12107
161174 12108
161186 12109
161195 12110
161213 12111
161220 12112
161244 12113
161250 12114
161274 12115
161277 12116
161289 12117
161296 12118
161298 12119
161341 12120
161359 12121
161363 12122
161411 12123
161416 12124
161419 12125
161428 12126
161434 12127
161442 12128
161448 12129
161450 12130
161469 12131
161528 12132
161545 12133
161563 12134
161566 12135
161569 12136
161578 12137
161579 12138
161608 12139
161615 12140
161625 12141
161636 12142
161639 12143
161663 12144
161669 12145
161684 12146
161719 12147
161726 12148
161747 12149
161757 12150
161762 12151
161769 12152
161798 12153
161806 12154
161820 12155
161842 12156
161854 12157
161855 12158
161863 12159
161875 12160
161877 12161
161894 12162
161909 12163
161931 12164
161940 12165
161968 12166
161969 12167
161973 12168
161993 12169
162017 12170
162037 12171
162047 12172
162068 12173
162076 12174
162087 12175
162096 12176
162099 12177
162102 12178
162113 12179
162125 12180
162151 12181
162173 12182
162183 12183
162219 12184
162223 12185
162225 12186
162236 12187
162270 12188
162282 12189
162290 12190
162295 12191
162307 12192
162310 12193
162311 12194
162314 12195
162321 12196
162359 12197
162379 12198
162394 12199
162397 12200
162431 12201
162433 12202
162443 12203
162498 12204
162499 12205
162512 12206
162543 12207
162551 12208
162553 12209
162555 12210
162576 12211
162618 12212
162624 12213
162625 12214
162632 12215
162648 12216
162667 12217
162698 12218
162710 12219
162712 12220
162713 12221
162738 12222
162742 12223
162743 12224
162749 12225
162755 12226
162765 12227
162788 12228
162813 12229
162822 12230
162837 12231
162841 12232
162849 12233
162858 12234
162867 12235
162872 12236
162912 12237
162915 12238
162918 12239
162920 12240
162947 12241
162951 12242
162953 12243
162970 12244
162975 12245
162981 12246
162982 12247
162987 12248
163002 12249
163032 12250
163045 12251
163055 12252
163059 12253
163070 12254
163083 12255
163111 12256
163119 12257
163120 12258
163125 12259
163126 12260
163152 12261
163153 12262
163162 12263
163174 12264
163182 12265
163187 12266
163209 12267
163245 12268
163260 12269
163262 12270
163270 12271
163284 12272
163294 12273
163297 12274
163300 12275
163331 12276
163339 12277
163343 12278
163345 12279
163366 12280
163375 12281
163376 12282
163377 12283
163391 12284
163405 12285
163422 12286
163424 12287
163425 12288
163433 12289
163451 12290
163458 12291
163471 12292
163477 12293
163480 12294
163489 12295
163498 12296
163504 12297
163514 12298
163516 12299
163520 12300
163544 12301
163584 12302
163587 12303
163604 12304
163610 12305
163632 12306
163642 12307
163664 12308
163673 12309
163687 12310
163731 12311
163753 12312
163759 12313
163781 12314
163791 12315
163800 12316
163815 12317
163824 12318
163847 12319
163848 12320
163872 12321
163879 12322
163885 12323
163893 12324
163894 12325
163905 12326
163909 12327
163916 12328
163920 12329
163935 12330
163955 12331
163981 12332
164008 12333
164011 12334
164017 12335
164033 12336
164035 12337
164055 12338
164074 12339
164078 12340
164079 12341
164090 12342
164106 12343
164113 12344
164140 12345
164141 12346
164143 12347
164146 12348
164152 12349
164156 12350
164164 12351
164172 12352
164181 12353
164207 12354
164218 12355
164242 12356
164263 12357
164265 12358
164293 12359
164298 12360
164316 12361
164329 12362
164335 12363
164352 12364
164355 12365
164361 12366
164377 12367
164381 12368
164384 12369
164388 12370
164405 12371
164434 12372
164435 12373
164448 12374
164452 12375
164454 12376
164463 12377
164479 12378
164482 12379
164490 12380
164500 12381
164505 12382
164507 12383
164508 12384
164518 12385
164534 12386
164536 12387
164555 12388
164560 12389
164572 12390
164581 12391
164610 12392
164641 12393
164645 12394
164699 12395
164709 12396
164720 12397
164724 12398
164733 12399
164738 12400
164759 12401
164764 12402
164766 12403
164797 12404
164828 12405
164862 12406
164895 12407
164897 12408
164900 12409
164904 12410
164905 12411
164911 12412
164927 12413
164943 12414
164951 12415
164953 12416
164958 12417
164969 12418
164977 12419
164980 12420
164981 12421
164984 12422
164992 12423
164994 12424
165027 12425
165055 12426
165058 12427
165062 12428
165067 12429
165088 12430
165092 12431
165096 12432
165101 12433
165125 12434
165138 12435
165140 12436
165148 12437
165157 12438
165158 12439
165159 12440
165170 12441
165188 12442
165191 12443
165200 12444
165223 12445
165230 12446
165236 12447
165267 12448
165278 12449
165281 12450
165296 12451
165303 12452
165306 12453
165312 12454
165325 12455
165339 12456
165361 12457
165365 12458
165385 12459
165408 12460
165413 12461
165424 12462
165425 12463
165443 12464
165445 12465
165454 12466
165469 12467
165493 12468
165501 12469
165521 12470
165530 12471
165542 12472
165612 12473
165620 12474
165623 12475
165654 12476
165656 12477
165657 12478
165674 12479
165694 12480
165696 12481
165705 12482
165741 12483
165767 12484
165774 12485
165785 12486
165797 12487
165819 12488
165833 12489
165839 12490
165841 12491
165856 12492
165870 12493
165883 12494
165890 12495
165901 12496
165902 12497
165906 12498
165909 12499
165914 12500
165934 12501
165940 12502
165952 12503
165960 12504
165978 12505
165985 12506
166010 12507
166017 12508
166028 12509
166033 12510
166067 12511
166072 12512
166086 12513
166094 12514
166122 12515
166128 12516
166139 12517
166142 12518
166150 12519
166158 12520
166162 12521
166167 12522
166185 12523
166194 12524
166211 12525
166217 12526
166267 12527
166281 12528
166285 12529
166291 12530
166314 12531
166346 12532
166366 12533
166369 12534
166391 12535
166417 12536
166430 12537
166438 12538
166457 12539
166461 12540
166489 12541
166512 12542
166559 12543
166572 12544
166578 12545
166581 12546
166587 12547
166618 12548
166622 12549
166629 12550
166698 12551
166701 12552
166708 12553
166724 12554
166732 12555
166735 12556
166744 12557
166757 12558
166765 12559
166768 12560
166791 12561
166801 12562
166806 12563
166810 12564
166814 12565
166854 12566
166855 12567
166867 12568
166889 12569
166897 12570
166904 12571
166922 12572
166930 12573
166934 12574
166970 12575
166978 12576
166991 12577
167006 12578
167036 12579
167038 12580
167039 12581
167045 12582
167065 12583
167077 12584
167096 12585
167137 12586
167138 12587
167144 12588
167145 12589
167148 12590
167159 12591
167177 12592
167181 12593
167192 12594
167208 12595
167209 12596
167231 12597
167232 12598
167239 12599
167248 12600
167250 12601
167277 12602
167294 12603
167320 12604
167323 12605
167337 12606
167349 12607
167350 12608
167358 12609
167381 12610
167386 12611
167398 12612
167471 12613
167479 12614
167480 12615
167505 12616
167519 12617
167520 12618
167526 12619
167531 12620
167536 12621
167538 12622
167540 12623
167543 12624
167554 12625
167557 12626
167561 12627
167567 12628
167574 12629
167587 12630
167594 12631
167626 12632
167646 12633
167661 12634
167671 12635
167695 12636
167706 12637
167710 12638
167712 12639
167714 12640
167716 12641
167733 12642
167756 12643
167760 12644
167765 12645
167781 12646
167801 12647
167849 12648
167854 12649
167863 12650
167864 12651
167871 12652
167875 12653
167889 12654
167972 12655
167991 12656
168003 12657
168030 12658
168039 12659
168041 12660
168050 12661
168076 12662
168096 12663
168125 12664
168136 12665
168142 12666
168158 12667
168165 12668
168169 12669
168194 12670
168197 12671
168198 12672
168199 12673
168215 12674
168221 12675
168238 12676
168263 12677
168288 12678
168291 12679
168304 12680
168326 12681
168332 12682
168349 12683
168351 12684
168368 12685
168400 12686
168404 12687
168434 12688
168468 12689
168470 12690
168504 12691
168508 12692
168509 12693
168534 12694
168551 12695
168552 12696
168553 12697
168583 12698
168594 12699
168604 12700
168610 12701
168613 12702
168659 12703
168665 12704
168677 12705
168724 12706
168736 12707
168738 12708
168739 12709
168747 12710
168759 12711
168768 12712
168820 12713
168844 12714
168923 12715
168937 12716
168953 12717
168977 12718
169002 12719
169005 12720
169015 12721
169023 12722
169062 12723
169064 12724
169083 12725
169097 12726
169106 12727
169112 12728
169128 12729
169131 12730
169141 12731
169165 12732
169257 12733
169265 12734
169275 12735
169279 12736
169383 12737
169388 12738
169393 12739
169424 12740
169425 12741
169447 12742
169459 12743
169471 12744
169473 12745
169474 12746
169483 12747
169486 12748
169500 12749
169504 12750
169506 12751
169509 12752
169512 12753
169550 12754
169551 12755
169565 12756
169584 12757
169588 12758
169590 12759
169593 12760
169612 12761
169641 12762
169642 12763
169659 12764
169673 12765
169682 12766
169683 12767
169686 12768
169690 12769
169702 12770
169707 12771
169714 12772
169722 12773
169739 12774
169753 12775
169757 12776
169784 12777
169793 12778
169801 12779
169823 12780
169829 12781
169840 12782
169841 12783
169849 12784
169871 12785
169880 12786
169884 12787
169889 12788
169901 12789
169905 12790
169937 12791
169946 12792
169956 12793
169965 12794
169973 12795
169997 12796
170007 12797
170009 12798
170010 12799
170025 12800
170030 12801
170051 12802
170061 12803
170102 12804
170158 12805
170164 12806
170172 12807
170179 12808
170196 12809
170206 12810
170213 12811
170214 12812
170237 12813
170243 12814
170277 12815
170290 12816
170291 12817
170306 12818
170319 12819
170330 12820
170332 12821
170364 12822
170384 12823
170441 12824
170444 12825
170471 12826
170475 12827
170500 12828
170514 12829
170545 12830
170553 12831
170554 12832
170569 12833
170590 12834
170598 12835
170603 12836
170623 12837
170656 12838
170671 12839
170674 12840
170685 12841
170723 12842
170735 12843
170741 12844
170756 12845
170759 12846
170782 12847
170790 12848
170837 12849
170865 12850
170880 12851
170893 12852
170901 12853
170907 12854
170908 12855
170912 12856
170944 12857
170945 12858
170948 12859
170957 12860
170978 12861
170983 12862
170999 12863
171000 12864
171003 12865
171007 12866
171025 12867
171051 12868
171061 12869
171069 12870
171074 12871
171101 12872
171114 12873
171118 12874
171125 12875
171134 12876
171143 12877
171162 12878
171187 12879
171207 12880
171225 12881
171242 12882
171252 12883
171259 12884
171261 12885
171266 12886
171267 12887
171279 12888
171287 12889
171288 12890
171309 12891
171326 12892
171334 12893
171370 12894
171381 12895
171394 12896
171438 12897
171449 12898
171455 12899
171456 12900
171487 12901
171489 12902
171508 12903
171510 12904
171515 12905
171532 12906
171560 12907
171563 12908
171576 12909
171593 12910
171595 12911
171599 12912
171614 12913
171622 12914
171629 12915
171631 12916
171633 12917
171638 12918
171681 12919
171691 12920
171736 12921
171753 12922
171772 12923
171787 12924
171815 12925
171827 12926
171828 12927
171832 12928
171838 12929
171873 12930
171897 12931
171903 12932
171924 12933
171928 12934
171930 12935
171971 12936
171998 12937
172073 12938
172109 12939
172161 12940
172162 12941
172203 12942
172207 12943
172218 12944
172227 12945
172237 12946
172246 12947
172260 12948
172265 12949
172297 12950
172309 12951
172318 12952
172333 12953
172352 12954
172367 12955
172372 12956
172386 12957
172402 12958
172414 12959
172420 12960
172423 12961
172428 12962
172447 12963
172470 12964
172522 12965
172525 12966
172567 12967
172593 12968
172616 12969
172617 12970
172619 12971
172630 12972
172655 12973
172667 12974
172681 12975
172712 12976
172733 12977
172739 12978
172768 12979
172796 12980
172800 12981
172823 12982
172829 12983
172839 12984
172842 12985
172845 12986
172848 12987
172853 12988
172862 12989
172865 12990
172878 12991
172904 12992
172911 12993
172923 12994
172925 12995
172927 12996
172930 12997
172953 12998
172955 12999
172958 13000
172981 13001
172982 13002
172983 13003
173008 13004
173021 13005
173026 13006
173028 13007
173030 13008
173034 13009
173041 13010
173054 13011
173056 13012
173058 13013
173064 13014
173068 13015
173071 13016
173072 13017
173074 13018
173100 13019
173114 13020
173116 13021
173124 13022
173139 13023
173145 13024
173155 13025
173160 13026
173170 13027
173182 13028
173184 13029
173190 13030
173199 13031
173209 13032
173226 13033
173234 13034
173236 13035
173252 13036
173259 13037
173260 13038
173283 13039
173288 13040
173292 13041
173297 13042
173325 13043
173327 13044
173332 13045
173334 13046
173356 13047
173363 13048
173380 13049
173387 13050
173388 13051
173413 13052
173415 13053
173423 13054
173425 13055
173465 13056
173469 13057
173470 13058
173483 13059
173485 13060
173493 13061
173516 13062
173523 13063
173525 13064
173531 13065
173541 13066
173542 13067
173546 13068
173566 13069
173573 13070
173578 13071
173582 13072
173588 13073
173594 13074
173595 13075
173606 13076
173614 13077
173632 13078
173664 13079
173670 13080
173681 13081
173693 13082
173717 13083
173720 13084
173757 13085
173765 13086
173817 13087
173819 13088
173823 13089
173835 13090
173842 13091
173852 13092
173963 13093
173972 13094
173973 13095
173980 13096
173996 13097
174015 13098
174022 13099
174031 13100
174034 13101
174036 13102
174044 13103
174080 13104
174082 13105
174101 13106
174109 13107
174124 13108
174127 13109
174128 13110
174160 13111
174203 13112
174226 13113
174243 13114
174251 13115
174282 13116
174286 13117
174300 13118
174305 13119
174307 13120
174379 13121
174384 13122
174388 13123
174399 13124
174433 13125
174436 13126
174448 13127
174460 13128
174469 13129
174475 13130
174493 13131
174498 13132
174504 13133
174522 13134
174523 13135
174553 13136
174556 13137
174558 13138
174572 13139
174575 13140
174577 13141
174588 13142
174589 13143
174591 13144
174593 13145
174595 13146
174610 13147
174625 13148
174666 13149
174718 13150
174722 13151
174725 13152
174726 13153
174751 13154
174769 13155
174771 13156
174792 13157
174796 13158
174806 13159
174808 13160
174833 13161
174848 13162
174855 13163
174860 13164
174877 13165
174878 13166
174884 13167
174896 13168
174905 13169
174908 13170
174934 13171
174956 13172
174964 13173
174968 13174
174986 13175
174992 13176
175018 13177
175021 13178
175026 13179
175032 13180
175047 13181
175054 13182
175062 13183
175063 13184
175072 13185
175099 13186
175112 13187
175113 13188
175118 13189
175122 13190
175137 13191
175138 13192
175144 13193
175152 13194
175154 13195
175156 13196
175163 13197
175164 13198
175175 13199
175178 13200
175181 13201
175186 13202
175195 13203
175252 13204
175258 13205
175267 13206
175269 13207
175282 13208
175306 13209
175324 13210
175335 13211
175349 13212
175382 13213
175386 13214
175401 13215
175405 13216
175460 13217
175464 13218
175485 13219
175510 13220
175522 13221
175539 13222
175583 13223
175587 13224
175590 13225
175598 13226
175603 13227
175613 13228
175621 13229
175639 13230
175651 13231
175654 13232
175678 13233
175706 13234
175713 13235
175717 13236
175726 13237
175760 13238
175762 13239
175767 13240
175782 13241
175803 13242
175807 13243
175811 13244
175822 13245
175825 13246
175837 13247
175839 13248
175869 13249
175913 13250
175918 13251
175932 13252
175944 13253
175957 13254
175967 13255
175976 13256
175978 13257
175983 13258
175986 13259
176005 13260
176011 13261
176029 13262
176032 13263
176033 13264
176047 13265
176052 13266
176067 13267
176083 13268
176087 13269
176126 13270
176127 13271
176129 13272
176142 13273
176146 13274
176148 13275
176216 13276
176242 13277
176245 13278
176291 13279
176328 13280
176335 13281
176339 13282
176344 13283
176346 13284
176352 13285
176356 13286
176359 13287
176377 13288
176408 13289
176415 13290
176426 13291
176436 13292
176452 13293
176454 13294
176473 13295
176474 13296
176480 13297
176489 13298
176492 13299
176503 13300
176512 13301
176531 13302
176573 13303
176574 13304
176576 13305
176596 13306
176613 13307
176631 13308
176647 13309
176665 13310
176680 13311
176683 13312
176699 13313
176702 13314
176707 13315
176715 13316
176737 13317
176782 13318
176790 13319
176791 13320
176799 13321
176832 13322
176844 13323
176849 13324
176866 13325
176883 13326
176885 13327
176888 13328
176900 13329
176901 13330
176912 13331
176930 13332
176941 13333
176955 13334
176958 13335
176968 13336
176979 13337
177003 13338
177007 13339
177010 13340
177012 13341
177015 13342
177017 13343
177034 13344
177052 13345
177055 13346
177067 13347
177093 13348
177094 13349
177106 13350
177109 13351
177135 13352
177138 13353
177140 13354
177149 13355
177182 13356
177216 13357
177231 13358
177257 13359
177264 13360
177267 13361
177270 13362
177282 13363
177341 13364
177361 13365
177389 13366
177408 13367
177410 13368
177419 13369
177420 13370
177428 13371
177429 13372
177444 13373
177453 13374
177469 13375
177477 13376
177500 13377
177501 13378
177508 13379
177513 13380
177522 13381
177528 13382
177534 13383
177548 13384
177554 13385
177604 13386
177610 13387
177613 13388
177620 13389
177631 13390
177638 13391
177669 13392
177678 13393
177683 13394
177689 13395
177727 13396
177732 13397
177745 13398
177767 13399
177774 13400
177807 13401
177808 13402
177812 13403
177821 13404
177822 13405
177833 13406
177889 13407
177948 13408
177954 13409
177961 13410
177963 13411
177965 13412
177999 13413
178044 13414
178045 13415
178053 13416
178096 13417
178103 13418
178110 13419
178121 13420
178151 13421
178160 13422
178162 13423
178175 13424
178178 13425
178185 13426
178186 13427
178199 13428
178205 13429
178211 13430
178213 13431
178223 13432
178234 13433
178262 13434
178278 13435
178280 13436
178301 13437
178305 13438
178314 13439
178326 13440
178352 13441
178360 13442
178364 13443
178366 13444
178387 13445
178413 13446
178416 13447
178419 13448
178425 13449
178431 13450
178433 13451
178448 13452
178453 13453
178461 13454
178498 13455
178512 13456
178524 13457
178528 13458
178547 13459
178553 13460
178567 13461
178581 13462
178583 13463
178585 13464
178596 13465
178604 13466
178614 13467
178625 13468
178626 13469
178654 13470
178679 13471
178732 13472
178753 13473
178758 13474
178767 13475
178797 13476
178810 13477
178832 13478
178858 13479
178864 13480
178883 13481
178911 13482
178923 13483
178937 13484
179007 13485
179011 13486
179024 13487
179025 13488
179026 13489
179049 13490
179061 13491
179062 13492
179070 13493
179099 13494
179102 13495
179119 13496
179139 13497
179145 13498
179149 13499
179153 13500
179158 13501
179162 13502
179175 13503
179182 13504
179183 13505
179196 13506
179221 13507
179239 13508
179242 13509
179274 13510
179288 13511
179336 13512
179359 13513
179374 13514
179379 13515
179403 13516
179417 13517
179442 13518
179447 13519
179449 13520
179463 13521
179466 13522
179471 13523
179479 13524
179486 13525
179489 13526
179494 13527
179503 13528
179504 13529
179524 13530
179526 13531
179536 13532
179555 13533
179559 13534
179563 13535
179573 13536
179580 13537
179584 13538
179595 13539
179648 13540
179652 13541
179686 13542
179705 13543
179715 13544
179755 13545
179761 13546
179781 13547
179797 13548
179801 13549
179804 13550
179805 13551
179824 13552
179826 13553
179833 13554
179834 13555
179850 13556
179858 13557
179862 13558
179876 13559
179887 13560
179888 13561
179890 13562
179909 13563
179910 13564
179921 13565
179927 13566
179938 13567
179962 13568
179963 13569
179975 13570
179987 13571
180037 13572
180051 13573
180118 13574
180133 13575
180144 13576
180147 13577
180164 13578
180174 13579
180180 13580
180182 13581
180234 13582
180266 13583
180275 13584
180280 13585
180281 13586
180344 13587
180348 13588
180358 13589
180368 13590
180384 13591
180402 13592
180448 13593
180450 13594
180452 13595
180468 13596
180485 13597
180486 13598
180499 13599
180501 13600
180503 13601
180510 13602
180516 13603
180522 13604
180563 13605
180569 13606
180615 13607
180623 13608
180664 13609
180695 13610
180704 13611
180725 13612
180758 13613
180786 13614
180790 13615
180818 13616
180827 13617
180831 13618
180838 13619
180853 13620
180858 13621
180860 13622
180863 13623
180887 13624
180893 13625
180895 13626
180897 13627
180914 13628
180929 13629
180933 13630
180957 13631
180986 13632
180987 13633
181005 13634
181023 13635
181026 13636
181040 13637
181049 13638
181075 13639
181092 13640
181098 13641
181105 13642
181110 13643
181133 13644
181169 13645
181180 13646
181186 13647
181187 13648
181197 13649
181198 13650
181216 13651
181220 13652
181247 13653
181271 13654
181292 13655
181302 13656
181315 13657
181316 13658
181320 13659
181339 13660
181373 13661
181387 13662
181423 13663
181439 13664
181440 13665
181472 13666
181494 13667
181506 13668
181516 13669
181527 13670
181547 13671
181555 13672
181557 13673
181563 13674
181575 13675
181596 13676
181607 13677
181613 13678
181627 13679
181692 13680
181698 13681
181712 13682
181717 13683
181758 13684
181814 13685
181816 13686
181833 13687
181851 13688
181854 13689
181890 13690
181918 13691
181953 13692
181960 13693
181972 13694
181987 13695
182008 13696
182022 13697
182028 13698
182033 13699
182045 13700
182051 13701
182077 13702
182095 13703
182099 13704
182105 13705
182123 13706
182131 13707
182142 13708
182169 13709
182179 13710
182191 13711
182197 13712
182203 13713
182204 13714
182206 13715
182232 13716
182261 13717
182280 13718
182291 13719
182293 13720
182304 13721
182309 13722
182319 13723
182334 13724
182345 13725
182346 13726
182349 13727
182380 13728
182396 13729
182425 13730
182431 13731
182436 13732
182442 13733
182445 13734
182470 13735
182476 13736
182477 13737
182481 13738
182510 13739
182541 13740
182558 13741
182566 13742
182596 13743
182603 13744
182608 13745
182628 13746
182631 13747
182642 13748
182646 13749
182661 13750
182681 13751
182686 13752
182696 13753
182704 13754
182709 13755
182726 13756
182727 13757
182730 13758
182753 13759
182756 13760
182846 13761
182855 13762
182885 13763
182924 13764
182930 13765
182938 13766
182961 13767
182976 13768
183008 13769
183013 13770
183015 13771
183017 13772
183035 13773
183037 13774
183083 13775
183107 13776
183109 13777
183128 13778
183148 13779
183156 13780
183163 13781
183167 13782
183172 13783
183175 13784
183183 13785
183186 13786
183191 13787
183198 13788
183210 13789
183232 13790
183249 13791
183266 13792
183283 13793
183285 13794
183298 13795
183314 13796
183326 13797
183338 13798
183339 13799
183342 13800
183378 13801
183392 13802
183394 13803
183429 13804
183435 13805
183451 13806
183473 13807
183475 13808
183511 13809
183531 13810
183535 13811
183546 13812
183555 13813
183568 13814
183575 13815
183583 13816
183594 13817
183621 13818
183631 13819
183646 13820
183648 13821
183663 13822
183666 13823
183694 13824
183718 13825
183722 13826
183729 13827
183738 13828
183760 13829
183789 13830
183795 13831
183800 13832
183848 13833
183877 13834
183894 13835
183896 13836
183923 13837
183952 13838
183954 13839
183956 13840
183967 13841
183975 13842
183986 13843
184001 13844
184021 13845
184023 13846
184055 13847
184057 13848
184058 13849
184063 13850
184072 13851
184126 13852
184131 13853
184135 13854
184152 13855
184157 13856
184171 13857
184174 13858
184193 13859
184212 13860
184216 13861
184225 13862
184230 13863
184232 13864
184243 13865
184246 13866
184258 13867
184262 13868
184305 13869
184320 13870
184330 13871
184362 13872
184374 13873
184406 13874
184466 13875
184467 13876
184471 13877
184479 13878
184499 13879
184537 13880
184560 13881
184568 13882
184593 13883
184600 13884
184611 13885
184633 13886
184647 13887
184658 13888
184681 13889
184696 13890
184741 13891
184746 13892
184747 13893
184758 13894
184768 13895
184775 13896
184793 13897
184794 13898
184822 13899
184852 13900
184857 13901
184877 13902
184885 13903
184887 13904
184900 13905
184902 13906
184949 13907
184962 13908
184972 13909
184985 13910
184999 13911
185010 13912
185016 13913
185021 13914
185034 13915
185045 13916
185058 13917
185067 13918
185074 13919
185075 13920
185078 13921
185085 13922
185111 13923
185118 13924
185129 13925
185136 13926
185147 13927
185161 13928
185166 13929
185189 13930
185199 13931
185202 13932
185220 13933
185222 13934
185251 13935
185253 13936
185264 13937
185267 13938
185274 13939
185291 13940
185293 13941
185297 13942
185301 13943
185345 13944
185368 13945
185386 13946
185404 13947
185408 13948
185418 13949
185425 13950
185446 13951
185460 13952
185462 13953
185477 13954
185485 13955
185487 13956
185496 13957
185507 13958
185512 13959
185524 13960
185538 13961
185563 13962
185567 13963
185571 13964
185615 13965
185617 13966
185623 13967
185627 13968
185635 13969
185644 13970
185647 13971
185649 13972
185651 13973
185670 13974
185675 13975
185683 13976
185685 13977
185689 13978
185707 13979
185729 13980
185737 13981
185741 13982
185744 13983
185746 13984
185747 13985
185760 13986
185761 13987
185763 13988
185767 13989
185779 13990
185815 13991
185819 13992
185829 13993
185835 13994
185840 13995
185845 13996
185855 13997
185864 13998
185917 13999
185934 14000
185948 14001
185955 14002
186011 14003
186032 14004
186040 14005
186065 14006
186073 14007
186074 14008
186080 14009
186093 14010
186098 14011
186101 14012
186104 14013
186112 14014
186118 14015
186165 14016
186175 14017
186177 14018
186179 14019
186190 14020
186194 14021
186235 14022
186239 14023
186258 14024
186292 14025
186300 14026
186310 14027
186319 14028
186325 14029
186332 14030
186340 14031
186383 14032
186420 14033
186430 14034
186431 14035
186438 14036
186443 14037
186446 14038
186447 14039
186449 14040
186450 14041
186462 14042
186502 14043
186507 14044
186510 14045
186525 14046
186573 14047
186606 14048
186610 14049
186613 14050
186634 14051
186657 14052
186804 14053
186844 14054
186879 14055
186882 14056
186902 14057
186905 14058
186943 14059
186950 14060
186951 14061
186972 14062
187000 14063
187001 14064
187009 14065
187021 14066
187023 14067
187033 14068
187036 14069
187047 14070
187076 14071
187086 14072
187115 14073
187118 14074
187125 14075
187138 14076
187171 14077
187176 14078
187177 14079
187191 14080
187208 14081
187214 14082
187224 14083
187243 14084
187244 14085
187265 14086
187299 14087
187303 14088
187318 14089
187325 14090
187328 14091
187329 14092
187338 14093
187367 14094
187392 14095
187402 14096
187405 14097
187413 14098
187415 14099
187424 14100
187425 14101
187446 14102
187469 14103
187537 14104
187545 14105
187549 14106
187564 14107
187577 14108
187581 14109
187589 14110
187596 14111
187613 14112
187625 14113
187634 14114
187651 14115
187655 14116
187668 14117
187681 14118
187685 14119
187686 14120
187688 14121
187703 14122
187715 14123
187739 14124
187740 14125
187749 14126
187750 14127
187755 14128
187767 14129
187769 14130
187784 14131
187787 14132
187803 14133
187804 14134
187811 14135
187826 14136
187830 14137
187836 14138
187855 14139
187880 14140
187892 14141
187921 14142
187929 14143
187937 14144
187948 14145
187966 14146
187973 14147
187977 14148
187996 14149
188021 14150
188031 14151
188045 14152
188055 14153
188058 14154
188062 14155
188064 14156
188106 14157
188108 14158
188123 14159
188129 14160
188167 14161
188178 14162
188192 14163
188212 14164
188242 14165
188247 14166
188273 14167
188300 14168
188322 14169
188323 14170
188328 14171
188337 14172
188348 14173
188368 14174
188378 14175
188381 14176
188383 14177
188396 14178
188402 14179
188459 14180
188518 14181
188545 14182
188562 14183
188631 14184
188637 14185
188642 14186
188658 14187
188686 14188
188692 14189
188703 14190
188710 14191
188720 14192
188728 14193
188747 14194
188771 14195
188778 14196
188785 14197
188806 14198
188817 14199
188825 14200
188831 14201
188847 14202
188853 14203
188869 14204
188871 14205
188875 14206
188883 14207
188884 14208
188908 14209
188911 14210
188922 14211
188925 14212
188942 14213
188968 14214
188976 14215
189024 14216
189057 14217
189069 14218
189118 14219
189128 14220
189144 14221
189174 14222
189181 14223
189224 14224
189235 14225
189241 14226
189261 14227
189282 14228
189285 14229
189294 14230
189304 14231
189333 14232
189334 14233
189338 14234
189340 14235
189349 14236
189365 14237
189369 14238
189387 14239
189403 14240
189405 14241
189410 14242
189414 14243
189426 14244
189431 14245
189444 14246
189447 14247
189450 14248
189462 14249
189474 14250
189519 14251
189530 14252
189534 14253
189586 14254
189606 14255
189618 14256
189627 14257
189653 14258
189655 14259
189662 14260
189697 14261
189713 14262
189725 14263
189736 14264
189750 14265
189782 14266
189786 14267
189787 14268
189788 14269
189876 14270
189881 14271
189914 14272
189927 14273
189947 14274
189958 14275
189981 14276
189994 14277
190002 14278
190006 14279
190031 14280
190037 14281
190072 14282
190077 14283
190115 14284
190146 14285
190168 14286
190175 14287
190180 14288
190184 14289
190188 14290
190189 14291
190193 14292
190198 14293
190215 14294
190223 14295
190227 14296
190243 14297
190285 14298
190291 14299
190303 14300
190317 14301
190320 14302
190326 14303
190331 14304
190352 14305
190373 14306
190377 14307
190411 14308
190419 14309
190424 14310
190439 14311
190460 14312
190483 14313
190485 14314
190492 14315
190528 14316
190538 14317
190541 14318
190553 14319
190557 14320
190559 14321
190614 14322
190654 14323
190657 14324
190677 14325
190682 14326
190688 14327
190702 14328
190733 14329
190769 14330
190775 14331
190776 14332
190778 14333
190795 14334
190799 14335
190808 14336
190812 14337
190815 14338
190838 14339
190849 14340
190854 14341
190877 14342
190918 14343
190929 14344
190954 14345
191005 14346
191026 14347
191031 14348
191037 14349
191045 14350
191116 14351
191126 14352
191142 14353
191150 14354
191170 14355
191180 14356
191187 14357
191199 14358
191209 14359
191232 14360
191237 14361
191242 14362
191250 14363
191271 14364
191285 14365
191343 14366
191348 14367
191353 14368
191411 14369
191415 14370
191422 14371
191443 14372
191459 14373
191478 14374
191491 14375
191521 14376
191524 14377
191532 14378
191539 14379
191555 14380
191558 14381
191594 14382
191606 14383
191618 14384
191644 14385
191649 14386
191697 14387
191700 14388
191704 14389
191740 14390
191760 14391
191801 14392
191821 14393
191839 14394
191860 14395
191871 14396
191872 14397
191888 14398
191928 14399
191968 14400
191975 14401
191984 14402
191988 14403
191991 14404
192024 14405
192044 14406
192045 14407
192053 14408
192061 14409
192087 14410
192089 14411
192099 14412
192101 14413
192135 14414
192136 14415
192138 14416
192143 14417
192146 14418
192153 14419
192168 14420
192197 14421
192199 14422
192241 14423
192242 14424
192251 14425
192301 14426
192304 14427
192313 14428
192355 14429
192372 14430
192376 14431
192377 14432
192386 14433
192396 14434
192404 14435
192420 14436
192425 14437
192435 14438
192448 14439
192449 14440
192469 14441
192488 14442
192492 14443
192514 14444
192536 14445
192567 14446
192572 14447
192578 14448
192620 14449
192623 14450
192644 14451
192645 14452
192646 14453
192664 14454
192665 14455
192669 14456
192675 14457
192683 14458
192699 14459
192700 14460
192705 14461
192706 14462
192723 14463
192724 14464
192727 14465
192754 14466
192757 14467
192759 14468
192805 14469
192811 14470
192829 14471
192833 14472
192844 14473
192861 14474
192867 14475
192903 14476
192911 14477
192915 14478
192946 14479
192949 14480
192986 14481
192993 14482
192998 14483
193032 14484
193039 14485
193041 14486
193046 14487
193050 14488
193064 14489
193067 14490
193075 14491
193076 14492
193077 14493
193090 14494
193091 14495
193099 14496
193101 14497
193108 14498
193117 14499
193125 14500
193128 14501
193129 14502
193130 14503
193145 14504
193157 14505
193164 14506
193175 14507
193186 14508
193190 14509
193205 14510
193222 14511
193226 14512
193259 14513
193263 14514
193294 14515
193327 14516
193342 14517
193349 14518
193350 14519
193351 14520
193357 14521
193363 14522
193365 14523
193379 14524
193382 14525
193414 14526
193416 14527
193419 14528
193430 14529
193447 14530
193448 14531
193458 14532
193460 14533
193463 14534
193465 14535
193474 14536
193477 14537
193480 14538
193512 14539
193545 14540
193565 14541
193577 14542
193593 14543
193598 14544
193601 14545
193606 14546
193610 14547
193615 14548
193638 14549
193639 14550
193645 14551
193648 14552
193656 14553
193658 14554
193674 14555
193738 14556
193742 14557
193748 14558
193756 14559
193806 14560
193841 14561
193850 14562
193863 14563
193866 14564
193869 14565
193880 14566
193885 14567
193889 14568
193924 14569
193934 14570
193970 14571
194023 14572
194027 14573
194030 14574
194049 14575
194074 14576
194083 14577
194094 14578
194106 14579
194128 14580
194138 14581
194141 14582
194153 14583
194159 14584
194166 14585
194176 14586
194201 14587
194224 14588
194233 14589
194236 14590
194265 14591
194275 14592
194279 14593
194285 14594
194289 14595
194294 14596
194295 14597
194330 14598
194364 14599
194367 14600
194371 14601
194385 14602
194391 14603
194397 14604
194401 14605
194402 14606
194411 14607
194415 14608
194452 14609
194465 14610
194479 14611
194490 14612
194502 14613
194518 14614
194519 14615
194520 14616
194527 14617
194528 14618
194593 14619
194597 14620
194619 14621
194624 14622
194634 14623
194662 14624
194664 14625
194691 14626
194739 14627
194750 14628
194793 14629
194831 14630
194844 14631
194863 14632
194868 14633
194882 14634
194883 14635
194891 14636
194899 14637
194905 14638
194910 14639
194912 14640
194930 14641
194941 14642
194949 14643
194957 14644
194967 14645
194973 14646
194975 14647
194984 14648
194986 14649
195000 14650
195018 14651
195025 14652
195038 14653
195039 14654
195044 14655
195045 14656
195046 14657
195054 14658
195055 14659
195067 14660
195074 14661
195075 14662
195076 14663
195100 14664
195104 14665
195110 14666
195116 14667
195119 14668
195121 14669
195169 14670
195172 14671
195179 14672
195180 14673
195186 14674
195200 14675
195207 14676
195213 14677
195214 14678
195239 14679
195242 14680
195248 14681
195255 14682
195279 14683
195285 14684
195312 14685
195327 14686
195332 14687
195336 14688
195337 14689
195338 14690
195343 14691
195351 14692
195352 14693
195364 14694
195370 14695
195371 14696
195390 14697
195391 14698
195441 14699
195444 14700
195445 14701
195448 14702
195470 14703
195508 14704
195527 14705
195562 14706
195566 14707
195574 14708
195596 14709
195617 14710
195625 14711
195646 14712
195713 14713
195724 14714
195727 14715
195729 14716
195743 14717
195747 14718
195775 14719
195780 14720
195791 14721
195799 14722
195801 14723
195805 14724
195810 14725
195873 14726
195887 14727
195901 14728
195907 14729
195946 14730
195978 14731
196003 14732
196004 14733
196005 14734
196021 14735
196028 14736
196040 14737
196050 14738
196075 14739
196080 14740
196091 14741
196096 14742
196117 14743
196128 14744
196136 14745
196139 14746
196146 14747
196168 14748
196169 14749
196177 14750
196199 14751
196205 14752
196223 14753
196229 14754
196242 14755
196250 14756
196265 14757
196268 14758
196277 14759
196278 14760
196332 14761
196335 14762
196343 14763
196356 14764
196367 14765
196374 14766
196380 14767
196408 14768
196415 14769
196441 14770
196463 14771
196474 14772
196476 14773
196494 14774
196495 14775
196497 14776
196499 14777
196504 14778
196520 14779
196521 14780
196522 14781
196523 14782
196529 14783
196536 14784
196538 14785
196566 14786
196569 14787
196584 14788
196599 14789
196607 14790
196620 14791
196633 14792
196639 14793
196649 14794
196678 14795
196721 14796
196725 14797
196756 14798
196780 14799
196794 14800
196799 14801
196801 14802
196826 14803
196829 14804
196840 14805
196845 14806
196851 14807
196868 14808
196871 14809
196884 14810
196885 14811
196900 14812
196907 14813
196910 14814
196917 14815
196945 14816
196970 14817
196991 14818
197002 14819
197005 14820
197009 14821
197019 14822
197056 14823
197061 14824
198699 14825
198708 14826
198709 14827
198725 14828
198726 14829
198729 14830
198732 14831
198734 14832
198745 14833
198753 14834
198774 14835
198784 14836
198789 14837
198792 14838
198831 14839
198845 14840
198854 14841
198857 14842
198878 14843
198912 14844
198951 14845
198967 14846
199010 14847
199023 14848
199034 14849
199054 14850
199058 14851
199065 14852
199069 14853
199079 14854
199091 14855
199093 14856
199098 14857
199122 14858
199124 14859
199135 14860
199172 14861
199174 14862
199193 14863
199210 14864
199212 14865
199227 14866
199232 14867
199246 14868
199262 14869
199265 14870
199300 14871
199313 14872
199314 14873
199324 14874
199327 14875
199333 14876
199348 14877
199365 14878
199424 14879
199431 14880
199440 14881
199450 14882
199462 14883
199463 14884
199464 14885
199511 14886
199522 14887
199532 14888
199533 14889
199554 14890
199563 14891
199570 14892
199611 14893
199620 14894
199621 14895
199624 14896
199637 14897
199644 14898
199647 14899
199649 14900
199652 14901
199653 14902
199681 14903
199704 14904
199743 14905
199780 14906
199794 14907
199821 14908
199862 14909
199869 14910
199873 14911
199886 14912
199900 14913
199904 14914
199905 14915
199908 14916
199918 14917
199935 14918
199941 14919
199965 14920
199973 14921
199982 14922
199983 14923
199989 14924
199991 14925
199997 14926
200009 14927
200028 14928
200030 14929
200031 14930
200035 14931
200123 14932
200125 14933
200135 14934
200151 14935
200154 14936
200194 14937
200220 14938
200245 14939
200259 14940
200260 14941
200263 14942
200269 14943
200273 14944
200297 14945
200299 14946
200319 14947
200360 14948
200361 14949
200364 14950
200367 14951
200370 14952
200380 14953
200383 14954
200386 14955
200412 14956
200443 14957
200445 14958
200446 14959
200453 14960
200467 14961
200510 14962
200516 14963
200518 14964
200519 14965
200526 14966
200528 14967
200530 14968
200534 14969
200547 14970
200564 14971
200579 14972
200590 14973
200591 14974
200592 14975
200617 14976
200619 14977
200621 14978
200630 14979
200651 14980
200654 14981
200679 14982
200686 14983
200687 14984
200731 14985
200782 14986
200836 14987
200860 14988
200862 14989
200873 14990
200878 14991
200884 14992
200897 14993
200913 14994
200920 14995
200952 14996
200957 14997
200961 14998
200987 14999
201003 15000
201005 15001
201014 15002
201016 15003
201036 15004
201039 15005
201079 15006
201098 15007
201110 15008
201138 15009
201139 15010
201143 15011
201152 15012
201180 15013
201187 15014
201207 15015
201227 15016
201228 15017
201230 15018
201233 15019
201250 15020
201254 15021
201266 15022
201282 15023
201288 15024
201302 15025
201303 15026
201307 15027
201319 15028
201345 15029
201377 15030
201387 15031
201410 15032
201417 15033
201514 15034
201516 15035
201528 15036
201533 15037
201539 15038
201554 15039
201562 15040
201575 15041
201599 15042
201606 15043
201619 15044
201623 15045
201642 15046
201645 15047
201649 15048
201660 15049
201671 15050
201674 15051
201677 15052
201679 15053
201691 15054
201696 15055
201742 15056
201745 15057
201747 15058
201753 15059
201770 15060
201773 15061
201774 15062
201780 15063
201821 15064
201827 15065
201845 15066
201848 15067
201850 15068
201864 15069
201891 15070
201914 15071
201918 15072
201925 15073
201934 15074
201947 15075
201953 15076
201965 15077
201973 15078
201977 15079
201982 15080
201983 15081
201988 15082
201990 15083
202010 15084
202020 15085
202046 15086
202056 15087
202092 15088
202096 15089
202101 15090
202162 15091
202166 15092
202185 15093
202239 15094
202258 15095
202284 15096
202296 15097
202342 15098
202350 15099
202376 15100
202401 15101
202434 15102
202436 15103
202461 15104
202464 15105
202474 15106
202479 15107
202490 15108
202502 15109
202522 15110
202532 15111
202586 15112
202600 15113
202659 15114
202676 15115
202677 15116
202682 15117
202684 15118
202685 15119
202692 15120
202693 15121
202721 15122
202733 15123
202735 15124
202742 15125
202743 15126
202760 15127
202792 15128
202798 15129
202809 15130
202818 15131
202822 15132
202838 15133
202839 15134
202876 15135
202894 15136
202897 15137
202901 15138
202909 15139
202911 15140
202921 15141
202926 15142
202935 15143
202958 15144
202963 15145
202972 15146
202976 15147
203002 15148
203015 15149
203057 15150
203062 15151
203063 15152
203097 15153
203103 15154
203126 15155
203143 15156
203194 15157
203196 15158
203197 15159
203236 15160
203265 15161
203278 15162
203282 15163
203287 15164
203298 15165
203300 15166
203317 15167
203345 15168
203370 15169
203379 15170
203395 15171
203411 15172
203427 15173
203433 15174
203464 15175
203485 15176
203492 15177
203518 15178
203519 15179
203520 15180
203528 15181
203531 15182
203536 15183
203537 15184
203538 15185
203560 15186
203567 15187
203592 15188
203611 15189
203653 15190
203656 15191
203667 15192
203680 15193
203686 15194
203695 15195
203708 15196
203720 15197
203724 15198
203795 15199
203816 15200
203819 15201
203820 15202
203839 15203
203840 15204
203845 15205
203847 15206
203851 15207
203858 15208
203873 15209
203900 15210
203904 15211
203920 15212
203929 15213
203957 15214
203971 15215
203977 15216
203978 15217
203982 15218
203985 15219
203987 15220
203990 15221
203991 15222
204013 15223
204036 15224
204049 15225
204076 15226
204091 15227
204093 15228
204110 15229
204126 15230
204137 15231
204153 15232
204156 15233
204162 15234
204185 15235
204191 15236
205030 15237
205044 15238
205045 15239
205063 15240
205070 15241
205079 15242
205080 15243
205116 15244
205141 15245
205149 15246
205156 15247
205167 15248
205168 15249
205170 15250
205178 15251
205182 15252
205198 15253
205213 15254
205217 15255
205222 15256
205246 15257
205247 15258
205249 15259
205254 15260
205267 15261
205281 15262
205285 15263
205289 15264
205305 15265
205388 15266
205393 15267
205401 15268
205418 15269
205421 15270
205433 15271
205450 15272
205459 15273
205477 15274
205482 15275
205506 15276
205510 15277
205514 15278
205515 15279
205516 15280
205524 15281
205532 15282
205534 15283
205559 15284
205564 15285
205578 15286
205581 15287
205582 15288
205599 15289
205606 15290
205618 15291
205628 15292
205636 15293
205656 15294
205677 15295
205699 15296
205703 15297
205705 15298
205711 15299
205720 15300
205737 15301
205738 15302
205756 15303
205769 15304
205771 15305
205780 15306
205781 15307
205795 15308
205799 15309
205804 15310
205808 15311
205835 15312
205840 15313
205841 15314
205845 15315
205853 15316
205855 15317
205858 15318
205860 15319
205873 15320
205874 15321
205885 15322
205906 15323
205913 15324
205922 15325
205928 15326
205939 15327
205947 15328
205959 15329
205960 15330
205985 15331
205993 15332
206016 15333
206031 15334
206033 15335
206034 15336
206042 15337
206047 15338
206059 15339
206067 15340
206090 15341
206099 15342
206104 15343
206110 15344
206141 15345
206164 15346
206189 15347
206194 15348
206197 15349
206222 15350
206226 15351
206243 15352
206249 15353
206281 15354
206283 15355
206314 15356
206315 15357
206316 15358
206328 15359
206339 15360
206352 15361
206367 15362
206368 15363
206372 15364
206382 15365
206386 15366
206387 15367
206394 15368
206413 15369
206421 15370
206433 15371
206439 15372
206445 15373
206479 15374
206482 15375
206526 15376
206528 15377
206529 15378
206542 15379
206569 15380
206574 15381
206586 15382
206594 15383
206602 15384
206616 15385
206635 15386
206654 15387
206677 15388
206694 15389
206695 15390
206719 15391
206741 15392
206742 15393
206747 15394
206757 15395
206761 15396
206771 15397
206772 15398
206790 15399
206815 15400
206821 15401
206827 15402
206831 15403
206839 15404
206862 15405
206866 15406
206874 15407
206877 15408
206891 15409
206915 15410
206916 15411
206919 15412
206942 15413
206943 15414
206984 15415
206989 15416
206993 15417
206995 15418
206996 15419
207005 15420
207037 15421
207042 15422
207069 15423
207090 15424
207094 15425
207096 15426
207132 15427
207145 15428
207146 15429
207150 15430
207180 15431
207182 15432
207214 15433
207215 15434
207221 15435
207231 15436
207232 15437
207261 15438
207265 15439
207266 15440
207269 15441
207291 15442
207306 15443
207309 15444
207327 15445
207342 15446
207349 15447
207373 15448
207385 15449
207399 15450
207445 15451
207458 15452
207460 15453
207471 15454
207496 15455
207498 15456
207501 15457
207536 15458
207538 15459
207547 15460
207549 15461
207555 15462
207574 15463
207592 15464
207606 15465
207611 15466
207628 15467
207634 15468
207639 15469
207669 15470
207674 15471
207680 15472
207689 15473
207692 15474
207708 15475
207731 15476
207732 15477
207754 15478
207759 15479
207761 15480
207767 15481
207774 15482
207792 15483
207794 15484
207822 15485
207828 15486
207858 15487
207860 15488
207863 15489
207874 15490
207939 15491
207940 15492
207976 15493
208128 15494
208145 15495
208160 15496
208207 15497
208210 15498
208217 15499
208223 15500
208228 15501
208243 15502
208253 15503
208277 15504
208279 15505
208296 15506
208308 15507
208314 15508
208320 15509
208329 15510
208334 15511
208338 15512
208343 15513
208346 15514
208362 15515
208372 15516
208374 15517
208382 15518
208405 15519
208409 15520
208410 15521
208422 15522
208439 15523
208494 15524
208507 15525
208510 15526
208512 15527
208516 15528
208521 15529
208527 15530
208533 15531
208562 15532
208591 15533
208599 15534
208605 15535
208610 15536
208612 15537
208615 15538
208623 15539
208625 15540
208637 15541
208638 15542
208644 15543
208657 15544
208669 15545
208673 15546
208689 15547
208721 15548
208764 15549
208774 15550
208815 15551
208839 15552
208842 15553
208856 15554
208860 15555
208867 15556
208869 15557
208880 15558
208888 15559
208899 15560
208902 15561
208903 15562
208935 15563
208961 15564
208966 15565
208973 15566
208991 15567
208995 15568
209067 15569
209110 15570
209112 15571
209114 15572
209130 15573
209131 15574
209132 15575
209143 15576
209166 15577
209183 15578
209188 15579
209194 15580
209226 15581
209244 15582
209257 15583
209305 15584
209317 15585
209328 15586
209370 15587
209379 15588
209466 15589
209491 15590
209496 15591
209497 15592
209499 15593
209523 15594
209535 15595
209537 15596
209542 15597
209549 15598
209552 15599
209560 15600
209572 15601
209573 15602
209617 15603
209621 15604
209624 15605
209642 15606
209644 15607
209649 15608
209651 15609
209676 15610
209677 15611
209679 15612
209682 15613
209695 15614
209711 15615
209735 15616
209762 15617
209793 15618
209836 15619
209839 15620
209850 15621
209857 15622
209868 15623
209877 15624
209880 15625
209931 15626
209939 15627
209944 15628
209954 15629
209957 15630
209967 15631
209973 15632
209982 15633
209984 15634
209988 15635
209996 15636
210003 15637
210013 15638
210015 15639
210023 15640
210029 15641
210030 15642
210049 15643
210100 15644
210104 15645
210125 15646
210141 15647
210142 15648
210226 15649
210229 15650
210239 15651
210247 15652
210255 15653
210281 15654
210284 15655
210319 15656
210320 15657
210327 15658
210340 15659
210355 15660
210359 15661
210364 15662
210366 15663
210378 15664
210383 15665
210387 15666
210402 15667
210404 15668
210406 15669
210416 15670
210436 15671
210472 15672
210482 15673
210485 15674
210513 15675
210523 15676
210533 15677
210571 15678
210572 15679
210581 15680
210587 15681
210591 15682
210602 15683
210617 15684
210628 15685
210629 15686
210636 15687
210643 15688
210654 15689
210666 15690
210731 15691
210741 15692
210754 15693
210761 15694
210766 15695
210767 15696
210775 15697
210790 15698
210797 15699
210809 15700
210813 15701
210827 15702
210832 15703
210834 15704
210843 15705
210844 15706
210862 15707
210871 15708
210888 15709
210905 15710
210912 15711
210913 15712
210915 15713
210918 15714
210934 15715
210953 15716
210972 15717
210979 15718
210996 15719
211001 15720
211039 15721
211041 15722
211045 15723
211069 15724
211084 15725
211095 15726
211096 15727
211113 15728
211145 15729
211158 15730
211171 15731
211182 15732
211183 15733
211188 15734
211189 15735
211194 15736
211200 15737
211219 15738
211239 15739
211263 15740
211286 15741
211305 15742
211329 15743
211346 15744
211350 15745
211408 15746
211422 15747
211449 15748
211454 15749
211457 15750
211459 15751
211499 15752
211504 15753
211547 15754
211569 15755
211609 15756
211610 15757
211620 15758
211622 15759
211645 15760
211648 15761
211653 15762
211687 15763
211688 15764
211690 15765
211718 15766
211725 15767
211761 15768
211764 15769
211768 15770
211775 15771
211779 15772
211806 15773
211809 15774
211836 15775
211852 15776
211855 15777
211860 15778
211862 15779
211883 15780
211895 15781
211923 15782
211926 15783
211927 15784
211931 15785
211983 15786
212000 15787
212015 15788
212019 15789
212043 15790
212045 15791
212049 15792
212083 15793
212105 15794
212119 15795
212124 15796
212129 15797
212135 15798
212184 15799
212202 15800
212204 15801
212224 15802
212239 15803
212245 15804
212257 15805
212258 15806
212260 15807
212270 15808
212294 15809
212302 15810
212311 15811
212334 15812
212356 15813
212363 15814
212365 15815
212382 15816
212387 15817
212390 15818
212393 15819
212396 15820
212407 15821
212417 15822
212434 15823
212445 15824
212448 15825
212454 15826
212484 15827
212485 15828
212501 15829
212508 15830
212517 15831
212526 15832
212527 15833
212532 15834
212552 15835
212582 15836
212601 15837
212604 15838
212618 15839
212623 15840
212627 15841
212638 15842
212642 15843
212671 15844
212687 15845
212698 15846
212721 15847
212723 15848
212739 15849
212750 15850
212794 15851
212802 15852
212807 15853
212816 15854
213307 15855
213318 15856
213328 15857
213349 15858
213361 15859
213376 15860
213391 15861
213394 15862
213420 15863
213470 15864
213494 15865
213502 15866
213512 15867
213530 15868
213534 15869
213537 15870
213540 15871
213545 15872
213549 15873
213557 15874
213578 15875
213589 15876
213598 15877
213601 15878
213606 15879
213629 15880
213639 15881
213644 15882
213687 15883
213695 15884
213703 15885
213711 15886
213719 15887
213756 15888
213764 15889
213778 15890
213808 15891
213823 15892
213831 15893
213845 15894
213859 15895
213864 15896
213883 15897
213890 15898
213894 15899
213896 15900
213921 15901
213958 15902
213964 15903
213968 15904
213970 15905
214002 15906
214007 15907
214040 15908
214085 15909
214099 15910
214117 15911
214119 15912
214136 15913
214148 15914
214156 15915
214166 15916
214174 15917
214185 15918
214192 15919
214210 15920
214213 15921
214221 15922
214236 15923
214249 15924
214254 15925
214271 15926
214391 15927
214403 15928
214414 15929
214419 15930
214475 15931
214481 15932
214532 15933
214539 15934
214541 15935
214542 15936
214546 15937
214559 15938
214561 15939
214564 15940
214569 15941
214602 15942
214643 15943
214670 15944
214676 15945
214681 15946
214685 15947
214695 15948
214724 15949
214739 15950
214744 15951
214748 15952
214749 15953
214769 15954
214777 15955
214792 15956
214794 15957
214810 15958
214811 15959
214826 15960
214852 15961
214855 15962
214861 15963
214884 15964
214892 15965
214896 15966
214944 15967
214968 15968
215008 15969
215017 15970
215032 15971
215037 15972
215057 15973
215061 15974
215072 15975
215083 15976
215089 15977
215092 15978
215100 15979
215103 15980
215104 15981
215112 15982
215113 15983
215130 15984
215173 15985
215185 15986
215214 15987
215218 15988
215220 15989
215226 15990
215228 15991
215236 15992
215273 15993
215277 15994
215293 15995
215295 15996
215321 15997
215325 15998
215335 15999
215339 16000
215348 16001
215362 16002
215371 16003
215390 16004
215401 16005
215415 16006
215427 16007
215431 16008
215436 16009
215454 16010
215457 16011
215462 16012
215464 16013
215467 16014
215486 16015
215490 16016
215497 16017
215500 16018
215502 16019
215504 16020
215508 16021
215514 16022
215525 16023
215541 16024
215585 16025
215588 16026
215607 16027
215615 16028
215621 16029
215631 16030
215643 16031
215654 16032
215668 16033
215692 16034
215727 16035
215753 16036
215766 16037
215771 16038
215777 16039
215785 16040
215792 16041
215812 16042
215830 16043
215864 16044
215866 16045
215872 16046
215895 16047
215896 16048
215900 16049
215930 16050
215932 16051
215935 16052
215940 16053
215954 16054
215955 16055
215958 16056
215962 16057
215964 16058
215967 16059
215975 16060
215985 16061
216002 16062
216022 16063
216024 16064
216038 16065
216046 16066
216076 16067
216079 16068
216096 16069
216097 16070
216105 16071
216122 16072
216134 16073
216142 16074
216169 16075
216186 16076
216193 16077
216226 16078
216228 16079
216247 16080
216279 16081
216284 16082
216286 16083
216303 16084
216304 16085
216308 16086
216320 16087
216331 16088
216337 16089
216357 16090
216370 16091
216384 16092
216385 16093
216396 16094
216431 16095
216471 16096
216519 16097
216556 16098
216561 16099
216563 16100
216587 16101
216610 16102
216639 16103
216643 16104
216648 16105
216668 16106
216669 16107
216692 16108
216721 16109
216723 16110
216726 16111
216728 16112
216769 16113
216786 16114
216787 16115
216796 16116
216799 16117
216807 16118
216809 16119
216816 16120
216821 16121
216833 16122
216837 16123
216847 16124
216851 16125
216852 16126
216853 16127
216877 16128
216881 16129
216883 16130
216891 16131
216899 16132
216982 16133
216989 16134
216994 16135
216995 16136
216996 16137
216999 16138
217018 16139
217020 16140
217027 16141
217029 16142
217039 16143
217050 16144
217066 16145
217071 16146
217078 16147
217129 16148
217133 16149
217137 16150
217140 16151
217163 16152
217179 16153
217198 16154
217216 16155
217241 16156
217257 16157
217273 16158
217291 16159
217294 16160
217323 16161
217342 16162
217359 16163
217387 16164
217413 16165
217422 16166
217434 16167
217437 16168
217443 16169
217461 16170
217480 16171
217501 16172
217505 16173
217525 16174
217528 16175
217533 16176
217540 16177
217553 16178
217554 16179
217559 16180
217560 16181
217567 16182
217589 16183
217594 16184
217619 16185
217625 16186
217626 16187
217631 16188
217656 16189
217661 16190
217668 16191
217674 16192
217684 16193
217700 16194
217709 16195
217711 16196
217725 16197
217726 16198
217733 16199
217748 16200
217751 16201
217757 16202
217778 16203
217787 16204
217788 16205
217790 16206
217795 16207
217818 16208
217829 16209
217833 16210
217836 16211
217859 16212
217860 16213
217865 16214
217877 16215
217888 16216
217899 16217
217900 16218
217901 16219
217976 16220
217994 16221
218012 16222
218014 16223
218041 16224
218060 16225
218074 16226
218079 16227
218090 16228
218103 16229
218114 16230
218118 16231
218120 16232
218160 16233
218169 16234
218177 16235
218181 16236
218212 16237
218239 16238
218246 16239
218263 16240
218268 16241
218287 16242
218319 16243
218330 16244
218333 16245
218348 16246
218351 16247
218356 16248
218395 16249
218397 16250
218412 16251
218449 16252
218454 16253
218459 16254
218492 16255
218494 16256
218503 16257
218507 16258
218528 16259
218538 16260
218566 16261
218571 16262
218582 16263
218587 16264
218589 16265
218600 16266
218651 16267
218667 16268
218675 16269
218684 16270
218708 16271
218726 16272
218735 16273
218747 16274
218751 16275
218761 16276
218765 16277
218777 16278
218803 16279
218804 16280
218814 16281
218830 16282
218849 16283
218857 16284
218858 16285
218866 16286
218905 16287
218910 16288
218922 16289
218925 16290
218947 16291
218964 16292
218973 16293
218983 16294
218989 16295
218990 16296
219031 16297
219033 16298
219047 16299
219082 16300
219086 16301
219090 16302
219118 16303
219140 16304
219148 16305
219150 16306
219154 16307
219166 16308
219183 16309
219195 16310
219220 16311
219227 16312
219243 16313
219257 16314
219260 16315
219288 16316
219289 16317
219295 16318
219299 16319
219309 16320
219311 16321
219315 16322
219318 16323
219363 16324
219403 16325
219404 16326
219428 16327
219432 16328
219437 16329
219453 16330
219456 16331
219460 16332
219468 16333
219474 16334
219488 16335
219517 16336
219524 16337
219528 16338
219535 16339
219539 16340
219546 16341
219566 16342
219569 16343
219595 16344
219596 16345
219629 16346
219638 16347
219643 16348
219668 16349
219669 16350
219675 16351
219678 16352
219689 16353
219710 16354
219739 16355
219744 16356
219761 16357
219766 16358
219787 16359
219798 16360
219802 16361
219804 16362
219859 16363
219891 16364
219935 16365
219941 16366
219947 16367
219997 16368
220010 16369
220024 16370
220030 16371
220049 16372
220059 16373
220064 16374
220099 16375
220149 16376
220151 16377
220165 16378
220172 16379
220189 16380
220231 16381
220236 16382
220238 16383
220242 16384
220267 16385
220271 16386
220280 16387
220295 16388
220307 16389
220313 16390
220333 16391
220335 16392
220336 16393
220352 16394
220353 16395
220402 16396
220413 16397
220426 16398
220462 16399
220466 16400
220490 16401
220495 16402
220497 16403
220504 16404
220518 16405
220523 16406
220553 16407
220557 16408
220562 16409
220569 16410
220571 16411
220573 16412
220598 16413
220614 16414
220702 16415
220723 16416
220728 16417
220729 16418
220736 16419
220764 16420
220792 16421
220810 16422
220860 16423
220865 16424
220868 16425
220902 16426
220904 16427
220939 16428
220945 16429
220963 16430
220979 16431
221012 16432
221038 16433
221044 16434
221049 16435
221096 16436
221099 16437
221106 16438
221169 16439
221184 16440
221191 16441
221212 16442
221217 16443
221277 16444
221292 16445
221307 16446
221317 16447
221336 16448
221342 16449
221350 16450
221368 16451
221374 16452
221377 16453
221404 16454
221428 16455
221449 16456
221450 16457
221451 16458
221452 16459
221461 16460
221504 16461
221512 16462
221531 16463
221539 16464
221557 16465
221573 16466
221575 16467
221616 16468
221629 16469
221643 16470
221656 16471
221678 16472
221692 16473
221703 16474
221710 16475
221742 16476
221759 16477
221761 16478
221774 16479
221776 16480
221791 16481
221792 16482
221812 16483
221824 16484
221829 16485
221842 16486
221867 16487
221882 16488
221909 16489
221996 16490
222033 16491
222035 16492
222054 16493
222075 16494
222076 16495
222090 16496
222092 16497
222100 16498
222112 16499
222142 16500
222152 16501
222159 16502
222174 16503
222177 16504
222210 16505
222213 16506
222233 16507
222246 16508
222255 16509
222261 16510
222265 16511
222270 16512
222281 16513
222305 16514
222325 16515
222337 16516
222339 16517
222344 16518
222362 16519
222374 16520
222377 16521
222392 16522
222393 16523
222396 16524
222424 16525
222436 16526
222447 16527
222458 16528
222459 16529
222487 16530
222517 16531
222519 16532
222524 16533
222529 16534
222538 16535
222543 16536
222544 16537
222557 16538
222568 16539
222653 16540
222695 16541
222707 16542
222733 16543
222821 16544
222886 16545
223003 16546
223039 16547
223040 16548
223148 16549
223270 16550
223299 16551
223311 16552
223318 16553
223339 16554
223365 16555
223375 16556
223395 16557
223443 16558
223589 16559
223639 16560
223683 16561
223696 16562
223739 16563
223894 16564
223901 16565
223906 16566
