org_id remap_id
0 0
1 1
2 2
3 3
4 4
5 5
6 6
7 7
8 8
10 9
11 10
12 11
13 12
14 13
16 14
17 15
18 16
19 17
21 18
23 19
24 20
25 21
27 22
28 23
29 24
30 25
31 26
32 27
33 28
34 29
35 30
37 31
39 32
40 33
41 34
42 35
45 36
47 37
48 38
50 39
51 40
52 41
53 42
54 43
56 44
57 45
58 46
59 47
61 48
63 49
64 50
65 51
67 52
68 53
70 54
73 55
74 56
75 57
76 58
77 59
79 60
81 61
82 62
83 63
86 64
87 65
88 66
89 67
90 68
91 69
92 70
93 71
94 72
95 73
96 74
97 75
98 76
99 77
101 78
103 79
104 80
105 81
106 82
107 83
109 84
110 85
111 86
112 87
113 88
114 89
116 90
117 91
118 92
119 93
120 94
122 95
123 96
124 97
125 98
126 99
127 100
129 101
130 102
132 103
133 104
134 105
137 106
138 107
140 108
141 109
142 110
144 111
146 112
147 113
148 114
149 115
151 116
154 117
156 118
157 119
158 120
159 121
160 122
161 123
163 124
166 125
167 126
168 127
169 128
170 129
172 130
173 131
174 132
175 133
176 134
179 135
181 136
182 137
183 138
184 139
185 140
188 141
191 142
194 143
196 144
197 145
198 146
199 147
200 148
202 149
203 150
204 151
205 152
206 153
207 154
209 155
210 156
212 157
214 158
215 159
216 160
217 161
218 162
219 163
220 164
222 165
223 166
224 167
225 168
226 169
227 170
228 171
230 172
231 173
232 174
233 175
234 176
235 177
237 178
238 179
239 180
241 181
242 182
244 183
245 184
246 185
247 186
248 187
249 188
250 189
251 190
252 191
254 192
255 193
257 194
258 195
259 196
260 197
261 198
263 199
265 200
266 201
268 202
270 203
271 204
272 205
273 206
274 207
275 208
276 209
277 210
278 211
279 212
281 213
282 214
284 215
286 216
287 217
289 218
290 219
291 220
294 221
295 222
298 223
300 224
303 225
304 226
305 227
306 228
309 229
310 230
313 231
314 232
316 233
317 234
318 235
319 236
321 237
322 238
324 239
325 240
327 241
328 242
329 243
330 244
332 245
334 246
336 247
337 248
338 249
339 250
340 251
342 252
343 253
344 254
345 255
347 256
348 257
349 258
352 259
354 260
355 261
356 262
357 263
360 264
362 265
363 266
364 267
365 268
368 269
370 270
371 271
373 272
374 273
375 274
376 275
377 276
380 277
381 278
382 279
383 280
385 281
386 282
388 283
389 284
390 285
391 286
392 287
393 288
394 289
395 290
396 291
397 292
399 293
402 294
404 295
405 296
406 297
407 298
408 299
409 300
411 301
412 302
413 303
416 304
417 305
418 306
419 307
420 308
421 309
423 310
424 311
426 312
427 313
428 314
430 315
431 316
432 317
434 318
435 319
436 320
437 321
438 322
439 323
440 324
441 325
442 326
443 327
444 328
445 329
446 330
447 331
450 332
452 333
454 334
455 335
456 336
457 337
458 338
459 339
460 340
463 341
464 342
465 343
466 344
467 345
468 346
469 347
470 348
471 349
472 350
473 351
474 352
475 353
476 354
478 355
479 356
480 357
481 358
482 359
483 360
485 361
486 362
488 363
490 364
493 365
494 366
495 367
496 368
497 369
498 370
499 371
500 372
501 373
502 374
504 375
507 376
508 377
509 378
510 379
511 380
515 381
517 382
518 383
519 384
520 385
521 386
522 387
523 388
527 389
528 390
529 391
530 392
532 393
533 394
534 395
535 396
538 397
539 398
540 399
541 400
542 401
544 402
545 403
546 404
547 405
548 406
549 407
550 408
551 409
552 410
553 411
557 412
558 413
559 414
560 415
562 416
563 417
565 418
566 419
569 420
572 421
573 422
576 423
578 424
579 425
580 426
581 427
583 428
584 429
586 430
587 431
588 432
589 433
590 434
595 435
596 436
597 437
598 438
600 439
601 440
602 441
603 442
604 443
605 444
606 445
607 446
609 447
610 448
611 449
612 450
613 451
614 452
615 453
616 454
617 455
620 456
622 457
623 458
624 459
626 460
628 461
629 462
630 463
632 464
633 465
634 466
635 467
636 468
637 469
640 470
642 471
643 472
645 473
646 474
647 475
648 476
649 477
650 478
651 479
652 480
653 481
654 482
655 483
656 484
657 485
659 486
660 487
661 488
662 489
665 490
666 491
668 492
669 493
670 494
671 495
672 496
673 497
675 498
677 499
678 500
680 501
681 502
683 503
685 504
688 505
690 506
691 507
692 508
694 509
695 510
696 511
697 512
698 513
699 514
702 515
704 516
705 517
707 518
708 519
710 520
711 521
712 522
715 523
716 524
717 525
719 526
720 527
721 528
724 529
725 530
726 531
727 532
728 533
729 534
730 535
731 536
732 537
733 538
734 539
735 540
737 541
739 542
740 543
741 544
742 545
743 546
744 547
746 548
747 549
749 550
750 551
751 552
752 553
754 554
755 555
756 556
758 557
760 558
761 559
763 560
764 561
765 562
766 563
767 564
768 565
769 566
770 567
771 568
773 569
774 570
775 571
776 572
777 573
778 574
780 575
781 576
783 577
784 578
785 579
786 580
787 581
788 582
789 583
790 584
792 585
793 586
794 587
795 588
796 589
799 590
802 591
803 592
804 593
805 594
806 595
807 596
808 597
809 598
810 599
811 600
812 601
813 602
814 603
815 604
819 605
821 606
822 607
824 608
825 609
827 610
828 611
829 612
830 613
831 614
834 615
836 616
837 617
838 618
839 619
841 620
842 621
844 622
845 623
846 624
847 625
849 626
850 627
853 628
855 629
858 630
859 631
860 632
861 633
862 634
863 635
865 636
866 637
867 638
868 639
869 640
872 641
873 642
874 643
876 644
877 645
878 646
880 647
881 648
882 649
883 650
884 651
886 652
887 653
889 654
894 655
895 656
896 657
897 658
898 659
900 660
901 661
902 662
904 663
905 664
906 665
907 666
908 667
909 668
910 669
911 670
912 671
913 672
915 673
916 674
919 675
920 676
921 677
922 678
927 679
928 680
929 681
930 682
932 683
933 684
934 685
935 686
936 687
937 688
938 689
939 690
940 691
941 692
943 693
944 694
945 695
946 696
948 697
949 698
950 699
951 700
953 701
954 702
956 703
957 704
958 705
960 706
961 707
962 708
963 709
964 710
965 711
968 712
970 713
971 714
972 715
974 716
977 717
978 718
979 719
980 720
981 721
982 722
983 723
984 724
985 725
986 726
987 727
990 728
991 729
992 730
994 731
995 732
997 733
999 734
1000 735
1001 736
1002 737
1003 738
1004 739
1006 740
1008 741
1010 742
1011 743
1012 744
1013 745
1015 746
1016 747
1018 748
1019 749
1020 750
1023 751
1025 752
1026 753
1027 754
1028 755
1029 756
1030 757
1031 758
1032 759
1033 760
1038 761
1039 762
1040 763
1041 764
1043 765
1045 766
1046 767
1048 768
1049 769
1050 770
1052 771
1053 772
1054 773
1056 774
1057 775
1060 776
1061 777
1062 778
1064 779
1065 780
1066 781
1067 782
1068 783
1069 784
1071 785
1072 786
1073 787
1074 788
1081 789
1082 790
1083 791
1084 792
1086 793
1087 794
1088 795
1090 796
1091 797
1093 798
1094 799
1095 800
1098 801
1100 802
1101 803
1102 804
1104 805
1105 806
1109 807
1111 808
1112 809
1115 810
1117 811
1118 812
1119 813
1120 814
1121 815
1122 816
1123 817
1124 818
1126 819
1128 820
1129 821
1130 822
1131 823
1132 824
1133 825
1134 826
1135 827
1136 828
1137 829
1138 830
1139 831
1140 832
1142 833
1143 834
1145 835
1146 836
1147 837
1148 838
1149 839
1150 840
1152 841
1153 842
1155 843
1156 844
1158 845
1159 846
1160 847
1161 848
1162 849
1164 850
1165 851
1166 852
1167 853
1168 854
1172 855
1173 856
1174 857
1175 858
1177 859
1178 860
1180 861
1181 862
1182 863
1183 864
1185 865
1187 866
1188 867
1191 868
1192 869
1196 870
1197 871
1198 872
1199 873
1200 874
1201 875
1202 876
1204 877
1205 878
1206 879
1207 880
1209 881
1211 882
1213 883
1214 884
1216 885
1217 886
1219 887
1220 888
1221 889
1222 890
1223 891
1224 892
1226 893
1227 894
1229 895
1231 896
1232 897
1233 898
1235 899
1236 900
1240 901
1241 902
1242 903
1243 904
1244 905
1245 906
1246 907
1247 908
1249 909
1250 910
1252 911
1253 912
1254 913
1255 914
1256 915
1257 916
1259 917
1262 918
1263 919
1264 920
1265 921
1266 922
1267 923
1269 924
1270 925
1271 926
1273 927
1274 928
1275 929
1277 930
1278 931
1279 932
1281 933
1282 934
1283 935
1285 936
1286 937
1287 938
1288 939
1289 940
1290 941
1291 942
1292 943
1293 944
1294 945
1295 946
1296 947
1297 948
1301 949
1302 950
1303 951
1304 952
1305 953
1306 954
1307 955
1308 956
1311 957
1316 958
1317 959
1318 960
1319 961
1320 962
1321 963
1322 964
1323 965
1324 966
1326 967
1327 968
1329 969
1330 970
1333 971
1334 972
1336 973
1338 974
1340 975
1341 976
1342 977
1343 978
1344 979
1345 980
1346 981
1347 982
1348 983
1349 984
1350 985
1351 986
1352 987
1353 988
1354 989
1355 990
1356 991
1357 992
1359 993
1362 994
1366 995
1367 996
1369 997
1371 998
1373 999
1374 1000
1375 1001
1376 1002
1377 1003
1379 1004
1381 1005
1382 1006
1384 1007
1385 1008
1387 1009
1390 1010
1391 1011
1392 1012
1393 1013
1394 1014
1395 1015
1396 1016
1397 1017
1398 1018
1399 1019
1400 1020
1401 1021
1402 1022
1406 1023
1407 1024
1408 1025
1409 1026
1410 1027
1412 1028
1413 1029
1414 1030
1415 1031
1417 1032
1418 1033
1419 1034
1421 1035
1423 1036
1424 1037
1425 1038
1426 1039
1427 1040
1429 1041
1431 1042
1432 1043
1434 1044
1436 1045
1437 1046
1440 1047
1441 1048
1442 1049
1443 1050
1444 1051
1445 1052
1447 1053
1448 1054
1450 1055
1451 1056
1452 1057
1454 1058
1455 1059
1458 1060
1459 1061
1460 1062
1461 1063
1462 1064
1463 1065
1464 1066
1465 1067
1466 1068
1467 1069
1469 1070
1471 1071
1474 1072
1475 1073
1477 1074
1478 1075
1480 1076
1481 1077
1482 1078
1483 1079
1484 1080
1486 1081
1487 1082
1489 1083
1490 1084
1491 1085
1492 1086
1493 1087
1494 1088
1495 1089
1497 1090
1498 1091
1499 1092
1500 1093
1502 1094
1504 1095
1507 1096
1508 1097
1510 1098
1511 1099
1514 1100
1515 1101
1516 1102
1518 1103
1519 1104
1521 1105
1522 1106
1524 1107
1525 1108
1526 1109
1528 1110
1529 1111
1531 1112
1534 1113
1535 1114
1536 1115
1538 1116
1539 1117
1540 1118
1542 1119
1543 1120
1544 1121
1545 1122
1546 1123
1547 1124
1548 1125
1550 1126
1551 1127
1552 1128
1553 1129
1554 1130
1555 1131
1556 1132
1557 1133
1558 1134
1560 1135
1563 1136
1564 1137
1565 1138
1566 1139
1567 1140
1568 1141
1569 1142
1570 1143
1572 1144
1573 1145
1575 1146
1576 1147
1577 1148
1578 1149
1579 1150
1580 1151
1581 1152
1583 1153
1585 1154
1586 1155
1587 1156
1588 1157
1589 1158
1590 1159
1591 1160
1592 1161
1593 1162
1594 1163
1595 1164
1596 1165
1599 1166
1600 1167
1602 1168
1603 1169
1605 1170
1606 1171
1607 1172
1608 1173
1609 1174
1610 1175
1611 1176
1612 1177
1613 1178
1614 1179
1615 1180
1617 1181
1618 1182
1619 1183
1620 1184
1623 1185
1624 1186
1625 1187
1626 1188
1627 1189
1628 1190
1629 1191
1630 1192
1631 1193
1632 1194
1633 1195
1634 1196
1635 1197
1637 1198
1638 1199
1639 1200
1641 1201
1642 1202
1643 1203
1644 1204
1648 1205
1649 1206
1650 1207
1653 1208
1654 1209
1655 1210
1656 1211
1658 1212
1660 1213
1662 1214
1664 1215
1665 1216
1666 1217
1667 1218
1669 1219
1671 1220
1673 1221
1674 1222
1675 1223
1676 1224
1677 1225
1678 1226
1681 1227
1682 1228
1683 1229
1685 1230
1686 1231
1688 1232
1689 1233
1690 1234
1692 1235
1695 1236
1698 1237
1699 1238
1700 1239
1701 1240
1702 1241
1704 1242
1705 1243
1706 1244
1707 1245
1709 1246
1711 1247
1713 1248
1714 1249
1715 1250
1716 1251
1717 1252
1718 1253
1719 1254
1720 1255
1721 1256
1723 1257
1724 1258
1726 1259
1731 1260
1732 1261
1733 1262
1734 1263
1735 1264
1736 1265
1738 1266
1740 1267
1741 1268
1742 1269
1746 1270
1747 1271
1749 1272
1750 1273
1751 1274
1752 1275
1753 1276
1754 1277
1758 1278
1759 1279
1760 1280
1761 1281
1762 1282
1766 1283
1768 1284
1769 1285
1772 1286
1773 1287
1774 1288
1775 1289
1777 1290
1779 1291
1780 1292
1781 1293
1782 1294
1783 1295
1784 1296
1785 1297
1788 1298
1789 1299
1790 1300
1793 1301
1794 1302
1796 1303
1797 1304
1798 1305
1799 1306
1801 1307
1802 1308
1805 1309
1806 1310
1807 1311
1808 1312
1809 1313
1813 1314
1815 1315
1816 1316
1817 1317
1820 1318
1821 1319
1823 1320
1824 1321
1826 1322
1827 1323
1829 1324
1830 1325
1831 1326
1832 1327
1833 1328
1834 1329
1835 1330
1836 1331
1837 1332
1838 1333
1840 1334
1842 1335
1845 1336
1846 1337
1847 1338
1848 1339
1851 1340
1852 1341
1853 1342
1854 1343
1856 1344
1858 1345
1859 1346
1860 1347
1861 1348
1864 1349
1865 1350
1866 1351
1867 1352
1870 1353
1872 1354
1873 1355
1875 1356
1876 1357
1877 1358
1879 1359
1880 1360
1881 1361
1883 1362
1884 1363
1885 1364
1886 1365
1887 1366
1889 1367
1890 1368
1892 1369
1893 1370
1894 1371
1895 1372
1896 1373
1898 1374
1900 1375
1901 1376
1902 1377
1903 1378
1904 1379
1905 1380
1906 1381
1907 1382
1908 1383
1909 1384
1912 1385
1913 1386
1914 1387
1915 1388
1916 1389
1918 1390
1919 1391
1920 1392
1921 1393
1922 1394
1923 1395
1924 1396
1925 1397
1926 1398
1928 1399
1929 1400
1931 1401
1934 1402
1935 1403
1936 1404
1937 1405
1938 1406
1939 1407
1941 1408
1942 1409
1943 1410
1944 1411
1945 1412
1949 1413
1950 1414
1952 1415
1953 1416
1954 1417
1955 1418
1956 1419
1958 1420
1962 1421
1963 1422
1964 1423
1965 1424
1967 1425
1968 1426
1969 1427
1970 1428
1971 1429
1972 1430
1973 1431
1974 1432
1975 1433
1976 1434
1977 1435
1978 1436
1979 1437
1980 1438
1981 1439
1982 1440
1984 1441
1985 1442
1986 1443
1987 1444
1988 1445
1989 1446
1990 1447
1991 1448
1996 1449
1997 1450
1998 1451
1999 1452
2000 1453
2001 1454
2002 1455
2003 1456
2005 1457
2006 1458
2011 1459
2012 1460
2013 1461
2014 1462
2015 1463
2016 1464
2018 1465
2019 1466
2022 1467
2023 1468
2024 1469
2025 1470
2029 1471
2030 1472
2031 1473
2032 1474
2034 1475
2035 1476
2036 1477
2037 1478
2039 1479
2040 1480
2042 1481
2043 1482
2044 1483
2045 1484
2046 1485
2048 1486
2049 1487
2050 1488
2051 1489
2052 1490
2053 1491
2054 1492
2056 1493
2059 1494
2060 1495
2062 1496
2063 1497
2064 1498
2065 1499
2066 1500
2067 1501
2068 1502
2069 1503
2071 1504
2072 1505
2074 1506
2075 1507
2078 1508
2079 1509
2080 1510
2081 1511
2082 1512
2083 1513
2084 1514
2085 1515
2086 1516
2087 1517
2088 1518
2089 1519
2090 1520
2092 1521
2093 1522
2094 1523
2095 1524
2097 1525
2098 1526
2100 1527
2104 1528
2105 1529
2106 1530
2107 1531
2108 1532
2110 1533
2111 1534
2112 1535
2114 1536
2115 1537
2116 1538
2118 1539
2120 1540
2121 1541
2122 1542
2123 1543
2124 1544
2125 1545
2127 1546
2128 1547
2131 1548
2132 1549
2133 1550
2134 1551
2135 1552
2137 1553
2138 1554
2140 1555
2141 1556
2142 1557
2143 1558
2144 1559
2146 1560
2147 1561
2148 1562
2149 1563
2150 1564
2151 1565
2152 1566
2155 1567
2156 1568
2157 1569
2158 1570
2159 1571
2160 1572
2161 1573
2163 1574
2164 1575
2165 1576
2166 1577
2167 1578
2168 1579
2170 1580
2171 1581
2172 1582
2173 1583
2174 1584
2176 1585
2178 1586
2179 1587
2180 1588
2181 1589
2185 1590
2186 1591
2188 1592
2190 1593
2191 1594
2192 1595
2194 1596
2196 1597
2200 1598
2202 1599
2204 1600
2205 1601
2206 1602
2207 1603
2209 1604
2211 1605
2212 1606
2214 1607
2215 1608
2216 1609
2217 1610
2218 1611
2221 1612
2223 1613
2224 1614
2225 1615
2226 1616
2227 1617
2228 1618
2230 1619
2231 1620
2232 1621
2234 1622
2235 1623
2236 1624
2239 1625
2240 1626
2243 1627
2245 1628
2246 1629
2247 1630
2249 1631
2250 1632
2251 1633
2252 1634
2255 1635
2256 1636
2258 1637
2260 1638
2261 1639
2262 1640
2263 1641
2265 1642
2267 1643
2269 1644
2272 1645
2273 1646
2274 1647
2275 1648
2276 1649
2277 1650
2279 1651
2280 1652
2281 1653
2284 1654
2285 1655
2287 1656
2289 1657
2290 1658
2291 1659
2292 1660
2293 1661
2294 1662
2296 1663
2297 1664
2298 1665
2300 1666
2301 1667
2302 1668
2303 1669
2304 1670
2306 1671
2307 1672
2308 1673
2310 1674
2311 1675
2312 1676
2313 1677
2315 1678
2316 1679
2317 1680
2319 1681
2320 1682
2321 1683
2322 1684
2323 1685
2325 1686
2326 1687
2327 1688
2328 1689
2329 1690
2330 1691
2331 1692
2332 1693
2333 1694
2335 1695
2338 1696
2339 1697
2340 1698
2341 1699
2342 1700
2343 1701
2344 1702
2345 1703
2346 1704
2347 1705
2349 1706
2350 1707
2352 1708
2353 1709
2354 1710
2356 1711
2357 1712
2358 1713
2359 1714
2360 1715
2361 1716
2362 1717
2368 1718
2369 1719
2371 1720
2372 1721
2373 1722
2374 1723
2377 1724
2379 1725
2380 1726
2381 1727
2382 1728
2384 1729
2387 1730
2388 1731
2389 1732
2391 1733
2392 1734
2393 1735
2395 1736
2397 1737
2398 1738
2399 1739
2400 1740
2401 1741
2402 1742
2408 1743
2409 1744
2410 1745
2411 1746
2413 1747
2414 1748
2415 1749
2417 1750
2418 1751
2419 1752
2420 1753
2421 1754
2422 1755
2423 1756
2424 1757
2425 1758
2426 1759
2427 1760
2429 1761
2430 1762
2432 1763
2434 1764
2435 1765
2436 1766
2438 1767
2440 1768
2441 1769
2443 1770
2444 1771
2446 1772
2447 1773
2448 1774
2449 1775
2451 1776
2452 1777
2453 1778
2454 1779
2455 1780
2457 1781
2458 1782
2460 1783
2462 1784
2463 1785
2464 1786
2465 1787
2467 1788
2469 1789
2470 1790
2471 1791
2472 1792
2473 1793
2474 1794
2475 1795
2476 1796
2477 1797
2478 1798
2479 1799
2480 1800
2481 1801
2482 1802
2483 1803
2484 1804
2485 1805
2486 1806
2487 1807
2488 1808
2489 1809
2490 1810
2492 1811
2494 1812
2495 1813
2496 1814
2497 1815
2498 1816
2500 1817
2501 1818
2502 1819
2503 1820
2504 1821
2505 1822
2506 1823
2507 1824
2508 1825
2509 1826
2511 1827
2512 1828
2513 1829
2514 1830
2515 1831
2517 1832
2518 1833
2520 1834
2521 1835
2522 1836
2524 1837
2525 1838
2527 1839
2528 1840
2529 1841
2530 1842
2532 1843
2533 1844
2535 1845
2536 1846
2538 1847
2539 1848
2540 1849
2541 1850
2542 1851
2543 1852
2544 1853
2547 1854
2548 1855
2549 1856
2554 1857
2555 1858
2556 1859
2557 1860
2560 1861
2561 1862
2563 1863
2564 1864
2565 1865
2566 1866
2567 1867
2568 1868
2570 1869
2571 1870
2572 1871
2573 1872
2574 1873
2575 1874
2576 1875
2577 1876
2579 1877
2580 1878
2581 1879
2584 1880
2585 1881
2586 1882
2587 1883
2588 1884
2589 1885
2590 1886
2591 1887
2592 1888
2595 1889
2596 1890
2597 1891
2598 1892
2600 1893
2602 1894
2603 1895
2604 1896
2605 1897
2607 1898
2608 1899
2609 1900
2610 1901
2611 1902
2612 1903
2616 1904
2617 1905
2619 1906
2620 1907
2623 1908
2624 1909
2625 1910
2627 1911
2628 1912
2630 1913
2634 1914
2635 1915
2637 1916
2639 1917
2640 1918
2641 1919
2642 1920
2643 1921
2644 1922
2645 1923
2646 1924
2648 1925
2649 1926
2650 1927
2652 1928
2655 1929
2656 1930
2659 1931
2661 1932
2662 1933
2663 1934
2664 1935
2665 1936
2668 1937
2669 1938
2671 1939
2672 1940
2673 1941
2674 1942
2675 1943
2676 1944
2678 1945
2679 1946
2680 1947
2681 1948
2683 1949
2684 1950
2685 1951
2687 1952
2688 1953
2689 1954
2690 1955
2692 1956
2693 1957
2694 1958
2695 1959
2696 1960
2698 1961
2699 1962
2700 1963
2701 1964
2702 1965
2703 1966
2704 1967
2706 1968
2707 1969
2708 1970
2709 1971
2710 1972
2711 1973
2712 1974
2713 1975
2714 1976
2715 1977
2716 1978
2717 1979
2718 1980
2720 1981
2721 1982
2722 1983
2723 1984
2728 1985
2731 1986
2734 1987
2735 1988
2736 1989
2738 1990
2739 1991
2740 1992
2741 1993
2742 1994
2743 1995
2745 1996
2746 1997
2747 1998
2748 1999
2749 2000
2750 2001
2753 2002
2754 2003
2755 2004
2757 2005
2758 2006
2759 2007
2760 2008
2762 2009
2763 2010
2764 2011
2765 2012
2766 2013
2767 2014
2768 2015
2770 2016
2771 2017
2772 2018
2773 2019
2774 2020
2776 2021
2777 2022
2778 2023
2779 2024
2780 2025
2781 2026
2783 2027
2785 2028
2786 2029
2787 2030
2788 2031
2789 2032
2790 2033
2791 2034
2792 2035
2795 2036
2798 2037
2799 2038
2800 2039
2803 2040
2804 2041
2805 2042
2806 2043
2808 2044
2809 2045
2810 2046
2811 2047
2813 2048
2815 2049
2816 2050
2817 2051
2818 2052
2819 2053
2821 2054
2822 2055
2823 2056
2824 2057
2825 2058
2827 2059
2828 2060
2830 2061
2831 2062
2833 2063
2834 2064
2835 2065
2836 2066
2837 2067
2838 2068
2839 2069
2842 2070
2843 2071
2844 2072
2845 2073
2846 2074
2847 2075
2848 2076
2849 2077
2851 2078
2852 2079
2854 2080
2855 2081
2858 2082
2859 2083
2860 2084
2861 2085
2862 2086
2863 2087
2864 2088
2865 2089
2867 2090
2869 2091
2871 2092
2872 2093
2873 2094
2874 2095
2876 2096
2878 2097
2879 2098
2881 2099
2882 2100
2883 2101
2886 2102
2887 2103
2888 2104
2889 2105
2890 2106
2891 2107
2892 2108
2895 2109
2896 2110
2897 2111
2900 2112
2901 2113
2902 2114
2903 2115
2904 2116
2905 2117
2906 2118
2908 2119
2910 2120
2911 2121
2912 2122
2913 2123
2914 2124
2915 2125
2917 2126
2918 2127
2919 2128
2920 2129
2922 2130
2923 2131
2925 2132
2927 2133
2928 2134
2930 2135
2931 2136
2932 2137
2933 2138
2935 2139
2937 2140
2939 2141
2940 2142
2942 2143
2943 2144
2945 2145
2946 2146
2947 2147
2948 2148
2950 2149
2951 2150
2953 2151
2955 2152
2956 2153
2957 2154
2958 2155
2959 2156
2960 2157
2961 2158
2963 2159
2965 2160
2966 2161
2967 2162
2968 2163
2970 2164
2972 2165
2973 2166
2975 2167
2977 2168
2979 2169
2981 2170
2982 2171
2983 2172
2984 2173
2986 2174
2987 2175
2988 2176
2991 2177
2992 2178
2993 2179
2996 2180
2997 2181
3000 2182
3001 2183
3002 2184
3004 2185
3005 2186
3008 2187
3009 2188
3010 2189
3011 2190
3012 2191
3014 2192
3015 2193
3016 2194
3017 2195
3019 2196
3021 2197
3022 2198
3024 2199
3025 2200
3028 2201
3029 2202
3030 2203
3031 2204
3033 2205
3035 2206
3036 2207
3037 2208
3038 2209
3039 2210
3041 2211
3042 2212
3043 2213
3046 2214
3047 2215
3048 2216
3049 2217
3050 2218
3051 2219
3052 2220
3053 2221
3055 2222
3056 2223
3057 2224
3058 2225
3059 2226
3062 2227
3063 2228
3065 2229
3066 2230
3070 2231
3071 2232
3072 2233
3073 2234
3074 2235
3075 2236
3076 2237
3077 2238
3079 2239
3080 2240
3081 2241
3082 2242
3083 2243
3085 2244
3086 2245
3087 2246
3088 2247
3089 2248
3091 2249
3092 2250
3094 2251
3095 2252
3096 2253
3097 2254
3100 2255
3104 2256
3106 2257
3107 2258
3108 2259
3109 2260
3110 2261
3111 2262
3112 2263
3113 2264
3114 2265
3115 2266
3119 2267
3121 2268
3123 2269
3125 2270
3126 2271
3127 2272
3128 2273
3129 2274
3130 2275
3132 2276
3134 2277
3136 2278
3137 2279
3138 2280
3139 2281
3140 2282
3142 2283
3143 2284
3144 2285
3147 2286
3148 2287
3149 2288
3151 2289
3152 2290
3153 2291
3154 2292
3155 2293
3156 2294
3157 2295
3158 2296
3160 2297
3162 2298
3164 2299
3165 2300
3167 2301
3168 2302
3170 2303
3171 2304
3175 2305
3176 2306
3177 2307
3178 2308
3179 2309
3180 2310
3182 2311
3183 2312
3184 2313
3186 2314
3188 2315
3189 2316
3190 2317
3192 2318
3193 2319
3194 2320
3195 2321
3196 2322
3197 2323
3198 2324
3199 2325
3200 2326
3202 2327
3203 2328
3205 2329
3207 2330
3208 2331
3211 2332
3213 2333
3214 2334
3215 2335
3218 2336
3219 2337
3222 2338
3223 2339
3224 2340
3225 2341
3227 2342
3228 2343
3229 2344
3230 2345
3231 2346
3232 2347
3233 2348
3234 2349
3235 2350
3236 2351
3237 2352
3238 2353
3240 2354
3241 2355
3243 2356
3244 2357
3245 2358
3246 2359
3247 2360
3250 2361
3252 2362
3254 2363
3257 2364
3258 2365
3259 2366
3261 2367
3262 2368
3263 2369
3264 2370
3269 2371
3270 2372
3271 2373
3272 2374
3273 2375
3274 2376
3275 2377
3276 2378
3278 2379
3280 2380
3281 2381
3283 2382
3285 2383
3287 2384
3288 2385
3289 2386
3290 2387
3291 2388
3292 2389
3293 2390
3296 2391
3297 2392
3298 2393
3300 2394
3301 2395
3303 2396
3305 2397
3306 2398
3307 2399
3308 2400
3309 2401
3312 2402
3313 2403
3314 2404
3315 2405
3316 2406
3318 2407
3321 2408
3322 2409
3323 2410
3324 2411
3325 2412
3327 2413
3328 2414
3329 2415
3330 2416
3332 2417
3333 2418
3334 2419
3335 2420
3337 2421
3339 2422
3340 2423
3341 2424
3342 2425
3343 2426
3344 2427
3345 2428
3349 2429
3350 2430
3352 2431
3353 2432
3354 2433
3355 2434
3356 2435
3357 2436
3359 2437
3360 2438
3361 2439
3362 2440
3364 2441
3365 2442
3366 2443
3367 2444
3369 2445
3370 2446
3371 2447
3373 2448
3375 2449
3376 2450
3377 2451
3379 2452
3380 2453
3381 2454
3384 2455
3385 2456
3386 2457
3387 2458
3388 2459
3389 2460
3392 2461
3395 2462
3397 2463
3398 2464
3400 2465
3401 2466
3402 2467
3403 2468
3405 2469
3406 2470
3407 2471
3408 2472
3409 2473
3410 2474
3411 2475
3413 2476
3416 2477
3417 2478
3418 2479
3420 2480
3421 2481
3422 2482
3423 2483
3424 2484
3425 2485
3427 2486
3430 2487
3431 2488
3433 2489
3434 2490
3435 2491
3437 2492
3438 2493
3439 2494
3441 2495
3443 2496
3445 2497
3446 2498
3447 2499
3448 2500
3452 2501
3453 2502
3456 2503
3457 2504
3458 2505
3459 2506
3460 2507
3461 2508
3462 2509
3464 2510
3466 2511
3467 2512
3468 2513
3470 2514
3472 2515
3474 2516
3475 2517
3477 2518
3478 2519
3479 2520
3481 2521
3482 2522
3483 2523
3487 2524
3488 2525
3489 2526
3491 2527
3492 2528
3493 2529
3494 2530
3495 2531
3499 2532
3500 2533
3501 2534
3502 2535
3503 2536
3504 2537
3505 2538
3507 2539
3509 2540
3510 2541
3511 2542
3512 2543
3514 2544
3516 2545
3517 2546
3518 2547
3519 2548
3521 2549
3522 2550
3523 2551
3524 2552
3526 2553
3528 2554
3529 2555
3531 2556
3532 2557
3534 2558
3535 2559
3540 2560
3543 2561
3545 2562
3546 2563
3547 2564
3549 2565
3553 2566
3554 2567
3556 2568
3557 2569
3558 2570
3559 2571
3560 2572
3562 2573
3564 2574
3565 2575
3566 2576
3567 2577
3568 2578
3569 2579
3570 2580
3576 2581
3577 2582
3579 2583
3580 2584
3582 2585
3583 2586
3584 2587
3586 2588
3587 2589
3588 2590
3593 2591
3594 2592
3595 2593
3596 2594
3597 2595
3599 2596
3600 2597
3601 2598
3602 2599
3603 2600
3604 2601
3606 2602
3609 2603
3610 2604
3611 2605
3612 2606
3613 2607
3614 2608
3615 2609
3616 2610
3617 2611
3618 2612
3620 2613
3621 2614
3622 2615
3624 2616
3625 2617
3626 2618
3628 2619
3629 2620
3630 2621
3631 2622
3634 2623
3635 2624
3636 2625
3637 2626
3638 2627
3639 2628
3641 2629
3643 2630
3644 2631
3645 2632
3646 2633
3647 2634
3649 2635
3650 2636
3655 2637
3657 2638
3658 2639
3659 2640
3660 2641
3661 2642
3662 2643
3663 2644
3665 2645
3666 2646
3667 2647
3668 2648
3670 2649
3671 2650
3672 2651
3673 2652
3675 2653
3677 2654
3678 2655
3680 2656
3681 2657
3682 2658
3684 2659
3685 2660
3687 2661
3688 2662
3689 2663
3690 2664
3692 2665
3693 2666
3694 2667
3695 2668
3697 2669
3698 2670
3699 2671
3700 2672
3701 2673
3702 2674
3703 2675
3704 2676
3705 2677
3706 2678
3707 2679
3709 2680
3710 2681
3713 2682
3714 2683
3716 2684
3717 2685
3718 2686
3721 2687
3723 2688
3727 2689
3728 2690
3729 2691
3730 2692
3731 2693
3732 2694
3733 2695
3734 2696
3735 2697
3736 2698
3737 2699
3738 2700
3739 2701
3740 2702
3741 2703
3742 2704
3743 2705
3744 2706
3745 2707
3747 2708
3748 2709
3751 2710
3752 2711
3753 2712
3754 2713
3755 2714
3756 2715
3757 2716
3760 2717
3761 2718
3763 2719
3767 2720
3769 2721
3772 2722
3773 2723
3774 2724
3775 2725
3777 2726
3778 2727
3779 2728
3780 2729
3782 2730
3783 2731
3784 2732
3785 2733
3786 2734
3787 2735
3789 2736
3790 2737
3791 2738
3792 2739
3793 2740
3794 2741
3795 2742
3796 2743
3797 2744
3798 2745
3799 2746
3800 2747
3802 2748
3804 2749
3805 2750
3806 2751
3807 2752
3808 2753
3809 2754
3810 2755
3812 2756
3813 2757
3814 2758
3815 2759
3816 2760
3817 2761
3818 2762
3821 2763
3822 2764
3823 2765
3824 2766
3825 2767
3827 2768
3828 2769
3829 2770
3831 2771
3832 2772
3833 2773
3834 2774
3835 2775
3836 2776
3837 2777
3838 2778
3839 2779
3840 2780
3841 2781
3842 2782
3844 2783
3845 2784
3847 2785
3849 2786
3850 2787
3851 2788
3853 2789
3854 2790
3857 2791
3858 2792
3859 2793
3861 2794
3862 2795
3863 2796
3865 2797
3866 2798
3867 2799
3868 2800
3869 2801
3870 2802
3871 2803
3872 2804
3874 2805
3877 2806
3878 2807
3881 2808
3882 2809
3883 2810
3884 2811
3888 2812
3889 2813
3891 2814
3893 2815
3895 2816
3896 2817
3897 2818
3898 2819
3900 2820
3902 2821
3904 2822
3905 2823
3906 2824
3907 2825
3909 2826
3910 2827
3911 2828
3912 2829
3914 2830
3915 2831
3916 2832
3917 2833
3918 2834
3920 2835
3921 2836
3922 2837
3923 2838
3924 2839
3925 2840
3928 2841
3929 2842
3930 2843
3931 2844
3934 2845
3935 2846
3936 2847
3938 2848
3940 2849
3941 2850
3942 2851
3943 2852
3944 2853
3945 2854
3946 2855
3948 2856
3950 2857
3951 2858
3952 2859
3953 2860
3954 2861
3956 2862
3957 2863
3958 2864
3959 2865
3960 2866
3961 2867
3963 2868
3964 2869
3965 2870
3967 2871
3968 2872
3969 2873
3970 2874
3971 2875
3972 2876
3974 2877
3976 2878
3977 2879
3978 2880
3980 2881
3981 2882
3983 2883
3984 2884
3985 2885
3987 2886
3988 2887
3990 2888
3991 2889
3992 2890
3993 2891
3994 2892
3995 2893
3998 2894
4000 2895
4001 2896
4002 2897
4004 2898
4005 2899
4008 2900
4009 2901
4011 2902
4012 2903
4013 2904
4014 2905
4015 2906
4016 2907
4017 2908
4018 2909
4019 2910
4020 2911
4021 2912
4022 2913
4023 2914
4026 2915
4027 2916
4028 2917
4029 2918
4030 2919
4032 2920
4033 2921
4034 2922
4035 2923
4036 2924
4038 2925
4040 2926
4041 2927
4042 2928
4043 2929
4045 2930
4046 2931
4047 2932
4048 2933
4050 2934
4051 2935
4052 2936
4053 2937
4055 2938
4056 2939
4057 2940
4060 2941
4061 2942
4062 2943
4063 2944
4064 2945
4065 2946
4066 2947
4067 2948
4068 2949
4069 2950
4070 2951
4071 2952
4073 2953
4074 2954
4075 2955
4076 2956
4077 2957
4079 2958
4080 2959
4081 2960
4083 2961
4085 2962
4086 2963
4088 2964
4089 2965
4091 2966
4093 2967
4095 2968
4096 2969
4097 2970
4098 2971
4099 2972
4100 2973
4102 2974
4103 2975
4104 2976
4105 2977
4106 2978
4107 2979
4109 2980
4110 2981
4112 2982
4113 2983
4114 2984
4115 2985
4117 2986
4118 2987
4119 2988
4120 2989
4121 2990
4122 2991
4123 2992
4125 2993
4126 2994
4128 2995
4129 2996
4130 2997
4131 2998
4134 2999
4136 3000
4137 3001
4138 3002
4140 3003
4141 3004
4142 3005
4143 3006
4144 3007
4145 3008
4146 3009
4148 3010
4153 3011
4154 3012
4155 3013
4156 3014
4157 3015
4159 3016
4160 3017
4162 3018
4163 3019
4164 3020
4165 3021
4166 3022
4167 3023
4170 3024
4171 3025
4172 3026
4174 3027
4175 3028
4180 3029
4181 3030
4183 3031
4184 3032
4185 3033
4186 3034
4189 3035
4192 3036
4193 3037
4195 3038
4198 3039
4199 3040
4200 3041
4201 3042
4202 3043
4204 3044
4205 3045
4206 3046
4207 3047
4208 3048
4210 3049
4211 3050
4215 3051
4217 3052
4223 3053
4224 3054
4226 3055
4227 3056
4228 3057
4229 3058
4230 3059
4234 3060
4235 3061
4236 3062
4238 3063
4239 3064
4240 3065
4241 3066
4242 3067
4244 3068
4246 3069
4247 3070
4248 3071
4249 3072
4250 3073
4251 3074
4252 3075
4253 3076
4254 3077
4255 3078
4256 3079
4257 3080
4259 3081
4260 3082
4261 3083
4263 3084
4264 3085
4267 3086
4268 3087
4269 3088
4270 3089
4271 3090
4272 3091
4273 3092
4274 3093
4276 3094
4277 3095
4279 3096
4280 3097
4281 3098
4282 3099
4283 3100
4285 3101
4286 3102
4288 3103
4289 3104
4290 3105
4292 3106
4293 3107
4294 3108
4295 3109
4296 3110
4297 3111
4298 3112
4299 3113
4300 3114
4301 3115
4303 3116
4304 3117
4305 3118
4306 3119
4307 3120
4308 3121
4309 3122
4310 3123
4311 3124
4312 3125
4313 3126
4314 3127
4315 3128
4316 3129
4318 3130
4319 3131
4321 3132
4322 3133
4323 3134
4324 3135
4325 3136
4328 3137
4329 3138
4330 3139
4332 3140
4333 3141
4334 3142
4335 3143
4336 3144
4338 3145
4339 3146
4340 3147
4341 3148
4343 3149
4344 3150
4345 3151
4349 3152
4351 3153
4352 3154
4353 3155
4354 3156
4357 3157
4359 3158
4360 3159
4361 3160
4362 3161
4366 3162
4368 3163
4369 3164
4372 3165
4373 3166
4375 3167
4377 3168
4378 3169
4380 3170
4381 3171
4382 3172
4383 3173
4385 3174
4386 3175
4387 3176
4388 3177
4390 3178
4391 3179
4392 3180
4394 3181
4395 3182
4398 3183
4399 3184
4400 3185
4402 3186
4403 3187
4404 3188
4405 3189
4407 3190
4408 3191
4410 3192
4411 3193
4414 3194
4417 3195
4418 3196
4419 3197
4421 3198
4422 3199
4428 3200
4429 3201
4431 3202
4432 3203
4433 3204
4434 3205
4435 3206
4437 3207
4438 3208
4440 3209
4441 3210
4442 3211
4443 3212
4444 3213
4446 3214
4447 3215
4448 3216
4450 3217
4451 3218
4452 3219
4453 3220
4454 3221
4455 3222
4456 3223
4457 3224
4458 3225
4459 3226
4461 3227
4462 3228
4463 3229
4464 3230
4467 3231
4468 3232
4469 3233
4470 3234
4472 3235
4473 3236
4474 3237
4475 3238
4476 3239
4477 3240
4479 3241
4480 3242
4481 3243
4482 3244
4483 3245
4484 3246
4485 3247
4486 3248
4490 3249
4491 3250
4493 3251
4494 3252
4498 3253
4502 3254
4504 3255
4508 3256
4509 3257
4510 3258
4511 3259
4512 3260
4513 3261
4514 3262
4515 3263
4516 3264
4519 3265
4521 3266
4524 3267
4526 3268
4527 3269
4528 3270
4530 3271
4531 3272
4532 3273
4533 3274
4534 3275
4535 3276
4536 3277
4538 3278
4539 3279
4540 3280
4541 3281
4542 3282
4544 3283
4545 3284
4546 3285
4547 3286
4548 3287
4549 3288
4551 3289
4552 3290
4553 3291
4555 3292
4558 3293
4560 3294
4561 3295
4564 3296
4565 3297
4566 3298
4567 3299
4568 3300
4569 3301
4571 3302
4572 3303
4573 3304
4574 3305
4575 3306
4576 3307
4577 3308
4578 3309
4579 3310
4582 3311
4583 3312
4584 3313
4586 3314
4587 3315
4589 3316
4591 3317
4592 3318
4593 3319
4594 3320
4595 3321
4596 3322
4599 3323
4601 3324
4602 3325
4603 3326
4604 3327
4606 3328
4607 3329
4608 3330
4609 3331
4611 3332
4615 3333
4616 3334
4617 3335
4618 3336
4619 3337
4622 3338
4624 3339
4625 3340
4626 3341
4627 3342
4628 3343
4629 3344
4631 3345
4632 3346
4633 3347
4635 3348
4636 3349
4637 3350
4638 3351
4639 3352
4640 3353
4643 3354
4645 3355
4646 3356
4647 3357
4648 3358
4649 3359
4652 3360
4654 3361
4655 3362
4656 3363
4658 3364
4659 3365
4660 3366
4661 3367
4662 3368
4663 3369
4665 3370
4671 3371
4673 3372
4674 3373
4675 3374
4676 3375
4677 3376
4678 3377
4679 3378
4680 3379
4681 3380
4682 3381
4683 3382
4684 3383
4685 3384
4686 3385
4687 3386
4688 3387
4689 3388
4690 3389
4692 3390
4693 3391
4694 3392
4695 3393
4696 3394
4697 3395
4699 3396
4700 3397
4701 3398
4703 3399
4704 3400
4705 3401
4708 3402
4709 3403
4710 3404
4712 3405
4714 3406
4717 3407
4718 3408
4719 3409
4720 3410
4722 3411
4724 3412
4725 3413
4727 3414
4729 3415
4730 3416
4731 3417
4732 3418
4734 3419
4735 3420
4736 3421
4737 3422
4738 3423
4740 3424
4741 3425
4742 3426
4743 3427
4744 3428
4746 3429
4749 3430
4750 3431
4752 3432
4753 3433
4754 3434
4755 3435
4756 3436
4760 3437
4761 3438
4762 3439
4763 3440
4764 3441
4766 3442
4767 3443
4769 3444
4771 3445
4772 3446
4773 3447
4775 3448
4776 3449
4777 3450
4778 3451
4779 3452
4782 3453
4783 3454
4784 3455
4785 3456
4787 3457
4789 3458
4790 3459
4792 3460
4794 3461
4795 3462
4796 3463
4797 3464
4798 3465
4801 3466
4802 3467
4804 3468
4807 3469
4809 3470
4810 3471
4811 3472
4812 3473
4813 3474
4814 3475
4815 3476
4816 3477
4817 3478
4818 3479
4819 3480
4820 3481
4822 3482
4823 3483
4824 3484
4825 3485
4826 3486
4828 3487
4829 3488
4830 3489
4831 3490
4833 3491
4834 3492
4835 3493
4836 3494
4837 3495
4838 3496
4839 3497
4840 3498
4842 3499
4843 3500
4844 3501
4846 3502
4847 3503
4849 3504
4850 3505
4851 3506
4852 3507
4854 3508
4855 3509
4856 3510
4857 3511
4859 3512
4860 3513
4861 3514
4863 3515
4866 3516
4868 3517
4870 3518
4874 3519
4875 3520
4876 3521
4877 3522
4880 3523
4881 3524
4882 3525
4884 3526
4885 3527
4886 3528
4887 3529
4889 3530
4890 3531
4892 3532
4893 3533
4895 3534
4896 3535
4897 3536
4899 3537
4900 3538
4902 3539
4903 3540
4904 3541
4905 3542
4906 3543
4908 3544
4909 3545
4910 3546
4911 3547
4912 3548
4913 3549
4915 3550
4916 3551
4920 3552
4921 3553
4922 3554
4923 3555
4924 3556
4926 3557
4927 3558
4928 3559
4929 3560
4930 3561
4932 3562
4935 3563
4936 3564
4937 3565
4939 3566
4940 3567
4941 3568
4943 3569
4944 3570
4945 3571
4946 3572
4947 3573
4948 3574
4949 3575
4951 3576
4953 3577
4957 3578
4959 3579
4960 3580
4961 3581
4964 3582
4966 3583
4967 3584
4969 3585
4970 3586
4972 3587
4973 3588
4974 3589
4975 3590
4977 3591
4978 3592
4980 3593
4982 3594
4984 3595
4985 3596
4986 3597
4987 3598
4988 3599
4990 3600
4991 3601
4993 3602
4994 3603
4995 3604
4996 3605
4997 3606
4999 3607
5000 3608
5002 3609
5003 3610
5004 3611
5005 3612
5006 3613
5007 3614
5008 3615
5010 3616
5011 3617
5012 3618
5013 3619
5014 3620
5015 3621
5016 3622
5017 3623
5019 3624
5020 3625
5021 3626
5022 3627
5024 3628
5025 3629
5027 3630
5028 3631
5031 3632
5035 3633
5036 3634
5039 3635
5040 3636
5041 3637
5042 3638
5044 3639
5045 3640
5046 3641
5047 3642
5049 3643
5050 3644
5053 3645
5054 3646
5056 3647
5058 3648
5059 3649
5060 3650
5061 3651
5062 3652
5063 3653
5064 3654
5066 3655
5068 3656
5069 3657
5070 3658
5071 3659
5073 3660
5074 3661
5075 3662
5076 3663
5077 3664
5078 3665
5079 3666
5080 3667
5081 3668
5082 3669
5084 3670
5086 3671
5087 3672
5088 3673
5089 3674
5090 3675
5091 3676
5092 3677
5093 3678
5095 3679
5096 3680
5097 3681
5098 3682
5099 3683
5100 3684
5101 3685
5102 3686
5103 3687
5105 3688
5106 3689
5107 3690
5108 3691
5109 3692
5110 3693
5111 3694
5112 3695
5113 3696
5114 3697
5115 3698
5116 3699
5117 3700
5118 3701
5119 3702
5120 3703
5123 3704
5124 3705
5125 3706
5126 3707
5127 3708
5128 3709
5129 3710
5130 3711
5131 3712
5132 3713
5133 3714
5135 3715
5136 3716
5137 3717
5138 3718
5140 3719
5141 3720
5142 3721
5143 3722
5144 3723
5146 3724
5147 3725
5148 3726
5151 3727
5152 3728
5153 3729
5154 3730
5155 3731
5156 3732
5157 3733
5158 3734
5159 3735
5161 3736
5166 3737
5167 3738
5168 3739
5170 3740
5171 3741
5172 3742
5173 3743
5174 3744
5175 3745
5178 3746
5181 3747
5182 3748
5184 3749
5185 3750
5186 3751
5188 3752
5189 3753
5190 3754
5191 3755
5192 3756
5193 3757
5195 3758
5196 3759
5197 3760
5198 3761
5202 3762
5203 3763
5204 3764
5205 3765
5206 3766
5207 3767
5208 3768
5210 3769
5211 3770
5212 3771
5213 3772
5216 3773
5217 3774
5218 3775
5220 3776
5222 3777
5225 3778
5227 3779
5228 3780
5231 3781
5232 3782
5233 3783
5235 3784
5236 3785
5237 3786
5238 3787
5239 3788
5240 3789
5243 3790
5244 3791
5245 3792
5246 3793
5247 3794
5248 3795
5249 3796
5251 3797
5255 3798
5256 3799
5257 3800
5258 3801
5259 3802
5260 3803
5261 3804
5262 3805
5263 3806
5264 3807
5265 3808
5266 3809
5267 3810
5268 3811
5272 3812
5273 3813
5274 3814
5275 3815
5276 3816
5277 3817
5279 3818
5281 3819
5282 3820
5283 3821
5284 3822
5285 3823
5286 3824
5287 3825
5288 3826
5289 3827
5290 3828
5291 3829
5292 3830
5293 3831
5294 3832
5296 3833
5297 3834
5298 3835
5299 3836
5300 3837
5301 3838
5302 3839
5304 3840
5305 3841
5307 3842
5308 3843
5309 3844
5310 3845
5311 3846
5312 3847
5313 3848
5315 3849
5317 3850
5318 3851
5319 3852
5320 3853
5321 3854
5323 3855
5327 3856
5332 3857
5333 3858
5335 3859
5336 3860
5337 3861
5338 3862
5339 3863
5340 3864
5341 3865
5342 3866
5343 3867
5344 3868
5345 3869
5347 3870
5348 3871
5349 3872
5350 3873
5352 3874
5353 3875
5354 3876
5358 3877
5362 3878
5363 3879
5364 3880
5365 3881
5366 3882
5367 3883
5368 3884
5370 3885
5373 3886
5375 3887
5376 3888
5380 3889
5381 3890
5383 3891
5385 3892
5387 3893
5388 3894
5389 3895
5391 3896
5392 3897
5394 3898
5395 3899
5396 3900
5398 3901
5399 3902
5401 3903
5402 3904
5404 3905
5405 3906
5406 3907
5407 3908
5408 3909
5411 3910
5412 3911
5414 3912
5417 3913
5419 3914
5421 3915
5422 3916
5423 3917
5424 3918
5425 3919
5426 3920
5428 3921
5429 3922
5430 3923
5431 3924
5432 3925
5433 3926
5437 3927
5438 3928
5439 3929
5443 3930
5444 3931
5446 3932
5447 3933
5448 3934
5449 3935
5450 3936
5451 3937
5454 3938
5456 3939
5457 3940
5458 3941
5461 3942
5462 3943
5464 3944
5465 3945
5467 3946
5468 3947
5469 3948
5470 3949
5471 3950
5472 3951
5473 3952
5474 3953
5475 3954
5476 3955
5477 3956
5478 3957
5481 3958
5482 3959
5484 3960
5486 3961
5487 3962
5489 3963
5490 3964
5493 3965
5494 3966
5495 3967
5496 3968
5497 3969
5498 3970
5499 3971
5500 3972
5501 3973
5502 3974
5503 3975
5504 3976
5505 3977
5506 3978
5507 3979
5509 3980
5510 3981
5512 3982
5513 3983
5514 3984
5515 3985
5516 3986
5517 3987
5518 3988
5519 3989
5520 3990
5521 3991
5522 3992
5523 3993
5524 3994
5525 3995
5526 3996
5527 3997
5528 3998
5529 3999
5531 4000
5533 4001
5534 4002
5535 4003
5537 4004
5538 4005
5539 4006
5541 4007
5543 4008
5545 4009
5547 4010
5548 4011
5549 4012
5550 4013
5551 4014
5552 4015
5553 4016
5555 4017
5557 4018
5558 4019
5559 4020
5560 4021
5563 4022
5564 4023
5565 4024
5568 4025
5569 4026
5570 4027
5572 4028
5573 4029
5574 4030
5575 4031
5577 4032
5578 4033
5579 4034
5580 4035
5582 4036
5583 4037
5584 4038
5585 4039
5586 4040
5588 4041
5590 4042
5593 4043
5594 4044
5595 4045
5596 4046
5597 4047
5599 4048
5600 4049
5601 4050
5602 4051
5603 4052
5604 4053
5605 4054
5606 4055
5608 4056
5609 4057
5610 4058
5612 4059
5613 4060
5614 4061
5615 4062
5616 4063
5617 4064
5619 4065
5620 4066
5622 4067
5623 4068
5625 4069
5628 4070
5629 4071
5630 4072
5631 4073
5632 4074
5633 4075
5634 4076
5635 4077
5636 4078
5638 4079
5641 4080
5643 4081
5647 4082
5648 4083
5649 4084
5650 4085
5651 4086
5654 4087
5655 4088
5657 4089
5658 4090
5659 4091
5661 4092
5662 4093
5663 4094
5664 4095
5665 4096
5667 4097
5668 4098
5669 4099
5670 4100
5671 4101
5674 4102
5675 4103
5680 4104
5683 4105
5684 4106
5685 4107
5686 4108
5687 4109
5688 4110
5690 4111
5691 4112
5693 4113
5694 4114
5695 4115
5696 4116
5697 4117
5698 4118
5700 4119
5701 4120
5702 4121
5703 4122
5704 4123
5706 4124
5707 4125
5709 4126
5710 4127
5712 4128
5713 4129
5714 4130
5715 4131
5716 4132
5717 4133
5718 4134
5720 4135
5723 4136
5724 4137
5725 4138
5727 4139
5728 4140
5729 4141
5730 4142
5731 4143
5733 4144
5734 4145
5735 4146
5736 4147
5737 4148
5739 4149
5740 4150
5741 4151
5742 4152
5743 4153
5744 4154
5745 4155
5747 4156
5748 4157
5749 4158
5750 4159
5752 4160
5754 4161
5755 4162
5756 4163
5758 4164
5759 4165
5760 4166
5761 4167
5762 4168
5763 4169
5765 4170
5766 4171
5768 4172
5770 4173
5771 4174
5772 4175
5773 4176
5775 4177
5777 4178
5778 4179
5779 4180
5780 4181
5781 4182
5783 4183
5784 4184
5785 4185
5786 4186
5792 4187
5794 4188
5795 4189
5796 4190
5797 4191
5798 4192
5799 4193
5800 4194
5804 4195
5805 4196
5806 4197
5807 4198
5810 4199
5811 4200
5814 4201
5816 4202
5817 4203
5818 4204
5819 4205
5820 4206
5821 4207
5825 4208
5826 4209
5828 4210
5829 4211
5830 4212
5831 4213
5832 4214
5833 4215
5834 4216
5836 4217
5837 4218
5838 4219
5839 4220
5841 4221
5842 4222
5843 4223
5846 4224
5847 4225
5848 4226
5849 4227
5852 4228
5853 4229
5854 4230
5855 4231
5857 4232
5858 4233
5859 4234
5860 4235
5862 4236
5863 4237
5864 4238
5865 4239
5866 4240
5867 4241
5868 4242
5870 4243
5872 4244
5875 4245
5877 4246
5878 4247
5879 4248
5880 4249
5881 4250
5882 4251
5885 4252
5886 4253
5887 4254
5891 4255
5892 4256
5893 4257
5894 4258
5895 4259
5896 4260
5897 4261
5898 4262
5899 4263
5900 4264
5901 4265
5902 4266
5903 4267
5904 4268
5905 4269
5906 4270
5908 4271
5909 4272
5911 4273
5912 4274
5913 4275
5914 4276
5915 4277
5917 4278
5919 4279
5920 4280
5921 4281
5922 4282
5923 4283
5924 4284
5925 4285
5926 4286
5929 4287
5930 4288
5931 4289
5933 4290
5934 4291
5935 4292
5936 4293
5937 4294
5939 4295
5940 4296
5942 4297
5943 4298
5945 4299
5946 4300
5947 4301
5948 4302
5949 4303
5950 4304
5953 4305
5955 4306
5956 4307
5957 4308
5958 4309
5961 4310
5962 4311
5963 4312
5964 4313
5965 4314
5967 4315
5969 4316
5971 4317
5972 4318
5973 4319
5974 4320
5976 4321
5978 4322
5979 4323
5980 4324
5981 4325
5984 4326
5985 4327
5987 4328
5988 4329
5989 4330
5991 4331
5994 4332
5995 4333
5997 4334
5998 4335
5999 4336
6000 4337
6001 4338
6002 4339
6003 4340
6004 4341
6005 4342
6006 4343
6007 4344
6008 4345
6009 4346
6010 4347
6011 4348
6012 4349
6013 4350
6015 4351
6016 4352
6017 4353
6018 4354
6019 4355
6020 4356
6021 4357
6022 4358
6023 4359
6024 4360
6025 4361
6026 4362
6027 4363
6028 4364
6029 4365
6030 4366
6031 4367
6032 4368
6033 4369
6034 4370
6035 4371
6037 4372
6039 4373
6040 4374
6041 4375
6042 4376
6044 4377
6045 4378
6046 4379
6047 4380
6048 4381
6049 4382
6051 4383
6052 4384
6053 4385
6055 4386
6056 4387
6057 4388
6058 4389
6059 4390
6060 4391
6061 4392
6062 4393
6064 4394
6066 4395
6067 4396
6069 4397
6070 4398
6072 4399
6073 4400
6074 4401
6076 4402
6077 4403
6080 4404
6081 4405
6083 4406
6084 4407
6085 4408
6086 4409
6087 4410
6088 4411
6090 4412
6092 4413
6093 4414
6095 4415
6096 4416
6097 4417
6098 4418
6099 4419
6101 4420
6102 4421
6103 4422
6104 4423
6107 4424
6108 4425
6109 4426
6110 4427
6111 4428
6112 4429
6114 4430
6115 4431
6117 4432
6119 4433
6120 4434
6121 4435
6124 4436
6125 4437
6126 4438
6127 4439
6128 4440
6129 4441
6131 4442
6132 4443
6133 4444
6134 4445
6137 4446
6138 4447
6139 4448
6140 4449
6141 4450
6142 4451
6147 4452
6148 4453
6149 4454
6150 4455
6151 4456
6153 4457
6154 4458
6155 4459
6156 4460
6158 4461
6160 4462
6161 4463
6163 4464
6164 4465
6165 4466
6166 4467
6169 4468
6170 4469
6172 4470
6173 4471
6176 4472
6177 4473
6180 4474
6181 4475
6184 4476
6185 4477
6186 4478
6187 4479
6189 4480
6190 4481
6192 4482
6193 4483
6194 4484
6195 4485
6196 4486
6197 4487
6198 4488
6199 4489
6200 4490
6201 4491
6202 4492
6203 4493
6205 4494
6207 4495
6208 4496
6209 4497
6210 4498
6211 4499
6213 4500
6214 4501
6215 4502
6216 4503
6218 4504
6219 4505
6220 4506
6221 4507
6222 4508
6224 4509
6225 4510
6226 4511
6227 4512
6228 4513
6230 4514
6231 4515
6232 4516
6233 4517
6235 4518
6236 4519
6237 4520
6238 4521
6240 4522
6241 4523
6243 4524
6244 4525
6245 4526
6246 4527
6247 4528
6248 4529
6250 4530
6252 4531
6253 4532
6254 4533
6255 4534
6256 4535
6258 4536
6259 4537
6260 4538
6261 4539
6262 4540
6263 4541
6265 4542
6267 4543
6268 4544
6269 4545
6271 4546
6272 4547
6273 4548
6274 4549
6275 4550
6276 4551
6277 4552
6278 4553
6279 4554
6280 4555
6281 4556
6282 4557
6284 4558
6285 4559
6286 4560
6288 4561
6290 4562
6291 4563
6292 4564
6293 4565
6294 4566
6295 4567
6297 4568
6298 4569
6300 4570
6301 4571
6303 4572
6304 4573
6306 4574
6310 4575
6311 4576
6312 4577
6313 4578
6314 4579
6316 4580
6317 4581
6318 4582
6319 4583
6320 4584
6321 4585
6322 4586
6323 4587
6324 4588
6328 4589
6329 4590
6330 4591
6331 4592
6332 4593
6334 4594
6335 4595
6336 4596
6337 4597
6338 4598
6339 4599
6340 4600
6341 4601
6344 4602
6345 4603
6347 4604
6349 4605
6350 4606
6351 4607
6352 4608
6353 4609
6354 4610
6355 4611
6356 4612
6357 4613
6358 4614
6360 4615
6361 4616
6362 4617
6365 4618
6366 4619
6367 4620
6368 4621
6369 4622
6370 4623
6373 4624
6375 4625
6376 4626
6377 4627
6378 4628
6379 4629
6382 4630
6383 4631
6384 4632
6386 4633
6388 4634
6389 4635
6390 4636
6391 4637
6392 4638
6393 4639
6394 4640
6395 4641
6397 4642
6398 4643
6400 4644
6402 4645
6404 4646
6405 4647
6407 4648
6408 4649
6409 4650
6412 4651
6414 4652
6416 4653
6417 4654
6418 4655
6419 4656
6420 4657
6421 4658
6422 4659
6423 4660
6424 4661
6425 4662
6426 4663
6427 4664
6428 4665
6429 4666
6430 4667
6431 4668
6432 4669
6433 4670
6434 4671
6435 4672
6438 4673
6440 4674
6442 4675
6444 4676
6446 4677
6447 4678
6448 4679
6449 4680
6450 4681
6452 4682
6453 4683
6454 4684
6455 4685
6456 4686
6457 4687
6459 4688
6460 4689
6462 4690
6464 4691
6465 4692
6466 4693
6469 4694
6471 4695
6472 4696
6475 4697
6477 4698
6478 4699
6479 4700
6481 4701
6482 4702
6483 4703
6486 4704
6487 4705
6488 4706
6489 4707
6490 4708
6491 4709
6494 4710
6495 4711
6496 4712
6497 4713
6498 4714
6500 4715
6501 4716
6504 4717
6505 4718
6507 4719
6508 4720
6510 4721
6511 4722
6512 4723
6513 4724
6517 4725
6518 4726
6519 4727
6520 4728
6522 4729
6523 4730
6524 4731
6525 4732
6526 4733
6527 4734
6528 4735
6529 4736
6530 4737
6531 4738
6535 4739
6538 4740
6539 4741
6540 4742
6542 4743
6543 4744
6545 4745
6548 4746
6549 4747
6551 4748
6552 4749
6553 4750
6554 4751
6555 4752
6556 4753
6557 4754
6559 4755
6560 4756
6561 4757
6562 4758
6563 4759
6564 4760
6565 4761
6566 4762
6571 4763
6573 4764
6574 4765
6575 4766
6576 4767
6578 4768
6579 4769
6580 4770
6581 4771
6584 4772
6585 4773
6586 4774
6587 4775
6588 4776
6589 4777
6590 4778
6592 4779
6593 4780
6594 4781
6595 4782
6596 4783
6597 4784
6599 4785
6602 4786
6604 4787
6605 4788
6607 4789
6610 4790
6612 4791
6613 4792
6616 4793
6617 4794
6619 4795
6620 4796
6622 4797
6624 4798
6628 4799
6629 4800
6631 4801
6632 4802
6633 4803
6634 4804
6636 4805
6638 4806
6640 4807
6641 4808
6643 4809
6644 4810
6645 4811
6646 4812
6650 4813
6652 4814
6653 4815
6654 4816
6655 4817
6656 4818
6658 4819
6659 4820
6660 4821
6661 4822
6662 4823
6664 4824
6666 4825
6667 4826
6668 4827
6669 4828
6671 4829
6672 4830
6673 4831
6674 4832
6675 4833
6676 4834
6677 4835
6679 4836
6680 4837
6681 4838
6682 4839
6683 4840
6684 4841
6685 4842
6686 4843
6687 4844
6688 4845
6689 4846
6690 4847
6693 4848
6694 4849
6695 4850
6696 4851
6697 4852
6699 4853
6700 4854
6704 4855
6706 4856
6707 4857
6708 4858
6709 4859
6710 4860
6711 4861
6712 4862
6714 4863
6715 4864
6716 4865
6717 4866
6718 4867
6719 4868
6722 4869
6723 4870
6724 4871
6725 4872
6726 4873
6727 4874
6728 4875
6729 4876
6730 4877
6732 4878
6733 4879
6734 4880
6736 4881
6737 4882
6738 4883
6739 4884
6740 4885
6743 4886
6744 4887
6746 4888
6747 4889
6748 4890
6749 4891
6750 4892
6751 4893
6754 4894
6755 4895
6758 4896
6759 4897
6761 4898
6763 4899
6764 4900
6766 4901
6767 4902
6768 4903
6769 4904
6770 4905
6772 4906
6773 4907
6775 4908
6776 4909
6777 4910
6778 4911
6779 4912
6780 4913
6781 4914
6782 4915
6783 4916
6784 4917
6785 4918
6787 4919
6789 4920
6790 4921
6793 4922
6794 4923
6795 4924
6796 4925
6797 4926
6798 4927
6799 4928
6801 4929
6802 4930
6803 4931
6805 4932
6807 4933
6808 4934
6809 4935
6810 4936
6811 4937
6813 4938
6814 4939
6816 4940
6817 4941
6818 4942
6819 4943
6820 4944
6821 4945
6822 4946
6823 4947
6824 4948
6828 4949
6830 4950
6831 4951
6832 4952
6833 4953
6834 4954
6835 4955
6836 4956
6837 4957
6838 4958
6841 4959
6842 4960
6844 4961
6845 4962
6847 4963
6848 4964
6849 4965
6850 4966
6851 4967
6852 4968
6853 4969
6854 4970
6855 4971
6856 4972
6857 4973
6859 4974
6860 4975
6861 4976
6862 4977
6863 4978
6864 4979
6865 4980
6866 4981
6867 4982
6868 4983
6869 4984
6873 4985
6878 4986
6880 4987
6882 4988
6883 4989
6884 4990
6885 4991
6886 4992
6888 4993
6889 4994
6890 4995
6891 4996
6892 4997
6893 4998
6894 4999
6895 5000
6896 5001
6897 5002
6898 5003
6899 5004
6900 5005
6901 5006
6902 5007
6903 5008
6905 5009
6906 5010
6909 5011
6910 5012
6911 5013
6912 5014
6913 5015
6918 5016
6919 5017
6920 5018
6921 5019
6922 5020
6923 5021
6924 5022
6925 5023
6927 5024
6928 5025
6929 5026
6930 5027
6931 5028
6934 5029
6935 5030
6936 5031
6937 5032
6938 5033
6939 5034
6940 5035
6941 5036
6942 5037
6944 5038
6949 5039
6952 5040
6953 5041
6955 5042
6956 5043
6957 5044
6959 5045
6961 5046
6962 5047
6963 5048
6964 5049
6966 5050
6967 5051
6968 5052
6969 5053
6970 5054
6972 5055
6973 5056
6975 5057
6977 5058
6978 5059
6979 5060
6980 5061
6981 5062
6982 5063
6983 5064
6985 5065
6986 5066
6987 5067
6988 5068
6989 5069
6991 5070
6992 5071
6994 5072
6997 5073
6998 5074
6999 5075
7000 5076
7004 5077
7005 5078
7006 5079
7009 5080
7011 5081
7012 5082
7013 5083
7015 5084
7016 5085
7020 5086
7024 5087
7025 5088
7026 5089
7027 5090
7028 5091
7029 5092
7030 5093
7031 5094
7032 5095
7033 5096
7035 5097
7036 5098
7037 5099
7038 5100
7039 5101
7040 5102
7041 5103
7043 5104
7044 5105
7045 5106
7046 5107
7047 5108
7048 5109
7049 5110
7050 5111
7051 5112
7054 5113
7055 5114
7056 5115
7057 5116
7058 5117
7059 5118
7060 5119
7064 5120
7065 5121
7067 5122
7068 5123
7069 5124
7070 5125
7072 5126
7073 5127
7074 5128
7075 5129
7076 5130
7077 5131
7078 5132
7079 5133
7080 5134
7081 5135
7082 5136
7083 5137
7084 5138
7085 5139
7086 5140
7087 5141
7088 5142
7089 5143
7090 5144
7093 5145
7094 5146
7096 5147
7097 5148
7098 5149
7099 5150
7100 5151
7102 5152
7103 5153
7104 5154
7105 5155
7106 5156
7108 5157
7109 5158
7111 5159
7113 5160
7114 5161
7115 5162
7116 5163
7117 5164
7119 5165
7120 5166
7121 5167
7122 5168
7123 5169
7124 5170
7127 5171
7128 5172
7129 5173
7130 5174
7131 5175
7132 5176
7133 5177
7134 5178
7135 5179
7136 5180
7138 5181
7140 5182
7143 5183
7146 5184
7147 5185
7148 5186
7149 5187
7150 5188
7154 5189
7157 5190
7158 5191
7159 5192
7160 5193
7161 5194
7162 5195
7163 5196
7164 5197
7165 5198
7167 5199
7168 5200
7169 5201
7170 5202
7171 5203
7173 5204
7176 5205
7178 5206
7179 5207
7180 5208
7181 5209
7182 5210
7183 5211
7185 5212
7186 5213
7188 5214
7189 5215
7190 5216
7191 5217
7192 5218
7193 5219
7194 5220
7196 5221
7197 5222
7198 5223
7199 5224
7200 5225
7201 5226
7203 5227
7204 5228
7205 5229
7207 5230
7208 5231
7209 5232
7210 5233
7212 5234
7213 5235
7214 5236
7216 5237
7217 5238
7218 5239
7221 5240
7222 5241
7223 5242
7225 5243
7226 5244
7227 5245
7229 5246
7230 5247
7232 5248
7234 5249
7235 5250
7236 5251
7238 5252
7239 5253
7240 5254
7242 5255
7243 5256
7244 5257
7247 5258
7248 5259
7250 5260
7251 5261
7252 5262
7253 5263
7257 5264
7258 5265
7259 5266
7260 5267
7261 5268
7262 5269
7263 5270
7264 5271
7266 5272
7267 5273
7269 5274
7270 5275
7271 5276
7272 5277
7275 5278
7276 5279
7277 5280
7278 5281
7279 5282
7283 5283
7285 5284
7286 5285
7287 5286
7288 5287
7289 5288
7290 5289
7291 5290
7292 5291
7293 5292
7294 5293
7295 5294
7297 5295
7298 5296
7299 5297
7301 5298
7302 5299
7304 5300
7305 5301
7307 5302
7308 5303
7309 5304
7310 5305
7312 5306
7313 5307
7316 5308
7317 5309
7319 5310
7324 5311
7325 5312
7326 5313
7327 5314
7328 5315
7329 5316
7330 5317
7331 5318
7332 5319
7335 5320
7337 5321
7338 5322
7340 5323
7341 5324
7344 5325
7345 5326
7347 5327
7349 5328
7350 5329
7351 5330
7352 5331
7353 5332
7354 5333
7355 5334
7356 5335
7357 5336
7358 5337
7359 5338
7360 5339
7361 5340
7362 5341
7363 5342
7364 5343
7365 5344
7366 5345
7367 5346
7368 5347
7369 5348
7370 5349
7371 5350
7372 5351
7375 5352
7376 5353
7377 5354
7378 5355
7379 5356
7380 5357
7381 5358
7383 5359
7384 5360
7385 5361
7387 5362
7388 5363
7390 5364
7391 5365
7392 5366
7393 5367
7394 5368
7395 5369
7396 5370
7397 5371
7398 5372
7400 5373
7401 5374
7402 5375
7405 5376
7406 5377
7407 5378
7409 5379
7410 5380
7413 5381
7414 5382
7415 5383
7416 5384
7417 5385
7418 5386
7419 5387
7420 5388
7423 5389
7425 5390
7426 5391
7427 5392
7428 5393
7429 5394
7430 5395
7435 5396
7437 5397
7438 5398
7439 5399
7441 5400
7442 5401
7443 5402
7444 5403
7447 5404
7449 5405
7450 5406
7451 5407
7454 5408
7455 5409
7456 5410
7458 5411
7459 5412
7460 5413
7461 5414
7464 5415
7465 5416
7466 5417
7467 5418
7468 5419
7470 5420
7471 5421
7472 5422
7473 5423
7474 5424
7475 5425
7476 5426
7477 5427
7479 5428
7481 5429
7484 5430
7485 5431
7486 5432
7487 5433
7488 5434
7489 5435
7490 5436
7491 5437
7493 5438
7494 5439
7495 5440
7496 5441
7497 5442
7498 5443
7499 5444
7501 5445
7502 5446
7504 5447
7505 5448
7507 5449
7508 5450
7509 5451
7511 5452
7512 5453
7513 5454
7514 5455
7515 5456
7517 5457
7519 5458
7521 5459
7523 5460
7524 5461
7525 5462
7527 5463
7528 5464
7529 5465
7530 5466
7531 5467
7532 5468
7533 5469
7535 5470
7536 5471
7537 5472
7540 5473
7541 5474
7542 5475
7543 5476
7544 5477
7546 5478
7547 5479
7548 5480
7549 5481
7550 5482
7551 5483
7553 5484
7554 5485
7556 5486
7557 5487
7558 5488
7559 5489
7561 5490
7563 5491
7564 5492
7565 5493
7566 5494
7567 5495
7568 5496
7570 5497
7572 5498
7573 5499
7574 5500
7575 5501
7576 5502
7577 5503
7578 5504
7579 5505
7585 5506
7587 5507
7588 5508
7589 5509
7590 5510
7591 5511
7592 5512
7593 5513
7594 5514
7595 5515
7596 5516
7598 5517
7600 5518
7601 5519
7602 5520
7604 5521
7605 5522
7606 5523
7607 5524
7608 5525
7609 5526
7611 5527
7613 5528
7614 5529
7615 5530
7616 5531
7619 5532
7620 5533
7621 5534
7622 5535
7623 5536
7624 5537
7626 5538
7627 5539
7628 5540
7629 5541
7630 5542
7631 5543
7632 5544
7635 5545
7636 5546
7637 5547
7641 5548
7642 5549
7643 5550
7644 5551
7645 5552
7646 5553
7647 5554
7649 5555
7650 5556
7652 5557
7654 5558
7656 5559
7657 5560
7658 5561
7659 5562
7660 5563
7661 5564
7662 5565
7663 5566
7664 5567
7665 5568
7668 5569
7670 5570
7672 5571
7674 5572
7675 5573
7676 5574
7677 5575
7678 5576
7679 5577
7680 5578
7681 5579
7684 5580
7685 5581
7686 5582
7687 5583
7688 5584
7689 5585
7690 5586
7691 5587
7692 5588
7694 5589
7695 5590
7697 5591
7698 5592
7699 5593
7700 5594
7701 5595
7702 5596
7703 5597
7704 5598
7705 5599
7706 5600
7708 5601
7710 5602
7711 5603
7712 5604
7713 5605
7718 5606
7720 5607
7722 5608
7723 5609
7724 5610
7726 5611
7727 5612
7728 5613
7729 5614
7730 5615
7732 5616
7733 5617
7734 5618
7735 5619
7736 5620
7737 5621
7738 5622
7740 5623
7741 5624
7742 5625
7743 5626
7746 5627
7747 5628
7748 5629
7751 5630
7752 5631
7754 5632
7755 5633
7756 5634
7757 5635
7758 5636
7759 5637
7762 5638
7765 5639
7766 5640
7768 5641
7769 5642
7770 5643
7771 5644
7772 5645
7773 5646
7774 5647
7775 5648
7776 5649
7777 5650
7778 5651
7779 5652
7780 5653
7783 5654
7784 5655
7785 5656
7787 5657
7788 5658
7789 5659
7790 5660
7791 5661
7792 5662
7793 5663
7795 5664
7796 5665
7797 5666
7798 5667
7799 5668
7800 5669
7802 5670
7804 5671
7805 5672
7806 5673
7808 5674
7809 5675
7810 5676
7811 5677
7813 5678
7814 5679
7815 5680
7817 5681
7818 5682
7819 5683
7820 5684
7821 5685
7822 5686
7823 5687
7825 5688
7826 5689
7828 5690
7829 5691
7830 5692
7831 5693
7832 5694
7833 5695
7834 5696
7835 5697
7836 5698
7837 5699
7838 5700
7839 5701
7841 5702
7842 5703
7843 5704
7845 5705
7846 5706
7848 5707
7850 5708
7851 5709
7852 5710
7854 5711
7855 5712
7857 5713
7859 5714
7861 5715
7863 5716
7864 5717
7866 5718
7867 5719
7868 5720
7869 5721
7871 5722
7873 5723
7875 5724
7876 5725
7880 5726
7882 5727
7884 5728
7888 5729
7890 5730
7891 5731
7892 5732
7893 5733
7894 5734
7895 5735
7896 5736
7897 5737
7898 5738
7899 5739
7900 5740
7902 5741
7903 5742
7904 5743
7907 5744
7908 5745
7909 5746
7910 5747
7912 5748
7913 5749
7914 5750
7915 5751
7916 5752
7917 5753
7918 5754
7919 5755
7920 5756
7921 5757
7923 5758
7924 5759
7926 5760
7927 5761
7929 5762
7930 5763
7932 5764
7933 5765
7935 5766
7938 5767
7940 5768
7941 5769
7942 5770
7944 5771
7946 5772
7947 5773
7948 5774
7949 5775
7952 5776
7953 5777
7955 5778
7956 5779
7957 5780
7959 5781
7960 5782
7964 5783
7965 5784
7966 5785
7969 5786
7970 5787
7972 5788
7973 5789
7976 5790
7977 5791
7979 5792
7981 5793
7982 5794
7983 5795
7984 5796
7985 5797
7986 5798
7987 5799
7988 5800
7990 5801
7991 5802
7992 5803
7994 5804
7997 5805
7999 5806
8000 5807
8002 5808
8003 5809
8004 5810
8005 5811
8006 5812
8007 5813
8008 5814
8009 5815
8010 5816
8014 5817
8017 5818
8019 5819
8020 5820
8021 5821
8024 5822
8026 5823
8027 5824
8028 5825
8029 5826
8030 5827
8032 5828
8033 5829
8034 5830
8035 5831
8036 5832
8037 5833
8038 5834
8039 5835
8040 5836
8041 5837
8042 5838
8043 5839
8044 5840
8045 5841
8046 5842
8052 5843
8053 5844
8055 5845
8057 5846
8058 5847
8059 5848
8060 5849
8061 5850
8062 5851
8063 5852
8065 5853
8067 5854
8068 5855
8069 5856
8071 5857
8072 5858
8074 5859
8076 5860
8077 5861
8078 5862
8079 5863
8081 5864
8083 5865
8085 5866
8086 5867
8087 5868
8088 5869
8089 5870
8090 5871
8091 5872
8092 5873
8093 5874
8094 5875
8095 5876
8096 5877
8098 5878
8099 5879
8100 5880
8101 5881
8102 5882
8103 5883
8104 5884
8105 5885
8107 5886
8108 5887
8109 5888
8111 5889
8112 5890
8116 5891
8117 5892
8118 5893
8120 5894
8121 5895
8122 5896
8123 5897
8124 5898
8125 5899
8126 5900
8128 5901
8129 5902
8130 5903
8132 5904
8133 5905
8136 5906
8137 5907
8138 5908
8139 5909
8140 5910
8141 5911
8142 5912
8143 5913
8144 5914
8145 5915
8147 5916
8148 5917
8149 5918
8150 5919
8151 5920
8152 5921
8154 5922
8155 5923
8157 5924
8159 5925
8160 5926
8162 5927
8163 5928
8164 5929
8166 5930
8167 5931
8168 5932
8169 5933
8170 5934
8171 5935
8172 5936
8173 5937
8174 5938
8175 5939
8176 5940
8178 5941
8183 5942
8184 5943
8186 5944
8188 5945
8190 5946
8191 5947
8195 5948
8196 5949
8197 5950
8198 5951
8199 5952
8201 5953
8203 5954
8204 5955
8205 5956
8206 5957
8207 5958
8209 5959
8211 5960
8212 5961
8213 5962
8214 5963
8216 5964
8217 5965
8218 5966
8219 5967
8220 5968
8222 5969
8225 5970
8226 5971
8229 5972
8230 5973
8231 5974
8232 5975
8234 5976
8235 5977
8236 5978
8237 5979
8238 5980
8239 5981
8240 5982
8241 5983
8242 5984
8243 5985
8245 5986
8246 5987
8247 5988
8251 5989
8252 5990
8253 5991
8255 5992
8256 5993
8258 5994
8259 5995
8264 5996
8266 5997
8267 5998
8268 5999
8269 6000
8270 6001
8271 6002
8272 6003
8273 6004
8274 6005
8275 6006
8276 6007
8277 6008
8279 6009
8281 6010
8282 6011
8284 6012
8285 6013
8286 6014
8287 6015
8288 6016
8289 6017
8290 6018
8291 6019
8292 6020
8293 6021
8294 6022
8295 6023
8296 6024
8297 6025
8300 6026
8305 6027
8306 6028
8307 6029
8308 6030
8310 6031
8312 6032
8313 6033
8314 6034
8315 6035
8316 6036
8318 6037
8319 6038
8320 6039
8322 6040
8323 6041
8325 6042
8327 6043
8328 6044
8329 6045
8332 6046
8334 6047
8337 6048
8339 6049
8340 6050
8342 6051
8343 6052
8344 6053
8347 6054
8348 6055
8350 6056
8351 6057
8352 6058
8353 6059
8355 6060
8356 6061
8357 6062
8358 6063
8359 6064
8360 6065
8361 6066
8362 6067
8363 6068
8364 6069
8365 6070
8366 6071
8367 6072
8368 6073
8369 6074
8370 6075
8371 6076
8372 6077
8373 6078
8374 6079
8375 6080
8376 6081
8379 6082
8381 6083
8382 6084
8388 6085
8389 6086
8390 6087
8392 6088
8393 6089
8394 6090
8397 6091
8399 6092
8400 6093
8401 6094
8402 6095
8404 6096
8407 6097
8408 6098
8409 6099
8410 6100
8413 6101
8415 6102
8416 6103
8418 6104
8419 6105
8420 6106
8422 6107
8423 6108
8424 6109
8426 6110
8427 6111
8429 6112
8430 6113
8431 6114
8432 6115
8433 6116
8434 6117
8435 6118
8436 6119
8437 6120
8438 6121
8439 6122
8440 6123
8442 6124
8443 6125
8444 6126
8447 6127
8448 6128
8449 6129
8450 6130
8451 6131
8452 6132
8453 6133
8454 6134
8456 6135
8457 6136
8461 6137
8462 6138
8463 6139
8465 6140
8467 6141
8468 6142
8469 6143
8470 6144
8471 6145
8472 6146
8473 6147
8475 6148
8476 6149
8477 6150
8478 6151
8479 6152
8480 6153
8484 6154
8485 6155
8486 6156
8487 6157
8488 6158
8490 6159
8491 6160
8492 6161
8493 6162
8494 6163
8496 6164
8497 6165
8498 6166
8499 6167
8500 6168
8501 6169
8502 6170
8503 6171
8504 6172
8510 6173
8514 6174
8515 6175
8516 6176
8518 6177
8520 6178
8524 6179
8526 6180
8527 6181
8528 6182
8529 6183
8530 6184
8531 6185
8532 6186
8533 6187
8535 6188
8536 6189
8537 6190
8538 6191
8539 6192
8540 6193
8542 6194
8543 6195
8544 6196
8545 6197
8547 6198
8548 6199
8549 6200
8550 6201
8554 6202
8557 6203
8559 6204
8560 6205
8561 6206
8563 6207
8564 6208
8565 6209
8566 6210
8568 6211
8569 6212
8570 6213
8571 6214
8573 6215
8574 6216
8576 6217
8577 6218
8578 6219
8582 6220
8583 6221
8584 6222
8585 6223
8586 6224
8587 6225
8590 6226
8591 6227
8592 6228
8593 6229
8595 6230
8596 6231
8599 6232
8600 6233
8601 6234
8603 6235
8605 6236
8607 6237
8608 6238
8609 6239
8611 6240
8613 6241
8614 6242
8616 6243
8618 6244
8621 6245
8622 6246
8625 6247
8626 6248
8628 6249
8629 6250
8630 6251
8631 6252
8633 6253
8634 6254
8635 6255
8641 6256
8643 6257
8645 6258
8649 6259
8651 6260
8652 6261
8653 6262
8654 6263
8655 6264
8657 6265
8658 6266
8659 6267
8660 6268
8662 6269
8663 6270
8665 6271
8666 6272
8667 6273
8668 6274
8670 6275
8672 6276
8673 6277
8674 6278
8675 6279
8676 6280
8678 6281
8679 6282
8680 6283
8681 6284
8682 6285
8683 6286
8684 6287
8685 6288
8687 6289
8688 6290
8689 6291
8690 6292
8692 6293
8694 6294
8695 6295
8696 6296
8697 6297
8701 6298
8702 6299
8703 6300
8704 6301
8705 6302
8707 6303
8708 6304
8709 6305
8710 6306
8712 6307
8714 6308
8716 6309
8717 6310
8718 6311
8720 6312
8724 6313
8725 6314
8727 6315
8728 6316
8729 6317
8731 6318
8732 6319
8733 6320
8734 6321
8735 6322
8736 6323
8737 6324
8738 6325
8739 6326
8740 6327
8741 6328
8742 6329
8743 6330
8744 6331
8745 6332
8747 6333
8748 6334
8749 6335
8751 6336
8752 6337
8753 6338
8754 6339
8755 6340
8756 6341
8757 6342
8758 6343
8760 6344
8761 6345
8764 6346
8768 6347
8769 6348
8772 6349
8773 6350
8776 6351
8777 6352
8778 6353
8780 6354
8781 6355
8783 6356
8784 6357
8785 6358
8786 6359
8787 6360
8788 6361
8789 6362
8791 6363
8792 6364
8793 6365
8794 6366
8796 6367
8798 6368
8799 6369
8800 6370
8802 6371
8803 6372
8804 6373
8806 6374
8808 6375
8809 6376
8810 6377
8812 6378
8814 6379
8815 6380
8816 6381
8817 6382
8818 6383
8819 6384
8820 6385
8821 6386
8822 6387
8824 6388
8825 6389
8826 6390
8827 6391
8828 6392
8829 6393
8831 6394
8832 6395
8833 6396
8837 6397
8838 6398
8840 6399
8841 6400
8842 6401
8844 6402
8848 6403
8851 6404
8852 6405
8854 6406
8858 6407
8862 6408
8864 6409
8865 6410
8866 6411
8867 6412
8868 6413
8869 6414
8870 6415
8871 6416
8872 6417
8873 6418
8874 6419
8875 6420
8876 6421
8878 6422
8879 6423
8880 6424
8882 6425
8883 6426
8885 6427
8886 6428
8888 6429
8889 6430
8891 6431
8892 6432
8893 6433
8894 6434
8896 6435
8897 6436
8899 6437
8900 6438
8902 6439
8903 6440
8904 6441
8905 6442
8906 6443
8907 6444
8908 6445
8910 6446
8911 6447
8912 6448
8913 6449
8915 6450
8917 6451
8918 6452
8921 6453
8923 6454
8925 6455
8927 6456
8928 6457
8929 6458
8932 6459
8933 6460
8935 6461
8936 6462
8937 6463
8938 6464
8939 6465
8941 6466
8942 6467
8943 6468
8944 6469
8945 6470
8946 6471
8948 6472
8949 6473
8950 6474
8951 6475
8952 6476
8953 6477
8955 6478
8956 6479
8958 6480
8959 6481
8961 6482
8962 6483
8963 6484
8964 6485
8965 6486
8966 6487
8967 6488
8968 6489
8971 6490
8972 6491
8973 6492
8974 6493
8976 6494
8977 6495
8978 6496
8979 6497
8981 6498
8982 6499
8983 6500
8985 6501
8986 6502
8987 6503
8988 6504
8989 6505
8990 6506
8991 6507
8992 6508
8993 6509
8995 6510
8997 6511
8999 6512
9000 6513
9001 6514
9002 6515
9003 6516
9006 6517
9007 6518
9008 6519
9010 6520
9011 6521
9013 6522
9014 6523
9015 6524
9017 6525
9018 6526
9019 6527
9020 6528
9021 6529
9022 6530
9024 6531
9026 6532
9027 6533
9028 6534
9029 6535
9030 6536
9031 6537
9033 6538
9035 6539
9037 6540
9038 6541
9039 6542
9040 6543
9041 6544
9042 6545
9043 6546
9044 6547
9045 6548
9046 6549
9047 6550
9051 6551
9052 6552
9054 6553
9056 6554
9057 6555
9058 6556
9059 6557
9060 6558
9062 6559
9066 6560
9067 6561
9068 6562
9070 6563
9071 6564
9072 6565
9073 6566
9074 6567
9076 6568
9077 6569
9078 6570
9080 6571
9081 6572
9084 6573
9088 6574
9089 6575
9091 6576
9092 6577
9094 6578
9096 6579
9098 6580
9099 6581
9100 6582
9103 6583
9105 6584
9106 6585
9107 6586
9108 6587
9109 6588
9110 6589
9111 6590
9112 6591
9114 6592
9115 6593
9117 6594
9118 6595
9123 6596
9124 6597
9125 6598
9126 6599
9127 6600
9128 6601
9129 6602
9130 6603
9132 6604
9134 6605
9135 6606
9136 6607
9137 6608
9138 6609
9140 6610
9141 6611
9142 6612
9143 6613
9144 6614
9146 6615
9148 6616
9149 6617
9150 6618
9151 6619
9152 6620
9153 6621
9155 6622
9157 6623
9158 6624
9160 6625
9161 6626
9163 6627
9164 6628
9165 6629
9166 6630
9167 6631
9168 6632
9170 6633
9171 6634
9172 6635
9173 6636
9175 6637
9176 6638
9177 6639
9180 6640
9182 6641
9184 6642
9185 6643
9186 6644
9187 6645
9188 6646
9189 6647
9192 6648
9194 6649
9195 6650
9196 6651
9197 6652
9198 6653
9199 6654
9200 6655
9201 6656
9202 6657
9204 6658
9207 6659
9209 6660
9212 6661
9213 6662
9214 6663
9215 6664
9216 6665
9218 6666
9219 6667
9220 6668
9223 6669
9224 6670
9225 6671
9226 6672
9227 6673
9228 6674
9233 6675
9234 6676
9235 6677
9238 6678
9239 6679
9240 6680
9241 6681
9242 6682
9243 6683
9244 6684
9245 6685
9246 6686
9247 6687
9248 6688
9250 6689
9251 6690
9252 6691
9253 6692
9255 6693
9257 6694
9258 6695
9259 6696
9260 6697
9262 6698
9263 6699
9264 6700
9265 6701
9266 6702
9267 6703
9268 6704
9269 6705
9271 6706
9272 6707
9273 6708
9274 6709
9276 6710
9277 6711
9278 6712
9279 6713
9281 6714
9282 6715
9284 6716
9286 6717
9287 6718
9288 6719
9289 6720
9291 6721
9292 6722
9293 6723
9294 6724
9295 6725
9296 6726
9298 6727
9299 6728
9300 6729
9302 6730
9303 6731
9304 6732
9305 6733
9306 6734
9307 6735
9309 6736
9310 6737
9311 6738
9313 6739
9314 6740
9315 6741
9317 6742
9318 6743
9319 6744
9321 6745
9324 6746
9326 6747
9327 6748
9328 6749
9329 6750
9330 6751
9333 6752
9336 6753
9337 6754
9338 6755
9340 6756
9341 6757
9345 6758
9346 6759
9347 6760
9348 6761
9349 6762
9350 6763
9351 6764
9353 6765
9354 6766
9355 6767
9356 6768
9359 6769
9362 6770
9365 6771
9366 6772
9367 6773
9368 6774
9369 6775
9370 6776
9372 6777
9373 6778
9374 6779
9375 6780
9376 6781
9377 6782
9378 6783
9379 6784
9380 6785
9381 6786
9382 6787
9383 6788
9384 6789
9385 6790
9387 6791
9388 6792
9389 6793
9392 6794
9394 6795
9395 6796
9397 6797
9398 6798
9399 6799
9400 6800
9402 6801
9403 6802
9405 6803
9406 6804
9407 6805
9408 6806
9409 6807
9411 6808
9412 6809
9413 6810
9414 6811
9415 6812
9416 6813
9417 6814
9418 6815
9419 6816
9420 6817
9423 6818
9424 6819
9425 6820
9426 6821
9427 6822
9429 6823
9430 6824
9431 6825
9432 6826
9433 6827
9436 6828
9437 6829
9439 6830
9440 6831
9441 6832
9442 6833
9443 6834
9445 6835
9446 6836
9447 6837
9449 6838
9450 6839
9451 6840
9452 6841
9453 6842
9455 6843
9456 6844
9457 6845
9458 6846
9460 6847
9461 6848
9462 6849
9463 6850
9465 6851
9468 6852
9469 6853
9470 6854
9471 6855
9472 6856
9473 6857
9476 6858
9478 6859
9479 6860
9481 6861
9482 6862
9483 6863
9484 6864
9485 6865
9486 6866
9487 6867
9490 6868
9492 6869
9493 6870
9494 6871
9495 6872
9497 6873
9498 6874
9501 6875
9502 6876
9503 6877
9506 6878
9507 6879
9509 6880
9510 6881
9511 6882
9512 6883
9516 6884
9517 6885
9518 6886
9519 6887
9520 6888
9521 6889
9525 6890
9526 6891
9529 6892
9531 6893
9532 6894
9533 6895
9534 6896
9535 6897
9536 6898
9537 6899
9538 6900
9539 6901
9540 6902
9541 6903
9543 6904
9545 6905
9546 6906
9547 6907
9550 6908
9551 6909
9552 6910
9553 6911
9554 6912
9555 6913
9556 6914
9558 6915
9560 6916
9561 6917
9562 6918
9563 6919
9564 6920
9565 6921
9566 6922
9567 6923
9568 6924
9570 6925
9571 6926
9572 6927
9573 6928
9577 6929
9578 6930
9579 6931
9580 6932
9582 6933
9584 6934
9585 6935
9586 6936
9587 6937
9588 6938
9589 6939
9591 6940
9594 6941
9596 6942
9597 6943
9598 6944
9599 6945
9600 6946
9601 6947
9602 6948
9603 6949
9604 6950
9605 6951
9606 6952
9607 6953
9610 6954
9611 6955
9612 6956
9613 6957
9616 6958
9617 6959
9618 6960
9621 6961
9622 6962
9625 6963
9626 6964
9627 6965
9628 6966
9629 6967
9632 6968
9633 6969
9635 6970
9636 6971
9637 6972
9640 6973
9641 6974
9643 6975
9644 6976
9647 6977
9648 6978
9650 6979
9652 6980
9654 6981
9655 6982
9656 6983
9658 6984
9659 6985
9660 6986
9662 6987
9663 6988
9664 6989
9666 6990
9668 6991
9669 6992
9670 6993
9671 6994
9672 6995
9673 6996
9674 6997
9675 6998
9676 6999
9677 7000
9679 7001
9681 7002
9682 7003
9683 7004
9685 7005
9686 7006
9687 7007
9688 7008
9689 7009
9690 7010
9691 7011
9693 7012
9695 7013
9696 7014
9697 7015
9698 7016
9699 7017
9700 7018
9702 7019
9703 7020
9704 7021
9705 7022
9708 7023
9709 7024
9711 7025
9712 7026
9713 7027
9714 7028
9715 7029
9716 7030
9717 7031
9719 7032
9720 7033
9721 7034
9722 7035
9723 7036
9724 7037
9725 7038
9728 7039
9729 7040
9731 7041
9732 7042
9736 7043
9737 7044
9738 7045
9740 7046
9742 7047
9743 7048
9745 7049
9746 7050
9747 7051
9748 7052
9749 7053
9750 7054
9751 7055
9752 7056
9753 7057
9755 7058
9756 7059
9757 7060
9759 7061
9760 7062
9762 7063
9763 7064
9764 7065
9765 7066
9766 7067
9767 7068
9768 7069
9769 7070
9770 7071
9771 7072
9773 7073
9774 7074
9776 7075
9778 7076
9779 7077
9781 7078
9783 7079
9790 7080
9791 7081
9792 7082
9793 7083
9794 7084
9795 7085
9796 7086
9797 7087
9799 7088
9800 7089
9802 7090
9803 7091
9804 7092
9805 7093
9807 7094
9808 7095
9809 7096
9810 7097
9812 7098
9814 7099
9816 7100
9817 7101
9819 7102
9820 7103
9822 7104
9824 7105
9825 7106
9826 7107
9827 7108
9828 7109
9829 7110
9830 7111
9831 7112
9832 7113
9834 7114
9836 7115
9838 7116
9839 7117
9841 7118
9842 7119
9843 7120
9844 7121
9845 7122
9846 7123
9847 7124
9848 7125
9849 7126
9850 7127
9851 7128
9852 7129
9853 7130
9854 7131
9855 7132
9856 7133
9858 7134
9859 7135
9861 7136
9862 7137
9863 7138
9864 7139
9865 7140
9866 7141
9868 7142
9869 7143
9870 7144
9871 7145
9873 7146
9874 7147
9876 7148
9877 7149
9878 7150
9879 7151
9880 7152
9881 7153
9882 7154
9883 7155
9885 7156
9889 7157
9890 7158
9891 7159
9892 7160
9893 7161
9895 7162
9896 7163
9897 7164
9899 7165
9901 7166
9902 7167
9903 7168
9904 7169
9905 7170
9906 7171
9908 7172
9909 7173
9910 7174
9911 7175
9912 7176
9913 7177
9914 7178
9915 7179
9916 7180
9917 7181
9918 7182
9919 7183
9920 7184
9921 7185
9922 7186
9923 7187
9926 7188
9927 7189
9928 7190
9932 7191
9933 7192
9934 7193
9935 7194
9936 7195
9937 7196
9940 7197
9941 7198
9943 7199
9944 7200
9947 7201
9949 7202
9950 7203
9951 7204
9952 7205
9953 7206
9955 7207
9956 7208
9957 7209
9958 7210
9959 7211
9961 7212
9963 7213
9964 7214
9966 7215
9967 7216
9968 7217
9969 7218
9971 7219
9972 7220
9973 7221
9974 7222
9975 7223
9976 7224
9978 7225
9979 7226
9981 7227
9983 7228
9984 7229
9986 7230
9987 7231
9989 7232
9991 7233
9992 7234
9993 7235
9994 7236
9996 7237
9997 7238
10001 7239
10003 7240
10004 7241
10005 7242
10006 7243
10007 7244
10008 7245
10009 7246
10010 7247
10011 7248
10013 7249
10014 7250
10017 7251
10018 7252
10020 7253
10021 7254
10022 7255
10024 7256
10026 7257
10028 7258
10029 7259
10030 7260
10031 7261
10032 7262
10033 7263
10034 7264
10035 7265
10036 7266
10038 7267
10039 7268
10040 7269
10041 7270
10042 7271
10044 7272
10046 7273
10047 7274
10048 7275
10049 7276
10050 7277
10051 7278
10052 7279
10053 7280
10054 7281
10055 7282
10056 7283
10057 7284
10058 7285
10059 7286
10060 7287
10061 7288
10062 7289
10063 7290
10064 7291
10066 7292
10067 7293
10068 7294
10069 7295
10071 7296
10074 7297
10076 7298
10077 7299
10078 7300
10079 7301
10080 7302
10081 7303
10082 7304
10083 7305
10084 7306
10085 7307
10086 7308
10087 7309
10089 7310
10090 7311
10092 7312
10095 7313
10096 7314
10097 7315
10098 7316
10099 7317
10100 7318
10101 7319
10102 7320
10103 7321
10104 7322
10107 7323
10109 7324
10110 7325
10111 7326
10112 7327
10115 7328
10116 7329
10119 7330
10120 7331
10121 7332
10122 7333
10123 7334
10125 7335
10126 7336
10127 7337
10129 7338
10130 7339
10132 7340
10133 7341
10134 7342
10135 7343
10136 7344
10137 7345
10139 7346
10140 7347
10141 7348
10143 7349
10144 7350
10147 7351
10149 7352
10150 7353
10152 7354
10153 7355
10154 7356
10155 7357
10156 7358
10157 7359
10158 7360
10159 7361
10160 7362
10162 7363
10163 7364
10165 7365
10166 7366
10167 7367
10170 7368
10171 7369
10172 7370
10173 7371
10174 7372
10175 7373
10176 7374
10179 7375
10180 7376
10181 7377
10182 7378
10183 7379
10186 7380
10187 7381
10189 7382
10190 7383
10191 7384
10194 7385
10199 7386
10201 7387
10202 7388
10204 7389
10205 7390
10206 7391
10207 7392
10208 7393
10209 7394
10211 7395
10212 7396
10213 7397
10214 7398
10215 7399
10217 7400
10219 7401
10221 7402
10222 7403
10223 7404
10224 7405
10225 7406
10226 7407
10227 7408
10228 7409
10230 7410
10231 7411
10232 7412
10233 7413
10236 7414
10237 7415
10239 7416
10240 7417
10241 7418
10242 7419
10243 7420
10244 7421
10245 7422
10249 7423
10250 7424
10252 7425
10253 7426
10254 7427
10255 7428
10256 7429
10257 7430
10258 7431
10259 7432
10261 7433
10262 7434
10265 7435
10266 7436
10269 7437
10270 7438
10271 7439
10272 7440
10273 7441
10274 7442
10276 7443
10277 7444
10278 7445
10279 7446
10280 7447
10281 7448
10283 7449
10284 7450
10285 7451
10286 7452
10287 7453
10290 7454
10291 7455
10294 7456
10295 7457
10296 7458
10297 7459
10298 7460
10299 7461
10300 7462
10304 7463
10305 7464
10306 7465
10308 7466
10310 7467
10312 7468
10313 7469
10314 7470
10315 7471
10317 7472
10319 7473
10322 7474
10323 7475
10324 7476
10328 7477
10330 7478
10331 7479
10332 7480
10334 7481
10335 7482
10336 7483
10337 7484
10338 7485
10339 7486
10340 7487
10341 7488
10342 7489
10344 7490
10345 7491
10346 7492
10348 7493
10349 7494
10350 7495
10352 7496
10353 7497
10354 7498
10355 7499
10356 7500
10357 7501
10359 7502
10362 7503
10363 7504
10366 7505
10367 7506
10369 7507
10370 7508
10371 7509
10372 7510
10377 7511
10378 7512
10379 7513
10381 7514
10382 7515
10383 7516
10385 7517
10386 7518
10387 7519
10389 7520
10391 7521
10392 7522
10393 7523
10395 7524
10396 7525
10397 7526
10398 7527
10399 7528
10400 7529
10401 7530
10402 7531
10403 7532
10404 7533
10407 7534
10408 7535
10409 7536
10410 7537
10411 7538
10412 7539
10413 7540
10414 7541
10415 7542
10416 7543
10418 7544
10419 7545
10421 7546
10422 7547
10423 7548
10424 7549
10425 7550
10426 7551
10427 7552
10428 7553
10432 7554
10433 7555
10434 7556
10436 7557
10438 7558
10439 7559
10440 7560
10441 7561
10442 7562
10443 7563
10444 7564
10445 7565
10446 7566
10448 7567
10450 7568
10451 7569
10452 7570
10453 7571
10454 7572
10455 7573
10456 7574
10459 7575
10460 7576
10462 7577
10463 7578
10464 7579
10465 7580
10466 7581
10467 7582
10468 7583
10469 7584
10471 7585
10472 7586
10473 7587
10474 7588
10475 7589
10476 7590
10477 7591
10478 7592
10479 7593
10480 7594
10481 7595
10482 7596
10484 7597
10486 7598
10487 7599
10488 7600
10489 7601
10491 7602
10492 7603
10495 7604
10496 7605
10497 7606
10498 7607
10499 7608
10500 7609
10501 7610
10502 7611
10503 7612
10506 7613
10508 7614
10509 7615
10510 7616
10511 7617
10512 7618
10513 7619
10514 7620
10517 7621
10519 7622
10520 7623
10521 7624
10522 7625
10523 7626
10524 7627
10525 7628
10527 7629
10528 7630
10529 7631
10530 7632
10531 7633
10532 7634
10534 7635
10535 7636
10536 7637
10538 7638
10540 7639
10541 7640
10542 7641
10545 7642
10546 7643
10547 7644
10548 7645
10550 7646
10552 7647
10554 7648
10556 7649
10557 7650
10558 7651
10559 7652
10560 7653
10561 7654
10562 7655
10563 7656
10564 7657
10565 7658
10566 7659
10567 7660
10568 7661
10569 7662
10570 7663
10571 7664
10572 7665
10573 7666
10574 7667
10575 7668
10576 7669
10578 7670
10579 7671
10581 7672
10582 7673
10584 7674
10585 7675
10587 7676
10588 7677
10589 7678
10590 7679
10591 7680
10592 7681
10593 7682
10594 7683
10595 7684
10596 7685
10607 7686
10608 7687
10609 7688
10610 7689
10612 7690
10614 7691
10615 7692
10616 7693
10617 7694
10618 7695
10619 7696
10620 7697
10622 7698
10623 7699
10624 7700
10627 7701
10630 7702
10631 7703
10632 7704
10634 7705
10636 7706
10637 7707
10638 7708
10639 7709
10640 7710
10641 7711
10642 7712
10643 7713
10644 7714
10645 7715
10647 7716
10648 7717
10649 7718
10650 7719
10651 7720
10654 7721
10656 7722
10658 7723
10661 7724
10662 7725
10664 7726
10665 7727
10666 7728
10667 7729
10668 7730
10669 7731
10670 7732
10672 7733
10674 7734
10675 7735
10678 7736
10680 7737
10682 7738
10683 7739
10684 7740
10685 7741
10687 7742
10688 7743
10690 7744
10691 7745
10692 7746
10696 7747
10697 7748
10700 7749
10701 7750
10702 7751
10703 7752
10704 7753
10705 7754
10706 7755
10707 7756
10708 7757
10709 7758
10710 7759
10711 7760
10712 7761
10713 7762
10714 7763
10719 7764
10720 7765
10721 7766
10724 7767
10725 7768
10726 7769
10727 7770
10729 7771
10730 7772
10731 7773
10732 7774
10734 7775
10735 7776
10736 7777
10738 7778
10739 7779
10740 7780
10742 7781
10743 7782
10744 7783
10745 7784
10746 7785
10747 7786
10748 7787
10749 7788
10750 7789
10751 7790
10752 7791
10753 7792
10754 7793
10757 7794
10759 7795
10760 7796
10761 7797
10764 7798
10766 7799
10767 7800
10768 7801
10769 7802
10770 7803
10771 7804
10772 7805
10773 7806
10775 7807
10776 7808
10777 7809
10780 7810
10782 7811
10783 7812
10784 7813
10785 7814
10786 7815
10788 7816
10789 7817
10790 7818
10792 7819
10793 7820
10794 7821
10795 7822
10799 7823
10802 7824
10803 7825
10804 7826
10805 7827
10806 7828
10807 7829
10808 7830
10809 7831
10810 7832
10811 7833
10812 7834
10813 7835
10814 7836
10815 7837
10816 7838
10817 7839
10818 7840
10819 7841
10821 7842
10824 7843
10825 7844
10826 7845
10827 7846
10828 7847
10829 7848
10830 7849
10831 7850
10832 7851
10833 7852
10835 7853
10836 7854
10837 7855
10838 7856
10840 7857
10841 7858
10842 7859
10843 7860
10844 7861
10846 7862
10847 7863
10849 7864
10850 7865
10851 7866
10852 7867
10855 7868
10856 7869
10857 7870
10859 7871
10860 7872
10863 7873
10865 7874
10867 7875
10868 7876
10869 7877
10871 7878
10873 7879
10874 7880
10875 7881
10876 7882
10877 7883
10879 7884
10880 7885
10881 7886
10882 7887
10884 7888
10885 7889
10886 7890
10887 7891
10888 7892
10889 7893
10890 7894
10894 7895
10896 7896
10897 7897
10898 7898
10899 7899
10900 7900
10904 7901
10905 7902
10907 7903
10908 7904
10909 7905
10912 7906
10913 7907
10915 7908
10916 7909
10918 7910
10919 7911
10920 7912
10924 7913
10925 7914
10927 7915
10929 7916
10930 7917
10932 7918
10933 7919
10934 7920
10935 7921
10937 7922
10938 7923
10940 7924
10942 7925
10944 7926
10945 7927
10946 7928
10948 7929
10949 7930
10950 7931
10954 7932
10955 7933
10956 7934
10959 7935
10961 7936
10962 7937
10963 7938
10964 7939
10965 7940
10967 7941
10968 7942
10969 7943
10971 7944
10972 7945
10973 7946
10974 7947
10975 7948
10977 7949
10978 7950
10980 7951
10981 7952
10982 7953
10983 7954
10985 7955
10986 7956
10987 7957
10988 7958
10989 7959
10990 7960
10991 7961
10992 7962
10995 7963
10996 7964
10998 7965
10999 7966
11000 7967
11001 7968
11002 7969
11003 7970
11005 7971
11006 7972
11007 7973
11008 7974
11009 7975
11010 7976
11011 7977
11012 7978
11013 7979
11014 7980
11015 7981
11016 7982
11017 7983
11018 7984
11019 7985
11020 7986
11021 7987
11022 7988
11024 7989
11026 7990
11027 7991
11028 7992
11029 7993
11032 7994
11033 7995
11035 7996
11036 7997
11037 7998
11038 7999
11039 8000
11040 8001
11041 8002
11042 8003
11044 8004
11046 8005
11048 8006
11053 8007
11055 8008
11056 8009
11057 8010
11058 8011
11060 8012
11061 8013
11062 8014
11063 8015
11064 8016
11065 8017
11066 8018
11068 8019
11069 8020
11070 8021
11072 8022
11073 8023
11075 8024
11077 8025
11079 8026
11080 8027
11081 8028
11082 8029
11083 8030
11084 8031
11085 8032
11086 8033
11088 8034
11089 8035
11091 8036
11092 8037
11093 8038
11094 8039
11095 8040
11096 8041
11097 8042
11098 8043
11099 8044
11101 8045
11103 8046
11104 8047
11105 8048
11106 8049
11107 8050
11108 8051
11109 8052
11110 8053
11111 8054
11112 8055
11113 8056
11114 8057
11116 8058
11118 8059
11119 8060
11120 8061
11123 8062
11124 8063
11126 8064
11127 8065
11128 8066
11131 8067
11134 8068
11136 8069
11137 8070
11138 8071
11139 8072
11140 8073
11141 8074
11143 8075
11145 8076
11147 8077
11148 8078
11149 8079
11150 8080
11152 8081
11153 8082
11155 8083
11156 8084
11157 8085
11158 8086
11159 8087
11160 8088
11161 8089
11162 8090
11163 8091
11165 8092
11169 8093
11170 8094
11172 8095
11174 8096
11175 8097
11177 8098
11178 8099
11180 8100
11181 8101
11183 8102
11185 8103
11187 8104
11188 8105
11189 8106
11190 8107
11191 8108
11193 8109
11194 8110
11195 8111
11196 8112
11197 8113
11198 8114
11199 8115
11200 8116
11201 8117
11202 8118
11203 8119
11204 8120
11206 8121
11207 8122
11208 8123
11209 8124
11213 8125
11214 8126
11215 8127
11216 8128
11219 8129
11220 8130
11221 8131
11222 8132
11223 8133
11224 8134
11225 8135
11226 8136
11228 8137
11229 8138
11231 8139
11232 8140
11233 8141
11234 8142
11235 8143
11236 8144
11237 8145
11238 8146
11239 8147
11241 8148
11242 8149
11244 8150
11247 8151
11248 8152
11249 8153
11250 8154
11252 8155
11254 8156
11255 8157
11256 8158
11257 8159
11259 8160
11260 8161
11261 8162
11262 8163
11263 8164
11264 8165
11265 8166
11266 8167
11267 8168
11268 8169
11269 8170
11270 8171
11271 8172
11272 8173
11273 8174
11275 8175
11276 8176
11277 8177
11279 8178
11280 8179
11282 8180
11283 8181
11285 8182
11287 8183
11288 8184
11289 8185
11291 8186
11292 8187
11293 8188
11294 8189
11296 8190
11297 8191
11300 8192
11301 8193
11302 8194
11303 8195
11304 8196
11305 8197
11306 8198
11307 8199
11308 8200
11309 8201
11312 8202
11313 8203
11314 8204
11315 8205
11316 8206
11317 8207
11318 8208
11320 8209
11321 8210
11322 8211
11323 8212
11325 8213
11327 8214
11328 8215
11329 8216
11330 8217
11331 8218
11332 8219
11333 8220
11337 8221
11338 8222
11340 8223
11342 8224
11343 8225
11344 8226
11345 8227
11348 8228
11349 8229
11351 8230
11352 8231
11353 8232
11354 8233
11355 8234
11357 8235
11358 8236
11359 8237
11360 8238
11361 8239
11362 8240
11363 8241
11365 8242
11366 8243
11367 8244
11368 8245
11371 8246
11372 8247
11373 8248
11374 8249
11375 8250
11376 8251
11377 8252
11378 8253
11379 8254
11380 8255
11381 8256
11383 8257
11384 8258
11385 8259
11386 8260
11387 8261
11388 8262
11389 8263
11390 8264
11391 8265
11393 8266
11394 8267
11395 8268
11397 8269
11399 8270
11400 8271
11402 8272
11403 8273
11404 8274
11405 8275
11407 8276
11408 8277
11411 8278
11412 8279
11413 8280
11415 8281
11416 8282
11417 8283
11418 8284
11419 8285
11420 8286
11422 8287
11426 8288
11427 8289
11428 8290
11429 8291
11430 8292
11431 8293
11432 8294
11433 8295
11434 8296
11437 8297
11438 8298
11439 8299
11443 8300
11444 8301
11445 8302
11446 8303
11448 8304
11449 8305
11450 8306
11451 8307
11452 8308
11453 8309
11454 8310
11455 8311
11456 8312
11457 8313
11458 8314
11460 8315
11463 8316
11464 8317
11467 8318
11468 8319
11469 8320
11472 8321
11475 8322
11476 8323
11477 8324
11478 8325
11479 8326
11480 8327
11481 8328
11482 8329
11483 8330
11484 8331
11485 8332
11486 8333
11487 8334
11489 8335
11490 8336
11491 8337
11492 8338
11493 8339
11494 8340
11495 8341
11496 8342
11497 8343
11498 8344
11499 8345
11500 8346
11503 8347
11504 8348
11506 8349
11508 8350
11509 8351
11510 8352
11511 8353
11512 8354
11513 8355
11514 8356
11515 8357
11517 8358
11518 8359
11520 8360
11521 8361
11523 8362
11524 8363
11525 8364
11526 8365
11527 8366
11528 8367
11529 8368
11530 8369
11531 8370
11532 8371
11534 8372
11535 8373
11536 8374
11538 8375
11539 8376
11540 8377
11542 8378
11544 8379
11546 8380
11547 8381
11548 8382
11550 8383
11551 8384
11552 8385
11553 8386
11554 8387
11558 8388
11559 8389
11560 8390
11561 8391
11562 8392
11563 8393
11564 8394
11566 8395
11569 8396
11570 8397
11571 8398
11572 8399
11574 8400
11575 8401
11578 8402
11579 8403
11580 8404
11581 8405
11582 8406
11584 8407
11585 8408
11586 8409
11588 8410
11589 8411
11590 8412
11591 8413
11593 8414
11594 8415
11595 8416
11596 8417
11598 8418
11603 8419
11604 8420
11605 8421
11606 8422
11608 8423
11609 8424
11611 8425
11613 8426
11614 8427
11616 8428
11617 8429
11618 8430
11619 8431
11621 8432
11622 8433
11623 8434
11624 8435
11625 8436
11626 8437
11627 8438
11628 8439
11629 8440
11630 8441
11631 8442
11632 8443
11633 8444
11634 8445
11635 8446
11636 8447
11637 8448
11638 8449
11639 8450
11640 8451
11641 8452
11642 8453
11644 8454
11645 8455
11646 8456
11647 8457
11649 8458
11650 8459
11651 8460
11652 8461
11653 8462
11654 8463
11655 8464
11656 8465
11657 8466
11658 8467
11659 8468
11660 8469
11662 8470
11663 8471
11665 8472
11666 8473
11667 8474
11668 8475
11669 8476
11670 8477
11671 8478
11672 8479
11673 8480
11674 8481
11675 8482
11678 8483
11679 8484
11681 8485
11682 8486
11684 8487
11685 8488
11687 8489
11688 8490
11689 8491
11690 8492
11691 8493
11693 8494
11694 8495
11695 8496
11696 8497
11697 8498
11698 8499
11699 8500
11700 8501
11701 8502
11702 8503
11703 8504
11705 8505
11707 8506
11708 8507
11709 8508
11713 8509
11714 8510
11716 8511
11717 8512
11718 8513
11719 8514
11720 8515
11721 8516
11722 8517
11723 8518
11724 8519
11725 8520
11726 8521
11729 8522
11730 8523
11731 8524
11732 8525
11733 8526
11735 8527
11736 8528
11738 8529
11739 8530
11740 8531
11741 8532
11742 8533
11744 8534
11745 8535
11746 8536
11749 8537
11750 8538
11751 8539
11752 8540
11753 8541
11754 8542
11755 8543
11756 8544
11757 8545
11758 8546
11760 8547
11763 8548
11764 8549
11765 8550
11768 8551
11769 8552
11770 8553
11772 8554
11774 8555
11775 8556
11778 8557
11780 8558
11781 8559
11782 8560
11784 8561
11785 8562
11786 8563
11787 8564
11792 8565
11795 8566
11796 8567
11797 8568
11799 8569
11800 8570
11802 8571
11804 8572
11806 8573
11808 8574
11809 8575
11811 8576
11812 8577
11813 8578
11814 8579
11815 8580
11820 8581
11821 8582
11823 8583
11825 8584
11827 8585
11829 8586
11830 8587
11831 8588
11832 8589
11833 8590
11834 8591
11835 8592
11836 8593
11838 8594
11839 8595
11840 8596
11841 8597
11843 8598
11844 8599
11846 8600
11847 8601
11848 8602
11849 8603
11850 8604
11851 8605
11852 8606
11853 8607
11854 8608
11855 8609
11856 8610
11858 8611
11859 8612
11861 8613
11862 8614
11865 8615
11868 8616
11870 8617
11872 8618
11874 8619
11875 8620
11876 8621
11877 8622
11878 8623
11879 8624
11881 8625
11883 8626
11884 8627
11885 8628
11886 8629
11888 8630
11889 8631
11891 8632
11893 8633
11894 8634
11895 8635
11898 8636
11899 8637
11901 8638
11902 8639
11905 8640
11906 8641
11907 8642
11908 8643
11909 8644
11910 8645
11914 8646
11915 8647
11916 8648
11917 8649
11918 8650
11919 8651
11920 8652
11921 8653
11922 8654
11923 8655
11927 8656
11928 8657
11929 8658
11931 8659
11932 8660
11933 8661
11934 8662
11935 8663
11937 8664
11938 8665
11940 8666
11941 8667
11942 8668
11943 8669
11944 8670
11945 8671
11946 8672
11949 8673
11950 8674
11951 8675
11952 8676
11954 8677
11955 8678
11959 8679
11960 8680
11961 8681
11962 8682
11963 8683
11965 8684
11966 8685
11967 8686
11968 8687
11969 8688
11970 8689
11971 8690
11972 8691
11973 8692
11975 8693
11976 8694
11977 8695
11978 8696
11979 8697
11982 8698
11983 8699
11984 8700
11985 8701
11986 8702
11987 8703
11988 8704
11989 8705
11990 8706
11991 8707
11992 8708
11993 8709
11994 8710
11995 8711
11996 8712
11997 8713
11998 8714
11999 8715
12000 8716
12001 8717
12002 8718
12003 8719
12006 8720
12007 8721
12008 8722
12009 8723
12011 8724
12013 8725
12014 8726
12016 8727
12017 8728
12018 8729
12019 8730
12020 8731
12021 8732
12022 8733
12024 8734
12025 8735
12026 8736
12027 8737
12028 8738
12029 8739
12030 8740
12031 8741
12032 8742
12033 8743
12034 8744
12035 8745
12036 8746
12040 8747
12041 8748
12044 8749
12045 8750
12046 8751
12048 8752
12049 8753
12050 8754
12051 8755
12052 8756
12053 8757
12054 8758
12056 8759
12057 8760
12058 8761
12060 8762
12061 8763
12062 8764
12063 8765
12064 8766
12065 8767
12066 8768
12067 8769
12068 8770
12071 8771
12072 8772
12073 8773
12074 8774
12075 8775
12076 8776
12077 8777
12078 8778
12079 8779
12080 8780
12081 8781
12083 8782
12084 8783
12085 8784
12086 8785
12087 8786
12088 8787
12089 8788
12090 8789
12091 8790
12092 8791
12093 8792
12094 8793
12095 8794
12097 8795
12098 8796
12099 8797
12103 8798
12104 8799
12105 8800
12107 8801
12108 8802
12109 8803
12110 8804
12111 8805
12112 8806
12113 8807
12114 8808
12115 8809
12116 8810
12118 8811
12121 8812
12122 8813
12123 8814
12124 8815
12127 8816
12131 8817
12132 8818
12133 8819
12134 8820
12136 8821
12137 8822
12138 8823
12140 8824
12141 8825
12144 8826
12145 8827
12147 8828
12148 8829
12149 8830
12150 8831
12152 8832
12153 8833
12154 8834
12157 8835
12158 8836
12161 8837
12162 8838
12163 8839
12164 8840
12165 8841
12167 8842
12168 8843
12169 8844
12172 8845
12173 8846
12174 8847
12175 8848
12176 8849
12180 8850
12181 8851
12184 8852
12186 8853
12187 8854
12188 8855
12189 8856
12190 8857
12191 8858
12193 8859
12195 8860
12198 8861
12201 8862
12202 8863
12203 8864
12204 8865
12205 8866
12206 8867
12207 8868
12209 8869
12210 8870
12211 8871
12214 8872
12215 8873
12216 8874
12218 8875
12219 8876
12220 8877
12221 8878
12222 8879
12224 8880
12225 8881
12226 8882
12227 8883
12228 8884
12229 8885
12230 8886
12233 8887
12234 8888
12235 8889
12236 8890
12237 8891
12239 8892
12240 8893
12241 8894
12246 8895
12247 8896
12248 8897
12249 8898
12250 8899
12251 8900
12253 8901
12255 8902
12256 8903
12257 8904
12258 8905
12259 8906
12260 8907
12261 8908
12262 8909
12264 8910
12265 8911
12266 8912
12267 8913
12269 8914
12270 8915
12271 8916
12272 8917
12273 8918
12274 8919
12275 8920
12278 8921
12279 8922
12281 8923
12282 8924
12283 8925
12284 8926
12285 8927
12286 8928
12287 8929
12289 8930
12290 8931
12291 8932
12292 8933
12295 8934
12297 8935
12298 8936
12299 8937
12300 8938
12301 8939
12303 8940
12305 8941
12306 8942
12307 8943
12308 8944
12311 8945
12312 8946
12313 8947
12317 8948
12318 8949
12320 8950
12321 8951
12323 8952
12325 8953
12327 8954
12328 8955
12329 8956
12330 8957
12331 8958
12332 8959
12333 8960
12334 8961
12336 8962
12337 8963
12338 8964
12340 8965
12341 8966
12343 8967
12344 8968
12345 8969
12348 8970
12349 8971
12350 8972
12351 8973
12352 8974
12353 8975
12355 8976
12356 8977
12357 8978
12358 8979
12359 8980
12360 8981
12361 8982
12362 8983
12363 8984
12364 8985
12365 8986
12366 8987
12369 8988
12371 8989
12372 8990
12373 8991
12374 8992
12375 8993
12378 8994
12379 8995
12380 8996
12382 8997
12383 8998
12386 8999
12387 9000
12388 9001
12389 9002
12390 9003
12391 9004
12392 9005
12393 9006
12394 9007
12395 9008
12397 9009
12398 9010
12400 9011
12401 9012
12402 9013
12404 9014
12405 9015
12406 9016
12407 9017
12408 9018
12412 9019
12414 9020
12415 9021
12419 9022
12420 9023
12421 9024
12422 9025
12424 9026
12425 9027
12426 9028
12427 9029
12429 9030
12430 9031
12432 9032
12433 9033
12434 9034
12435 9035
12436 9036
12438 9037
12440 9038
12443 9039
12447 9040
12448 9041
12449 9042
12450 9043
12451 9044
12452 9045
12453 9046
12455 9047
12456 9048
12458 9049
12459 9050
12460 9051
12462 9052
12463 9053
12465 9054
12467 9055
12468 9056
12469 9057
12470 9058
12472 9059
12474 9060
12475 9061
12476 9062
12477 9063
12478 9064
12479 9065
12480 9066
12481 9067
12483 9068
12484 9069
12486 9070
12487 9071
12489 9072
12492 9073
12493 9074
12494 9075
12496 9076
12498 9077
12499 9078
12501 9079
12502 9080
12503 9081
12504 9082
12505 9083
12506 9084
12507 9085
12508 9086
12509 9087
12510 9088
12513 9089
12514 9090
12516 9091
12517 9092
12518 9093
12519 9094
12520 9095
12521 9096
12522 9097
12523 9098
12524 9099
12525 9100
12526 9101
12528 9102
12530 9103
12531 9104
12532 9105
12533 9106
12534 9107
12535 9108
12536 9109
12537 9110
12538 9111
12539 9112
12541 9113
12542 9114
12543 9115
12546 9116
12548 9117
12550 9118
12551 9119
12552 9120
12553 9121
12554 9122
12555 9123
12556 9124
12557 9125
12560 9126
12561 9127
12562 9128
12563 9129
12564 9130
12566 9131
12567 9132
12568 9133
12569 9134
12570 9135
12571 9136
12572 9137
12573 9138
12575 9139
12576 9140
12578 9141
12581 9142
12582 9143
12584 9144
12586 9145
12587 9146
12588 9147
12590 9148
12591 9149
12593 9150
12597 9151
12598 9152
12599 9153
12600 9154
12603 9155
12605 9156
12607 9157
12608 9158
12609 9159
12610 9160
12612 9161
12614 9162
12616 9163
12617 9164
12618 9165
12619 9166
12620 9167
12621 9168
12624 9169
12626 9170
12628 9171
12629 9172
12630 9173
12634 9174
12635 9175
12636 9176
12637 9177
12640 9178
12641 9179
12643 9180
12644 9181
12645 9182
12647 9183
12650 9184
12652 9185
12653 9186
12655 9187
12656 9188
12657 9189
12659 9190
12661 9191
12662 9192
12663 9193
12665 9194
12668 9195
12669 9196
12670 9197
12671 9198
12673 9199
12675 9200
12676 9201
12678 9202
12680 9203
12681 9204
12683 9205
12684 9206
12685 9207
12687 9208
12688 9209
12689 9210
12690 9211
12691 9212
12692 9213
12694 9214
12695 9215
12696 9216
12697 9217
12699 9218
12700 9219
12702 9220
12703 9221
12704 9222
12705 9223
12706 9224
12707 9225
12708 9226
12709 9227
12710 9228
12711 9229
12713 9230
12716 9231
12718 9232
12720 9233
12721 9234
12722 9235
12723 9236
12724 9237
12725 9238
12726 9239
12727 9240
12728 9241
12731 9242
12732 9243
12733 9244
12736 9245
12737 9246
12738 9247
12739 9248
12740 9249
12741 9250
12743 9251
12744 9252
12745 9253
12746 9254
12747 9255
12751 9256
12752 9257
12754 9258
12756 9259
12757 9260
12758 9261
12759 9262
12762 9263
12763 9264
12764 9265
12765 9266
12766 9267
12767 9268
12768 9269
12771 9270
12773 9271
12775 9272
12776 9273
12777 9274
12778 9275
12780 9276
12783 9277
12785 9278
12786 9279
12787 9280
12788 9281
12789 9282
12790 9283
12791 9284
12792 9285
12793 9286
12796 9287
12798 9288
12799 9289
12800 9290
12802 9291
12803 9292
12804 9293
12805 9294
12806 9295
12807 9296
12810 9297
12811 9298
12812 9299
12815 9300
12817 9301
12820 9302
12821 9303
12825 9304
12827 9305
12828 9306
12831 9307
12832 9308
12833 9309
12834 9310
12835 9311
12836 9312
12838 9313
12839 9314
12840 9315
12841 9316
12842 9317
12843 9318
12844 9319
12845 9320
12846 9321
12847 9322
12849 9323
12850 9324
12853 9325
12854 9326
12856 9327
12857 9328
12858 9329
12859 9330
12860 9331
12862 9332
12863 9333
12864 9334
12865 9335
12867 9336
12868 9337
12870 9338
12872 9339
12873 9340
12874 9341
12875 9342
12877 9343
12878 9344
12881 9345
12883 9346
12884 9347
12885 9348
12886 9349
12887 9350
12888 9351
12889 9352
12890 9353
12892 9354
12894 9355
12895 9356
12896 9357
12897 9358
12898 9359
12901 9360
12902 9361
12903 9362
12907 9363
12908 9364
12909 9365
12911 9366
12912 9367
12913 9368
12914 9369
12915 9370
12916 9371
12917 9372
12918 9373
12919 9374
12920 9375
12922 9376
12923 9377
12924 9378
12925 9379
12926 9380
12928 9381
12929 9382
12931 9383
12933 9384
12934 9385
12935 9386
12936 9387
12937 9388
12938 9389
12939 9390
12940 9391
12941 9392
12942 9393
12943 9394
12944 9395
12946 9396
12947 9397
12948 9398
12949 9399
12953 9400
12957 9401
12958 9402
12959 9403
12961 9404
12962 9405
12963 9406
12964 9407
12967 9408
12968 9409
12969 9410
12970 9411
12973 9412
12974 9413
12976 9414
12980 9415
12982 9416
12983 9417
12984 9418
12985 9419
12986 9420
12987 9421
12988 9422
12989 9423
12991 9424
12992 9425
12993 9426
12994 9427
12999 9428
13000 9429
13001 9430
13002 9431
13003 9432
13004 9433
13005 9434
13006 9435
13007 9436
13008 9437
13009 9438
13010 9439
13011 9440
13012 9441
13013 9442
13014 9443
13015 9444
13017 9445
13019 9446
13020 9447
13021 9448
13023 9449
13024 9450
13025 9451
13026 9452
13027 9453
13028 9454
13032 9455
13033 9456
13034 9457
13035 9458
13036 9459
13037 9460
13039 9461
13041 9462
13042 9463
13043 9464
13044 9465
13045 9466
13047 9467
13048 9468
13049 9469
13050 9470
13051 9471
13053 9472
13056 9473
13057 9474
13060 9475
13061 9476
13062 9477
13063 9478
13064 9479
13066 9480
13067 9481
13068 9482
13073 9483
13074 9484
13075 9485
13076 9486
13077 9487
13078 9488
13079 9489
13080 9490
13081 9491
13082 9492
13083 9493
13084 9494
13086 9495
13087 9496
13090 9497
13091 9498
13092 9499
13094 9500
13095 9501
13096 9502
13097 9503
13099 9504
13100 9505
13101 9506
13102 9507
13105 9508
13106 9509
13108 9510
13109 9511
13110 9512
13112 9513
13113 9514
13115 9515
13116 9516
13117 9517
13119 9518
13120 9519
13121 9520
13122 9521
13124 9522
13125 9523
13126 9524
13127 9525
13129 9526
13130 9527
13131 9528
13132 9529
13133 9530
13134 9531
13137 9532
13138 9533
13142 9534
13143 9535
13144 9536
13145 9537
13146 9538
13148 9539
13149 9540
13150 9541
13151 9542
13152 9543
13153 9544
13154 9545
13156 9546
13157 9547
13159 9548
13160 9549
13161 9550
13163 9551
13167 9552
13168 9553
13169 9554
13170 9555
13171 9556
13174 9557
13175 9558
13176 9559
13177 9560
13178 9561
13180 9562
13182 9563
13184 9564
13187 9565
13188 9566
13189 9567
13191 9568
13192 9569
13193 9570
13194 9571
13198 9572
13199 9573
13200 9574
13205 9575
13207 9576
13210 9577
13211 9578
13212 9579
13215 9580
13216 9581
13217 9582
13219 9583
13220 9584
13222 9585
13223 9586
13224 9587
13226 9588
13227 9589
13228 9590
13229 9591
13230 9592
13232 9593
13235 9594
13236 9595
13238 9596
13240 9597
13242 9598
13243 9599
13244 9600
13245 9601
13246 9602
13247 9603
13251 9604
13252 9605
13255 9606
13258 9607
13259 9608
13261 9609
13262 9610
13263 9611
13265 9612
13266 9613
13267 9614
13268 9615
13269 9616
13270 9617
13271 9618
13272 9619
13273 9620
13274 9621
13276 9622
13277 9623
13278 9624
13280 9625
13282 9626
13283 9627
13285 9628
13286 9629
13287 9630
13288 9631
13294 9632
13295 9633
13297 9634
13298 9635
13299 9636
13300 9637
13301 9638
13302 9639
13303 9640
13304 9641
13305 9642
13306 9643
13307 9644
13308 9645
13309 9646
13310 9647
13311 9648
13313 9649
13314 9650
13315 9651
13316 9652
13318 9653
13319 9654
13320 9655
13321 9656
13323 9657
13324 9658
13325 9659
13326 9660
13327 9661
13328 9662
13329 9663
13330 9664
13331 9665
13332 9666
13333 9667
13335 9668
13336 9669
13338 9670
13339 9671
13340 9672
13341 9673
13344 9674
13345 9675
13346 9676
13348 9677
13349 9678
13350 9679
13352 9680
13353 9681
13354 9682
13356 9683
13357 9684
13358 9685
13360 9686
13361 9687
13363 9688
13365 9689
13367 9690
13368 9691
13369 9692
13370 9693
13371 9694
13373 9695
13374 9696
13375 9697
13376 9698
13377 9699
13379 9700
13381 9701
13385 9702
13387 9703
13388 9704
13389 9705
13390 9706
13391 9707
13392 9708
13393 9709
13394 9710
13395 9711
13397 9712
13398 9713
13399 9714
13400 9715
13405 9716
13406 9717
13409 9718
13410 9719
13411 9720
13412 9721
13413 9722
13415 9723
13416 9724
13417 9725
13418 9726
13419 9727
13421 9728
13422 9729
13423 9730
13424 9731
13427 9732
13428 9733
13429 9734
13431 9735
13432 9736
13433 9737
13435 9738
13436 9739
13438 9740
13439 9741
13440 9742
13441 9743
13442 9744
13443 9745
13444 9746
13445 9747
13446 9748
13447 9749
13448 9750
13449 9751
13450 9752
13451 9753
13452 9754
13454 9755
13455 9756
13458 9757
13459 9758
13460 9759
13463 9760
13464 9761
13465 9762
13467 9763
13468 9764
13469 9765
13470 9766
13471 9767
13472 9768
13473 9769
13477 9770
13481 9771
13482 9772
13483 9773
13484 9774
13485 9775
13486 9776
13487 9777
13490 9778
13491 9779
13492 9780
13493 9781
13495 9782
13496 9783
13499 9784
13500 9785
13503 9786
13506 9787
13507 9788
13508 9789
13509 9790
13510 9791
13512 9792
13513 9793
13514 9794
13515 9795
13516 9796
13517 9797
13518 9798
13520 9799
13521 9800
13522 9801
13523 9802
13524 9803
13525 9804
13527 9805
13529 9806
13530 9807
13531 9808
13532 9809
13533 9810
13534 9811
13536 9812
13538 9813
13541 9814
13542 9815
13544 9816
13545 9817
13546 9818
13547 9819
13548 9820
13549 9821
13550 9822
13551 9823
13553 9824
13555 9825
13556 9826
13557 9827
13558 9828
13560 9829
13563 9830
13564 9831
13565 9832
13566 9833
13567 9834
13569 9835
13570 9836
13571 9837
13572 9838
13573 9839
13575 9840
13577 9841
13579 9842
13580 9843
13581 9844
13582 9845
13583 9846
13584 9847
13585 9848
13586 9849
13587 9850
13589 9851
13590 9852
13591 9853
13592 9854
13595 9855
13597 9856
13598 9857
13600 9858
13601 9859
13602 9860
13605 9861
13608 9862
13609 9863
13610 9864
13611 9865
13612 9866
13613 9867
13614 9868
13617 9869
13618 9870
13620 9871
13622 9872
13623 9873
13624 9874
13626 9875
13628 9876
13629 9877
13630 9878
13632 9879
13633 9880
13634 9881
13635 9882
13636 9883
13638 9884
13639 9885
13640 9886
13642 9887
13644 9888
13645 9889
13646 9890
13647 9891
13648 9892
13649 9893
13650 9894
13651 9895
13652 9896
13653 9897
13654 9898
13656 9899
13657 9900
13658 9901
13660 9902
13661 9903
13663 9904
13664 9905
13665 9906
13666 9907
13669 9908
13671 9909
13672 9910
13673 9911
13674 9912
13675 9913
13676 9914
13678 9915
13679 9916
13680 9917
13681 9918
13682 9919
13683 9920
13684 9921
13685 9922
13688 9923
13690 9924
13691 9925
13692 9926
13694 9927
13696 9928
13697 9929
13698 9930
13699 9931
13700 9932
13702 9933
13703 9934
13704 9935
13705 9936
13706 9937
13708 9938
13709 9939
13710 9940
13711 9941
13712 9942
13715 9943
13716 9944
13717 9945
13718 9946
13719 9947
13720 9948
13721 9949
13722 9950
13723 9951
13724 9952
13725 9953
13726 9954
13728 9955
13729 9956
13730 9957
13735 9958
13736 9959
13737 9960
13738 9961
13739 9962
13740 9963
13741 9964
13742 9965
13743 9966
13744 9967
13745 9968
13746 9969
13747 9970
13748 9971
13749 9972
13750 9973
13751 9974
13753 9975
13754 9976
13755 9977
13756 9978
13757 9979
13758 9980
13759 9981
13760 9982
13761 9983
13763 9984
13764 9985
13766 9986
13767 9987
13768 9988
13769 9989
13770 9990
13772 9991
13773 9992
13774 9993
13775 9994
13776 9995
13778 9996
13779 9997
13780 9998
13781 9999
13783 10000
13784 10001
13786 10002
13787 10003
13788 10004
13790 10005
13792 10006
13796 10007
13797 10008
13798 10009
13799 10010
13801 10011
13804 10012
13808 10013
13809 10014
13811 10015
13813 10016
13815 10017
13816 10018
13817 10019
13819 10020
13820 10021
13821 10022
13823 10023
13826 10024
13828 10025
13829 10026
13830 10027
13831 10028
13832 10029
13833 10030
13834 10031
13837 10032
13840 10033
13841 10034
13842 10035
13845 10036
13846 10037
13847 10038
13850 10039
13852 10040
13853 10041
13856 10042
13858 10043
13859 10044
13862 10045
13864 10046
13866 10047
13867 10048
13869 10049
13870 10050
13872 10051
13874 10052
13875 10053
13877 10054
13878 10055
13879 10056
13881 10057
13882 10058
13883 10059
13884 10060
13886 10061
13887 10062
13888 10063
13889 10064
13890 10065
13891 10066
13893 10067
13896 10068
13897 10069
13898 10070
13899 10071
13901 10072
13902 10073
13903 10074
13904 10075
13905 10076
13906 10077
13907 10078
13908 10079
13910 10080
13911 10081
13912 10082
13913 10083
13915 10084
13916 10085
13917 10086
13918 10087
13920 10088
13921 10089
13922 10090
13923 10091
13926 10092
13928 10093
13930 10094
13931 10095
13933 10096
13934 10097
13938 10098
13942 10099
13945 10100
13946 10101
13949 10102
13950 10103
13951 10104
13952 10105
13953 10106
13954 10107
13955 10108
13957 10109
13958 10110
13961 10111
13963 10112
13966 10113
13968 10114
13969 10115
13972 10116
13973 10117
13975 10118
13976 10119
13977 10120
13980 10121
13981 10122
13982 10123
13983 10124
13986 10125
13987 10126
13988 10127
13989 10128
13990 10129
13992 10130
13993 10131
13994 10132
13995 10133
13996 10134
13999 10135
14000 10136
14001 10137
14002 10138
14004 10139
14005 10140
14006 10141
14008 10142
14010 10143
14011 10144
14012 10145
14014 10146
14016 10147
14018 10148
14019 10149
14020 10150
14024 10151
14026 10152
14027 10153
14030 10154
14032 10155
14033 10156
14034 10157
14035 10158
14036 10159
14037 10160
14038 10161
14039 10162
14041 10163
14044 10164
14045 10165
14047 10166
14048 10167
14049 10168
14050 10169
14051 10170
14054 10171
14055 10172
14056 10173
14057 10174
14058 10175
14059 10176
14060 10177
14061 10178
14063 10179
14065 10180
14066 10181
14068 10182
14069 10183
14070 10184
14071 10185
14072 10186
14073 10187
14074 10188
14076 10189
14078 10190
14079 10191
14081 10192
14083 10193
14086 10194
14093 10195
14095 10196
14096 10197
14098 10198
14099 10199
14100 10200
14102 10201
14104 10202
14105 10203
14106 10204
14107 10205
14108 10206
14109 10207
14111 10208
14112 10209
14114 10210
14115 10211
14116 10212
14117 10213
14118 10214
14119 10215
14120 10216
14122 10217
14123 10218
14125 10219
14127 10220
14129 10221
14131 10222
14132 10223
14134 10224
14135 10225
14136 10226
14137 10227
14138 10228
14139 10229
14141 10230
14142 10231
14143 10232
14144 10233
14145 10234
14147 10235
14149 10236
14151 10237
14152 10238
14153 10239
14154 10240
14159 10241
14160 10242
14161 10243
14162 10244
14166 10245
14168 10246
14169 10247
14170 10248
14171 10249
14174 10250
14176 10251
14177 10252
14180 10253
14183 10254
14184 10255
14185 10256
14186 10257
14188 10258
14189 10259
14190 10260
14192 10261
14193 10262
14194 10263
14195 10264
14196 10265
14201 10266
14202 10267
14203 10268
14204 10269
14205 10270
14208 10271
14209 10272
14210 10273
14211 10274
14212 10275
14214 10276
14216 10277
14221 10278
14222 10279
14223 10280
14224 10281
14225 10282
14226 10283
14228 10284
14230 10285
14232 10286
14234 10287
14235 10288
14237 10289
14240 10290
14241 10291
14243 10292
14244 10293
14246 10294
14247 10295
14248 10296
14249 10297
14250 10298
14251 10299
14253 10300
14255 10301
14256 10302
14258 10303
14259 10304
14261 10305
14262 10306
14263 10307
14265 10308
14267 10309
14269 10310
14271 10311
14272 10312
14273 10313
14274 10314
14275 10315
14276 10316
14278 10317
14281 10318
14282 10319
14283 10320
14284 10321
14286 10322
14289 10323
14290 10324
14293 10325
14296 10326
14297 10327
14299 10328
14301 10329
14302 10330
14303 10331
14304 10332
14305 10333
14307 10334
14309 10335
14310 10336
14311 10337
14315 10338
14320 10339
14323 10340
14325 10341
14327 10342
14328 10343
14329 10344
14330 10345
14332 10346
14333 10347
14334 10348
14335 10349
14336 10350
14337 10351
14338 10352
14339 10353
14340 10354
14341 10355
14342 10356
14343 10357
14344 10358
14345 10359
14346 10360
14348 10361
14349 10362
14351 10363
14353 10364
14354 10365
14356 10366
14357 10367
14358 10368
14360 10369
14361 10370
14362 10371
14363 10372
14364 10373
14365 10374
14366 10375
14367 10376
14368 10377
14370 10378
14371 10379
14372 10380
14373 10381
14376 10382
14377 10383
14378 10384
14379 10385
14381 10386
14383 10387
14385 10388
14386 10389
14388 10390
14390 10391
14391 10392
14393 10393
14394 10394
14395 10395
14396 10396
14398 10397
14399 10398
14401 10399
14402 10400
14403 10401
14404 10402
14405 10403
14406 10404
14407 10405
14408 10406
14409 10407
14410 10408
14412 10409
14414 10410
14416 10411
14418 10412
14419 10413
14420 10414
14422 10415
14423 10416
14425 10417
14426 10418
14427 10419
14428 10420
14429 10421
14430 10422
14432 10423
14433 10424
14434 10425
14435 10426
14436 10427
14437 10428
14438 10429
14439 10430
14441 10431
14443 10432
14445 10433
14446 10434
14448 10435
14451 10436
14453 10437
14454 10438
14455 10439
14456 10440
14457 10441
14459 10442
14461 10443
14463 10444
14464 10445
14465 10446
14467 10447
14468 10448
14470 10449
14471 10450
14474 10451
14475 10452
14476 10453
14478 10454
14479 10455
14481 10456
14482 10457
14483 10458
14484 10459
14485 10460
14486 10461
14487 10462
14489 10463
14490 10464
14491 10465
14492 10466
14493 10467
14494 10468
14495 10469
14497 10470
14498 10471
14499 10472
14501 10473
14503 10474
14504 10475
14505 10476
14506 10477
14507 10478
14508 10479
14510 10480
14511 10481
14512 10482
14513 10483
14515 10484
14516 10485
14518 10486
14520 10487
14521 10488
14523 10489
14524 10490
14525 10491
14526 10492
14527 10493
14528 10494
14529 10495
14530 10496
14533 10497
14534 10498
14535 10499
14536 10500
14537 10501
14538 10502
14540 10503
14541 10504
14542 10505
14543 10506
14544 10507
14546 10508
14547 10509
14548 10510
14550 10511
14551 10512
14552 10513
14553 10514
14554 10515
14555 10516
14559 10517
14560 10518
14561 10519
14562 10520
14563 10521
14565 10522
14566 10523
14567 10524
14570 10525
14571 10526
14572 10527
14573 10528
14574 10529
14577 10530
14578 10531
14579 10532
14580 10533
14581 10534
14582 10535
14583 10536
14584 10537
14585 10538
14588 10539
14589 10540
14590 10541
14591 10542
14595 10543
14597 10544
14598 10545
14599 10546
14601 10547
14603 10548
14606 10549
14607 10550
14609 10551
14610 10552
14611 10553
14614 10554
14615 10555
14616 10556
14617 10557
14618 10558
14620 10559
14621 10560
14622 10561
14624 10562
14625 10563
14626 10564
14627 10565
14629 10566
14631 10567
14632 10568
14633 10569
14634 10570
14635 10571
14636 10572
14637 10573
14638 10574
14639 10575
14642 10576
14643 10577
14644 10578
14648 10579
14649 10580
14652 10581
14654 10582
14655 10583
14658 10584
14659 10585
14660 10586
14661 10587
14662 10588
14663 10589
14664 10590
14665 10591
14669 10592
14670 10593
14671 10594
14673 10595
14674 10596
14676 10597
14677 10598
14679 10599
14680 10600
14681 10601
14682 10602
14684 10603
14685 10604
14687 10605
14689 10606
14690 10607
14691 10608
14693 10609
14694 10610
14695 10611
14696 10612
14699 10613
14701 10614
14702 10615
14704 10616
14705 10617
14706 10618
14710 10619
14711 10620
14712 10621
14713 10622
14714 10623
14715 10624
14717 10625
14718 10626
14719 10627
14720 10628
14721 10629
14723 10630
14725 10631
14726 10632
14731 10633
14733 10634
14734 10635
14735 10636
14736 10637
14737 10638
14738 10639
14739 10640
14742 10641
14743 10642
14744 10643
14746 10644
14748 10645
14749 10646
14750 10647
14751 10648
14752 10649
14754 10650
14755 10651
14756 10652
14758 10653
14759 10654
14761 10655
14763 10656
14765 10657
14766 10658
14767 10659
14768 10660
14769 10661
14771 10662
14772 10663
14773 10664
14774 10665
14775 10666
14777 10667
14778 10668
14779 10669
14780 10670
14781 10671
14783 10672
14784 10673
14785 10674
14786 10675
14787 10676
14788 10677
14789 10678
14791 10679
14792 10680
14793 10681
14794 10682
14795 10683
14799 10684
14800 10685
14802 10686
14803 10687
14805 10688
14806 10689
14807 10690
14808 10691
14809 10692
14810 10693
14814 10694
14816 10695
14817 10696
14818 10697
14819 10698
14820 10699
14821 10700
14822 10701
14823 10702
14824 10703
14825 10704
14827 10705
14828 10706
14829 10707
14833 10708
14834 10709
14835 10710
14837 10711
14839 10712
14840 10713
14842 10714
14843 10715
14844 10716
14845 10717
14847 10718
14848 10719
14849 10720
14850 10721
14851 10722
14852 10723
14854 10724
14855 10725
14857 10726
14859 10727
14860 10728
14861 10729
14862 10730
14863 10731
14864 10732
14865 10733
14866 10734
14869 10735
14870 10736
14871 10737
14872 10738
14874 10739
14875 10740
14876 10741
14877 10742
14878 10743
14880 10744
14881 10745
14882 10746
14884 10747
14885 10748
14886 10749
14887 10750
14888 10751
14889 10752
14890 10753
14891 10754
14892 10755
14894 10756
14895 10757
14896 10758
14897 10759
14900 10760
14901 10761
14903 10762
14909 10763
14910 10764
14911 10765
14912 10766
14914 10767
14916 10768
14918 10769
14920 10770
14921 10771
14923 10772
14925 10773
14926 10774
14927 10775
14929 10776
14930 10777
14931 10778
14932 10779
14934 10780
14935 10781
14936 10782
14937 10783
14938 10784
14939 10785
14940 10786
14942 10787
14943 10788
14945 10789
14946 10790
14949 10791
14950 10792
14951 10793
14953 10794
14955 10795
14960 10796
14962 10797
14963 10798
14964 10799
14967 10800
14968 10801
14969 10802
14970 10803
14971 10804
14972 10805
14974 10806
14976 10807
14977 10808
14978 10809
14979 10810
14980 10811
14982 10812
14984 10813
14986 10814
14987 10815
14990 10816
14991 10817
14992 10818
14993 10819
14994 10820
14997 10821
14998 10822
15000 10823
15001 10824
15002 10825
15003 10826
15004 10827
15007 10828
15011 10829
15012 10830
15014 10831
15017 10832
15018 10833
15019 10834
15020 10835
15021 10836
15022 10837
15023 10838
15024 10839
15027 10840
15028 10841
15029 10842
15030 10843
15031 10844
15032 10845
15033 10846
15034 10847
15035 10848
15037 10849
15038 10850
15039 10851
15041 10852
15042 10853
15043 10854
15045 10855
15046 10856
15047 10857
15048 10858
15049 10859
15050 10860
15051 10861
15052 10862
15054 10863
15055 10864
15056 10865
15057 10866
15058 10867
15059 10868
15060 10869
15061 10870
15062 10871
15063 10872
15064 10873
15066 10874
15067 10875
15069 10876
15070 10877
15071 10878
15072 10879
15073 10880
15075 10881
15076 10882
15077 10883
15078 10884
15079 10885
15081 10886
15087 10887
15088 10888
15089 10889
15091 10890
15092 10891
15093 10892
15095 10893
15097 10894
15100 10895
15101 10896
15102 10897
15103 10898
15106 10899
15107 10900
15108 10901
15110 10902
15111 10903
15113 10904
15114 10905
15116 10906
15117 10907
15120 10908
15121 10909
15122 10910
15123 10911
15124 10912
15126 10913
15128 10914
15129 10915
15130 10916
15131 10917
15132 10918
15133 10919
15134 10920
15136 10921
15138 10922
15139 10923
15140 10924
15142 10925
15145 10926
15147 10927
15148 10928
15150 10929
15154 10930
15155 10931
15156 10932
15158 10933
15159 10934
15160 10935
15161 10936
15162 10937
15163 10938
15165 10939
15166 10940
15167 10941
15168 10942
15169 10943
15171 10944
15172 10945
15174 10946
15175 10947
15176 10948
15177 10949
15178 10950
15180 10951
15181 10952
15183 10953
15184 10954
15185 10955
15186 10956
15188 10957
15192 10958
15193 10959
15195 10960
15196 10961
15197 10962
15198 10963
15199 10964
15201 10965
15203 10966
15204 10967
15205 10968
15206 10969
15208 10970
15209 10971
15210 10972
15211 10973
15212 10974
15214 10975
15215 10976
15216 10977
15217 10978
15219 10979
15220 10980
15221 10981
15222 10982
15224 10983
15226 10984
15227 10985
15228 10986
15230 10987
15233 10988
15234 10989
15235 10990
15237 10991
15238 10992
15241 10993
15242 10994
15244 10995
15245 10996
15246 10997
15247 10998
15249 10999
15250 11000
15251 11001
15254 11002
15255 11003
15256 11004
15259 11005
15260 11006
15261 11007
15263 11008
15266 11009
15267 11010
15268 11011
15269 11012
15270 11013
15271 11014
15272 11015
15274 11016
15275 11017
15276 11018
15279 11019
15280 11020
15281 11021
15282 11022
15283 11023
15285 11024
15286 11025
15287 11026
15288 11027
15289 11028
15292 11029
15293 11030
15295 11031
15296 11032
15297 11033
15298 11034
15301 11035
15302 11036
15303 11037
15305 11038
15308 11039
15310 11040
15311 11041
15312 11042
15313 11043
15314 11044
15315 11045
15316 11046
15317 11047
15318 11048
15320 11049
15322 11050
15323 11051
15325 11052
15328 11053
15329 11054
15332 11055
15333 11056
15334 11057
15335 11058
15336 11059
15338 11060
15339 11061
15342 11062
15345 11063
15348 11064
15349 11065
15350 11066
15351 11067
15355 11068
15356 11069
15357 11070
15358 11071
15359 11072
15362 11073
15364 11074
15371 11075
15372 11076
15373 11077
15376 11078
15377 11079
15380 11080
15381 11081
15384 11082
15385 11083
15386 11084
15387 11085
15388 11086
15393 11087
15394 11088
15395 11089
15396 11090
15397 11091
15399 11092
15400 11093
15401 11094
15402 11095
15403 11096
15404 11097
15405 11098
15406 11099
15408 11100
15409 11101
15410 11102
15412 11103
15414 11104
15415 11105
15417 11106
15418 11107
15419 11108
15421 11109
15422 11110
15423 11111
15424 11112
15425 11113
15426 11114
15427 11115
15429 11116
15432 11117
15434 11118
15435 11119
15436 11120
15437 11121
15438 11122
15439 11123
15440 11124
15441 11125
15443 11126
15444 11127
15445 11128
15447 11129
15448 11130
15449 11131
15450 11132
15451 11133
15452 11134
15453 11135
15454 11136
15455 11137
15457 11138
15458 11139
15459 11140
15460 11141
15461 11142
15462 11143
15463 11144
15464 11145
15465 11146
15466 11147
15467 11148
15468 11149
15469 11150
15470 11151
15471 11152
15472 11153
15473 11154
15474 11155
15475 11156
15477 11157
15478 11158
15480 11159
15481 11160
15482 11161
15484 11162
15485 11163
15486 11164
15487 11165
15489 11166
15490 11167
15491 11168
15492 11169
15493 11170
15494 11171
15495 11172
15496 11173
15497 11174
15500 11175
15502 11176
15504 11177
15506 11178
15508 11179
15509 11180
15510 11181
15511 11182
15512 11183
15513 11184
15514 11185
15516 11186
15517 11187
15518 11188
15519 11189
15521 11190
15522 11191
15523 11192
15524 11193
15525 11194
15527 11195
15528 11196
15529 11197
15530 11198
15532 11199
15533 11200
15534 11201
15535 11202
15542 11203
15545 11204
15547 11205
15548 11206
15550 11207
15551 11208
15552 11209
15554 11210
15555 11211
15556 11212
15557 11213
15558 11214
15559 11215
15561 11216
15562 11217
15563 11218
15564 11219
15565 11220
15568 11221
15569 11222
15570 11223
15571 11224
15572 11225
15575 11226
15576 11227
15577 11228
15578 11229
15580 11230
15582 11231
15584 11232
15585 11233
15586 11234
15587 11235
15589 11236
15590 11237
15591 11238
15593 11239
15594 11240
15595 11241
15596 11242
15597 11243
15598 11244
15599 11245
15601 11246
15602 11247
15603 11248
15604 11249
15605 11250
15606 11251
15608 11252
15609 11253
15610 11254
15611 11255
15612 11256
15613 11257
15614 11258
15615 11259
15616 11260
15617 11261
15620 11262
15621 11263
15622 11264
15623 11265
15624 11266
15625 11267
15627 11268
15628 11269
15629 11270
15630 11271
15632 11272
15633 11273
15634 11274
15635 11275
15636 11276
15637 11277
15638 11278
15639 11279
15640 11280
15641 11281
15642 11282
15645 11283
15646 11284
15647 11285
15648 11286
15649 11287
15650 11288
15651 11289
15653 11290
15654 11291
15655 11292
15656 11293
15659 11294
15660 11295
15661 11296
15662 11297
15664 11298
15665 11299
15666 11300
15667 11301
15668 11302
15669 11303
15670 11304
15671 11305
15672 11306
15674 11307
15675 11308
15676 11309
15677 11310
15678 11311
15679 11312
15682 11313
15683 11314
15685 11315
15686 11316
15687 11317
15689 11318
15690 11319
15691 11320
15692 11321
15693 11322
15694 11323
15695 11324
15696 11325
15698 11326
15699 11327
15700 11328
15701 11329
15704 11330
15705 11331
15706 11332
15707 11333
15708 11334
15709 11335
15711 11336
15713 11337
15714 11338
15715 11339
15717 11340
15718 11341
15720 11342
15721 11343
15722 11344
15723 11345
15724 11346
15725 11347
15726 11348
15727 11349
15728 11350
15729 11351
15730 11352
15731 11353
15732 11354
15733 11355
15734 11356
15735 11357
15736 11358
15737 11359
15738 11360
15739 11361
15740 11362
15742 11363
15745 11364
15747 11365
15749 11366
15751 11367
15754 11368
15755 11369
15757 11370
15758 11371
15760 11372
15762 11373
15764 11374
15765 11375
15766 11376
15768 11377
15770 11378
15771 11379
15772 11380
15773 11381
15774 11382
15775 11383
15776 11384
15777 11385
15780 11386
15783 11387
15784 11388
15787 11389
15788 11390
15789 11391
15790 11392
15791 11393
15792 11394
15793 11395
15794 11396
15795 11397
15797 11398
15798 11399
15799 11400
15801 11401
15803 11402
15804 11403
15805 11404
15806 11405
15808 11406
15810 11407
15811 11408
15812 11409
15813 11410
15814 11411
15815 11412
15816 11413
15817 11414
15818 11415
15819 11416
15820 11417
15821 11418
15822 11419
15823 11420
15824 11421
15825 11422
15827 11423
15828 11424
15830 11425
15831 11426
15832 11427
15833 11428
15834 11429
15835 11430
15836 11431
15837 11432
15838 11433
15841 11434
15843 11435
15844 11436
15845 11437
15850 11438
15851 11439
15855 11440
15858 11441
15859 11442
15861 11443
15864 11444
15865 11445
15866 11446
15867 11447
15868 11448
15869 11449
15871 11450
15872 11451
15873 11452
15875 11453
15876 11454
15877 11455
15879 11456
15880 11457
15882 11458
15883 11459
15884 11460
15885 11461
15886 11462
15887 11463
15888 11464
15889 11465
15890 11466
15891 11467
15893 11468
15894 11469
15895 11470
15896 11471
15899 11472
15900 11473
15902 11474
15903 11475
15904 11476
15905 11477
15906 11478
15907 11479
15908 11480
15909 11481
15911 11482
15912 11483
15913 11484
15914 11485
15915 11486
15916 11487
15917 11488
15921 11489
15924 11490
15925 11491
15926 11492
15927 11493
15929 11494
15930 11495
15931 11496
15932 11497
15934 11498
15935 11499
15937 11500
15938 11501
15941 11502
15943 11503
15944 11504
15946 11505
15947 11506
15948 11507
15951 11508
15952 11509
15953 11510
15954 11511
15955 11512
15956 11513
15957 11514
15958 11515
15959 11516
15964 11517
15968 11518
15969 11519
15971 11520
15972 11521
15973 11522
15974 11523
15978 11524
15979 11525
15982 11526
15984 11527
15985 11528
15986 11529
15987 11530
15988 11531
15989 11532
15990 11533
15991 11534
15992 11535
15993 11536
15996 11537
15999 11538
16001 11539
16003 11540
16004 11541
16005 11542
16008 11543
16009 11544
16010 11545
16013 11546
16014 11547
16015 11548
16016 11549
16018 11550
16019 11551
16020 11552
16022 11553
16023 11554
16024 11555
16025 11556
16026 11557
16027 11558
16028 11559
16029 11560
16031 11561
16032 11562
16033 11563
16034 11564
16035 11565
16038 11566
16040 11567
16041 11568
16045 11569
16046 11570
16047 11571
16048 11572
16049 11573
16050 11574
16051 11575
16055 11576
16057 11577
16058 11578
16059 11579
16060 11580
16063 11581
16064 11582
16065 11583
16067 11584
16068 11585
16071 11586
16072 11587
16073 11588
16078 11589
16079 11590
16080 11591
16081 11592
16084 11593
16085 11594
16086 11595
16087 11596
16088 11597
16089 11598
16091 11599
16092 11600
16094 11601
16095 11602
16096 11603
16097 11604
16098 11605
16099 11606
16100 11607
16101 11608
16102 11609
16103 11610
16104 11611
16106 11612
16109 11613
16111 11614
16112 11615
16113 11616
16114 11617
16115 11618
16116 11619
16117 11620
16118 11621
16119 11622
16120 11623
16123 11624
16124 11625
16126 11626
16127 11627
16129 11628
16130 11629
16131 11630
16132 11631
16133 11632
16134 11633
16135 11634
16136 11635
16140 11636
16145 11637
16146 11638
16147 11639
16148 11640
16149 11641
16150 11642
16151 11643
16153 11644
16154 11645
16155 11646
16156 11647
16157 11648
16158 11649
16159 11650
16160 11651
16162 11652
16163 11653
16164 11654
16165 11655
16166 11656
16167 11657
16169 11658
16170 11659
16171 11660
16172 11661
16173 11662
16174 11663
16176 11664
16177 11665
16180 11666
16181 11667
16182 11668
16184 11669
16185 11670
16186 11671
16187 11672
16189 11673
16190 11674
16191 11675
16192 11676
16193 11677
16195 11678
16197 11679
16200 11680
16202 11681
16204 11682
16205 11683
16206 11684
16207 11685
16209 11686
16210 11687
16211 11688
16212 11689
16213 11690
16214 11691
16215 11692
16217 11693
16218 11694
16219 11695
16221 11696
16223 11697
16224 11698
16225 11699
16226 11700
16227 11701
16228 11702
16229 11703
16230 11704
16231 11705
16232 11706
16233 11707
16237 11708
16238 11709
16239 11710
16240 11711
16241 11712
16242 11713
16243 11714
16244 11715
16245 11716
16247 11717
16250 11718
16251 11719
16252 11720
16253 11721
16254 11722
16256 11723
16257 11724
16258 11725
16259 11726
16261 11727
16262 11728
16265 11729
16266 11730
16267 11731
16268 11732
16269 11733
16271 11734
16272 11735
16273 11736
16274 11737
16275 11738
16276 11739
16277 11740
16278 11741
16280 11742
16283 11743
16284 11744
16286 11745
16287 11746
16288 11747
16289 11748
16290 11749
16292 11750
16295 11751
16296 11752
16297 11753
16298 11754
16299 11755
16301 11756
16302 11757
16306 11758
16307 11759
16309 11760
16310 11761
16311 11762
16312 11763
16313 11764
16314 11765
16315 11766
16316 11767
16321 11768
16322 11769
16323 11770
16325 11771
16327 11772
16328 11773
16330 11774
16333 11775
16334 11776
16336 11777
16338 11778
16339 11779
16340 11780
16341 11781
16343 11782
16344 11783
16345 11784
16346 11785
16348 11786
16349 11787
16350 11788
16351 11789
16352 11790
16353 11791
16354 11792
16355 11793
16356 11794
16358 11795
16359 11796
16360 11797
16361 11798
16363 11799
16364 11800
16365 11801
16366 11802
16369 11803
16373 11804
16375 11805
16376 11806
16377 11807
16378 11808
16379 11809
16381 11810
16382 11811
16385 11812
16386 11813
16387 11814
16388 11815
16389 11816
16392 11817
16393 11818
16394 11819
16395 11820
16396 11821
16397 11822
16398 11823
16399 11824
16403 11825
16405 11826
16406 11827
16407 11828
16408 11829
16409 11830
16410 11831
16411 11832
16413 11833
16415 11834
16417 11835
16418 11836
16419 11837
16422 11838
16424 11839
16425 11840
16426 11841
16428 11842
16429 11843
16433 11844
16434 11845
16435 11846
16436 11847
16438 11848
16439 11849
16442 11850
16443 11851
16444 11852
16446 11853
16447 11854
16449 11855
16451 11856
16452 11857
16453 11858
16454 11859
16457 11860
16459 11861
16460 11862
16461 11863
16463 11864
16465 11865
16466 11866
16467 11867
16468 11868
16469 11869
16470 11870
16471 11871
16472 11872
16474 11873
16475 11874
16476 11875
16477 11876
16478 11877
16479 11878
16481 11879
16484 11880
16485 11881
16487 11882
16489 11883
16490 11884
16491 11885
16494 11886
16495 11887
16496 11888
16499 11889
16500 11890
16503 11891
16504 11892
16505 11893
16506 11894
16507 11895
16509 11896
16513 11897
16515 11898
16516 11899
16518 11900
16519 11901
16520 11902
16522 11903
16523 11904
16524 11905
16525 11906
16526 11907
16527 11908
16529 11909
16532 11910
16533 11911
16534 11912
16535 11913
16536 11914
16537 11915
16538 11916
16539 11917
16541 11918
16542 11919
16543 11920
16545 11921
16547 11922
16550 11923
16551 11924
16552 11925
16554 11926
16555 11927
16556 11928
16558 11929
16559 11930
16560 11931
16561 11932
16562 11933
16563 11934
16564 11935
16565 11936
16567 11937
16568 11938
16569 11939
16572 11940
16573 11941
16575 11942
16576 11943
16577 11944
16578 11945
16579 11946
16580 11947
16581 11948
16582 11949
16583 11950
16585 11951
16586 11952
16587 11953
16588 11954
16589 11955
16590 11956
16591 11957
16592 11958
16596 11959
16597 11960
16598 11961
16600 11962
16601 11963
16603 11964
16604 11965
16605 11966
16606 11967
16607 11968
16608 11969
16609 11970
16610 11971
16611 11972
16612 11973
16614 11974
16615 11975
16616 11976
16619 11977
16620 11978
16622 11979
16624 11980
16625 11981
16627 11982
16629 11983
16630 11984
16632 11985
16633 11986
16635 11987
16636 11988
16637 11989
16638 11990
16640 11991
16642 11992
16643 11993
16645 11994
16646 11995
16649 11996
16650 11997
16653 11998
16654 11999
16656 12000
16658 12001
16659 12002
16660 12003
16661 12004
16663 12005
16664 12006
16665 12007
16666 12008
16667 12009
16670 12010
16672 12011
16673 12012
16674 12013
16675 12014
16676 12015
16677 12016
16679 12017
16680 12018
16681 12019
16682 12020
16684 12021
16685 12022
16686 12023
16687 12024
16688 12025
16689 12026
16690 12027
16691 12028
16694 12029
16696 12030
16697 12031
16698 12032
16699 12033
16703 12034
16704 12035
16705 12036
16706 12037
16707 12038
16708 12039
16709 12040
16710 12041
16711 12042
16712 12043
16713 12044
16715 12045
16716 12046
16717 12047
16718 12048
16719 12049
16721 12050
16722 12051
16723 12052
16724 12053
16726 12054
16728 12055
16729 12056
16730 12057
16731 12058
16733 12059
16734 12060
16735 12061
16737 12062
16740 12063
16741 12064
16742 12065
16743 12066
16746 12067
16747 12068
16749 12069
16750 12070
16752 12071
16755 12072
16756 12073
16757 12074
16759 12075
16760 12076
16761 12077
16762 12078
16763 12079
16764 12080
16765 12081
16766 12082
16767 12083
16768 12084
16770 12085
16771 12086
16773 12087
16774 12088
16775 12089
16776 12090
16777 12091
16778 12092
16779 12093
16780 12094
16781 12095
16783 12096
16784 12097
16785 12098
16787 12099
16791 12100
16792 12101
16793 12102
16794 12103
16795 12104
16797 12105
16798 12106
16800 12107
16801 12108
16802 12109
16803 12110
16804 12111
16805 12112
16808 12113
16809 12114
16810 12115
16811 12116
16812 12117
16813 12118
16814 12119
16815 12120
16816 12121
16817 12122
16819 12123
16820 12124
16821 12125
16822 12126
16823 12127
16824 12128
16826 12129
16828 12130
16830 12131
16831 12132
16834 12133
16835 12134
16837 12135
16838 12136
16839 12137
16841 12138
16842 12139
16844 12140
16845 12141
16847 12142
16849 12143
16850 12144
16851 12145
16852 12146
16854 12147
16855 12148
16856 12149
16857 12150
16858 12151
16859 12152
16862 12153
16864 12154
16865 12155
16866 12156
16867 12157
16868 12158
16869 12159
16870 12160
16872 12161
16873 12162
16874 12163
16875 12164
16876 12165
16877 12166
16878 12167
16879 12168
16880 12169
16881 12170
16882 12171
16883 12172
16884 12173
16886 12174
16887 12175
16889 12176
16890 12177
16892 12178
16893 12179
16894 12180
16895 12181
16896 12182
16897 12183
16898 12184
16899 12185
16900 12186
16902 12187
16903 12188
16906 12189
16908 12190
16909 12191
16910 12192
16911 12193
16913 12194
16915 12195
16916 12196
16918 12197
16922 12198
16923 12199
16924 12200
16925 12201
16927 12202
16928 12203
16930 12204
16931 12205
16932 12206
16933 12207
16934 12208
16935 12209
16936 12210
16938 12211
16939 12212
16941 12213
16944 12214
16945 12215
16946 12216
16947 12217
16948 12218
16955 12219
16957 12220
16958 12221
16959 12222
16960 12223
16961 12224
16963 12225
16964 12226
16967 12227
16969 12228
16973 12229
16974 12230
16975 12231
16978 12232
16980 12233
16981 12234
16982 12235
16983 12236
16984 12237
16986 12238
16987 12239
16988 12240
16989 12241
16992 12242
16994 12243
16995 12244
16996 12245
16997 12246
17000 12247
17002 12248
17004 12249
17005 12250
17006 12251
17009 12252
17010 12253
17011 12254
17013 12255
17014 12256
17015 12257
17016 12258
17018 12259
17021 12260
17023 12261
17024 12262
17025 12263
17026 12264
17029 12265
17030 12266
17031 12267
17032 12268
17033 12269
17034 12270
17035 12271
17036 12272
17037 12273
17038 12274
17039 12275
17040 12276
17041 12277
17044 12278
17045 12279
17046 12280
17047 12281
17048 12282
17049 12283
17050 12284
17051 12285
17052 12286
17053 12287
17054 12288
17055 12289
17057 12290
17058 12291
17059 12292
17060 12293
17063 12294
17066 12295
17067 12296
17068 12297
17069 12298
17070 12299
17071 12300
17076 12301
17077 12302
17078 12303
17081 12304
17082 12305
17083 12306
17084 12307
17085 12308
17087 12309
17090 12310
17091 12311
17092 12312
17093 12313
17094 12314
17095 12315
17098 12316
17100 12317
17101 12318
17103 12319
17104 12320
17105 12321
17106 12322
17111 12323
17112 12324
17113 12325
17114 12326
17116 12327
17117 12328
17118 12329
17119 12330
17120 12331
17121 12332
17122 12333
17123 12334
17124 12335
17125 12336
17126 12337
17127 12338
17129 12339
17131 12340
17136 12341
17137 12342
17139 12343
17140 12344
17141 12345
17142 12346
17144 12347
17145 12348
17146 12349
17147 12350
17148 12351
17149 12352
17150 12353
17151 12354
17152 12355
17153 12356
17154 12357
17156 12358
17159 12359
17161 12360
17162 12361
17163 12362
17164 12363
17165 12364
17166 12365
17167 12366
17169 12367
17170 12368
17171 12369
17173 12370
17175 12371
17177 12372
17178 12373
17180 12374
17182 12375
17183 12376
17184 12377
17185 12378
17186 12379
17187 12380
17188 12381
17190 12382
17191 12383
17192 12384
17193 12385
17194 12386
17195 12387
17196 12388
17197 12389
17198 12390
17199 12391
17205 12392
17207 12393
17209 12394
17210 12395
17212 12396
17214 12397
17215 12398
17216 12399
17217 12400
17218 12401
17220 12402
17222 12403
17223 12404
17224 12405
17225 12406
17226 12407
17228 12408
17229 12409
17230 12410
17231 12411
17233 12412
17234 12413
17235 12414
17237 12415
17242 12416
17244 12417
17246 12418
17247 12419
17250 12420
17251 12421
17252 12422
17253 12423
17255 12424
17256 12425
17257 12426
17258 12427
17259 12428
17260 12429
17261 12430
17263 12431
17264 12432
17265 12433
17266 12434
17268 12435
17269 12436
17270 12437
17271 12438
17272 12439
17273 12440
17274 12441
17275 12442
17276 12443
17277 12444
17278 12445
17280 12446
17281 12447
17282 12448
17283 12449
17285 12450
17286 12451
17287 12452
17288 12453
17289 12454
17292 12455
17293 12456
17294 12457
17295 12458
17297 12459
17298 12460
17300 12461
17301 12462
17303 12463
17304 12464
17305 12465
17306 12466
17307 12467
17308 12468
17310 12469
17311 12470
17312 12471
17313 12472
17314 12473
17315 12474
17316 12475
17317 12476
17318 12477
17319 12478
17320 12479
17321 12480
17323 12481
17324 12482
17325 12483
17326 12484
17329 12485
17330 12486
17331 12487
17332 12488
17335 12489
17336 12490
17338 12491
17340 12492
17341 12493
17342 12494
17345 12495
17346 12496
17347 12497
17348 12498
17349 12499
17350 12500
17351 12501
17352 12502
17353 12503
17354 12504
17355 12505
17356 12506
17357 12507
17358 12508
17360 12509
17361 12510
17362 12511
17363 12512
17365 12513
17366 12514
17368 12515
17369 12516
17371 12517
17372 12518
17374 12519
17375 12520
17376 12521
17380 12522
17382 12523
17383 12524
17384 12525
17387 12526
17388 12527
17389 12528
17390 12529
17392 12530
17393 12531
17394 12532
17395 12533
17396 12534
17397 12535
17398 12536
17399 12537
17401 12538
17402 12539
17403 12540
17405 12541
17408 12542
17410 12543
17411 12544
17412 12545
17413 12546
17414 12547
17415 12548
17416 12549
17417 12550
17418 12551
17419 12552
17420 12553
17422 12554
17423 12555
17424 12556
17425 12557
17426 12558
17427 12559
17428 12560
17431 12561
17433 12562
17434 12563
17435 12564
17436 12565
17437 12566
17438 12567
17439 12568
17440 12569
17441 12570
17442 12571
17443 12572
17445 12573
17446 12574
17447 12575
17449 12576
17450 12577
17451 12578
17453 12579
17455 12580
17456 12581
17457 12582
17459 12583
17460 12584
17461 12585
17462 12586
17466 12587
17468 12588
17470 12589
17472 12590
17473 12591
17474 12592
17475 12593
17479 12594
17480 12595
17481 12596
17483 12597
17484 12598
17486 12599
17487 12600
17489 12601
17490 12602
17491 12603
17492 12604
17494 12605
17495 12606
17497 12607
17498 12608
17500 12609
17501 12610
17502 12611
17503 12612
17505 12613
17506 12614
17507 12615
17509 12616
17510 12617
17512 12618
17513 12619
17515 12620
17516 12621
17518 12622
17519 12623
17521 12624
17522 12625
17523 12626
17525 12627
17526 12628
17527 12629
17528 12630
17530 12631
17531 12632
17532 12633
17533 12634
17536 12635
17537 12636
17538 12637
17540 12638
17541 12639
17542 12640
17543 12641
17545 12642
17546 12643
17547 12644
17548 12645
17549 12646
17551 12647
17552 12648
17554 12649
17555 12650
17557 12651
17558 12652
17560 12653
17561 12654
17562 12655
17563 12656
17564 12657
17565 12658
17566 12659
17567 12660
17568 12661
17569 12662
17570 12663
17571 12664
17572 12665
17573 12666
17574 12667
17576 12668
17577 12669
17578 12670
17579 12671
17580 12672
17581 12673
17582 12674
17584 12675
17585 12676
17586 12677
17588 12678
17589 12679
17590 12680
17592 12681
17593 12682
17595 12683
17596 12684
17597 12685
17598 12686
17601 12687
17602 12688
17603 12689
17604 12690
17605 12691
17606 12692
17607 12693
17609 12694
17611 12695
17612 12696
17613 12697
17614 12698
17615 12699
17616 12700
17617 12701
17619 12702
17620 12703
17622 12704
17624 12705
17625 12706
17626 12707
17627 12708
17628 12709
17630 12710
17631 12711
17632 12712
17635 12713
17636 12714
17637 12715
17638 12716
17639 12717
17640 12718
17641 12719
17642 12720
17643 12721
17644 12722
17645 12723
17646 12724
17649 12725
17651 12726
17652 12727
17653 12728
17654 12729
17658 12730
17661 12731
17662 12732
17663 12733
17666 12734
17667 12735
17668 12736
17669 12737
17670 12738
17671 12739
17672 12740
17674 12741
17677 12742
17678 12743
17679 12744
17680 12745
17682 12746
17684 12747
17686 12748
17687 12749
17689 12750
17691 12751
17692 12752
17694 12753
17696 12754
17697 12755
17698 12756
17700 12757
17702 12758
17703 12759
17704 12760
17706 12761
17707 12762
17708 12763
17709 12764
17710 12765
17711 12766
17713 12767
17714 12768
17715 12769
17716 12770
17717 12771
17718 12772
17719 12773
17721 12774
17722 12775
17724 12776
17725 12777
17726 12778
17727 12779
17728 12780
17730 12781
17732 12782
17733 12783
17734 12784
17736 12785
17737 12786
17738 12787
17739 12788
17741 12789
17742 12790
17745 12791
17746 12792
17748 12793
17749 12794
17750 12795
17751 12796
17752 12797
17755 12798
17756 12799
17757 12800
17759 12801
17760 12802
17762 12803
17764 12804
17765 12805
17768 12806
17769 12807
17770 12808
17771 12809
17772 12810
17774 12811
17775 12812
17776 12813
17777 12814
17778 12815
17779 12816
17780 12817
17781 12818
17782 12819
17783 12820
17784 12821
17787 12822
17788 12823
17790 12824
17791 12825
17792 12826
17794 12827
17795 12828
17796 12829
17797 12830
17798 12831
17800 12832
17801 12833
17802 12834
17804 12835
17805 12836
17807 12837
17808 12838
17810 12839
17812 12840
17813 12841
17814 12842
17815 12843
17816 12844
17817 12845
17818 12846
17820 12847
17821 12848
17822 12849
17825 12850
17826 12851
17827 12852
17828 12853
17829 12854
17830 12855
17832 12856
17834 12857
17835 12858
17837 12859
17838 12860
17839 12861
17840 12862
17841 12863
17843 12864
17845 12865
17850 12866
17854 12867
17855 12868
17856 12869
17857 12870
17858 12871
17861 12872
17862 12873
17863 12874
17865 12875
17866 12876
17867 12877
17869 12878
17870 12879
17871 12880
17872 12881
17873 12882
17877 12883
17878 12884
17879 12885
17880 12886
17881 12887
17882 12888
17883 12889
17884 12890
17885 12891
17886 12892
17887 12893
17888 12894
17889 12895
17890 12896
17891 12897
17892 12898
17894 12899
17895 12900
17898 12901
17899 12902
17901 12903
17902 12904
17903 12905
17904 12906
17905 12907
17906 12908
17908 12909
17909 12910
17910 12911
17911 12912
17912 12913
17915 12914
17916 12915
17917 12916
17919 12917
17920 12918
17921 12919
17922 12920
17924 12921
17925 12922
17926 12923
17927 12924
17928 12925
17930 12926
17931 12927
17932 12928
17933 12929
17934 12930
17935 12931
17937 12932
17938 12933
17939 12934
17940 12935
17941 12936
17942 12937
17944 12938
17945 12939
17946 12940
17947 12941
17949 12942
17950 12943
17951 12944
17952 12945
17953 12946
17954 12947
17955 12948
17956 12949
17957 12950
17958 12951
17959 12952
17960 12953
17961 12954
17962 12955
17963 12956
17966 12957
17971 12958
17972 12959
17976 12960
17979 12961
17981 12962
17983 12963
17984 12964
17988 12965
17989 12966
17990 12967
17991 12968
17993 12969
17994 12970
17995 12971
17996 12972
17997 12973
17998 12974
17999 12975
18000 12976
18001 12977
18002 12978
18003 12979
18004 12980
18005 12981
18007 12982
18008 12983
18009 12984
18010 12985
18011 12986
18014 12987
18017 12988
18018 12989
18022 12990
18023 12991
18024 12992
18025 12993
18026 12994
18027 12995
18029 12996
18030 12997
18031 12998
18032 12999
18033 13000
18034 13001
18035 13002
18036 13003
18037 13004
18039 13005
18041 13006
18043 13007
18045 13008
18046 13009
18048 13010
18049 13011
18050 13012
18053 13013
18054 13014
18056 13015
18059 13016
18062 13017
18063 13018
18065 13019
18066 13020
18067 13021
18068 13022
18069 13023
18070 13024
18071 13025
18075 13026
18076 13027
18077 13028
18079 13029
18080 13030
18081 13031
18082 13032
18083 13033
18084 13034
18085 13035
18087 13036
18088 13037
18090 13038
18091 13039
18093 13040
18097 13041
18098 13042
18099 13043
18100 13044
18101 13045
18108 13046
18109 13047
18111 13048
18114 13049
18115 13050
18116 13051
18117 13052
18118 13053
18119 13054
18120 13055
18121 13056
18124 13057
18125 13058
18126 13059
18127 13060
18129 13061
18131 13062
18132 13063
18134 13064
18135 13065
18136 13066
18137 13067
18138 13068
18139 13069
18140 13070
18141 13071
18142 13072
18143 13073
18144 13074
18145 13075
18146 13076
18148 13077
18150 13078
18152 13079
18154 13080
18155 13081
18160 13082
18161 13083
18162 13084
18166 13085
18171 13086
18172 13087
18173 13088
18174 13089
18176 13090
18177 13091
18178 13092
18179 13093
18181 13094
18182 13095
18183 13096
18184 13097
18185 13098
18186 13099
18187 13100
18188 13101
18190 13102
18191 13103
18193 13104
18195 13105
18196 13106
18198 13107
18199 13108
18200 13109
18202 13110
18203 13111
18204 13112
18205 13113
18206 13114
18207 13115
18209 13116
18210 13117
18212 13118
18213 13119
18214 13120
18216 13121
18217 13122
18221 13123
18225 13124
18226 13125
18227 13126
18228 13127
18229 13128
18230 13129
18231 13130
18233 13131
18236 13132
18237 13133
18238 13134
18242 13135
18243 13136
18244 13137
18245 13138
18247 13139
18248 13140
18249 13141
18250 13142
18251 13143
18252 13144
18253 13145
18254 13146
18255 13147
18257 13148
18259 13149
18260 13150
18261 13151
18263 13152
18264 13153
18265 13154
18268 13155
18269 13156
18270 13157
18271 13158
18273 13159
18275 13160
18277 13161
18278 13162
18280 13163
18282 13164
18283 13165
18284 13166
18285 13167
18287 13168
18289 13169
18290 13170
18291 13171
18294 13172
18295 13173
18296 13174
18297 13175
18299 13176
18302 13177
18303 13178
18306 13179
18307 13180
18311 13181
18313 13182
18314 13183
18315 13184
18316 13185
18317 13186
18318 13187
18319 13188
18320 13189
18321 13190
18324 13191
18325 13192
18326 13193
18327 13194
18329 13195
18330 13196
18331 13197
18334 13198
18335 13199
18336 13200
18337 13201
18338 13202
18340 13203
18341 13204
18342 13205
18346 13206
18347 13207
18349 13208
18350 13209
18351 13210
18352 13211
18353 13212
18354 13213
18355 13214
18358 13215
18359 13216
18360 13217
18361 13218
18363 13219
18364 13220
18365 13221
18366 13222
18367 13223
18368 13224
18371 13225
18373 13226
18374 13227
18376 13228
18379 13229
18380 13230
18381 13231
18383 13232
18384 13233
18385 13234
18388 13235
18389 13236
18390 13237
18391 13238
18392 13239
18396 13240
18397 13241
18398 13242
18399 13243
18400 13244
18401 13245
18402 13246
18403 13247
18404 13248
18405 13249
18406 13250
18407 13251
18408 13252
18409 13253
18410 13254
18412 13255
18413 13256
18415 13257
18416 13258
18417 13259
18418 13260
18419 13261
18420 13262
18422 13263
18423 13264
18424 13265
18425 13266
18427 13267
18428 13268
18430 13269
18431 13270
18432 13271
18433 13272
18434 13273
18435 13274
18438 13275
18439 13276
18440 13277
18441 13278
18442 13279
18444 13280
18445 13281
18446 13282
18447 13283
18448 13284
18449 13285
18450 13286
18451 13287
18452 13288
18453 13289
18454 13290
18455 13291
18456 13292
18457 13293
18458 13294
18459 13295
18460 13296
18462 13297
18463 13298
18464 13299
18465 13300
18466 13301
18468 13302
18470 13303
18471 13304
18472 13305
18473 13306
18475 13307
18476 13308
18477 13309
18478 13310
18479 13311
18481 13312
18482 13313
18483 13314
18484 13315
18485 13316
18486 13317
18488 13318
18489 13319
18490 13320
18491 13321
18493 13322
18494 13323
18495 13324
18496 13325
18497 13326
18498 13327
18499 13328
18500 13329
18501 13330
18502 13331
18503 13332
18504 13333
18505 13334
18506 13335
18507 13336
18508 13337
18509 13338
18510 13339
18511 13340
18512 13341
18513 13342
18514 13343
18515 13344
18516 13345
18517 13346
18518 13347
18521 13348
18522 13349
18523 13350
18525 13351
18526 13352
18527 13353
18528 13354
18529 13355
18530 13356
18533 13357
18534 13358
18537 13359
18538 13360
18539 13361
18540 13362
18543 13363
18544 13364
18545 13365
18547 13366
18548 13367
18550 13368
18551 13369
18552 13370
18553 13371
18554 13372
18557 13373
18562 13374
18563 13375
18564 13376
18565 13377
18566 13378
18567 13379
18568 13380
18569 13381
18570 13382
18572 13383
18573 13384
18575 13385
18576 13386
18578 13387
18579 13388
18580 13389
18581 13390
18582 13391
18586 13392
18589 13393
18591 13394
18592 13395
18593 13396
18594 13397
18596 13398
18599 13399
18600 13400
18601 13401
18604 13402
18605 13403
18606 13404
18607 13405
18608 13406
18610 13407
18615 13408
18616 13409
18617 13410
18619 13411
18620 13412
18621 13413
18622 13414
18623 13415
18624 13416
18625 13417
18627 13418
18629 13419
18630 13420
18632 13421
18633 13422
18635 13423
18636 13424
18637 13425
18638 13426
18639 13427
18640 13428
18641 13429
18642 13430
18643 13431
18645 13432
18648 13433
18649 13434
18650 13435
18652 13436
18653 13437
18655 13438
18657 13439
18659 13440
18660 13441
18661 13442
18662 13443
18664 13444
18666 13445
18667 13446
18670 13447
18671 13448
18672 13449
18673 13450
18674 13451
18676 13452
18677 13453
18678 13454
18679 13455
18680 13456
18681 13457
18682 13458
18683 13459
18684 13460
18685 13461
18686 13462
18687 13463
18689 13464
18692 13465
18693 13466
18694 13467
18695 13468
18696 13469
18697 13470
18698 13471
18699 13472
18700 13473
18701 13474
18702 13475
18703 13476
18704 13477
18706 13478
18707 13479
18711 13480
18712 13481
18713 13482
18714 13483
18715 13484
18718 13485
18721 13486
18722 13487
18723 13488
18725 13489
18726 13490
18727 13491
18728 13492
18729 13493
18731 13494
18732 13495
18733 13496
18734 13497
18737 13498
18738 13499
18739 13500
18740 13501
18741 13502
18742 13503
18743 13504
18745 13505
18747 13506
18748 13507
18752 13508
18753 13509
18754 13510
18755 13511
18756 13512
18757 13513
18759 13514
18760 13515
18761 13516
18763 13517
18764 13518
18765 13519
18766 13520
18767 13521
18769 13522
18771 13523
18772 13524
18773 13525
18774 13526
18776 13527
18778 13528
18780 13529
18781 13530
18782 13531
18783 13532
18785 13533
18786 13534
18788 13535
18789 13536
18791 13537
18793 13538
18794 13539
18795 13540
18796 13541
18797 13542
18799 13543
18801 13544
18802 13545
18804 13546
18805 13547
18806 13548
18807 13549
18808 13550
18809 13551
18810 13552
18811 13553
18812 13554
18813 13555
18814 13556
18815 13557
18816 13558
18818 13559
18819 13560
18821 13561
18822 13562
18823 13563
18825 13564
18828 13565
18829 13566
18831 13567
18835 13568
18837 13569
18838 13570
18839 13571
18842 13572
18843 13573
18844 13574
18845 13575
18846 13576
18848 13577
18850 13578
18852 13579
18853 13580
18854 13581
18855 13582
18857 13583
18858 13584
18859 13585
18861 13586
18862 13587
18863 13588
18867 13589
18868 13590
18869 13591
18871 13592
18874 13593
18876 13594
18877 13595
18879 13596
18880 13597
18883 13598
18884 13599
18885 13600
18886 13601
18887 13602
18888 13603
18889 13604
18890 13605
18894 13606
18896 13607
18897 13608
18899 13609
18901 13610
18902 13611
18903 13612
18904 13613
18908 13614
18909 13615
18910 13616
18911 13617
18912 13618
18914 13619
18915 13620
18916 13621
18917 13622
18918 13623
18921 13624
18922 13625
18923 13626
18924 13627
18926 13628
18928 13629
18929 13630
18931 13631
18932 13632
18933 13633
18934 13634
18935 13635
18936 13636
18938 13637
18939 13638
18941 13639
18943 13640
18946 13641
18947 13642
18949 13643
18950 13644
18951 13645
18952 13646
18953 13647
18954 13648
18956 13649
18957 13650
18958 13651
18959 13652
18960 13653
18961 13654
18962 13655
18964 13656
18966 13657
18967 13658
18968 13659
18969 13660
18970 13661
18971 13662
18974 13663
18975 13664
18976 13665
18977 13666
18979 13667
18980 13668
18981 13669
18983 13670
18984 13671
18986 13672
18987 13673
18988 13674
18989 13675
18990 13676
18992 13677
18993 13678
18994 13679
18995 13680
18996 13681
18998 13682
18999 13683
19000 13684
19002 13685
19003 13686
19005 13687
19006 13688
19007 13689
19009 13690
19010 13691
19011 13692
19012 13693
19013 13694
19014 13695
19015 13696
19016 13697
19018 13698
19019 13699
19020 13700
19022 13701
19023 13702
19025 13703
19026 13704
19027 13705
19028 13706
19030 13707
19031 13708
19032 13709
19033 13710
19034 13711
19035 13712
19036 13713
19037 13714
19039 13715
19040 13716
19041 13717
19043 13718
19044 13719
19045 13720
19046 13721
19047 13722
19048 13723
19049 13724
19050 13725
19051 13726
19052 13727
19053 13728
19054 13729
19055 13730
19057 13731
19058 13732
19059 13733
19061 13734
19062 13735
19064 13736
19065 13737
19066 13738
19067 13739
19068 13740
19069 13741
19070 13742
19071 13743
19072 13744
19073 13745
19074 13746
19076 13747
19077 13748
19078 13749
19079 13750
19080 13751
19081 13752
19082 13753
19083 13754
19084 13755
19085 13756
19086 13757
19088 13758
19090 13759
19093 13760
19094 13761
19096 13762
19097 13763
19098 13764
19099 13765
19100 13766
19101 13767
19102 13768
19104 13769
19105 13770
19106 13771
19107 13772
19108 13773
19109 13774
19111 13775
19113 13776
19114 13777
19115 13778
19118 13779
19119 13780
19120 13781
19121 13782
19122 13783
19123 13784
19124 13785
19126 13786
19127 13787
19128 13788
19129 13789
19131 13790
19132 13791
19133 13792
19135 13793
19136 13794
19137 13795
19138 13796
19139 13797
19140 13798
19141 13799
19143 13800
19145 13801
19147 13802
19149 13803
19150 13804
19151 13805
19152 13806
19153 13807
19154 13808
19156 13809
19159 13810
19160 13811
19161 13812
19162 13813
19163 13814
19164 13815
19165 13816
19166 13817
19167 13818
19169 13819
19170 13820
19171 13821
19172 13822
19173 13823
19175 13824
19177 13825
19178 13826
19180 13827
19181 13828
19183 13829
19184 13830
19185 13831
19186 13832
19187 13833
19189 13834
19190 13835
19191 13836
19193 13837
19194 13838
19196 13839
19197 13840
19200 13841
19201 13842
19203 13843
19204 13844
19205 13845
19206 13846
19209 13847
19210 13848
19211 13849
19212 13850
19214 13851
19215 13852
19216 13853
19218 13854
19219 13855
19223 13856
19224 13857
19226 13858
19230 13859
19231 13860
19232 13861
19233 13862
19237 13863
19238 13864
19239 13865
19240 13866
19241 13867
19242 13868
19243 13869
19244 13870
19246 13871
19247 13872
19249 13873
19253 13874
19254 13875
19255 13876
19256 13877
19257 13878
19258 13879
19259 13880
19260 13881
19261 13882
19262 13883
19264 13884
19265 13885
19266 13886
19268 13887
19269 13888
19270 13889
19273 13890
19274 13891
19275 13892
19276 13893
19277 13894
19278 13895
19279 13896
19280 13897
19281 13898
19282 13899
19285 13900
19287 13901
19288 13902
19289 13903
19294 13904
19295 13905
19296 13906
19299 13907
19300 13908
19301 13909
19302 13910
19304 13911
19305 13912
19308 13913
19309 13914
19311 13915
19312 13916
19313 13917
19314 13918
19315 13919
19316 13920
19318 13921
19320 13922
19323 13923
19326 13924
19327 13925
19329 13926
19330 13927
19331 13928
19334 13929
19338 13930
19339 13931
19340 13932
19341 13933
19342 13934
19343 13935
19345 13936
19347 13937
19348 13938
19349 13939
19352 13940
19354 13941
19355 13942
19356 13943
19357 13944
19359 13945
19360 13946
19361 13947
19362 13948
19363 13949
19364 13950
19365 13951
19366 13952
19368 13953
19370 13954
19373 13955
19376 13956
19377 13957
19378 13958
19379 13959
19380 13960
19383 13961
19384 13962
19386 13963
19387 13964
19388 13965
19389 13966
19391 13967
19392 13968
19393 13969
19395 13970
19396 13971
19397 13972
19398 13973
19399 13974
19400 13975
19401 13976
19402 13977
19404 13978
19406 13979
19407 13980
19408 13981
19409 13982
19410 13983
19411 13984
19412 13985
19414 13986
19416 13987
19417 13988
19418 13989
19419 13990
19422 13991
19423 13992
19424 13993
19425 13994
19426 13995
19428 13996
19429 13997
19430 13998
19432 13999
19435 14000
19439 14001
19441 14002
19442 14003
19445 14004
19446 14005
19447 14006
19448 14007
19449 14008
19451 14009
19452 14010
19454 14011
19455 14012
19456 14013
19458 14014
19460 14015
19462 14016
19465 14017
19466 14018
19467 14019
19468 14020
19470 14021
19471 14022
19472 14023
19474 14024
19475 14025
19476 14026
19477 14027
19478 14028
19479 14029
19480 14030
19481 14031
19483 14032
19487 14033
19488 14034
19490 14035
19491 14036
19492 14037
19493 14038
19495 14039
19496 14040
19497 14041
19498 14042
19502 14043
19503 14044
19506 14045
19508 14046
19511 14047
19512 14048
19513 14049
19514 14050
19515 14051
19516 14052
19517 14053
19518 14054
19520 14055
19523 14056
19524 14057
19525 14058
19526 14059
19527 14060
19528 14061
19529 14062
19530 14063
19531 14064
19532 14065
19533 14066
19534 14067
19536 14068
19537 14069
19539 14070
19540 14071
19541 14072
19542 14073
19543 14074
19545 14075
19546 14076
19548 14077
19549 14078
19550 14079
19551 14080
19552 14081
19554 14082
19556 14083
19557 14084
19558 14085
19559 14086
19561 14087
19562 14088
19563 14089
19564 14090
19566 14091
19567 14092
19568 14093
19569 14094
19570 14095
19571 14096
19572 14097
19574 14098
19575 14099
19576 14100
19577 14101
19580 14102
19581 14103
19582 14104
19583 14105
19584 14106
19585 14107
19586 14108
19587 14109
19588 14110
19589 14111
19592 14112
19593 14113
19594 14114
19596 14115
19597 14116
19598 14117
19599 14118
19600 14119
19601 14120
19602 14121
19604 14122
19605 14123
19606 14124
19607 14125
19608 14126
19609 14127
19610 14128
19611 14129
19612 14130
19613 14131
19614 14132
19615 14133
19616 14134
19617 14135
19618 14136
19619 14137
19620 14138
19623 14139
19624 14140
19625 14141
19626 14142
19627 14143
19628 14144
19630 14145
19632 14146
19634 14147
19636 14148
19638 14149
19639 14150
19640 14151
19642 14152
19644 14153
19645 14154
19646 14155
19647 14156
19648 14157
19649 14158
19650 14159
19651 14160
19652 14161
19655 14162
19656 14163
19657 14164
19658 14165
19660 14166
19661 14167
19662 14168
19663 14169
19664 14170
19665 14171
19666 14172
19667 14173
19668 14174
19669 14175
19670 14176
19671 14177
19672 14178
19675 14179
19678 14180
19679 14181
19681 14182
19682 14183
19685 14184
19686 14185
19688 14186
19690 14187
19691 14188
19693 14189
19694 14190
19696 14191
19699 14192
19700 14193
19701 14194
19703 14195
19704 14196
19705 14197
19706 14198
19707 14199
19708 14200
19709 14201
19711 14202
19712 14203
19713 14204
19715 14205
19717 14206
19718 14207
19719 14208
19720 14209
19721 14210
19722 14211
19723 14212
19725 14213
19726 14214
19729 14215
19730 14216
19731 14217
19732 14218
19733 14219
19734 14220
19736 14221
19737 14222
19738 14223
19739 14224
19742 14225
19743 14226
19744 14227
19745 14228
19746 14229
19747 14230
19748 14231
19749 14232
19750 14233
19752 14234
19753 14235
19754 14236
19755 14237
19756 14238
19757 14239
19758 14240
19761 14241
19762 14242
19763 14243
19764 14244
19765 14245
19766 14246
19771 14247
19772 14248
19773 14249
19774 14250
19776 14251
19778 14252
19779 14253
19781 14254
19782 14255
19784 14256
19785 14257
19787 14258
19790 14259
19791 14260
19792 14261
19794 14262
19795 14263
19796 14264
19798 14265
19800 14266
19801 14267
19803 14268
19804 14269
19805 14270
19806 14271
19807 14272
19808 14273
19809 14274
19810 14275
19811 14276
19813 14277
19815 14278
19816 14279
19819 14280
19820 14281
19821 14282
19822 14283
19824 14284
19826 14285
19827 14286
19829 14287
19830 14288
19831 14289
19832 14290
19834 14291
19835 14292
19836 14293
19837 14294
19838 14295
19839 14296
19840 14297
19841 14298
19842 14299
19843 14300
19845 14301
19847 14302
19849 14303
19850 14304
19852 14305
19855 14306
19856 14307
19857 14308
19858 14309
19859 14310
19860 14311
19861 14312
19862 14313
19863 14314
19864 14315
19865 14316
19866 14317
19867 14318
19869 14319
19870 14320
19871 14321
19872 14322
19873 14323
19874 14324
19875 14325
19876 14326
19878 14327
19879 14328
19880 14329
19881 14330
19885 14331
19886 14332
19887 14333
19888 14334
19889 14335
19891 14336
19892 14337
19893 14338
19898 14339
19900 14340
19902 14341
19903 14342
19904 14343
19905 14344
19906 14345
19907 14346
19908 14347
19909 14348
19910 14349
19911 14350
19915 14351
19917 14352
19918 14353
19919 14354
19921 14355
19922 14356
19923 14357
19925 14358
19926 14359
19928 14360
19929 14361
19930 14362
19931 14363
19933 14364
19934 14365
19936 14366
19937 14367
19938 14368
19939 14369
19940 14370
19941 14371
19942 14372
19943 14373
19945 14374
19946 14375
19950 14376
19951 14377
19952 14378
19953 14379
19954 14380
19955 14381
19956 14382
19958 14383
19959 14384
19960 14385
19961 14386
19962 14387
19965 14388
19967 14389
19968 14390
19972 14391
19976 14392
19977 14393
19978 14394
19979 14395
19980 14396
19981 14397
19983 14398
19984 14399
19986 14400
19987 14401
19988 14402
19990 14403
19992 14404
19994 14405
19995 14406
19996 14407
19997 14408
19998 14409
19999 14410
20000 14411
20001 14412
20002 14413
20003 14414
20004 14415
20005 14416
20006 14417
20007 14418
20008 14419
20009 14420
20010 14421
20011 14422
20012 14423
20014 14424
20015 14425
20016 14426
20017 14427
20018 14428
20019 14429
20020 14430
20021 14431
20022 14432
20023 14433
20024 14434
20025 14435
20026 14436
20028 14437
20029 14438
20030 14439
20031 14440
20034 14441
20036 14442
20037 14443
20039 14444
20040 14445
20041 14446
20042 14447
20043 14448
20044 14449
20045 14450
20047 14451
20048 14452
20049 14453
20050 14454
20052 14455
20053 14456
20054 14457
20056 14458
20057 14459
20058 14460
20059 14461
20061 14462
20062 14463
20063 14464
20064 14465
20065 14466
20066 14467
20067 14468
20069 14469
20072 14470
20077 14471
20079 14472
20081 14473
20084 14474
20085 14475
20087 14476
20089 14477
20090 14478
20091 14479
20092 14480
20093 14481
20095 14482
20096 14483
20098 14484
20099 14485
20100 14486
20101 14487
20102 14488
20103 14489
20104 14490
20110 14491
20111 14492
20112 14493
20113 14494
20118 14495
20120 14496
20121 14497
20122 14498
20123 14499
20124 14500
20125 14501
20126 14502
20128 14503
20129 14504
20131 14505
20132 14506
20133 14507
20134 14508
20135 14509
20136 14510
20138 14511
20139 14512
20140 14513
20141 14514
20143 14515
20144 14516
20146 14517
20147 14518
20148 14519
20149 14520
20151 14521
20152 14522
20154 14523
20156 14524
20157 14525
20160 14526
20161 14527
20163 14528
20164 14529
20165 14530
20168 14531
20169 14532
20170 14533
20172 14534
20173 14535
20174 14536
20175 14537
20176 14538
20178 14539
20179 14540
20184 14541
20186 14542
20188 14543
20191 14544
20193 14545
20194 14546
20195 14547
20196 14548
20198 14549
20200 14550
20201 14551
20202 14552
20204 14553
20205 14554
20207 14555
20208 14556
20209 14557
20210 14558
20211 14559
20213 14560
20214 14561
20215 14562
20216 14563
20217 14564
20218 14565
20219 14566
20224 14567
20225 14568
20227 14569
20230 14570
20232 14571
20234 14572
20235 14573
20236 14574
20237 14575
20238 14576
20239 14577
20241 14578
20242 14579
20243 14580
20244 14581
20245 14582
20248 14583
20250 14584
20252 14585
20253 14586
20254 14587
20256 14588
20257 14589
20258 14590
20260 14591
20263 14592
20264 14593
20265 14594
20266 14595
20267 14596
20268 14597
20269 14598
20270 14599
20271 14600
20272 14601
20273 14602
20274 14603
20276 14604
20277 14605
20278 14606
20279 14607
20280 14608
20281 14609
20283 14610
20284 14611
20290 14612
20291 14613
20292 14614
20293 14615
20294 14616
20296 14617
20297 14618
20298 14619
20300 14620
20301 14621
20303 14622
20304 14623
20305 14624
20308 14625
20309 14626
20310 14627
20311 14628
20312 14629
20313 14630
20314 14631
20315 14632
20317 14633
20318 14634
20319 14635
20320 14636
20322 14637
20323 14638
20324 14639
20326 14640
20327 14641
20328 14642
20330 14643
20331 14644
20332 14645
20334 14646
20337 14647
20338 14648
20340 14649
20341 14650
20342 14651
20344 14652
20345 14653
20346 14654
20348 14655
20350 14656
20351 14657
20352 14658
20354 14659
20355 14660
20356 14661
20357 14662
20359 14663
20361 14664
20365 14665
20367 14666
20369 14667
20370 14668
20371 14669
20373 14670
20374 14671
20376 14672
20377 14673
20378 14674
20379 14675
20380 14676
20381 14677
20382 14678
20383 14679
20384 14680
20385 14681
20386 14682
20387 14683
20388 14684
20390 14685
20391 14686
20392 14687
20393 14688
20394 14689
20397 14690
20399 14691
20400 14692
20401 14693
20402 14694
20403 14695
20404 14696
20405 14697
20406 14698
20408 14699
20409 14700
20410 14701
20412 14702
20413 14703
20415 14704
20416 14705
20417 14706
20419 14707
20420 14708
20422 14709
20423 14710
20424 14711
20425 14712
20426 14713
20428 14714
20429 14715
20430 14716
20431 14717
20433 14718
20434 14719
20435 14720
20436 14721
20437 14722
20438 14723
20439 14724
20441 14725
20443 14726
20444 14727
20445 14728
20447 14729
20448 14730
20449 14731
20450 14732
20451 14733
20452 14734
20453 14735
20454 14736
20455 14737
20457 14738
20459 14739
20460 14740
20461 14741
20462 14742
20463 14743
20464 14744
20465 14745
20466 14746
20467 14747
20469 14748
20470 14749
20471 14750
20472 14751
20473 14752
20475 14753
20478 14754
20479 14755
20480 14756
20481 14757
20482 14758
20483 14759
20484 14760
20486 14761
20487 14762
20489 14763
20490 14764
20491 14765
20492 14766
20495 14767
20496 14768
20497 14769
20498 14770
20499 14771
20500 14772
20501 14773
20503 14774
20504 14775
20505 14776
20506 14777
20507 14778
20508 14779
20510 14780
20511 14781
20513 14782
20514 14783
20515 14784
20517 14785
20518 14786
20520 14787
20521 14788
20522 14789
20526 14790
20527 14791
20528 14792
20529 14793
20531 14794
20533 14795
20534 14796
20535 14797
20536 14798
20537 14799
20538 14800
20539 14801
20540 14802
20541 14803
20547 14804
20548 14805
20550 14806
20551 14807
20552 14808
20553 14809
20554 14810
20555 14811
20556 14812
20558 14813
20559 14814
20561 14815
20563 14816
20564 14817
20565 14818
20567 14819
20570 14820
20571 14821
20572 14822
20573 14823
20575 14824
20582 14825
20583 14826
20584 14827
20585 14828
20587 14829
20588 14830
20589 14831
20590 14832
20592 14833
20593 14834
20594 14835
20595 14836
20596 14837
20599 14838
20600 14839
20603 14840
20604 14841
20605 14842
20606 14843
20607 14844
20608 14845
20609 14846
20610 14847
20611 14848
20612 14849
20613 14850
20614 14851
20618 14852
20619 14853
20620 14854
20621 14855
20622 14856
20623 14857
20626 14858
20627 14859
20629 14860
20630 14861
20631 14862
20632 14863
20633 14864
20634 14865
20635 14866
20636 14867
20638 14868
20639 14869
20642 14870
20643 14871
20645 14872
20647 14873
20648 14874
20649 14875
20650 14876
20651 14877
20652 14878
20655 14879
20656 14880
20657 14881
20658 14882
20659 14883
20662 14884
20663 14885
20665 14886
20666 14887
20667 14888
20668 14889
20669 14890
20671 14891
20672 14892
20673 14893
20674 14894
20675 14895
20676 14896
20677 14897
20678 14898
20679 14899
20681 14900
20683 14901
20684 14902
20685 14903
20686 14904
20687 14905
20689 14906
20690 14907
20693 14908
20695 14909
20697 14910
20700 14911
20701 14912
20702 14913
20703 14914
20705 14915
20706 14916
20707 14917
20709 14918
20710 14919
20711 14920
20714 14921
20715 14922
20716 14923
20717 14924
20718 14925
20719 14926
20720 14927
20721 14928
20723 14929
20724 14930
20725 14931
20726 14932
20727 14933
20728 14934
20729 14935
20730 14936
20731 14937
20732 14938
20734 14939
20735 14940
20736 14941
20738 14942
20740 14943
20742 14944
20743 14945
20744 14946
20745 14947
20747 14948
20748 14949
20749 14950
20750 14951
20752 14952
20753 14953
20754 14954
20755 14955
20756 14956
20757 14957
20758 14958
20759 14959
20760 14960
20761 14961
20763 14962
20764 14963
20765 14964
20766 14965
20767 14966
20768 14967
20769 14968
20774 14969
20775 14970
20777 14971
20778 14972
20781 14973
20784 14974
20785 14975
20786 14976
20787 14977
20788 14978
20789 14979
20790 14980
20792 14981
20793 14982
20795 14983
20796 14984
20797 14985
20798 14986
20801 14987
20802 14988
20804 14989
20806 14990
20807 14991
20809 14992
20810 14993
20811 14994
20812 14995
20814 14996
20815 14997
20816 14998
20817 14999
20823 15000
20824 15001
20825 15002
20826 15003
20827 15004
20828 15005
20829 15006
20830 15007
20831 15008
20832 15009
20834 15010
20835 15011
20838 15012
20839 15013
20841 15014
20842 15015
20844 15016
20845 15017
20846 15018
20847 15019
20848 15020
20850 15021
20851 15022
20852 15023
20853 15024
20854 15025
20855 15026
20856 15027
20857 15028
20858 15029
20859 15030
20860 15031
20861 15032
20864 15033
20866 15034
20867 15035
20868 15036
20869 15037
20870 15038
20871 15039
20872 15040
20873 15041
20875 15042
20879 15043
20881 15044
20882 15045
20883 15046
20884 15047
20885 15048
20887 15049
20889 15050
20890 15051
20891 15052
20892 15053
20893 15054
20894 15055
20895 15056
20896 15057
20898 15058
20899 15059
20900 15060
20901 15061
20902 15062
20903 15063
20904 15064
20905 15065
20906 15066
20908 15067
20909 15068
20910 15069
20911 15070
20914 15071
20917 15072
20918 15073
20921 15074
20922 15075
20924 15076
20925 15077
20927 15078
20928 15079
20930 15080
20932 15081
20933 15082
20934 15083
20935 15084
20937 15085
20938 15086
20940 15087
20941 15088
20942 15089
20943 15090
20944 15091
20945 15092
20946 15093
20947 15094
20948 15095
20949 15096
20953 15097
20954 15098
20955 15099
20956 15100
20959 15101
20961 15102
20962 15103
20963 15104
20964 15105
20965 15106
20966 15107
20967 15108
20968 15109
20970 15110
20971 15111
20972 15112
20973 15113
20974 15114
20975 15115
20976 15116
20978 15117
20980 15118
20981 15119
20982 15120
20983 15121
20984 15122
20986 15123
20987 15124
20988 15125
20989 15126
20991 15127
20992 15128
20993 15129
20994 15130
20995 15131
20996 15132
20997 15133
20998 15134
20999 15135
21001 15136
21002 15137
21003 15138
21004 15139
21006 15140
21009 15141
21010 15142
21011 15143
21012 15144
21013 15145
21014 15146
21015 15147
21017 15148
21022 15149
21023 15150
21024 15151
21026 15152
21028 15153
21030 15154
21031 15155
21034 15156
21035 15157
21036 15158
21038 15159
21040 15160
21041 15161
21042 15162
21043 15163
21044 15164
21045 15165
21046 15166
21047 15167
21048 15168
21049 15169
21051 15170
21052 15171
21053 15172
21054 15173
21056 15174
21057 15175
21058 15176
21059 15177
21060 15178
21062 15179
21063 15180
21064 15181
21065 15182
21066 15183
21067 15184
21069 15185
21071 15186
21072 15187
21073 15188
21074 15189
21075 15190
21077 15191
21078 15192
21082 15193
21084 15194
21087 15195
21092 15196
21093 15197
21094 15198
21095 15199
21096 15200
21099 15201
21100 15202
21101 15203
21102 15204
21103 15205
21106 15206
21109 15207
21112 15208
21114 15209
21115 15210
21116 15211
21118 15212
21120 15213
21121 15214
21122 15215
21123 15216
21124 15217
21125 15218
21126 15219
21127 15220
21128 15221
21129 15222
21130 15223
21131 15224
21133 15225
21134 15226
21135 15227
21136 15228
21138 15229
21139 15230
21141 15231
21142 15232
21144 15233
21146 15234
21147 15235
21149 15236
21150 15237
21151 15238
21152 15239
21154 15240
21156 15241
21158 15242
21159 15243
21160 15244
21163 15245
21164 15246
21166 15247
21170 15248
21171 15249
21172 15250
21173 15251
21174 15252
21176 15253
21178 15254
21182 15255
21184 15256
21185 15257
21187 15258
21188 15259
21189 15260
21190 15261
21191 15262
21194 15263
21195 15264
21196 15265
21199 15266
21200 15267
21203 15268
21204 15269
21205 15270
21206 15271
21208 15272
21209 15273
21210 15274
21211 15275
21212 15276
21213 15277
21215 15278
21218 15279
21222 15280
21223 15281
21224 15282
21225 15283
21227 15284
21228 15285
21229 15286
21230 15287
21233 15288
21234 15289
21235 15290
21237 15291
21239 15292
21241 15293
21243 15294
21244 15295
21245 15296
21247 15297
21248 15298
21251 15299
21252 15300
21253 15301
21254 15302
21255 15303
21256 15304
21257 15305
21258 15306
21259 15307
21260 15308
21261 15309
21263 15310
21264 15311
21265 15312
21266 15313
21267 15314
21268 15315
21269 15316
21270 15317
21272 15318
21273 15319
21274 15320
21276 15321
21277 15322
21278 15323
21280 15324
21281 15325
21282 15326
21284 15327
21285 15328
21287 15329
21288 15330
21289 15331
21291 15332
21292 15333
21294 15334
21295 15335
21298 15336
21299 15337
21300 15338
21301 15339
21304 15340
21306 15341
21307 15342
21309 15343
21310 15344
21312 15345
21313 15346
21315 15347
21316 15348
21317 15349
21320 15350
21322 15351
21323 15352
21325 15353
21326 15354
21327 15355
21329 15356
21331 15357
21332 15358
21333 15359
21336 15360
21338 15361
21339 15362
21341 15363
21342 15364
21343 15365
21344 15366
21345 15367
21347 15368
21348 15369
21349 15370
21350 15371
21351 15372
21352 15373
21353 15374
21355 15375
21356 15376
21357 15377
21358 15378
21359 15379
21360 15380
21361 15381
21362 15382
21363 15383
21365 15384
21366 15385
21367 15386
21368 15387
21369 15388
21370 15389
21371 15390
21372 15391
21373 15392
21374 15393
21377 15394
21379 15395
21381 15396
21382 15397
21384 15398
21385 15399
21390 15400
21394 15401
21395 15402
21396 15403
21397 15404
21398 15405
21400 15406
21401 15407
21402 15408
21403 15409
21404 15410
21406 15411
21407 15412
21413 15413
21414 15414
21419 15415
21420 15416
21421 15417
21423 15418
21426 15419
21427 15420
21428 15421
21430 15422
21432 15423
21433 15424
21435 15425
21436 15426
21437 15427
21439 15428
21441 15429
21442 15430
21444 15431
21446 15432
21447 15433
21448 15434
21449 15435
21450 15436
21451 15437
21452 15438
21453 15439
21455 15440
21456 15441
21457 15442
21458 15443
21459 15444
21460 15445
21463 15446
21464 15447
21466 15448
21468 15449
21469 15450
21470 15451
21471 15452
21472 15453
21473 15454
21474 15455
21476 15456
21477 15457
21478 15458
21479 15459
21480 15460
21481 15461
21482 15462
21484 15463
21485 15464
21486 15465
21487 15466
21488 15467
21489 15468
21490 15469
21492 15470
21493 15471
21494 15472
21495 15473
21496 15474
21497 15475
21499 15476
21500 15477
21501 15478
21503 15479
21504 15480
21505 15481
21507 15482
21508 15483
21509 15484
21510 15485
21511 15486
21514 15487
21515 15488
21516 15489
21517 15490
21518 15491
21519 15492
21520 15493
21521 15494
21523 15495
21525 15496
21526 15497
21527 15498
21528 15499
21529 15500
21530 15501
21531 15502
21532 15503
21533 15504
21534 15505
21535 15506
21537 15507
21538 15508
21540 15509
21541 15510
21543 15511
21544 15512
21546 15513
21547 15514
21548 15515
21549 15516
21550 15517
21551 15518
21552 15519
21553 15520
21554 15521
21556 15522
21557 15523
21558 15524
21560 15525
21563 15526
21564 15527
21566 15528
21567 15529
21569 15530
21571 15531
21573 15532
21577 15533
21578 15534
21581 15535
21582 15536
21583 15537
21586 15538
21587 15539
21589 15540
21590 15541
21591 15542
21592 15543
21593 15544
21594 15545
21595 15546
21596 15547
21599 15548
21600 15549
21601 15550
21602 15551
21604 15552
21605 15553
21607 15554
21609 15555
21611 15556
21613 15557
21614 15558
21615 15559
21616 15560
21617 15561
21619 15562
21622 15563
21623 15564
21625 15565
21626 15566
21627 15567
21628 15568
21629 15569
21630 15570
21633 15571
21634 15572
21639 15573
21640 15574
21641 15575
21642 15576
21643 15577
21644 15578
21649 15579
21650 15580
21651 15581
21652 15582
21653 15583
21654 15584
21655 15585
21656 15586
21657 15587
21658 15588
21660 15589
21661 15590
21662 15591
21664 15592
21666 15593
21667 15594
21668 15595
21669 15596
21670 15597
21671 15598
21672 15599
21675 15600
21676 15601
21677 15602
21678 15603
21679 15604
21680 15605
21681 15606
21682 15607
21683 15608
21684 15609
21685 15610
21688 15611
21689 15612
21690 15613
21691 15614
21692 15615
21693 15616
21694 15617
21695 15618
21696 15619
21697 15620
21699 15621
21700 15622
21701 15623
21702 15624
21703 15625
21704 15626
21705 15627
21706 15628
21707 15629
21710 15630
21711 15631
21712 15632
21713 15633
21714 15634
21718 15635
21720 15636
21721 15637
21722 15638
21723 15639
21725 15640
21726 15641
21729 15642
21730 15643
21731 15644
21732 15645
21733 15646
21735 15647
21738 15648
21739 15649
21741 15650
21742 15651
21743 15652
21744 15653
21745 15654
21746 15655
21747 15656
21748 15657
21750 15658
21751 15659
21753 15660
21754 15661
21757 15662
21758 15663
21759 15664
21760 15665
21762 15666
21763 15667
21764 15668
21770 15669
21772 15670
21773 15671
21776 15672
21777 15673
21778 15674
21779 15675
21780 15676
21781 15677
21786 15678
21789 15679
21790 15680
21791 15681
21792 15682
21793 15683
21794 15684
21798 15685
21799 15686
21803 15687
21804 15688
21805 15689
21806 15690
21807 15691
21810 15692
21811 15693
21812 15694
21814 15695
21815 15696
21817 15697
21818 15698
21819 15699
21820 15700
21821 15701
21822 15702
21823 15703
21824 15704
21825 15705
21826 15706
21827 15707
21829 15708
21830 15709
21834 15710
21835 15711
21836 15712
21837 15713
21839 15714
21840 15715
21842 15716
21843 15717
21844 15718
21845 15719
21846 15720
21848 15721
21849 15722
21850 15723
21851 15724
21852 15725
21854 15726
21855 15727
21856 15728
21857 15729
21859 15730
21860 15731
21861 15732
21862 15733
21863 15734
21864 15735
21865 15736
21866 15737
21868 15738
21869 15739
21870 15740
21871 15741
21872 15742
21873 15743
21876 15744
21877 15745
21879 15746
21880 15747
21882 15748
21884 15749
21885 15750
21886 15751
21887 15752
21888 15753
21889 15754
21890 15755
21892 15756
21893 15757
21894 15758
21895 15759
21896 15760
21897 15761
21898 15762
21899 15763
21900 15764
21901 15765
21902 15766
21903 15767
21905 15768
21906 15769
21908 15770
21910 15771
21911 15772
21912 15773
21913 15774
21914 15775
21915 15776
21917 15777
21918 15778
21920 15779
21921 15780
21922 15781
21923 15782
21924 15783
21926 15784
21927 15785
21928 15786
21930 15787
21932 15788
21934 15789
21935 15790
21936 15791
21937 15792
21938 15793
21941 15794
21942 15795
21945 15796
21946 15797
21947 15798
21948 15799
21951 15800
21952 15801
21953 15802
21954 15803
21955 15804
21956 15805
21957 15806
21958 15807
21959 15808
21960 15809
21961 15810
21962 15811
21964 15812
21965 15813
21966 15814
21969 15815
21971 15816
21972 15817
21973 15818
21974 15819
21977 15820
21978 15821
21979 15822
21981 15823
21982 15824
21983 15825
21988 15826
21989 15827
21990 15828
21991 15829
21993 15830
21997 15831
21998 15832
21999 15833
22000 15834
22002 15835
22003 15836
22004 15837
22005 15838
22006 15839
22008 15840
22011 15841
22012 15842
22014 15843
22015 15844
22016 15845
22017 15846
22018 15847
22020 15848
22022 15849
22023 15850
22024 15851
22025 15852
22028 15853
22030 15854
22031 15855
22032 15856
22033 15857
22035 15858
22036 15859
22037 15860
22038 15861
22041 15862
22043 15863
22046 15864
22048 15865
22049 15866
22051 15867
22052 15868
22053 15869
22054 15870
22059 15871
22060 15872
22061 15873
22062 15874
22064 15875
22067 15876
22068 15877
22070 15878
22072 15879
22073 15880
22074 15881
22075 15882
22077 15883
22082 15884
22084 15885
22087 15886
22088 15887
22089 15888
22090 15889
22091 15890
22092 15891
22093 15892
22094 15893
22095 15894
22096 15895
22098 15896
22099 15897
22100 15898
22102 15899
22103 15900
22104 15901
22105 15902
22106 15903
22107 15904
22108 15905
22110 15906
22111 15907
22112 15908
22114 15909
22115 15910
22117 15911
22119 15912
22120 15913
22121 15914
22123 15915
22126 15916
22127 15917
22128 15918
22129 15919
22130 15920
22132 15921
22134 15922
22136 15923
22137 15924
22138 15925
22140 15926
22141 15927
22142 15928
22145 15929
22146 15930
22147 15931
22148 15932
22149 15933
22151 15934
22154 15935
22155 15936
22156 15937
22158 15938
22159 15939
22160 15940
22163 15941
22164 15942
22165 15943
22166 15944
22167 15945
22168 15946
22169 15947
22170 15948
22171 15949
22172 15950
22173 15951
22174 15952
22177 15953
22178 15954
22179 15955
22180 15956
22181 15957
22182 15958
22186 15959
22188 15960
22189 15961
22190 15962
22191 15963
22193 15964
22194 15965
22196 15966
22198 15967
22199 15968
22200 15969
22201 15970
22203 15971
22205 15972
22207 15973
22208 15974
22209 15975
22210 15976
22211 15977
22212 15978
22213 15979
22217 15980
22218 15981
22220 15982
22222 15983
22224 15984
22225 15985
22226 15986
22227 15987
22228 15988
22229 15989
22230 15990
22232 15991
22233 15992
22234 15993
22235 15994
22236 15995
22237 15996
22238 15997
22239 15998
22241 15999
22242 16000
22243 16001
22244 16002
22245 16003
22246 16004
22248 16005
22249 16006
22250 16007
22251 16008
22255 16009
22256 16010
22258 16011
22259 16012
22262 16013
22263 16014
22264 16015
22266 16016
22267 16017
22268 16018
22270 16019
22271 16020
22272 16021
22273 16022
22276 16023
22277 16024
22279 16025
22283 16026
22284 16027
22285 16028
22286 16029
22287 16030
22288 16031
22289 16032
22290 16033
22291 16034
22292 16035
22293 16036
22296 16037
22297 16038
22301 16039
22302 16040
22303 16041
22310 16042
22311 16043
22312 16044
22313 16045
22316 16046
22317 16047
22318 16048
22319 16049
22320 16050
22321 16051
22322 16052
22323 16053
22324 16054
22325 16055
22326 16056
22327 16057
22329 16058
22330 16059
22331 16060
22332 16061
22333 16062
22334 16063
22335 16064
22338 16065
22340 16066
22341 16067
22342 16068
22343 16069
22344 16070
22345 16071
22347 16072
22348 16073
22350 16074
22351 16075
22352 16076
22353 16077
22354 16078
22355 16079
22356 16080
22357 16081
22358 16082
22360 16083
22361 16084
22362 16085
22365 16086
22366 16087
22368 16088
22369 16089
22371 16090
22372 16091
22374 16092
22376 16093
22377 16094
22378 16095
22379 16096
22381 16097
22382 16098
22383 16099
22384 16100
22385 16101
22387 16102
22388 16103
22389 16104
22390 16105
22392 16106
22393 16107
22394 16108
22395 16109
22396 16110
22397 16111
22400 16112
22401 16113
22403 16114
22404 16115
22405 16116
22409 16117
22410 16118
22412 16119
22413 16120
22414 16121
22415 16122
22416 16123
22417 16124
22418 16125
22421 16126
22422 16127
22424 16128
22425 16129
22428 16130
22431 16131
22432 16132
22433 16133
22434 16134
22436 16135
22437 16136
22438 16137
22439 16138
22440 16139
22441 16140
22442 16141
22443 16142
22444 16143
22445 16144
22447 16145
22448 16146
22450 16147
22453 16148
22454 16149
22455 16150
22456 16151
22457 16152
22458 16153
22459 16154
22463 16155
22464 16156
22465 16157
22467 16158
22468 16159
22469 16160
22472 16161
22474 16162
22475 16163
22478 16164
22479 16165
22480 16166
22482 16167
22483 16168
22484 16169
22485 16170
22488 16171
22489 16172
22490 16173
22491 16174
22492 16175
22493 16176
22494 16177
22496 16178
22497 16179
22498 16180
22499 16181
22500 16182
22502 16183
22504 16184
22505 16185
22506 16186
22507 16187
22509 16188
22511 16189
22513 16190
22514 16191
22516 16192
22517 16193
22518 16194
22520 16195
22521 16196
22523 16197
22525 16198
22528 16199
22529 16200
22531 16201
22533 16202
22534 16203
22535 16204
22537 16205
22538 16206
22539 16207
22542 16208
22543 16209
22544 16210
22545 16211
22546 16212
22548 16213
22551 16214
22553 16215
22554 16216
22555 16217
22556 16218
22557 16219
22558 16220
22559 16221
22561 16222
22562 16223
22563 16224
22564 16225
22565 16226
22566 16227
22567 16228
22569 16229
22570 16230
22571 16231
22572 16232
22573 16233
22575 16234
22576 16235
22577 16236
22579 16237
22580 16238
22582 16239
22583 16240
22584 16241
22586 16242
22587 16243
22588 16244
22589 16245
22590 16246
22592 16247
22593 16248
22594 16249
22595 16250
22596 16251
22597 16252
22599 16253
22600 16254
22601 16255
22602 16256
22603 16257
22604 16258
22605 16259
22606 16260
22607 16261
22609 16262
22610 16263
22612 16264
22613 16265
22614 16266
22615 16267
22616 16268
22617 16269
22619 16270
22622 16271
22624 16272
22626 16273
22627 16274
22628 16275
22630 16276
22631 16277
22633 16278
22634 16279
22635 16280
22636 16281
22637 16282
22638 16283
22639 16284
22641 16285
22643 16286
22644 16287
22645 16288
22646 16289
22648 16290
22649 16291
22651 16292
22652 16293
22653 16294
22654 16295
22655 16296
22656 16297
22657 16298
22659 16299
22660 16300
22663 16301
22664 16302
22665 16303
22666 16304
22668 16305
22670 16306
22674 16307
22675 16308
22677 16309
22678 16310
22679 16311
22680 16312
22682 16313
22683 16314
22684 16315
22685 16316
22686 16317
22687 16318
22690 16319
22691 16320
22692 16321
22695 16322
22696 16323
22697 16324
22699 16325
22700 16326
22701 16327
22702 16328
22703 16329
22704 16330
22705 16331
22707 16332
22708 16333
22709 16334
22710 16335
22711 16336
22712 16337
22713 16338
22714 16339
22716 16340
22717 16341
22718 16342
22719 16343
22722 16344
22723 16345
22724 16346
22726 16347
22727 16348
22728 16349
22729 16350
22730 16351
22732 16352
22733 16353
22734 16354
22735 16355
22736 16356
22737 16357
22738 16358
22739 16359
22740 16360
22741 16361
22742 16362
22744 16363
22745 16364
22747 16365
22750 16366
22751 16367
22754 16368
22756 16369
22758 16370
22760 16371
22761 16372
22762 16373
22763 16374
22764 16375
22767 16376
22768 16377
22769 16378
22770 16379
22771 16380
22772 16381
22773 16382
22774 16383
22775 16384
22776 16385
22778 16386
22779 16387
22780 16388
22782 16389
22783 16390
22784 16391
22785 16392
22786 16393
22788 16394
22790 16395
22791 16396
22794 16397
22795 16398
22796 16399
22797 16400
22798 16401
22799 16402
22800 16403
22803 16404
22804 16405
22805 16406
22806 16407
22807 16408
22808 16409
22809 16410
22810 16411
22812 16412
22813 16413
22816 16414
22817 16415
22818 16416
22819 16417
22820 16418
22821 16419
22822 16420
22823 16421
22824 16422
22825 16423
22826 16424
22828 16425
22830 16426
22831 16427
22832 16428
22833 16429
22836 16430
22837 16431
22838 16432
22839 16433
22842 16434
22845 16435
22846 16436
22847 16437
22848 16438
22849 16439
22850 16440
22851 16441
22852 16442
22853 16443
22856 16444
22857 16445
22858 16446
22860 16447
22861 16448
22862 16449
22863 16450
22865 16451
22866 16452
22867 16453
22868 16454
22869 16455
22870 16456
22872 16457
22873 16458
22874 16459
22877 16460
22879 16461
22880 16462
22881 16463
22882 16464
22883 16465
22884 16466
22885 16467
22886 16468
22887 16469
22888 16470
22889 16471
22890 16472
22892 16473
22893 16474
22895 16475
22896 16476
22898 16477
22899 16478
22900 16479
22901 16480
22904 16481
22905 16482
22906 16483
22910 16484
22911 16485
22912 16486
22913 16487
22915 16488
22916 16489
22917 16490
22918 16491
22919 16492
22924 16493
22925 16494
22926 16495
22927 16496
22929 16497
22930 16498
22931 16499
22932 16500
22933 16501
22935 16502
22936 16503
22938 16504
22939 16505
22940 16506
22943 16507
22944 16508
22945 16509
22946 16510
22947 16511
22948 16512
22949 16513
22950 16514
22951 16515
22953 16516
22957 16517
22958 16518
22959 16519
22960 16520
22961 16521
22964 16522
22965 16523
22966 16524
22967 16525
22968 16526
22969 16527
22970 16528
22971 16529
22972 16530
22974 16531
22975 16532
22976 16533
22977 16534
22980 16535
22981 16536
22982 16537
22984 16538
22985 16539
22987 16540
22988 16541
22989 16542
22990 16543
22991 16544
22993 16545
22994 16546
22995 16547
22997 16548
23001 16549
23002 16550
23003 16551
23004 16552
23007 16553
23009 16554
23010 16555
23011 16556
23013 16557
23015 16558
23017 16559
23018 16560
23019 16561
23021 16562
23022 16563
23023 16564
23024 16565
23026 16566
23027 16567
23028 16568
23029 16569
23032 16570
23033 16571
23034 16572
23035 16573
23036 16574
23037 16575
23038 16576
23039 16577
23040 16578
23041 16579
23042 16580
23043 16581
23044 16582
23045 16583
23046 16584
23047 16585
23048 16586
23049 16587
23050 16588
23052 16589
23053 16590
23054 16591
23055 16592
23056 16593
23057 16594
23058 16595
23059 16596
23060 16597
23061 16598
23062 16599
23064 16600
23065 16601
23066 16602
23067 16603
23068 16604
23074 16605
23077 16606
23079 16607
23080 16608
23083 16609
23085 16610
23086 16611
23087 16612
23088 16613
23090 16614
23091 16615
23092 16616
23093 16617
23095 16618
23096 16619
23097 16620
23098 16621
23099 16622
23101 16623
23102 16624
23103 16625
23105 16626
23106 16627
23107 16628
23108 16629
23109 16630
23110 16631
23111 16632
23112 16633
23115 16634
23117 16635
23118 16636
23119 16637
23120 16638
23123 16639
23124 16640
23125 16641
23127 16642
23129 16643
23130 16644
23131 16645
23132 16646
23133 16647
23134 16648
23135 16649
23136 16650
23137 16651
23138 16652
23139 16653
23141 16654
23145 16655
23149 16656
23151 16657
23152 16658
23154 16659
23155 16660
23156 16661
23157 16662
23158 16663
23159 16664
23160 16665
23161 16666
23163 16667
23167 16668
23168 16669
23171 16670
23172 16671
23173 16672
23174 16673
23175 16674
23176 16675
23178 16676
23179 16677
23180 16678
23182 16679
23184 16680
23185 16681
23186 16682
23187 16683
23188 16684
23190 16685
23193 16686
23195 16687
23196 16688
23199 16689
23200 16690
23201 16691
23202 16692
23204 16693
23207 16694
23208 16695
23209 16696
23210 16697
23211 16698
23213 16699
23216 16700
23218 16701
23220 16702
23221 16703
23222 16704
23224 16705
23225 16706
23226 16707
23228 16708
23229 16709
23231 16710
23233 16711
23234 16712
23235 16713
23236 16714
23238 16715
23240 16716
23242 16717
23244 16718
23247 16719
23248 16720
23249 16721
23253 16722
23254 16723
23255 16724
23256 16725
23257 16726
23258 16727
23259 16728
23260 16729
23261 16730
23262 16731
23263 16732
23265 16733
23267 16734
23268 16735
23269 16736
23270 16737
23271 16738
23273 16739
23275 16740
23276 16741
23284 16742
23285 16743
23286 16744
23287 16745
23288 16746
23290 16747
23291 16748
23292 16749
23296 16750
23297 16751
23298 16752
23299 16753
23300 16754
23303 16755
23304 16756
23305 16757
23308 16758
23309 16759
23310 16760
23311 16761
23312 16762
23313 16763
23314 16764
23315 16765
23317 16766
23321 16767
23322 16768
23323 16769
23324 16770
23327 16771
23328 16772
23329 16773
23330 16774
23332 16775
23334 16776
23337 16777
23339 16778
23340 16779
23341 16780
23342 16781
23344 16782
23346 16783
23347 16784
23348 16785
23349 16786
23350 16787
23351 16788
23352 16789
23353 16790
23354 16791
23355 16792
23357 16793
23358 16794
23359 16795
23360 16796
23361 16797
23364 16798
23365 16799
23366 16800
23367 16801
23368 16802
23370 16803
23371 16804
23372 16805
23373 16806
23377 16807
23379 16808
23380 16809
23381 16810
23382 16811
23384 16812
23385 16813
23387 16814
23388 16815
23389 16816
23391 16817
23394 16818
23395 16819
23396 16820
23397 16821
23399 16822
23400 16823
23402 16824
23404 16825
23405 16826
23406 16827
23407 16828
23408 16829
23410 16830
23412 16831
23413 16832
23415 16833
23416 16834
23417 16835
23418 16836
23420 16837
23421 16838
23423 16839
23424 16840
23425 16841
23427 16842
23428 16843
23430 16844
23431 16845
23432 16846
23434 16847
23435 16848
23436 16849
23440 16850
23442 16851
23446 16852
23447 16853
23448 16854
23452 16855
23453 16856
23454 16857
23455 16858
23456 16859
23457 16860
23458 16861
23459 16862
23460 16863
23462 16864
23463 16865
23466 16866
23468 16867
23469 16868
23471 16869
23473 16870
23474 16871
23478 16872
23479 16873
23480 16874
23481 16875
23484 16876
23486 16877
23487 16878
23488 16879
23489 16880
23490 16881
23492 16882
23494 16883
23495 16884
23496 16885
23498 16886
23499 16887
23500 16888
23501 16889
23502 16890
23503 16891
23506 16892
23507 16893
23508 16894
23510 16895
23512 16896
23514 16897
23515 16898
23516 16899
23517 16900
23518 16901
23519 16902
23520 16903
23522 16904
23523 16905
23524 16906
23525 16907
23527 16908
23528 16909
23529 16910
23530 16911
23531 16912
23533 16913
23535 16914
23538 16915
23539 16916
23540 16917
23544 16918
23547 16919
23548 16920
23549 16921
23550 16922
23551 16923
23552 16924
23553 16925
23554 16926
23557 16927
23558 16928
23559 16929
23560 16930
23562 16931
23563 16932
23564 16933
23565 16934
23567 16935
23568 16936
23571 16937
23573 16938
23574 16939
23578 16940
23581 16941
23583 16942
23584 16943
23586 16944
23587 16945
23590 16946
23593 16947
23594 16948
23596 16949
23597 16950
23599 16951
23604 16952
23605 16953
23608 16954
23609 16955
23610 16956
23612 16957
23614 16958
23617 16959
23619 16960
23621 16961
23622 16962
23624 16963
23625 16964
23626 16965
23627 16966
23630 16967
23632 16968
23633 16969
23634 16970
23636 16971
23637 16972
23638 16973
23641 16974
23642 16975
23643 16976
23644 16977
23646 16978
23647 16979
23648 16980
23649 16981
23650 16982
23651 16983
23652 16984
23653 16985
23654 16986
23655 16987
23656 16988
23657 16989
23658 16990
23661 16991
23662 16992
23664 16993
23665 16994
23666 16995
23669 16996
23670 16997
23671 16998
23673 16999
23674 17000
23675 17001
23677 17002
23678 17003
23680 17004
23681 17005
23682 17006
23684 17007
23685 17008
23686 17009
23687 17010
23688 17011
23689 17012
23690 17013
23691 17014
23692 17015
23693 17016
23694 17017
23695 17018
23696 17019
23697 17020
23698 17021
23699 17022
23700 17023
23701 17024
23702 17025
23705 17026
23706 17027
23707 17028
23709 17029
23711 17030
23713 17031
23714 17032
23715 17033
23716 17034
23717 17035
23718 17036
23720 17037
23724 17038
23726 17039
23732 17040
23734 17041
23735 17042
23736 17043
23737 17044
23740 17045
23741 17046
23744 17047
23745 17048
23746 17049
23747 17050
23748 17051
23751 17052
23755 17053
23756 17054
23757 17055
23758 17056
23761 17057
23762 17058
23763 17059
23764 17060
23765 17061
23768 17062
23769 17063
23770 17064
23771 17065
23773 17066
23774 17067
23775 17068
23778 17069
23779 17070
23780 17071
23781 17072
23782 17073
23783 17074
23784 17075
23785 17076
23786 17077
23787 17078
23789 17079
23791 17080
23792 17081
23793 17082
23796 17083
23800 17084
23801 17085
23802 17086
23803 17087
23804 17088
23809 17089
23810 17090
23811 17091
23812 17092
23813 17093
23815 17094
23816 17095
23817 17096
23818 17097
23820 17098
23821 17099
23824 17100
23825 17101
23826 17102
23830 17103
23831 17104
23833 17105
23835 17106
23837 17107
23838 17108
23840 17109
23841 17110
23844 17111
23845 17112
23846 17113
23847 17114
23849 17115
23851 17116
23852 17117
23854 17118
23855 17119
23856 17120
23857 17121
23858 17122
23859 17123
23861 17124
23862 17125
23863 17126
23864 17127
23865 17128
23866 17129
23868 17130
23870 17131
23871 17132
23872 17133
23873 17134
23875 17135
23876 17136
23878 17137
23880 17138
23881 17139
23882 17140
23883 17141
23886 17142
23888 17143
23889 17144
23890 17145
23891 17146
23892 17147
23894 17148
23896 17149
23897 17150
23900 17151
23903 17152
23904 17153
23905 17154
23906 17155
23907 17156
23908 17157
23909 17158
23911 17159
23912 17160
23917 17161
23918 17162
23919 17163
23920 17164
23921 17165
23923 17166
23925 17167
23926 17168
23927 17169
23928 17170
23930 17171
23932 17172
23933 17173
23934 17174
23935 17175
23937 17176
23938 17177
23939 17178
23940 17179
23941 17180
23942 17181
23945 17182
23946 17183
23947 17184
23948 17185
23951 17186
23952 17187
23954 17188
23955 17189
23956 17190
23957 17191
23960 17192
23961 17193
23962 17194
23963 17195
23964 17196
23968 17197
23969 17198
23970 17199
23972 17200
23973 17201
23974 17202
23975 17203
23977 17204
23978 17205
23979 17206
23980 17207
23981 17208
23985 17209
23986 17210
23987 17211
23989 17212
23990 17213
23991 17214
23992 17215
23994 17216
23995 17217
23997 17218
23998 17219
23999 17220
24000 17221
24001 17222
24002 17223
24005 17224
24006 17225
24007 17226
24008 17227
24009 17228
24011 17229
24012 17230
24013 17231
24015 17232
24016 17233
24020 17234
24021 17235
24022 17236
24023 17237
24027 17238
24029 17239
24030 17240
24032 17241
24033 17242
24035 17243
24036 17244
24037 17245
24038 17246
24040 17247
24041 17248
24042 17249
24043 17250
24044 17251
24045 17252
24047 17253
24049 17254
24050 17255
24054 17256
24059 17257
24060 17258
24061 17259
24062 17260
24063 17261
24064 17262
24065 17263
24066 17264
24067 17265
24069 17266
24071 17267
24072 17268
24073 17269
24074 17270
24075 17271
24076 17272
24077 17273
24082 17274
24083 17275
24085 17276
24087 17277
24088 17278
24090 17279
24091 17280
24092 17281
24094 17282
24096 17283
24097 17284
24098 17285
24099 17286
24100 17287
24102 17288
24103 17289
24105 17290
24107 17291
24108 17292
24109 17293
24111 17294
24112 17295
24113 17296
24114 17297
24116 17298
24118 17299
24120 17300
24121 17301
24122 17302
24123 17303
24127 17304
24128 17305
24129 17306
24130 17307
24131 17308
24132 17309
24133 17310
24134 17311
24135 17312
24136 17313
24137 17314
24138 17315
24139 17316
24140 17317
24141 17318
24143 17319
24144 17320
24145 17321
24148 17322
24149 17323
24150 17324
24151 17325
24152 17326
24153 17327
24155 17328
24157 17329
24159 17330
24161 17331
24162 17332
24163 17333
24165 17334
24166 17335
24168 17336
24169 17337
24170 17338
24173 17339
24174 17340
24175 17341
24177 17342
24178 17343
24179 17344
24180 17345
24183 17346
24184 17347
24185 17348
24186 17349
24188 17350
24190 17351
24191 17352
24192 17353
24193 17354
24194 17355
24195 17356
24196 17357
24198 17358
24199 17359
24202 17360
24203 17361
24204 17362
24205 17363
24206 17364
24208 17365
24209 17366
24212 17367
24213 17368
24214 17369
24215 17370
24216 17371
24217 17372
24219 17373
24220 17374
24221 17375
24222 17376
24223 17377
24224 17378
24225 17379
24227 17380
24228 17381
24229 17382
24230 17383
24231 17384
24232 17385
24233 17386
24234 17387
24235 17388
24237 17389
24238 17390
24239 17391
24240 17392
24243 17393
24244 17394
24245 17395
24246 17396
24249 17397
24250 17398
24251 17399
24252 17400
24254 17401
24256 17402
24257 17403
24258 17404
24259 17405
24260 17406
24262 17407
24263 17408
24265 17409
24266 17410
24267 17411
24268 17412
24269 17413
24270 17414
24271 17415
24272 17416
24274 17417
24275 17418
24278 17419
24279 17420
24281 17421
24282 17422
24285 17423
24286 17424
24287 17425
24288 17426
24290 17427
24291 17428
24292 17429
24293 17430
24294 17431
24295 17432
24296 17433
24297 17434
24298 17435
24300 17436
24301 17437
24302 17438
24303 17439
24304 17440
24305 17441
24306 17442
24307 17443
24310 17444
24311 17445
24312 17446
24313 17447
24314 17448
24315 17449
24317 17450
24318 17451
24319 17452
24320 17453
24321 17454
24322 17455
24325 17456
24326 17457
24327 17458
24328 17459
24329 17460
24331 17461
24333 17462
24334 17463
24335 17464
24336 17465
24337 17466
24340 17467
24342 17468
24343 17469
24344 17470
24345 17471
24346 17472
24347 17473
24348 17474
24349 17475
24350 17476
24351 17477
24352 17478
24354 17479
24356 17480
24357 17481
24360 17482
24361 17483
24362 17484
24363 17485
24365 17486
24366 17487
24367 17488
24368 17489
24369 17490
24370 17491
24371 17492
24372 17493
24374 17494
24375 17495
24376 17496
24377 17497
24379 17498
24380 17499
24383 17500
24384 17501
24385 17502
24386 17503
24387 17504
24388 17505
24389 17506
24390 17507
24392 17508
24393 17509
24394 17510
24395 17511
24396 17512
24398 17513
24399 17514
24401 17515
24404 17516
24405 17517
24406 17518
24409 17519
24410 17520
24411 17521
24413 17522
24416 17523
24418 17524
24419 17525
24420 17526
24421 17527
24422 17528
24423 17529
24425 17530
24426 17531
24427 17532
24428 17533
24429 17534
24430 17535
24432 17536
24433 17537
24435 17538
24436 17539
24437 17540
24438 17541
24439 17542
24440 17543
24441 17544
24442 17545
24443 17546
24445 17547
24448 17548
24449 17549
24450 17550
24451 17551
24453 17552
24454 17553
24455 17554
24458 17555
24459 17556
24462 17557
24463 17558
24464 17559
24465 17560
24466 17561
24467 17562
24468 17563
24469 17564
24470 17565
24471 17566
24472 17567
24473 17568
24474 17569
24476 17570
24478 17571
24479 17572
24480 17573
24481 17574
24482 17575
24483 17576
24486 17577
24487 17578
24488 17579
24489 17580
24490 17581
24491 17582
24492 17583
24493 17584
24494 17585
24495 17586
24496 17587
24497 17588
24498 17589
24499 17590
24501 17591
24502 17592
24504 17593
24506 17594
24507 17595
24508 17596
24509 17597
24510 17598
24513 17599
24515 17600
24516 17601
24517 17602
24518 17603
24519 17604
24520 17605
24521 17606
24522 17607
24523 17608
24524 17609
24525 17610
24526 17611
24527 17612
24528 17613
24529 17614
24530 17615
24532 17616
24533 17617
24534 17618
24535 17619
24536 17620
24537 17621
24538 17622
24539 17623
24540 17624
24541 17625
24544 17626
24548 17627
24549 17628
24550 17629
24551 17630
24554 17631
24555 17632
24556 17633
24557 17634
24558 17635
24561 17636
24562 17637
24563 17638
24564 17639
24565 17640
24566 17641
24567 17642
24570 17643
24571 17644
24572 17645
24573 17646
24574 17647
24575 17648
24576 17649
24577 17650
24578 17651
24579 17652
24580 17653
24583 17654
24584 17655
24585 17656
24586 17657
24589 17658
24590 17659
24591 17660
24592 17661
24593 17662
24594 17663
24595 17664
24599 17665
24600 17666
24601 17667
24602 17668
24603 17669
24604 17670
24609 17671
24610 17672
24612 17673
24613 17674
24615 17675
24616 17676
24619 17677
24621 17678
24622 17679
24623 17680
24625 17681
24626 17682
24630 17683
24631 17684
24633 17685
24634 17686
24635 17687
24636 17688
24639 17689
24641 17690
24642 17691
24643 17692
24644 17693
24645 17694
24646 17695
24647 17696
24649 17697
24650 17698
24652 17699
24654 17700
24655 17701
24657 17702
24659 17703
24660 17704
24663 17705
24664 17706
24665 17707
24666 17708
24667 17709
24668 17710
24669 17711
24670 17712
24671 17713
24672 17714
24673 17715
24674 17716
24676 17717
24677 17718
24679 17719
24680 17720
24681 17721
24682 17722
24684 17723
24685 17724
24688 17725
24692 17726
24693 17727
24694 17728
24695 17729
24697 17730
24699 17731
24700 17732
24701 17733
24702 17734
24703 17735
24704 17736
24705 17737
24707 17738
24708 17739
24709 17740
24710 17741
24714 17742
24715 17743
24716 17744
24717 17745
24718 17746
24720 17747
24724 17748
24725 17749
24726 17750
24727 17751
24728 17752
24729 17753
24730 17754
24732 17755
24734 17756
24735 17757
24736 17758
24737 17759
24738 17760
24739 17761
24741 17762
24742 17763
24743 17764
24744 17765
24745 17766
24748 17767
24749 17768
24751 17769
24752 17770
24753 17771
24754 17772
24755 17773
24758 17774
24759 17775
24760 17776
24761 17777
24762 17778
24763 17779
24764 17780
24765 17781
24766 17782
24768 17783
24769 17784
24770 17785
24773 17786
24774 17787
24775 17788
24776 17789
24778 17790
24779 17791
24782 17792
24784 17793
24785 17794
24788 17795
24789 17796
24790 17797
24791 17798
24793 17799
24795 17800
24796 17801
24797 17802
24798 17803
24802 17804
24803 17805
24804 17806
24807 17807
24808 17808
24810 17809
24811 17810
24814 17811
24815 17812
24816 17813
24818 17814
24819 17815
24820 17816
24821 17817
24822 17818
24823 17819
24824 17820
24825 17821
24826 17822
24827 17823
24828 17824
24829 17825
24831 17826
24832 17827
24833 17828
24834 17829
24835 17830
24837 17831
24838 17832
24839 17833
24842 17834
24843 17835
24844 17836
24845 17837
24846 17838
24847 17839
24848 17840
24850 17841
24851 17842
24852 17843
24853 17844
24856 17845
24857 17846
24860 17847
24861 17848
24864 17849
24865 17850
24870 17851
24871 17852
24872 17853
24873 17854
24874 17855
24875 17856
24876 17857
24877 17858
24878 17859
24879 17860
24880 17861
24881 17862
24883 17863
24884 17864
24885 17865
24888 17866
24889 17867
24890 17868
24891 17869
24892 17870
24894 17871
24895 17872
24896 17873
24897 17874
24898 17875
24900 17876
24901 17877
24902 17878
24905 17879
24906 17880
24907 17881
24908 17882
24909 17883
24910 17884
24912 17885
24913 17886
24914 17887
24915 17888
24916 17889
24917 17890
24918 17891
24919 17892
24920 17893
24921 17894
24922 17895
24924 17896
24926 17897
24927 17898
24930 17899
24932 17900
24933 17901
24934 17902
24935 17903
24937 17904
24938 17905
24940 17906
24941 17907
24942 17908
24943 17909
24944 17910
24945 17911
24946 17912
24949 17913
24950 17914
24951 17915
24953 17916
24954 17917
24957 17918
24961 17919
24962 17920
24964 17921
24965 17922
24966 17923
24967 17924
24968 17925
24969 17926
24971 17927
24972 17928
24973 17929
24974 17930
24977 17931
24979 17932
24982 17933
24983 17934
24984 17935
24985 17936
24986 17937
24988 17938
24990 17939
24991 17940
24993 17941
24994 17942
24995 17943
24996 17944
24997 17945
24998 17946
24999 17947
25000 17948
25001 17949
25002 17950
25003 17951
25004 17952
25005 17953
25006 17954
25008 17955
25009 17956
25010 17957
25011 17958
25013 17959
25015 17960
25016 17961
25018 17962
25020 17963
25021 17964
25022 17965
25023 17966
25024 17967
25025 17968
25026 17969
25028 17970
25029 17971
25030 17972
25031 17973
25032 17974
25033 17975
25034 17976
25035 17977
25037 17978
25038 17979
25039 17980
25040 17981
25041 17982
25042 17983
25046 17984
25048 17985
25049 17986
25050 17987
25051 17988
25052 17989
25053 17990
25055 17991
25056 17992
25057 17993
25058 17994
25059 17995
25060 17996
25061 17997
25062 17998
25063 17999
25064 18000
25065 18001
25066 18002
25069 18003
25071 18004
25072 18005
25074 18006
25075 18007
25076 18008
25077 18009
25079 18010
25081 18011
25082 18012
25083 18013
25084 18014
25085 18015
25088 18016
25093 18017
25094 18018
25095 18019
25096 18020
25097 18021
25098 18022
25099 18023
25100 18024
25101 18025
25102 18026
25105 18027
25106 18028
25107 18029
25109 18030
25115 18031
25116 18032
25117 18033
25118 18034
25119 18035
25120 18036
25121 18037
25122 18038
25125 18039
25126 18040
25127 18041
25128 18042
25129 18043
25130 18044
25131 18045
25133 18046
25136 18047
25139 18048
25140 18049
25141 18050
25142 18051
25144 18052
25145 18053
25146 18054
25147 18055
25148 18056
25149 18057
25150 18058
25151 18059
25152 18060
25154 18061
25155 18062
25157 18063
25158 18064
25159 18065
25160 18066
25162 18067
25163 18068
25164 18069
25165 18070
25166 18071
25168 18072
25169 18073
25170 18074
25171 18075
25172 18076
25174 18077
25176 18078
25179 18079
25183 18080
25184 18081
25185 18082
25186 18083
25187 18084
25188 18085
25189 18086
25190 18087
25192 18088
25193 18089
25194 18090
25196 18091
25197 18092
25198 18093
25199 18094
25202 18095
25203 18096
25204 18097
25205 18098
25206 18099
25209 18100
25210 18101
25212 18102
25213 18103
25214 18104
25215 18105
25217 18106
25218 18107
25219 18108
25222 18109
25223 18110
25224 18111
25225 18112
25227 18113
25228 18114
25231 18115
25234 18116
25235 18117
25236 18118
25237 18119
25239 18120
25242 18121
25243 18122
25244 18123
25245 18124
25246 18125
25247 18126
25248 18127
25250 18128
25251 18129
25252 18130
25253 18131
25254 18132
25256 18133
25258 18134
25260 18135
25262 18136
25263 18137
25265 18138
25266 18139
25267 18140
25269 18141
25270 18142
25271 18143
25272 18144
25273 18145
25274 18146
25275 18147
25276 18148
25278 18149
25279 18150
25280 18151
25281 18152
25282 18153
25286 18154
25287 18155
25288 18156
25291 18157
25292 18158
25293 18159
25294 18160
25295 18161
25298 18162
25300 18163
25301 18164
25304 18165
25306 18166
25307 18167
25308 18168
25309 18169
25312 18170
25313 18171
25314 18172
25315 18173
25316 18174
25318 18175
25322 18176
25323 18177
25324 18178
25325 18179
25327 18180
25328 18181
25331 18182
25332 18183
25333 18184
25334 18185
25335 18186
25336 18187
25337 18188
25338 18189
25339 18190
25340 18191
25341 18192
25342 18193
25343 18194
25344 18195
25348 18196
25349 18197
25350 18198
25351 18199
25352 18200
25353 18201
25354 18202
25355 18203
25356 18204
25357 18205
25360 18206
25361 18207
25362 18208
25363 18209
25365 18210
25367 18211
25369 18212
25370 18213
25371 18214
25372 18215
25374 18216
25375 18217
25376 18218
25377 18219
25378 18220
25379 18221
25380 18222
25382 18223
25383 18224
25384 18225
25385 18226
25388 18227
25389 18228
25390 18229
25391 18230
25392 18231
25393 18232
25396 18233
25399 18234
25400 18235
25401 18236
25402 18237
25403 18238
25404 18239
25405 18240
25406 18241
25407 18242
25408 18243
25409 18244
25410 18245
25412 18246
25415 18247
25419 18248
25420 18249
25421 18250
25422 18251
25423 18252
25424 18253
25425 18254
25426 18255
25429 18256
25430 18257
25432 18258
25433 18259
25437 18260
25440 18261
25441 18262
25442 18263
25444 18264
25445 18265
25446 18266
25447 18267
25448 18268
25449 18269
25450 18270
25453 18271
25454 18272
25455 18273
25456 18274
25458 18275
25459 18276
25460 18277
25461 18278
25462 18279
25463 18280
25464 18281
25465 18282
25468 18283
25469 18284
25470 18285
25473 18286
25475 18287
25476 18288
25477 18289
25478 18290
25479 18291
25480 18292
25481 18293
25482 18294
25483 18295
25484 18296
25486 18297
25487 18298
25488 18299
25489 18300
25490 18301
25495 18302
25496 18303
25497 18304
25498 18305
25499 18306
25501 18307
25504 18308
25505 18309
25506 18310
25507 18311
25508 18312
25509 18313
25511 18314
25513 18315
25515 18316
25516 18317
25519 18318
25522 18319
25524 18320
25526 18321
25529 18322
25531 18323
25532 18324
25535 18325
25536 18326
25537 18327
25538 18328
25539 18329
25540 18330
25541 18331
25542 18332
25543 18333
25544 18334
25546 18335
25547 18336
25548 18337
25549 18338
25550 18339
25552 18340
25555 18341
25556 18342
25557 18343
25558 18344
25559 18345
25561 18346
25562 18347
25563 18348
25565 18349
25566 18350
25567 18351
25568 18352
25569 18353
25570 18354
25571 18355
25574 18356
25576 18357
25577 18358
25578 18359
25579 18360
25580 18361
25581 18362
25582 18363
25583 18364
25585 18365
25586 18366
25589 18367
25590 18368
25591 18369
25592 18370
25593 18371
25595 18372
25597 18373
25598 18374
25600 18375
25601 18376
25602 18377
25603 18378
25606 18379
25607 18380
25608 18381
25609 18382
25610 18383
25611 18384
25612 18385
25613 18386
25615 18387
25618 18388
25619 18389
25620 18390
25622 18391
25623 18392
25624 18393
25625 18394
25626 18395
25628 18396
25630 18397
25631 18398
25632 18399
25636 18400
25637 18401
25638 18402
25639 18403
25640 18404
25641 18405
25643 18406
25644 18407
25647 18408
25648 18409
25651 18410
25652 18411
25653 18412
25654 18413
25655 18414
25656 18415
25657 18416
25658 18417
25661 18418
25662 18419
25663 18420
25666 18421
25670 18422
25671 18423
25672 18424
25673 18425
25674 18426
25675 18427
25676 18428
25677 18429
25678 18430
25680 18431
25681 18432
25682 18433
25684 18434
25685 18435
25686 18436
25687 18437
25688 18438
25689 18439
25690 18440
25692 18441
25696 18442
25697 18443
25698 18444
25699 18445
25700 18446
25701 18447
25702 18448
25703 18449
25704 18450
25705 18451
25707 18452
25709 18453
25710 18454
25711 18455
25714 18456
25715 18457
25716 18458
25717 18459
25718 18460
25719 18461
25720 18462
25721 18463
25723 18464
25724 18465
25725 18466
25728 18467
25729 18468
25730 18469
25731 18470
25732 18471
25733 18472
25734 18473
25735 18474
25736 18475
25738 18476
25741 18477
25742 18478
25743 18479
25744 18480
25746 18481
25748 18482
25749 18483
25750 18484
25752 18485
25754 18486
25755 18487
25756 18488
25758 18489
25759 18490
25760 18491
25761 18492
25762 18493
25763 18494
25764 18495
25765 18496
25766 18497
25768 18498
25769 18499
25770 18500
25771 18501
25772 18502
25773 18503
25774 18504
25775 18505
25776 18506
25779 18507
25780 18508
25782 18509
25783 18510
25784 18511
25785 18512
25786 18513
25787 18514
25788 18515
25789 18516
25790 18517
25792 18518
25793 18519
25795 18520
25797 18521
25798 18522
25799 18523
25800 18524
25802 18525
25804 18526
25805 18527
25806 18528
25807 18529
25808 18530
25810 18531
25811 18532
25812 18533
25813 18534
25814 18535
25815 18536
25816 18537
25817 18538
25819 18539
25821 18540
25824 18541
25825 18542
25828 18543
25829 18544
25830 18545
25831 18546
25832 18547
25833 18548
25834 18549
25835 18550
25837 18551
25838 18552
25839 18553
25840 18554
25841 18555
25842 18556
25843 18557
25844 18558
25845 18559
25846 18560
25847 18561
25848 18562
25849 18563
25850 18564
25853 18565
25854 18566
25855 18567
25856 18568
25858 18569
25859 18570
25861 18571
25862 18572
25863 18573
25864 18574
25865 18575
25866 18576
25868 18577
25869 18578
25870 18579
25871 18580
25872 18581
25873 18582
25874 18583
25875 18584
25876 18585
25878 18586
25881 18587
25882 18588
25883 18589
25884 18590
25885 18591
25887 18592
25888 18593
25889 18594
25892 18595
25896 18596
25901 18597
25903 18598
25905 18599
25906 18600
25907 18601
25908 18602
25909 18603
25910 18604
25912 18605
25915 18606
25917 18607
25918 18608
25919 18609
25920 18610
25922 18611
25923 18612
25925 18613
25926 18614
25927 18615
25928 18616
25929 18617
25930 18618
25931 18619
25932 18620
25933 18621
25934 18622
25937 18623
25938 18624
25939 18625
25940 18626
25941 18627
25943 18628
25944 18629
25946 18630
25947 18631
25949 18632
25950 18633
25951 18634
25954 18635
25955 18636
25956 18637
25957 18638
25962 18639
25966 18640
25967 18641
25968 18642
25971 18643
25972 18644
25973 18645
25974 18646
25976 18647
25977 18648
25978 18649
25979 18650
25981 18651
25982 18652
25984 18653
25986 18654
25989 18655
25992 18656
25993 18657
25994 18658
25995 18659
25996 18660
25997 18661
25999 18662
26000 18663
26001 18664
26002 18665
26003 18666
26004 18667
26005 18668
26006 18669
26007 18670
26010 18671
26011 18672
26012 18673
26013 18674
26021 18675
26022 18676
26023 18677
26026 18678
26028 18679
26029 18680
26030 18681
26031 18682
26033 18683
26034 18684
26036 18685
26037 18686
26038 18687
26039 18688
26040 18689
26042 18690
26043 18691
26044 18692
26045 18693
26046 18694
26047 18695
26049 18696
26051 18697
26052 18698
26053 18699
26054 18700
26056 18701
26057 18702
26058 18703
26061 18704
26062 18705
26063 18706
26065 18707
26068 18708
26069 18709
26070 18710
26071 18711
26072 18712
26073 18713
26074 18714
26076 18715
26078 18716
26079 18717
26080 18718
26083 18719
26085 18720
26086 18721
26087 18722
26088 18723
26090 18724
26091 18725
26092 18726
26093 18727
26094 18728
26095 18729
26098 18730
26100 18731
26101 18732
26102 18733
26104 18734
26105 18735
26106 18736
26108 18737
26109 18738
26111 18739
26113 18740
26114 18741
26115 18742
26117 18743
26118 18744
26119 18745
26120 18746
26121 18747
26122 18748
26123 18749
26124 18750
26125 18751
26126 18752
26128 18753
26129 18754
26130 18755
26131 18756
26135 18757
26136 18758
26137 18759
26139 18760
26140 18761
26141 18762
26142 18763
26143 18764
26144 18765
26146 18766
26147 18767
26150 18768
26151 18769
26152 18770
26153 18771
26154 18772
26155 18773
26159 18774
26160 18775
26161 18776
26162 18777
26163 18778
26164 18779
26165 18780
26168 18781
26172 18782
26177 18783
26178 18784
26179 18785
26181 18786
26182 18787
26183 18788
26185 18789
26186 18790
26187 18791
26188 18792
26189 18793
26190 18794
26191 18795
26193 18796
26194 18797
26195 18798
26196 18799
26197 18800
26199 18801
26200 18802
26201 18803
26202 18804
26203 18805
26205 18806
26206 18807
26207 18808
26208 18809
26209 18810
26210 18811
26213 18812
26215 18813
26216 18814
26217 18815
26218 18816
26219 18817
26221 18818
26223 18819
26225 18820
26226 18821
26227 18822
26229 18823
26230 18824
26232 18825
26233 18826
26234 18827
26235 18828
26236 18829
26239 18830
26240 18831
26242 18832
26243 18833
26245 18834
26246 18835
26247 18836
26248 18837
26249 18838
26250 18839
26251 18840
26254 18841
26255 18842
26256 18843
26257 18844
26258 18845
26259 18846
26262 18847
26263 18848
26264 18849
26265 18850
26266 18851
26268 18852
26269 18853
26270 18854
26271 18855
26273 18856
26274 18857
26275 18858
26276 18859
26277 18860
26278 18861
26279 18862
26280 18863
26281 18864
26283 18865
26284 18866
26285 18867
26288 18868
26290 18869
26292 18870
26293 18871
26298 18872
26300 18873
26301 18874
26302 18875
26303 18876
26305 18877
26306 18878
26308 18879
26309 18880
26310 18881
26311 18882
26312 18883
26313 18884
26315 18885
26316 18886
26317 18887
26318 18888
26319 18889
26320 18890
26321 18891
26323 18892
26324 18893
26325 18894
26327 18895
26328 18896
26329 18897
26330 18898
26331 18899
26332 18900
26334 18901
26339 18902
26340 18903
26346 18904
26347 18905
26348 18906
26349 18907
26350 18908
26351 18909
26352 18910
26355 18911
26356 18912
26357 18913
26358 18914
26359 18915
26360 18916
26361 18917
26362 18918
26366 18919
26367 18920
26368 18921
26369 18922
26370 18923
26371 18924
26372 18925
26373 18926
26374 18927
26375 18928
26376 18929
26379 18930
26380 18931
26381 18932
26384 18933
26385 18934
26386 18935
26389 18936
26390 18937
26391 18938
26392 18939
26393 18940
26394 18941
26395 18942
26396 18943
26397 18944
26398 18945
26399 18946
26400 18947
26402 18948
26403 18949
26404 18950
26406 18951
26408 18952
26410 18953
26413 18954
26414 18955
26416 18956
26417 18957
26418 18958
26419 18959
26420 18960
26422 18961
26423 18962
26424 18963
26425 18964
26426 18965
26428 18966
26429 18967
26430 18968
26431 18969
26432 18970
26434 18971
26437 18972
26438 18973
26439 18974
26440 18975
26442 18976
26443 18977
26444 18978
26446 18979
26447 18980
26448 18981
26450 18982
26456 18983
26457 18984
26460 18985
26461 18986
26462 18987
26466 18988
26467 18989
26468 18990
26469 18991
26471 18992
26474 18993
26475 18994
26476 18995
26478 18996
26479 18997
26480 18998
26482 18999
26483 19000
26484 19001
26485 19002
26486 19003
26488 19004
26489 19005
26490 19006
26491 19007
26492 19008
26494 19009
26495 19010
26496 19011
26497 19012
26499 19013
26500 19014
26502 19015
26503 19016
26505 19017
26506 19018
26507 19019
26508 19020
26509 19021
26510 19022
26511 19023
26512 19024
26514 19025
26517 19026
26518 19027
26519 19028
26522 19029
26523 19030
26525 19031
26526 19032
26527 19033
26528 19034
26531 19035
26533 19036
26536 19037
26537 19038
26538 19039
26539 19040
26541 19041
26543 19042
26544 19043
26545 19044
26546 19045
26547 19046
26548 19047
26549 19048
26550 19049
26551 19050
26552 19051
26553 19052
26554 19053
26557 19054
26558 19055
26559 19056
26560 19057
26561 19058
26562 19059
26563 19060
26564 19061
26566 19062
26568 19063
26570 19064
26572 19065
26574 19066
26577 19067
26578 19068
26580 19069
26582 19070
26583 19071
26584 19072
26585 19073
26587 19074
26588 19075
26589 19076
26590 19077
26591 19078
26592 19079
26593 19080
26594 19081
26595 19082
26596 19083
26597 19084
26598 19085
26600 19086
26601 19087
26602 19088
26603 19089
26604 19090
26606 19091
26607 19092
26608 19093
26610 19094
26611 19095
26612 19096
26613 19097
26614 19098
26616 19099
26617 19100
26618 19101
26619 19102
26621 19103
26622 19104
26624 19105
26625 19106
26626 19107
26627 19108
26628 19109
26629 19110
26630 19111
26632 19112
26634 19113
26635 19114
26636 19115
26639 19116
26640 19117
26641 19118
26642 19119
26644 19120
26645 19121
26646 19122
26648 19123
26649 19124
26650 19125
26651 19126
26653 19127
26654 19128
26657 19129
26658 19130
26659 19131
26660 19132
26661 19133
26663 19134
26664 19135
26666 19136
26667 19137
26668 19138
26669 19139
26670 19140
26671 19141
26672 19142
26674 19143
26675 19144
26676 19145
26678 19146
26679 19147
26680 19148
26681 19149
26682 19150
26683 19151
26684 19152
26686 19153
26688 19154
26690 19155
26691 19156
26692 19157
26693 19158
26694 19159
26697 19160
26699 19161
26700 19162
26701 19163
26702 19164
26704 19165
26706 19166
26707 19167
26708 19168
26709 19169
26710 19170
26712 19171
26713 19172
26714 19173
26715 19174
26716 19175
26717 19176
26718 19177
26719 19178
26721 19179
26723 19180
26727 19181
26728 19182
26729 19183
26730 19184
26732 19185
26733 19186
26734 19187
26735 19188
26736 19189
26737 19190
26738 19191
26740 19192
26742 19193
26743 19194
26746 19195
26749 19196
26751 19197
26752 19198
26754 19199
26755 19200
26756 19201
26757 19202
26759 19203
26760 19204
26762 19205
26763 19206
26764 19207
26765 19208
26768 19209
26769 19210
26770 19211
26773 19212
26774 19213
26775 19214
26776 19215
26778 19216
26780 19217
26781 19218
26782 19219
26783 19220
26784 19221
26785 19222
26786 19223
26788 19224
26790 19225
26791 19226
26792 19227
26793 19228
26795 19229
26798 19230
26799 19231
26800 19232
26801 19233
26803 19234
26804 19235
26805 19236
26806 19237
26808 19238
26809 19239
26810 19240
26811 19241
26813 19242
26814 19243
26815 19244
26816 19245
26817 19246
26818 19247
26819 19248
26820 19249
26821 19250
26822 19251
26823 19252
26824 19253
26825 19254
26826 19255
26827 19256
26828 19257
26829 19258
26830 19259
26831 19260
26832 19261
26834 19262
26835 19263
26837 19264
26838 19265
26839 19266
26842 19267
26843 19268
26844 19269
26846 19270
26847 19271
26848 19272
26849 19273
26851 19274
26852 19275
26853 19276
26854 19277
26855 19278
26856 19279
26857 19280
26858 19281
26860 19282
26861 19283
26862 19284
26865 19285
26867 19286
26868 19287
26870 19288
26872 19289
26873 19290
26874 19291
26877 19292
26878 19293
26879 19294
26881 19295
26882 19296
26884 19297
26886 19298
26887 19299
26888 19300
26889 19301
26890 19302
26892 19303
26893 19304
26894 19305
26895 19306
26896 19307
26897 19308
26898 19309
26899 19310
26901 19311
26902 19312
26904 19313
26905 19314
26906 19315
26907 19316
26908 19317
26909 19318
26911 19319
26913 19320
26914 19321
26915 19322
26916 19323
26917 19324
26918 19325
26919 19326
26920 19327
26921 19328
26922 19329
26923 19330
26924 19331
26925 19332
26926 19333
26927 19334
26929 19335
26931 19336
26933 19337
26934 19338
26935 19339
26936 19340
26937 19341
26938 19342
26939 19343
26940 19344
26943 19345
26944 19346
26945 19347
26947 19348
26948 19349
26950 19350
26951 19351
26952 19352
26955 19353
26956 19354
26957 19355
26958 19356
26961 19357
26963 19358
26964 19359
26965 19360
26966 19361
26967 19362
26969 19363
26970 19364
26971 19365
26972 19366
26974 19367
26975 19368
26977 19369
26979 19370
26981 19371
26982 19372
26983 19373
26984 19374
26985 19375
26988 19376
26990 19377
26991 19378
26992 19379
26993 19380
26994 19381
26995 19382
26997 19383
26998 19384
27000 19385
27001 19386
27002 19387
27004 19388
27005 19389
27006 19390
27007 19391
27008 19392
27009 19393
27010 19394
27011 19395
27013 19396
27014 19397
27015 19398
27016 19399
27017 19400
27018 19401
27019 19402
27020 19403
27021 19404
27022 19405
27024 19406
27025 19407
27026 19408
27027 19409
27029 19410
27032 19411
27033 19412
27034 19413
27035 19414
27036 19415
27039 19416
27040 19417
27041 19418
27043 19419
27044 19420
27045 19421
27047 19422
27048 19423
27049 19424
27050 19425
27051 19426
27052 19427
27054 19428
27056 19429
27057 19430
27058 19431
27059 19432
27061 19433
27062 19434
27063 19435
27066 19436
27067 19437
27068 19438
27069 19439
27070 19440
27071 19441
27074 19442
27075 19443
27076 19444
27077 19445
27079 19446
27080 19447
27081 19448
27082 19449
27083 19450
27088 19451
27089 19452
27090 19453
27092 19454
27093 19455
27094 19456
27097 19457
27098 19458
27101 19459
27103 19460
27104 19461
27105 19462
27106 19463
27107 19464
27110 19465
27111 19466
27112 19467
27113 19468
27116 19469
27117 19470
27119 19471
27121 19472
27122 19473
27124 19474
27125 19475
27126 19476
27128 19477
27129 19478
27130 19479
27131 19480
27132 19481
27133 19482
27135 19483
27136 19484
27137 19485
27138 19486
27139 19487
27140 19488
27141 19489
27142 19490
27145 19491
27146 19492
27148 19493
27149 19494
27150 19495
27151 19496
27152 19497
27153 19498
27154 19499
27155 19500
27156 19501
27159 19502
27160 19503
27161 19504
27162 19505
27163 19506
27164 19507
27165 19508
27166 19509
27167 19510
27168 19511
27169 19512
27173 19513
27174 19514
27175 19515
27176 19516
27178 19517
27180 19518
27182 19519
27183 19520
27184 19521
27186 19522
27187 19523
27189 19524
27190 19525
27192 19526
27193 19527
27194 19528
27196 19529
27197 19530
27198 19531
27200 19532
27201 19533
27202 19534
27203 19535
27206 19536
27207 19537
27208 19538
27209 19539
27211 19540
27212 19541
27213 19542
27214 19543
27215 19544
27216 19545
27217 19546
27218 19547
27220 19548
27221 19549
27223 19550
27224 19551
27225 19552
27227 19553
27228 19554
27229 19555
27230 19556
27231 19557
27232 19558
27233 19559
27234 19560
27235 19561
27236 19562
27239 19563
27243 19564
27245 19565
27247 19566
27248 19567
27250 19568
27251 19569
27252 19570
27256 19571
27257 19572
27258 19573
27259 19574
27260 19575
27263 19576
27264 19577
27265 19578
27267 19579
27269 19580
27274 19581
27275 19582
27276 19583
27277 19584
27278 19585
27279 19586
27280 19587
27281 19588
27284 19589
27286 19590
27287 19591
27288 19592
27289 19593
27291 19594
27292 19595
27293 19596
27294 19597
27295 19598
27296 19599
27297 19600
27298 19601
27299 19602
27301 19603
27303 19604
27304 19605
27305 19606
27307 19607
27308 19608
27309 19609
27310 19610
27311 19611
27312 19612
27313 19613
27314 19614
27315 19615
27316 19616
27319 19617
27320 19618
27322 19619
27323 19620
27324 19621
27326 19622
27327 19623
27328 19624
27329 19625
27330 19626
27331 19627
27332 19628
27334 19629
27336 19630
27337 19631
27338 19632
27340 19633
27343 19634
27344 19635
27346 19636
27347 19637
27348 19638
27349 19639
27350 19640
27351 19641
27352 19642
27353 19643
27355 19644
27356 19645
27357 19646
27358 19647
27359 19648
27360 19649
27361 19650
27362 19651
27363 19652
27364 19653
27365 19654
27370 19655
27371 19656
27372 19657
27373 19658
27375 19659
27376 19660
27377 19661
27378 19662
27379 19663
27383 19664
27384 19665
27385 19666
27387 19667
27388 19668
27389 19669
27390 19670
27392 19671
27394 19672
27396 19673
27397 19674
27398 19675
27400 19676
27402 19677
27404 19678
27405 19679
27407 19680
27408 19681
27410 19682
27411 19683
27412 19684
27413 19685
27414 19686
27415 19687
27416 19688
27417 19689
27419 19690
27421 19691
27422 19692
27424 19693
27425 19694
27426 19695
27428 19696
27429 19697
27430 19698
27431 19699
27432 19700
27434 19701
27435 19702
27436 19703
27437 19704
27440 19705
27444 19706
27446 19707
27447 19708
27448 19709
27449 19710
27450 19711
27451 19712
27453 19713
27454 19714
27455 19715
27456 19716
27457 19717
27458 19718
27459 19719
27460 19720
27461 19721
27463 19722
27464 19723
27465 19724
27468 19725
27469 19726
27470 19727
27471 19728
27472 19729
27473 19730
27475 19731
27476 19732
27477 19733
27478 19734
27479 19735
27482 19736
27483 19737
27485 19738
27486 19739
27487 19740
27489 19741
27490 19742
27491 19743
27492 19744
27494 19745
27495 19746
27496 19747
27497 19748
27499 19749
27500 19750
27502 19751
27503 19752
27505 19753
27506 19754
27507 19755
27510 19756
27512 19757
27513 19758
27516 19759
27517 19760
27518 19761
27519 19762
27520 19763
27521 19764
27522 19765
27523 19766
27524 19767
27526 19768
27527 19769
27528 19770
27529 19771
27531 19772
27532 19773
27533 19774
27534 19775
27535 19776
27537 19777
27538 19778
27539 19779
27540 19780
27541 19781
27543 19782
27545 19783
27546 19784
27547 19785
27548 19786
27549 19787
27550 19788
27551 19789
27552 19790
27554 19791
27555 19792
27557 19793
27558 19794
27559 19795
27560 19796
27561 19797
27563 19798
27566 19799
27567 19800
27568 19801
27569 19802
27570 19803
27571 19804
27572 19805
27573 19806
27575 19807
27579 19808
27580 19809
27581 19810
27582 19811
27584 19812
27586 19813
27587 19814
27588 19815
27590 19816
27591 19817
27592 19818
27594 19819
27595 19820
27596 19821
27599 19822
27600 19823
27601 19824
27603 19825
27604 19826
27605 19827
27606 19828
27609 19829
27611 19830
27612 19831
27614 19832
27615 19833
27619 19834
27620 19835
27622 19836
27623 19837
27625 19838
27627 19839
27628 19840
27632 19841
27633 19842
27634 19843
27637 19844
27638 19845
27639 19846
27640 19847
27641 19848
27642 19849
27643 19850
27644 19851
27645 19852
27646 19853
27647 19854
27648 19855
27649 19856
27651 19857
27652 19858
27653 19859
27654 19860
27655 19861
27657 19862
27658 19863
27659 19864
27660 19865
27661 19866
27664 19867
27667 19868
27669 19869
27671 19870
27672 19871
27673 19872
27674 19873
27676 19874
27677 19875
27679 19876
27682 19877
27683 19878
27684 19879
27685 19880
27686 19881
27688 19882
27689 19883
27691 19884
27692 19885
27693 19886
27694 19887
27695 19888
27696 19889
27697 19890
27698 19891
27699 19892
27700 19893
27701 19894
27702 19895
27703 19896
27704 19897
27705 19898
27706 19899
27708 19900
27709 19901
27710 19902
27711 19903
27712 19904
27713 19905
27714 19906
27715 19907
27716 19908
27718 19909
27720 19910
27722 19911
27724 19912
27725 19913
27726 19914
27728 19915
27729 19916
27730 19917
27731 19918
27732 19919
27733 19920
27734 19921
27735 19922
27736 19923
27737 19924
27738 19925
27740 19926
27741 19927
27742 19928
27743 19929
27744 19930
27746 19931
27747 19932
27748 19933
27750 19934
27751 19935
27752 19936
27753 19937
27755 19938
27756 19939
27757 19940
27760 19941
27761 19942
27762 19943
27763 19944
27766 19945
27767 19946
27769 19947
27770 19948
27771 19949
27772 19950
27773 19951
27776 19952
27777 19953
27779 19954
27780 19955
27783 19956
27784 19957
27785 19958
27786 19959
27787 19960
27788 19961
27790 19962
27792 19963
27793 19964
27794 19965
27795 19966
27797 19967
27798 19968
27799 19969
27801 19970
27802 19971
27803 19972
27805 19973
27808 19974
27809 19975
27810 19976
27812 19977
27813 19978
27814 19979
27815 19980
27816 19981
27817 19982
27820 19983
27821 19984
27822 19985
27823 19986
27826 19987
27832 19988
27834 19989
27835 19990
27836 19991
27837 19992
27838 19993
27839 19994
27840 19995
27841 19996
27843 19997
27846 19998
27847 19999
27848 20000
27849 20001
27850 20002
27852 20003
27853 20004
27855 20005
27856 20006
27857 20007
27858 20008
27859 20009
27860 20010
27861 20011
27862 20012
27863 20013
27864 20014
27866 20015
27867 20016
27869 20017
27870 20018
27872 20019
27873 20020
27874 20021
27876 20022
27878 20023
27879 20024
27880 20025
27883 20026
27886 20027
27887 20028
27888 20029
27889 20030
27890 20031
27892 20032
27893 20033
27896 20034
27898 20035
27899 20036
27901 20037
27902 20038
27903 20039
27905 20040
27906 20041
27907 20042
27908 20043
27909 20044
27911 20045
27914 20046
27915 20047
27917 20048
27918 20049
27920 20050
27921 20051
27922 20052
27923 20053
27925 20054
27927 20055
27928 20056
27929 20057
27930 20058
27932 20059
27933 20060
27938 20061
27939 20062
27940 20063
27941 20064
27942 20065
27944 20066
27945 20067
27946 20068
27949 20069
27950 20070
27952 20071
27953 20072
27955 20073
27956 20074
27957 20075
27958 20076
27959 20077
27960 20078
27961 20079
27962 20080
27963 20081
27964 20082
27966 20083
27967 20084
27968 20085
27969 20086
27970 20087
27973 20088
27974 20089
27976 20090
27979 20091
27980 20092
27981 20093
27983 20094
27985 20095
27986 20096
27988 20097
27990 20098
27991 20099
27992 20100
27993 20101
27996 20102
27999 20103
28000 20104
28001 20105
28002 20106
28003 20107
28004 20108
28006 20109
28007 20110
28008 20111
28009 20112
28010 20113
28011 20114
28012 20115
28013 20116
28014 20117
28015 20118
28016 20119
28017 20120
28018 20121
28019 20122
28021 20123
28022 20124
28023 20125
28024 20126
28025 20127
28026 20128
28027 20129
28029 20130
28030 20131
28031 20132
28032 20133
28033 20134
28034 20135
28036 20136
28037 20137
28038 20138
28042 20139
28043 20140
28046 20141
28047 20142
28048 20143
28050 20144
28051 20145
28052 20146
28054 20147
28055 20148
28056 20149
28058 20150
28063 20151
28065 20152
28066 20153
28068 20154
28069 20155
28070 20156
28071 20157
28076 20158
28077 20159
28079 20160
28080 20161
28081 20162
28083 20163
28084 20164
28086 20165
28087 20166
28089 20167
28090 20168
28092 20169
28093 20170
28094 20171
28096 20172
28097 20173
28098 20174
28099 20175
28101 20176
28102 20177
28107 20178
28111 20179
28112 20180
28113 20181
28114 20182
28116 20183
28117 20184
28118 20185
28120 20186
28122 20187
28125 20188
28127 20189
28128 20190
28129 20191
28130 20192
28131 20193
28132 20194
28133 20195
28134 20196
28135 20197
28136 20198
28137 20199
28139 20200
28140 20201
28141 20202
28142 20203
28143 20204
28144 20205
28146 20206
28150 20207
28152 20208
28153 20209
28155 20210
28156 20211
28157 20212
28158 20213
28159 20214
28161 20215
28162 20216
28163 20217
28165 20218
28166 20219
28168 20220
28169 20221
28170 20222
28171 20223
28172 20224
28174 20225
28175 20226
28177 20227
28178 20228
28180 20229
28182 20230
28184 20231
28185 20232
28186 20233
28187 20234
28190 20235
28191 20236
28192 20237
28193 20238
28194 20239
28196 20240
28198 20241
28199 20242
28200 20243
28202 20244
28203 20245
28204 20246
28205 20247
28206 20248
28208 20249
28209 20250
28211 20251
28213 20252
28215 20253
28216 20254
28217 20255
28218 20256
28219 20257
28221 20258
28222 20259
28224 20260
28225 20261
28226 20262
28229 20263
28230 20264
28231 20265
28232 20266
28237 20267
28238 20268
28239 20269
28242 20270
28243 20271
28244 20272
28245 20273
28246 20274
28249 20275
28251 20276
28252 20277
28253 20278
28254 20279
28255 20280
28256 20281
28258 20282
28259 20283
28262 20284
28264 20285
28265 20286
28266 20287
28267 20288
28268 20289
28270 20290
28271 20291
28272 20292
28273 20293
28274 20294
28277 20295
28279 20296
28282 20297
28283 20298
28284 20299
28286 20300
28288 20301
28289 20302
28291 20303
28292 20304
28293 20305
28296 20306
28297 20307
28298 20308
28299 20309
28300 20310
28301 20311
28302 20312
28303 20313
28305 20314
28309 20315
28310 20316
28312 20317
28313 20318
28314 20319
28315 20320
28316 20321
28317 20322
28318 20323
28320 20324
28323 20325
28326 20326
28327 20327
28329 20328
28330 20329
28333 20330
28334 20331
28335 20332
28336 20333
28338 20334
28339 20335
28341 20336
28342 20337
28344 20338
28345 20339
28346 20340
28347 20341
28348 20342
28349 20343
28351 20344
28352 20345
28353 20346
28354 20347
28355 20348
28356 20349
28357 20350
28358 20351
28359 20352
28360 20353
28362 20354
28363 20355
28364 20356
28365 20357
28366 20358
28367 20359
28370 20360
28371 20361
28373 20362
28376 20363
28377 20364
28379 20365
28380 20366
28381 20367
28382 20368
28384 20369
28386 20370
28387 20371
28388 20372
28389 20373
28390 20374
28391 20375
28392 20376
28393 20377
28394 20378
28395 20379
28396 20380
28398 20381
28399 20382
28400 20383
28401 20384
28403 20385
28405 20386
28406 20387
28407 20388
28409 20389
28410 20390
28411 20391
28412 20392
28413 20393
28414 20394
28415 20395
28416 20396
28417 20397
28418 20398
28419 20399
28420 20400
28421 20401
28423 20402
28424 20403
28425 20404
28427 20405
28430 20406
28432 20407
28434 20408
28435 20409
28436 20410
28437 20411
28439 20412
28440 20413
28441 20414
28445 20415
28446 20416
28448 20417
28449 20418
28451 20419
28452 20420
28453 20421
28454 20422
28456 20423
28458 20424
28459 20425
28460 20426
28462 20427
28463 20428
28464 20429
28466 20430
28468 20431
28469 20432
28470 20433
28471 20434
28472 20435
28475 20436
28477 20437
28478 20438
28480 20439
28481 20440
28484 20441
28487 20442
28488 20443
28490 20444
28492 20445
28493 20446
28494 20447
28495 20448
28497 20449
28498 20450
28499 20451
28501 20452
28502 20453
28503 20454
28504 20455
28505 20456
28506 20457
28507 20458
28508 20459
28509 20460
28510 20461
28511 20462
28513 20463
28515 20464
28516 20465
28517 20466
28518 20467
28519 20468
28521 20469
28525 20470
28526 20471
28527 20472
28528 20473
28529 20474
28530 20475
28531 20476
28532 20477
28533 20478
28534 20479
28535 20480
28536 20481
28538 20482
28539 20483
28541 20484
28542 20485
28544 20486
28545 20487
28546 20488
28548 20489
28549 20490
28554 20491
28555 20492
28556 20493
28558 20494
28559 20495
28561 20496
28562 20497
28563 20498
28565 20499
28566 20500
28567 20501
28568 20502
28569 20503
28572 20504
28573 20505
28574 20506
28575 20507
28576 20508
28578 20509
28581 20510
28582 20511
28583 20512
28584 20513
28585 20514
28586 20515
28587 20516
28588 20517
28589 20518
28590 20519
28591 20520
28592 20521
28593 20522
28594 20523
28595 20524
28596 20525
28597 20526
28601 20527
28602 20528
28603 20529
28605 20530
28609 20531
28610 20532
28612 20533
28613 20534
28615 20535
28616 20536
28618 20537
28619 20538
28620 20539
28622 20540
28624 20541
28626 20542
28627 20543
28629 20544
28631 20545
28632 20546
28634 20547
28635 20548
28636 20549
28637 20550
28638 20551
28641 20552
28642 20553
28643 20554
28645 20555
28646 20556
28647 20557
28648 20558
28649 20559
28651 20560
28652 20561
28653 20562
28654 20563
28657 20564
28658 20565
28660 20566
28662 20567
28663 20568
28664 20569
28665 20570
28668 20571
28669 20572
28670 20573
28671 20574
28672 20575
28673 20576
28674 20577
28675 20578
28676 20579
28677 20580
28678 20581
28679 20582
28680 20583
28682 20584
28685 20585
28686 20586
28687 20587
28688 20588
28689 20589
28690 20590
28692 20591
28693 20592
28695 20593
28696 20594
28697 20595
28698 20596
28699 20597
28700 20598
28701 20599
28703 20600
28705 20601
28706 20602
28709 20603
28710 20604
28711 20605
28712 20606
28715 20607
28717 20608
28718 20609
28720 20610
28722 20611
28723 20612
28724 20613
28725 20614
28726 20615
28727 20616
28728 20617
28729 20618
28730 20619
28732 20620
28734 20621
28735 20622
28736 20623
28737 20624
28739 20625
28740 20626
28741 20627
28742 20628
28743 20629
28745 20630
28747 20631
28748 20632
28749 20633
28750 20634
28751 20635
28752 20636
28753 20637
28754 20638
28758 20639
28759 20640
28760 20641
28761 20642
28764 20643
28766 20644
28767 20645
28769 20646
28772 20647
28775 20648
28777 20649
28778 20650
28779 20651
28780 20652
28781 20653
28782 20654
28783 20655
28784 20656
28787 20657
28788 20658
28789 20659
28790 20660
28791 20661
28792 20662
28793 20663
28794 20664
28795 20665
28796 20666
28797 20667
28799 20668
28800 20669
28802 20670
28808 20671
28809 20672
28810 20673
28811 20674
28813 20675
28814 20676
28816 20677
28817 20678
28818 20679
28821 20680
28823 20681
28824 20682
28825 20683
28826 20684
28827 20685
28828 20686
28830 20687
28831 20688
28832 20689
28833 20690
28834 20691
28835 20692
28836 20693
28837 20694
28840 20695
28841 20696
28842 20697
28844 20698
28846 20699
28849 20700
28850 20701
28851 20702
28852 20703
28853 20704
28854 20705
28855 20706
28856 20707
28857 20708
28858 20709
28859 20710
28860 20711
28862 20712
28863 20713
28864 20714
28865 20715
28867 20716
28868 20717
28871 20718
28872 20719
28875 20720
28878 20721
28880 20722
28881 20723
28882 20724
28884 20725
28886 20726
28887 20727
28888 20728
28890 20729
28893 20730
28894 20731
28895 20732
28896 20733
28897 20734
28898 20735
28899 20736
28901 20737
28902 20738
28904 20739
28905 20740
28907 20741
28908 20742
28909 20743
28910 20744
28911 20745
28912 20746
28915 20747
28917 20748
28919 20749
28921 20750
28922 20751
28924 20752
28926 20753
28928 20754
28929 20755
28931 20756
28933 20757
28934 20758
28937 20759
28938 20760
28939 20761
28940 20762
28941 20763
28944 20764
28945 20765
28946 20766
28947 20767
28948 20768
28952 20769
28953 20770
28954 20771
28955 20772
28956 20773
28957 20774
28958 20775
28959 20776
28961 20777
28962 20778
28963 20779
28964 20780
28965 20781
28967 20782
28968 20783
28969 20784
28970 20785
28972 20786
28974 20787
28975 20788
28976 20789
28977 20790
28978 20791
28981 20792
28982 20793
28983 20794
28984 20795
28986 20796
28987 20797
28988 20798
28989 20799
28990 20800
28991 20801
28992 20802
28993 20803
28994 20804
28995 20805
28996 20806
28997 20807
28998 20808
29001 20809
29003 20810
29004 20811
29005 20812
29006 20813
29009 20814
29010 20815
29013 20816
29014 20817
29017 20818
29018 20819
29020 20820
29021 20821
29022 20822
29023 20823
29024 20824
29025 20825
29026 20826
29027 20827
29028 20828
29030 20829
29031 20830
29032 20831
29033 20832
29034 20833
29036 20834
29038 20835
29039 20836
29040 20837
29041 20838
29044 20839
29046 20840
29049 20841
29050 20842
29051 20843
29052 20844
29054 20845
29056 20846
29058 20847
29060 20848
29061 20849
29062 20850
29063 20851
29064 20852
29065 20853
29066 20854
29067 20855
29068 20856
29070 20857
29071 20858
29072 20859
29074 20860
29076 20861
29077 20862
29078 20863
29079 20864
29081 20865
29083 20866
29085 20867
29086 20868
29087 20869
29089 20870
29090 20871
29093 20872
29094 20873
29095 20874
29097 20875
29099 20876
29100 20877
29102 20878
29103 20879
29107 20880
29109 20881
29112 20882
29113 20883
29114 20884
29115 20885
29117 20886
29118 20887
29119 20888
29123 20889
29126 20890
29127 20891
29130 20892
29131 20893
29133 20894
29134 20895
29135 20896
29136 20897
29137 20898
29138 20899
29140 20900
29141 20901
29142 20902
29144 20903
29145 20904
29146 20905
29147 20906
29149 20907
29150 20908
29151 20909
29153 20910
29154 20911
29155 20912
29156 20913
29157 20914
29163 20915
29164 20916
29165 20917
29166 20918
29167 20919
29168 20920
29170 20921
29172 20922
29173 20923
29174 20924
29175 20925
29176 20926
29177 20927
29178 20928
29180 20929
29181 20930
29182 20931
29183 20932
29184 20933
29185 20934
29186 20935
29187 20936
29188 20937
29189 20938
29190 20939
29191 20940
29192 20941
29193 20942
29194 20943
29197 20944
29198 20945
29199 20946
29200 20947
29201 20948
29202 20949
29204 20950
29205 20951
29206 20952
29208 20953
29211 20954
29212 20955
29213 20956
29215 20957
29216 20958
29217 20959
29219 20960
29220 20961
29221 20962
29222 20963
29223 20964
29224 20965
29226 20966
29227 20967
29228 20968
29229 20969
29231 20970
29232 20971
29233 20972
29234 20973
29235 20974
29236 20975
29238 20976
29240 20977
29241 20978
29245 20979
29247 20980
29248 20981
29249 20982
29250 20983
29251 20984
29252 20985
29253 20986
29254 20987
29255 20988
29258 20989
29259 20990
29260 20991
29261 20992
29262 20993
29264 20994
29265 20995
29266 20996
29267 20997
29268 20998
29269 20999
29273 21000
29274 21001
29275 21002
29276 21003
29278 21004
29281 21005
29282 21006
29284 21007
29287 21008
29288 21009
29289 21010
29291 21011
29292 21012
29295 21013
29296 21014
29299 21015
29301 21016
29302 21017
29304 21018
29305 21019
29306 21020
29308 21021
29309 21022
29310 21023
29311 21024
29312 21025
29313 21026
29315 21027
29316 21028
29318 21029
29319 21030
29322 21031
29324 21032
29326 21033
29327 21034
29328 21035
29329 21036
29330 21037
29331 21038
29332 21039
29333 21040
29334 21041
29335 21042
29336 21043
29337 21044
29339 21045
29343 21046
29344 21047
29345 21048
29347 21049
29348 21050
29350 21051
29351 21052
29352 21053
29354 21054
29355 21055
29357 21056
29358 21057
29359 21058
29360 21059
29362 21060
29363 21061
29365 21062
29366 21063
29367 21064
29368 21065
29369 21066
29372 21067
29374 21068
29376 21069
29377 21070
29380 21071
29381 21072
29382 21073
29383 21074
29384 21075
29387 21076
29388 21077
29389 21078
29391 21079
29393 21080
29394 21081
29395 21082
29396 21083
29397 21084
29400 21085
29401 21086
29402 21087
29403 21088
29407 21089
29408 21090
29409 21091
29410 21092
29411 21093
29412 21094
29413 21095
29415 21096
29416 21097
29419 21098
29421 21099
29422 21100
29423 21101
29424 21102
29425 21103
29426 21104
29427 21105
29428 21106
29429 21107
29430 21108
29431 21109
29432 21110
29433 21111
29434 21112
29435 21113
29438 21114
29439 21115
29442 21116
29444 21117
29446 21118
29448 21119
29450 21120
29451 21121
29453 21122
29456 21123
29457 21124
29459 21125
29463 21126
29464 21127
29465 21128
29466 21129
29467 21130
29470 21131
29471 21132
29472 21133
29473 21134
29474 21135
29476 21136
29477 21137
29481 21138
29482 21139
29484 21140
29486 21141
29487 21142
29488 21143
29489 21144
29492 21145
29496 21146
29498 21147
29500 21148
29501 21149
29502 21150
29505 21151
29506 21152
29507 21153
29508 21154
29509 21155
29510 21156
29512 21157
29513 21158
29520 21159
29521 21160
29522 21161
29523 21162
29524 21163
29525 21164
29526 21165
29527 21166
29529 21167
29530 21168
29531 21169
29534 21170
29535 21171
29536 21172
29537 21173
29538 21174
29539 21175
29540 21176
29541 21177
29544 21178
29545 21179
29547 21180
29548 21181
29549 21182
29551 21183
29552 21184
29553 21185
29554 21186
29555 21187
29557 21188
29559 21189
29560 21190
29561 21191
29563 21192
29564 21193
29566 21194
29567 21195
29568 21196
29569 21197
29570 21198
29572 21199
29574 21200
29576 21201
29578 21202
29579 21203
29580 21204
29581 21205
29583 21206
29587 21207
29588 21208
29589 21209
29591 21210
29593 21211
29594 21212
29595 21213
29596 21214
29598 21215
29600 21216
29601 21217
29602 21218
29603 21219
29605 21220
29606 21221
29607 21222
29608 21223
29609 21224
29610 21225
29611 21226
29613 21227
29614 21228
29615 21229
29616 21230
29617 21231
29618 21232
29620 21233
29621 21234
29622 21235
29623 21236
29626 21237
29627 21238
29628 21239
29629 21240
29630 21241
29631 21242
29632 21243
29633 21244
29634 21245
29635 21246
29636 21247
29637 21248
29639 21249
29640 21250
29642 21251
29643 21252
29645 21253
29646 21254
29649 21255
29650 21256
29651 21257
29654 21258
29655 21259
29656 21260
29657 21261
29659 21262
29662 21263
29663 21264
29664 21265
29666 21266
29670 21267
29671 21268
29672 21269
29673 21270
29674 21271
29676 21272
29677 21273
29678 21274
29679 21275
29681 21276
29685 21277
29686 21278
29688 21279
29689 21280
29694 21281
29695 21282
29698 21283
29699 21284
29700 21285
29701 21286
29702 21287
29703 21288
29704 21289
29706 21290
29707 21291
29709 21292
29710 21293
29711 21294
29712 21295
29715 21296
29716 21297
29717 21298
29719 21299
29720 21300
29721 21301
29722 21302
29723 21303
29724 21304
29725 21305
29726 21306
29727 21307
29728 21308
29729 21309
29730 21310
29733 21311
29735 21312
29736 21313
29738 21314
29739 21315
29741 21316
29742 21317
29743 21318
29746 21319
29747 21320
29748 21321
29749 21322
29750 21323
29751 21324
29752 21325
29753 21326
29755 21327
29756 21328
29758 21329
29759 21330
29761 21331
29762 21332
29764 21333
29766 21334
29767 21335
29768 21336
29772 21337
29773 21338
29775 21339
29780 21340
29782 21341
29783 21342
29785 21343
29786 21344
29787 21345
29790 21346
29791 21347
29792 21348
29793 21349
29794 21350
29795 21351
29797 21352
29798 21353
29799 21354
29800 21355
29801 21356
29803 21357
29804 21358
29805 21359
29806 21360
29807 21361
29808 21362
29809 21363
29810 21364
29811 21365
29812 21366
29814 21367
29816 21368
29817 21369
29818 21370
29819 21371
29820 21372
29821 21373
29822 21374
29824 21375
29826 21376
29827 21377
29830 21378
29831 21379
29832 21380
29833 21381
29834 21382
29835 21383
29836 21384
29837 21385
29839 21386
29840 21387
29841 21388
29842 21389
29843 21390
29844 21391
29845 21392
29846 21393
29851 21394
29852 21395
29854 21396
29855 21397
29856 21398
29857 21399
29858 21400
29859 21401
29861 21402
29862 21403
29863 21404
29864 21405
29865 21406
29866 21407
29867 21408
29868 21409
29872 21410
29873 21411
29874 21412
29875 21413
29876 21414
29877 21415
29878 21416
29879 21417
29880 21418
29883 21419
29884 21420
29886 21421
29887 21422
29888 21423
29889 21424
29891 21425
29892 21426
29893 21427
29895 21428
29896 21429
29897 21430
29898 21431
29899 21432
29900 21433
29901 21434
29902 21435
29904 21436
29907 21437
29909 21438
29910 21439
29911 21440
29912 21441
29913 21442
29914 21443
29916 21444
29917 21445
29918 21446
29920 21447
29921 21448
29922 21449
29925 21450
29927 21451
29928 21452
29929 21453
29930 21454
29931 21455
29933 21456
29934 21457
29935 21458
29938 21459
29939 21460
29940 21461
29943 21462
29944 21463
29945 21464
29946 21465
29947 21466
29948 21467
29950 21468
29951 21469
29952 21470
29953 21471
29954 21472
29956 21473
29958 21474
29960 21475
29961 21476
29962 21477
29964 21478
29965 21479
29966 21480
29967 21481
29968 21482
29969 21483
29970 21484
29971 21485
29974 21486
29975 21487
29976 21488
29978 21489
29979 21490
29980 21491
29982 21492
29983 21493
29986 21494
29987 21495
29989 21496
29990 21497
29991 21498
29992 21499
29997 21500
29998 21501
29999 21502
30001 21503
30002 21504
30003 21505
30004 21506
30005 21507
30008 21508
30009 21509
30011 21510
30013 21511
30014 21512
30015 21513
30016 21514
30020 21515
30024 21516
30025 21517
30026 21518
30027 21519
30028 21520
30029 21521
30030 21522
30031 21523
30032 21524
30033 21525
30034 21526
30035 21527
30037 21528
30038 21529
30040 21530
30043 21531
30044 21532
30045 21533
30046 21534
30048 21535
30049 21536
30050 21537
30051 21538
30052 21539
30053 21540
30055 21541
30056 21542
30058 21543
30059 21544
30060 21545
30061 21546
30063 21547
30064 21548
30065 21549
30066 21550
30067 21551
30069 21552
30071 21553
30073 21554
30074 21555
30075 21556
30078 21557
30079 21558
30080 21559
30082 21560
30083 21561
30084 21562
30085 21563
30086 21564
30088 21565
30089 21566
30090 21567
30091 21568
30092 21569
30093 21570
30094 21571
30095 21572
30097 21573
30098 21574
30099 21575
30100 21576
30101 21577
30102 21578
30103 21579
30104 21580
30105 21581
30106 21582
30107 21583
30108 21584
30112 21585
30113 21586
30114 21587
30115 21588
30116 21589
30120 21590
30122 21591
30123 21592
30125 21593
30128 21594
30130 21595
30131 21596
30132 21597
30133 21598
30134 21599
30136 21600
30137 21601
30138 21602
30139 21603
30140 21604
30143 21605
30144 21606
30146 21607
30147 21608
30149 21609
30151 21610
30152 21611
30154 21612
30155 21613
30157 21614
30158 21615
30161 21616
30162 21617
30163 21618
30164 21619
30166 21620
30167 21621
30173 21622
30177 21623
30178 21624
30179 21625
30180 21626
30181 21627
30182 21628
30183 21629
30184 21630
30185 21631
30186 21632
30187 21633
30189 21634
30191 21635
30193 21636
30194 21637
30195 21638
30196 21639
30198 21640
30200 21641
30201 21642
30202 21643
30203 21644
30204 21645
30205 21646
30206 21647
30207 21648
30208 21649
30210 21650
30212 21651
30214 21652
30216 21653
30217 21654
30218 21655
30219 21656
30220 21657
30224 21658
30228 21659
30232 21660
30233 21661
30234 21662
30235 21663
30236 21664
30237 21665
30239 21666
30240 21667
30241 21668
30242 21669
30243 21670
30245 21671
30246 21672
30247 21673
30248 21674
30249 21675
30250 21676
30251 21677
30252 21678
30253 21679
30254 21680
30255 21681
30256 21682
30257 21683
30258 21684
30261 21685
30262 21686
30263 21687
30265 21688
30266 21689
30267 21690
30268 21691
30269 21692
30270 21693
30272 21694
30273 21695
30274 21696
30275 21697
30277 21698
30278 21699
30279 21700
30280 21701
30281 21702
30282 21703
30283 21704
30284 21705
30285 21706
30287 21707
30288 21708
30289 21709
30290 21710
30291 21711
30293 21712
30294 21713
30295 21714
30296 21715
30297 21716
30299 21717
30300 21718
30301 21719
30302 21720
30303 21721
30305 21722
30306 21723
30307 21724
30308 21725
30309 21726
30311 21727
30313 21728
30315 21729
30316 21730
30317 21731
30318 21732
30319 21733
30320 21734
30321 21735
30322 21736
30323 21737
30324 21738
30325 21739
30326 21740
30327 21741
30328 21742
30329 21743
30330 21744
30331 21745
30332 21746
30333 21747
30334 21748
30335 21749
30338 21750
30339 21751
30340 21752
30341 21753
30342 21754
30343 21755
30344 21756
30345 21757
30346 21758
30349 21759
30350 21760
30352 21761
30353 21762
30354 21763
30355 21764
30357 21765
30358 21766
30359 21767
30361 21768
30362 21769
30363 21770
30364 21771
30365 21772
30366 21773
30367 21774
30368 21775
30370 21776
30371 21777
30372 21778
30373 21779
30374 21780
30375 21781
30376 21782
30378 21783
30379 21784
30381 21785
30382 21786
30384 21787
30385 21788
30386 21789
30387 21790
30388 21791
30390 21792
30391 21793
30392 21794
30393 21795
30394 21796
30395 21797
30396 21798
30398 21799
30399 21800
30400 21801
30401 21802
30402 21803
30403 21804
30404 21805
30405 21806
30406 21807
30407 21808
30408 21809
30409 21810
30410 21811
30411 21812
30413 21813
30414 21814
30417 21815
30418 21816
30419 21817
30421 21818
30422 21819
30423 21820
30425 21821
30428 21822
30430 21823
30431 21824
30433 21825
30436 21826
30437 21827
30438 21828
30439 21829
30440 21830
30441 21831
30442 21832
30443 21833
30444 21834
30445 21835
30447 21836
30448 21837
30450 21838
30451 21839
30452 21840
30453 21841
30455 21842
30457 21843
30459 21844
30460 21845
30461 21846
30463 21847
30464 21848
30465 21849
30467 21850
30468 21851
30469 21852
30470 21853
30471 21854
30472 21855
30473 21856
30477 21857
30478 21858
30480 21859
30481 21860
30482 21861
30483 21862
30484 21863
30485 21864
30487 21865
30488 21866
30489 21867
30490 21868
30492 21869
30494 21870
30497 21871
30498 21872
30499 21873
30501 21874
30503 21875
30504 21876
30505 21877
30508 21878
30512 21879
30513 21880
30514 21881
30516 21882
30517 21883
30518 21884
30519 21885
30521 21886
30522 21887
30523 21888
30524 21889
30525 21890
30526 21891
30527 21892
30529 21893
30531 21894
30534 21895
30535 21896
30536 21897
30538 21898
30539 21899
30540 21900
30542 21901
30544 21902
30545 21903
30546 21904
30547 21905
30548 21906
30549 21907
30550 21908
30552 21909
30555 21910
30556 21911
30557 21912
30559 21913
30560 21914
30561 21915
30564 21916
30565 21917
30567 21918
30568 21919
30569 21920
30572 21921
30573 21922
30574 21923
30576 21924
30577 21925
30579 21926
30580 21927
30581 21928
30582 21929
30584 21930
30585 21931
30588 21932
30589 21933
30592 21934
30593 21935
30596 21936
30597 21937
30598 21938
30599 21939
30600 21940
30602 21941
30604 21942
30605 21943
30606 21944
30607 21945
30608 21946
30610 21947
30612 21948
30613 21949
30617 21950
30618 21951
30619 21952
30620 21953
30621 21954
30622 21955
30623 21956
30624 21957
30626 21958
30628 21959
30629 21960
30630 21961
30631 21962
30632 21963
30636 21964
30637 21965
30638 21966
30639 21967
30640 21968
30641 21969
30642 21970
30643 21971
30646 21972
30647 21973
30650 21974
30651 21975
30654 21976
30655 21977
30658 21978
30659 21979
30660 21980
30661 21981
30663 21982
30664 21983
30665 21984
30667 21985
30669 21986
30673 21987
30675 21988
30676 21989
30678 21990
30681 21991
30682 21992
30684 21993
30685 21994
30687 21995
30688 21996
30690 21997
30692 21998
30693 21999
30694 22000
30696 22001
30697 22002
30698 22003
30700 22004
30701 22005
30702 22006
30703 22007
30704 22008
30705 22009
30706 22010
30707 22011
30708 22012
30710 22013
30711 22014
30712 22015
30713 22016
30714 22017
30715 22018
30716 22019
30717 22020
30718 22021
30719 22022
30720 22023
30721 22024
30722 22025
30723 22026
30724 22027
30725 22028
30726 22029
30727 22030
30728 22031
30729 22032
30730 22033
30731 22034
30732 22035
30733 22036
30734 22037
30735 22038
30737 22039
30738 22040
30739 22041
30740 22042
30741 22043
30742 22044
30743 22045
30744 22046
30745 22047
30748 22048
30749 22049
30750 22050
30752 22051
30753 22052
30754 22053
30755 22054
30756 22055
30759 22056
30760 22057
30761 22058
30762 22059
30763 22060
30765 22061
30766 22062
30767 22063
30769 22064
30770 22065
30772 22066
30773 22067
30774 22068
30775 22069
30776 22070
30777 22071
30778 22072
30780 22073
30781 22074
30783 22075
30785 22076
30786 22077
30787 22078
30788 22079
30789 22080
30790 22081
30791 22082
30792 22083
30793 22084
30794 22085
30796 22086
30797 22087
30798 22088
30799 22089
30800 22090
30802 22091
30804 22092
30806 22093
30808 22094
30809 22095
30810 22096
30811 22097
30813 22098
30817 22099
30819 22100
30821 22101
30822 22102
30823 22103
30824 22104
30827 22105
30828 22106
30830 22107
30831 22108
30832 22109
30833 22110
30834 22111
30835 22112
30836 22113
30837 22114
30838 22115
30841 22116
30846 22117
30847 22118
30848 22119
30849 22120
30850 22121
30851 22122
30852 22123
30853 22124
30854 22125
30856 22126
30857 22127
30858 22128
30859 22129
30860 22130
30861 22131
30863 22132
30864 22133
30865 22134
30866 22135
30867 22136
30868 22137
30869 22138
30870 22139
30871 22140
30873 22141
30875 22142
30877 22143
30878 22144
30880 22145
30882 22146
30883 22147
30884 22148
30886 22149
30887 22150
30888 22151
30890 22152
30891 22153
30892 22154
30894 22155
30895 22156
30896 22157
30898 22158
30899 22159
30900 22160
30902 22161
30903 22162
30904 22163
30907 22164
30908 22165
30910 22166
30911 22167
30912 22168
30913 22169
30914 22170
30915 22171
30916 22172
30917 22173
30918 22174
30919 22175
30920 22176
30921 22177
30922 22178
30925 22179
30926 22180
30927 22181
30928 22182
30934 22183
30935 22184
30936 22185
30937 22186
30938 22187
30939 22188
30940 22189
30941 22190
30942 22191
30943 22192
30944 22193
30945 22194
30946 22195
30947 22196
30949 22197
30951 22198
30953 22199
30955 22200
30956 22201
30957 22202
30958 22203
30959 22204
30960 22205
30962 22206
30963 22207
30964 22208
30965 22209
30967 22210
30968 22211
30970 22212
30971 22213
30972 22214
30973 22215
30974 22216
30975 22217
30976 22218
30977 22219
30978 22220
30979 22221
30980 22222
30981 22223
30982 22224
30983 22225
30984 22226
30986 22227
30987 22228
30988 22229
30989 22230
30990 22231
30991 22232
30992 22233
30993 22234
30995 22235
30997 22236
30999 22237
31000 22238
31001 22239
31005 22240
31007 22241
31008 22242
31009 22243
31010 22244
31012 22245
31013 22246
31014 22247
31016 22248
31018 22249
31019 22250
31020 22251
31022 22252
31023 22253
31025 22254
31027 22255
31029 22256
31030 22257
31032 22258
31033 22259
31034 22260
31037 22261
31038 22262
31040 22263
31041 22264
31042 22265
31043 22266
31045 22267
31050 22268
31051 22269
31053 22270
31054 22271
31056 22272
31057 22273
31058 22274
31060 22275
31061 22276
31064 22277
31065 22278
31066 22279
31067 22280
31068 22281
31069 22282
31070 22283
31071 22284
31072 22285
31073 22286
31074 22287
31076 22288
31077 22289
31078 22290
31080 22291
31081 22292
31082 22293
31083 22294
31084 22295
31085 22296
31086 22297
31087 22298
31089 22299
31090 22300
31091 22301
31092 22302
31093 22303
31094 22304
31095 22305
31096 22306
31098 22307
31099 22308
31100 22309
31101 22310
31102 22311
31103 22312
31105 22313
31108 22314
31109 22315
31110 22316
31111 22317
31113 22318
31114 22319
31115 22320
31116 22321
31117 22322
31118 22323
31120 22324
31121 22325
31124 22326
31125 22327
31126 22328
31127 22329
31129 22330
31130 22331
31131 22332
31136 22333
31137 22334
31138 22335
31141 22336
31142 22337
31144 22338
31145 22339
31146 22340
31148 22341
31149 22342
31151 22343
31152 22344
31154 22345
31155 22346
31156 22347
31157 22348
31158 22349
31159 22350
31160 22351
31162 22352
31163 22353
31164 22354
31165 22355
31166 22356
31167 22357
31168 22358
31169 22359
31172 22360
31175 22361
31176 22362
31177 22363
31178 22364
31180 22365
31181 22366
31182 22367
31183 22368
31184 22369
31185 22370
31187 22371
31188 22372
31190 22373
31191 22374
31192 22375
31193 22376
31194 22377
31195 22378
31197 22379
31198 22380
31200 22381
31201 22382
31202 22383
31204 22384
31205 22385
31206 22386
31209 22387
31210 22388
31211 22389
31213 22390
31214 22391
31215 22392
31217 22393
31218 22394
31220 22395
31222 22396
31224 22397
31226 22398
31229 22399
31231 22400
31233 22401
31235 22402
31236 22403
31237 22404
31238 22405
31239 22406
31242 22407
31243 22408
31244 22409
31245 22410
31247 22411
31248 22412
31249 22413
31250 22414
31251 22415
31252 22416
31253 22417
31254 22418
31255 22419
31256 22420
31257 22421
31258 22422
31259 22423
31260 22424
31262 22425
31264 22426
31266 22427
31267 22428
31268 22429
31269 22430
31270 22431
31271 22432
31272 22433
31273 22434
31274 22435
31276 22436
31277 22437
31278 22438
31279 22439
31281 22440
31284 22441
31285 22442
31286 22443
31287 22444
31288 22445
31289 22446
31290 22447
31293 22448
31294 22449
31295 22450
31298 22451
31299 22452
31300 22453
31301 22454
31302 22455
31303 22456
31304 22457
31305 22458
31306 22459
31307 22460
31308 22461
31309 22462
31310 22463
31311 22464
31312 22465
31313 22466
31314 22467
31315 22468
31316 22469
31317 22470
31318 22471
31321 22472
31324 22473
31328 22474
31329 22475
31330 22476
31331 22477
31333 22478
31334 22479
31335 22480
31336 22481
31337 22482
31338 22483
31340 22484
31341 22485
31343 22486
31345 22487
31346 22488
31347 22489
31349 22490
31350 22491
31352 22492
31353 22493
31357 22494
31359 22495
31360 22496
31361 22497
31362 22498
31363 22499
31364 22500
31365 22501
31369 22502
31370 22503
31371 22504
31372 22505
31373 22506
31374 22507
31375 22508
31377 22509
31379 22510
31381 22511
31383 22512
31384 22513
31386 22514
31387 22515
31388 22516
31390 22517
31391 22518
31392 22519
31393 22520
31394 22521
31395 22522
31396 22523
31397 22524
31399 22525
31400 22526
31401 22527
31402 22528
31403 22529
31405 22530
31406 22531
31407 22532
31408 22533
31409 22534
31411 22535
31412 22536
31413 22537
31414 22538
31415 22539
31416 22540
31419 22541
31420 22542
31421 22543
31422 22544
31423 22545
31424 22546
31425 22547
31426 22548
31427 22549
31428 22550
31429 22551
31432 22552
31434 22553
31435 22554
31436 22555
31437 22556
31438 22557
31439 22558
31440 22559
31442 22560
31443 22561
31444 22562
31445 22563
31448 22564
31449 22565
31451 22566
31453 22567
31454 22568
31455 22569
31456 22570
31457 22571
31458 22572
31459 22573
31460 22574
31462 22575
31463 22576
31464 22577
31465 22578
31467 22579
31469 22580
31471 22581
31475 22582
31476 22583
31477 22584
31480 22585
31481 22586
31482 22587
31483 22588
31484 22589
31486 22590
31488 22591
31489 22592
31492 22593
31493 22594
31494 22595
31495 22596
31496 22597
31497 22598
31499 22599
31500 22600
31502 22601
31503 22602
31504 22603
31505 22604
31507 22605
31508 22606
31509 22607
31510 22608
31511 22609
31512 22610
31517 22611
31519 22612
31520 22613
31521 22614
31524 22615
31525 22616
31526 22617
31528 22618
31529 22619
31531 22620
31532 22621
31533 22622
31534 22623
31535 22624
31536 22625
31537 22626
31538 22627
31539 22628
31540 22629
31541 22630
31542 22631
31543 22632
31545 22633
31546 22634
31548 22635
31549 22636
31550 22637
31551 22638
31552 22639
31555 22640
31556 22641
31557 22642
31560 22643
31561 22644
31562 22645
31563 22646
31564 22647
31565 22648
31566 22649
31567 22650
31568 22651
31569 22652
31570 22653
31572 22654
31574 22655
31575 22656
31577 22657
31581 22658
31582 22659
31583 22660
31584 22661
31586 22662
31587 22663
31588 22664
31589 22665
31590 22666
31591 22667
31592 22668
31593 22669
31594 22670
31595 22671
31596 22672
31598 22673
31600 22674
31601 22675
31602 22676
31603 22677
31604 22678
31605 22679
31607 22680
31608 22681
31609 22682
31610 22683
31611 22684
31613 22685
31615 22686
31616 22687
31617 22688
31618 22689
31619 22690
31620 22691
31621 22692
31623 22693
31625 22694
31626 22695
31627 22696
31629 22697
31632 22698
31633 22699
31635 22700
31636 22701
31637 22702
31638 22703
31641 22704
31642 22705
31643 22706
31645 22707
31647 22708
31650 22709
31651 22710
31652 22711
31655 22712
31656 22713
31658 22714
31659 22715
31660 22716
31661 22717
31662 22718
31663 22719
31665 22720
31666 22721
31667 22722
31668 22723
31669 22724
31671 22725
31672 22726
31673 22727
31674 22728
31675 22729
31676 22730
31677 22731
31678 22732
31680 22733
31681 22734
31683 22735
31684 22736
31686 22737
31687 22738
31689 22739
31690 22740
31691 22741
31692 22742
31693 22743
31695 22744
31696 22745
31699 22746
31701 22747
31703 22748
31705 22749
31706 22750
31707 22751
31708 22752
31709 22753
31710 22754
31711 22755
31713 22756
31714 22757
31715 22758
31716 22759
31717 22760
31719 22761
31720 22762
31721 22763
31724 22764
31725 22765
31727 22766
31729 22767
31730 22768
31731 22769
31732 22770
31733 22771
31734 22772
31735 22773
31736 22774
31737 22775
31738 22776
31740 22777
31741 22778
31742 22779
31743 22780
31744 22781
31746 22782
31747 22783
31751 22784
31753 22785
31754 22786
31755 22787
31756 22788
31758 22789
31759 22790
31760 22791
31761 22792
31762 22793
31763 22794
31765 22795
31766 22796
31767 22797
31769 22798
31770 22799
31772 22800
31773 22801
31774 22802
31776 22803
31777 22804
31778 22805
31780 22806
31781 22807
31785 22808
31788 22809
31789 22810
31791 22811
31792 22812
31793 22813
31794 22814
31795 22815
31796 22816
31797 22817
31798 22818
31800 22819
31802 22820
31804 22821
31807 22822
31808 22823
31809 22824
31811 22825
31812 22826
31814 22827
31816 22828
31819 22829
31820 22830
31821 22831
31822 22832
31825 22833
31826 22834
31827 22835
31828 22836
31830 22837
31834 22838
31835 22839
31837 22840
31838 22841
31839 22842
31840 22843
31841 22844
31843 22845
31845 22846
31846 22847
31847 22848
31848 22849
31849 22850
31850 22851
31851 22852
31852 22853
31854 22854
31855 22855
31857 22856
31858 22857
31862 22858
31863 22859
31864 22860
31865 22861
31866 22862
31868 22863
31870 22864
31872 22865
31873 22866
31874 22867
31875 22868
31876 22869
31877 22870
31878 22871
31880 22872
31881 22873
31883 22874
31884 22875
31886 22876
31887 22877
31888 22878
31889 22879
31890 22880
31893 22881
31894 22882
31897 22883
31898 22884
31899 22885
31900 22886
31901 22887
31902 22888
31903 22889
31904 22890
31905 22891
31906 22892
31907 22893
31909 22894
31910 22895
31911 22896
31912 22897
31913 22898
31915 22899
31916 22900
31917 22901
31918 22902
31919 22903
31920 22904
31921 22905
31923 22906
31924 22907
31925 22908
31927 22909
31928 22910
31929 22911
31930 22912
31931 22913
31933 22914
31934 22915
31935 22916
31936 22917
31940 22918
31941 22919
31942 22920
31944 22921
31946 22922
31947 22923
31948 22924
31949 22925
31950 22926
31951 22927
31952 22928
31953 22929
31954 22930
31955 22931
31956 22932
31958 22933
31959 22934
31960 22935
31962 22936
31963 22937
31964 22938
31965 22939
31966 22940
31967 22941
31968 22942
31969 22943
31970 22944
31971 22945
31972 22946
31974 22947
31975 22948
31976 22949
31977 22950
31981 22951
31982 22952
31983 22953
31984 22954
31985 22955
31986 22956
31987 22957
31988 22958
31989 22959
31990 22960
31991 22961
31995 22962
31996 22963
31999 22964
32000 22965
32001 22966
32003 22967
32005 22968
32006 22969
32007 22970
32008 22971
32009 22972
32011 22973
32012 22974
32013 22975
32014 22976
32015 22977
32016 22978
32018 22979
32019 22980
32021 22981
32022 22982
32023 22983
32025 22984
32026 22985
32027 22986
32028 22987
32029 22988
32030 22989
32031 22990
32032 22991
32033 22992
32034 22993
32035 22994
32036 22995
32038 22996
32039 22997
32040 22998
32041 22999
32042 23000
32043 23001
32044 23002
32046 23003
32048 23004
32050 23005
32051 23006
32052 23007
32053 23008
32054 23009
32055 23010
32057 23011
32059 23012
32060 23013
32061 23014
32063 23015
32065 23016
32068 23017
32070 23018
32073 23019
32074 23020
32075 23021
32076 23022
32077 23023
32078 23024
32079 23025
32081 23026
32082 23027
32083 23028
32084 23029
32085 23030
32087 23031
32089 23032
32090 23033
32091 23034
32092 23035
32094 23036
32095 23037
32098 23038
32102 23039
32105 23040
32106 23041
32107 23042
32108 23043
32109 23044
32112 23045
32113 23046
32115 23047
32117 23048
32118 23049
32119 23050
32120 23051
32121 23052
32122 23053
32123 23054
32124 23055
32125 23056
32126 23057
32127 23058
32128 23059
32129 23060
32130 23061
32132 23062
32133 23063
32134 23064
32135 23065
32137 23066
32138 23067
32139 23068
32140 23069
32141 23070
32143 23071
32144 23072
32145 23073
32146 23074
32147 23075
32148 23076
32149 23077
32153 23078
32154 23079
32155 23080
32156 23081
32158 23082
32159 23083
32160 23084
32162 23085
32163 23086
32165 23087
32167 23088
32169 23089
32170 23090
32171 23091
32172 23092
32173 23093
32175 23094
32176 23095
32177 23096
32179 23097
32180 23098
32181 23099
32182 23100
32183 23101
32184 23102
32186 23103
32187 23104
32189 23105
32190 23106
32191 23107
32192 23108
32193 23109
32195 23110
32198 23111
32199 23112
32200 23113
32201 23114
32203 23115
32206 23116
32207 23117
32208 23118
32210 23119
32212 23120
32215 23121
32216 23122
32217 23123
32219 23124
32224 23125
32225 23126
32227 23127
32231 23128
32234 23129
32235 23130
32236 23131
32238 23132
32243 23133
32245 23134
32246 23135
32247 23136
32248 23137
32250 23138
32252 23139
32253 23140
32254 23141
32255 23142
32256 23143
32257 23144
32258 23145
32259 23146
32261 23147
32262 23148
32263 23149
32264 23150
32265 23151
32266 23152
32268 23153
32269 23154
32270 23155
32271 23156
32272 23157
32273 23158
32275 23159
32276 23160
32278 23161
32279 23162
32280 23163
32283 23164
32284 23165
32285 23166
32287 23167
32288 23168
32289 23169
32292 23170
32293 23171
32294 23172
32296 23173
32297 23174
32298 23175
32299 23176
32300 23177
32301 23178
32302 23179
32303 23180
32305 23181
32306 23182
32307 23183
32309 23184
32310 23185
32312 23186
32314 23187
32316 23188
32317 23189
32319 23190
32320 23191
32321 23192
32322 23193
32324 23194
32325 23195
32327 23196
32329 23197
32330 23198
32331 23199
32332 23200
32334 23201
32336 23202
32337 23203
32338 23204
32339 23205
32341 23206
32342 23207
32344 23208
32346 23209
32348 23210
32349 23211
32350 23212
32351 23213
32353 23214
32355 23215
32356 23216
32357 23217
32359 23218
32361 23219
32364 23220
32365 23221
32367 23222
32368 23223
32369 23224
32371 23225
32372 23226
32373 23227
32375 23228
32376 23229
32377 23230
32378 23231
32379 23232
32382 23233
32387 23234
32388 23235
32390 23236
32391 23237
32392 23238
32393 23239
32394 23240
32396 23241
32399 23242
32400 23243
32401 23244
32402 23245
32405 23246
32406 23247
32407 23248
32408 23249
32410 23250
32413 23251
32414 23252
32415 23253
32416 23254
32417 23255
32418 23256
32419 23257
32420 23258
32421 23259
32422 23260
32423 23261
32424 23262
32425 23263
32426 23264
32427 23265
32429 23266
32430 23267
32432 23268
32433 23269
32434 23270
32436 23271
32437 23272
32438 23273
32439 23274
32440 23275
32441 23276
32442 23277
32443 23278
32444 23279
32445 23280
32446 23281
32447 23282
32449 23283
32450 23284
32451 23285
32452 23286
32453 23287
32456 23288
32461 23289
32462 23290
32463 23291
32467 23292
32468 23293
32470 23294
32471 23295
32476 23296
32478 23297
32479 23298
32480 23299
32481 23300
32482 23301
32483 23302
32485 23303
32486 23304
32487 23305
32488 23306
32491 23307
32492 23308
32493 23309
32495 23310
32498 23311
32501 23312
32505 23313
32506 23314
32507 23315
32508 23316
32510 23317
32514 23318
32515 23319
32516 23320
32518 23321
32519 23322
32520 23323
32521 23324
32524 23325
32527 23326
32531 23327
32532 23328
32533 23329
32534 23330
32535 23331
32537 23332
32538 23333
32539 23334
32540 23335
32543 23336
32544 23337
32547 23338
32548 23339
32549 23340
32556 23341
32557 23342
32558 23343
32559 23344
32560 23345
32561 23346
32562 23347
32563 23348
32564 23349
32565 23350
32566 23351
32569 23352
32571 23353
32572 23354
32573 23355
32575 23356
32576 23357
32577 23358
32578 23359
32579 23360
32581 23361
32582 23362
32583 23363
32585 23364
32586 23365
32587 23366
32588 23367
32589 23368
32590 23369
32591 23370
32592 23371
32593 23372
32594 23373
32596 23374
32597 23375
32598 23376
32599 23377
32602 23378
32604 23379
32605 23380
32606 23381
32607 23382
32608 23383
32609 23384
32610 23385
32612 23386
32613 23387
32614 23388
32615 23389
32616 23390
32617 23391
32619 23392
32620 23393
32622 23394
32623 23395
32624 23396
32625 23397
32627 23398
32628 23399
32629 23400
32630 23401
32631 23402
32632 23403
32633 23404
32634 23405
32635 23406
32636 23407
32637 23408
32638 23409
32639 23410
32640 23411
32642 23412
32644 23413
32645 23414
32646 23415
32647 23416
32652 23417
32653 23418
32655 23419
32656 23420
32658 23421
32660 23422
32661 23423
32662 23424
32663 23425
32664 23426
32665 23427
32667 23428
32670 23429
32671 23430
32672 23431
32675 23432
32677 23433
32679 23434
32680 23435
32681 23436
32684 23437
32685 23438
32686 23439
32687 23440
32688 23441
32689 23442
32690 23443
32692 23444
32693 23445
32694 23446
32695 23447
32696 23448
32697 23449
32698 23450
32701 23451
32703 23452
32705 23453
32706 23454
32707 23455
32708 23456
32709 23457
32712 23458
32714 23459
32716 23460
32717 23461
32718 23462
32722 23463
32723 23464
32725 23465
32726 23466
32727 23467
32731 23468
32732 23469
32733 23470
32734 23471
32735 23472
32736 23473
32738 23474
32739 23475
32740 23476
32742 23477
32743 23478
32744 23479
32745 23480
32746 23481
32748 23482
32749 23483
32750 23484
32751 23485
32752 23486
32753 23487
32754 23488
32755 23489
32756 23490
32757 23491
32758 23492
32759 23493
32760 23494
32761 23495
32762 23496
32764 23497
32765 23498
32766 23499
32770 23500
32771 23501
32772 23502
32773 23503
32774 23504
32775 23505
32776 23506
32780 23507
32781 23508
32782 23509
32783 23510
32785 23511
32786 23512
32787 23513
32788 23514
32791 23515
32792 23516
32793 23517
32794 23518
32795 23519
32797 23520
32800 23521
32802 23522
32804 23523
32805 23524
32807 23525
32808 23526
32809 23527
32810 23528
32811 23529
32812 23530
32813 23531
32815 23532
32816 23533
32817 23534
32818 23535
32819 23536
32821 23537
32822 23538
32823 23539
32824 23540
32825 23541
32826 23542
32828 23543
32829 23544
32830 23545
32832 23546
32834 23547
32835 23548
32836 23549
32837 23550
32838 23551
32839 23552
32840 23553
32841 23554
32845 23555
32846 23556
32847 23557
32848 23558
32849 23559
32851 23560
32852 23561
32853 23562
32854 23563
32856 23564
32857 23565
32862 23566
32863 23567
32864 23568
32865 23569
32867 23570
32868 23571
32869 23572
32870 23573
32871 23574
32874 23575
32875 23576
32876 23577
32877 23578
32878 23579
32880 23580
32882 23581
32884 23582
32886 23583
32887 23584
32889 23585
32890 23586
32891 23587
32892 23588
32894 23589
32895 23590
32896 23591
32897 23592
32898 23593
32899 23594
32900 23595
32902 23596
32903 23597
32904 23598
32905 23599
32906 23600
32907 23601
32908 23602
32909 23603
32912 23604
32914 23605
32915 23606
32916 23607
32917 23608
32918 23609
32919 23610
32920 23611
32921 23612
32924 23613
32925 23614
32926 23615
32927 23616
32928 23617
32930 23618
32933 23619
32934 23620
32936 23621
32937 23622
32938 23623
32939 23624
32940 23625
32941 23626
32942 23627
32943 23628
32945 23629
32948 23630
32949 23631
32950 23632
32951 23633
32952 23634
32953 23635
32954 23636
32955 23637
32957 23638
32958 23639
32959 23640
32960 23641
32961 23642
32962 23643
32964 23644
32966 23645
32967 23646
32970 23647
32971 23648
32972 23649
32974 23650
32976 23651
32977 23652
32978 23653
32979 23654
32983 23655
32984 23656
32985 23657
32990 23658
32991 23659
32992 23660
32993 23661
32994 23662
32995 23663
32997 23664
32998 23665
33000 23666
33002 23667
33004 23668
33005 23669
33006 23670
33007 23671
33008 23672
33009 23673
33010 23674
33011 23675
33013 23676
33014 23677
33016 23678
33018 23679
33019 23680
33021 23681
33022 23682
33023 23683
33026 23684
33027 23685
33029 23686
33030 23687
33032 23688
33033 23689
33035 23690
33037 23691
33038 23692
33039 23693
33041 23694
33042 23695
33043 23696
33045 23697
33046 23698
33047 23699
33050 23700
33051 23701
33052 23702
33053 23703
33055 23704
33057 23705
33058 23706
33059 23707
33060 23708
33063 23709
33065 23710
33066 23711
33067 23712
33069 23713
33070 23714
33071 23715
33073 23716
33074 23717
33075 23718
33077 23719
33078 23720
33079 23721
33080 23722
33083 23723
33084 23724
33085 23725
33087 23726
33088 23727
33089 23728
33090 23729
33091 23730
33092 23731
33093 23732
33094 23733
33095 23734
33096 23735
33098 23736
33099 23737
33100 23738
33101 23739
33102 23740
33103 23741
33105 23742
33106 23743
33107 23744
33108 23745
33110 23746
33111 23747
33112 23748
33113 23749
33115 23750
33118 23751
33119 23752
33120 23753
33121 23754
33122 23755
33124 23756
33125 23757
33126 23758
33127 23759
33128 23760
33129 23761
33131 23762
33132 23763
33133 23764
33135 23765
33136 23766
33138 23767
33140 23768
33141 23769
33142 23770
33144 23771
33145 23772
33146 23773
33147 23774
33148 23775
33150 23776
33155 23777
33156 23778
33157 23779
33158 23780
33159 23781
33160 23782
33161 23783
33162 23784
33163 23785
33164 23786
33165 23787
33166 23788
33167 23789
33168 23790
33170 23791
33171 23792
33172 23793
33173 23794
33177 23795
33179 23796
33181 23797
33183 23798
33188 23799
33192 23800
33193 23801
33194 23802
33196 23803
33198 23804
33199 23805
33200 23806
33202 23807
33203 23808
33204 23809
33205 23810
33206 23811
33207 23812
33208 23813
33209 23814
33210 23815
33213 23816
33214 23817
33216 23818
33219 23819
33220 23820
33221 23821
33222 23822
33223 23823
33224 23824
33226 23825
33227 23826
33228 23827
33232 23828
33233 23829
33235 23830
33237 23831
33238 23832
33239 23833
33240 23834
33242 23835
33243 23836
33244 23837
33245 23838
33247 23839
33248 23840
33251 23841
33252 23842
33253 23843
33255 23844
33256 23845
33257 23846
33258 23847
33260 23848
33262 23849
33263 23850
33264 23851
33265 23852
33267 23853
33268 23854
33269 23855
33271 23856
33272 23857
33273 23858
33274 23859
33275 23860
33277 23861
33278 23862
33280 23863
33282 23864
33283 23865
33284 23866
33285 23867
33286 23868
33287 23869
33288 23870
33289 23871
33291 23872
33292 23873
33295 23874
33296 23875
33298 23876
33299 23877
33302 23878
33303 23879
33304 23880
33305 23881
33308 23882
33309 23883
33310 23884
33311 23885
33312 23886
33313 23887
33314 23888
33315 23889
33316 23890
33319 23891
33320 23892
33321 23893
33322 23894
33323 23895
33324 23896
33325 23897
33326 23898
33327 23899
33328 23900
33329 23901
33330 23902
33331 23903
33334 23904
33335 23905
33338 23906
33339 23907
33341 23908
33342 23909
33343 23910
33344 23911
33345 23912
33346 23913
33348 23914
33349 23915
33350 23916
33351 23917
33352 23918
33353 23919
33354 23920
33355 23921
33356 23922
33357 23923
33358 23924
33359 23925
33360 23926
33362 23927
33364 23928
33365 23929
33366 23930
33367 23931
33369 23932
33370 23933
33373 23934
33375 23935
33376 23936
33377 23937
33378 23938
33379 23939
33380 23940
33381 23941
33384 23942
33387 23943
33388 23944
33389 23945
33390 23946
33392 23947
33394 23948
33395 23949
33396 23950
33398 23951
33399 23952
33400 23953
33401 23954
33402 23955
33403 23956
33406 23957
33407 23958
33408 23959
33409 23960
33410 23961
33412 23962
33413 23963
33414 23964
33415 23965
33416 23966
33417 23967
33418 23968
33419 23969
33420 23970
33421 23971
33422 23972
33423 23973
33424 23974
33426 23975
33427 23976
33429 23977
33431 23978
33432 23979
33434 23980
33435 23981
33437 23982
33438 23983
33439 23984
33440 23985
33441 23986
33442 23987
33443 23988
33445 23989
33447 23990
33448 23991
33449 23992
33450 23993
33451 23994
33453 23995
33456 23996
33457 23997
33458 23998
33460 23999
33461 24000
33462 24001
33465 24002
33466 24003
33467 24004
33469 24005
33470 24006
33471 24007
33472 24008
33473 24009
33474 24010
33476 24011
33477 24012
33478 24013
33481 24014
33482 24015
33484 24016
33485 24017
33486 24018
33487 24019
33488 24020
33489 24021
33490 24022
33491 24023
33492 24024
33494 24025
33495 24026
33496 24027
33497 24028
33499 24029
33500 24030
33501 24031
33502 24032
33504 24033
33505 24034
33506 24035
33507 24036
33508 24037
33509 24038
33510 24039
33511 24040
33512 24041
33513 24042
33514 24043
33515 24044
33516 24045
33517 24046
33518 24047
33520 24048
33521 24049
33522 24050
33523 24051
33524 24052
33526 24053
33527 24054
33528 24055
33529 24056
33530 24057
33531 24058
33532 24059
33534 24060
33535 24061
33536 24062
33537 24063
33539 24064
33541 24065
33542 24066
33544 24067
33545 24068
33546 24069
33547 24070
33549 24071
33550 24072
33551 24073
33552 24074
33553 24075
33554 24076
33555 24077
33556 24078
33557 24079
33558 24080
33560 24081
33562 24082
33563 24083
33564 24084
33565 24085
33567 24086
33568 24087
33569 24088
33571 24089
33572 24090
33573 24091
33575 24092
33576 24093
33577 24094
33578 24095
33579 24096
33580 24097
33581 24098
33582 24099
33583 24100
33584 24101
33585 24102
33586 24103
33587 24104
33589 24105
33591 24106
33593 24107
33594 24108
33596 24109
33597 24110
33598 24111
33600 24112
33605 24113
33606 24114
33607 24115
33608 24116
33609 24117
33610 24118
33611 24119
33612 24120
33613 24121
33615 24122
33616 24123
33617 24124
33622 24125
33623 24126
33624 24127
33625 24128
33626 24129
33627 24130
33628 24131
33629 24132
33633 24133
33634 24134
33635 24135
33636 24136
33638 24137
33640 24138
33643 24139
33645 24140
33646 24141
33648 24142
33649 24143
33650 24144
33652 24145
33653 24146
33654 24147
33656 24148
33658 24149
33659 24150
33660 24151
33661 24152
33662 24153
33663 24154
33664 24155
33666 24156
33667 24157
33669 24158
33670 24159
33671 24160
33673 24161
33674 24162
33675 24163
33678 24164
33679 24165
33680 24166
33681 24167
33682 24168
33683 24169
33684 24170
33685 24171
33686 24172
33688 24173
33689 24174
33690 24175
33691 24176
33692 24177
33693 24178
33694 24179
33695 24180
33696 24181
33697 24182
33700 24183
33702 24184
33703 24185
33704 24186
33705 24187
33707 24188
33708 24189
33711 24190
33712 24191
33714 24192
33715 24193
33716 24194
33717 24195
33719 24196
33720 24197
33721 24198
33722 24199
33723 24200
33726 24201
33727 24202
33728 24203
33729 24204
33731 24205
33732 24206
33735 24207
33737 24208
33738 24209
33739 24210
33740 24211
33741 24212
33742 24213
33743 24214
33745 24215
33746 24216
33747 24217
33748 24218
33752 24219
33753 24220
33754 24221
33756 24222
33757 24223
33759 24224
33760 24225
33763 24226
33764 24227
33765 24228
33766 24229
33768 24230
33769 24231
33771 24232
33772 24233
33773 24234
33774 24235
33775 24236
33776 24237
33778 24238
33779 24239
33780 24240
33781 24241
33783 24242
33785 24243
33786 24244
33787 24245
33788 24246
33789 24247
33791 24248
33792 24249
33793 24250
33794 24251
33795 24252
33796 24253
33799 24254
33802 24255
33803 24256
33804 24257
33805 24258
33806 24259
33807 24260
33808 24261
33809 24262
33810 24263
33811 24264
33812 24265
33813 24266
33815 24267
33817 24268
33818 24269
33819 24270
33820 24271
33821 24272
33823 24273
33824 24274
33825 24275
33826 24276
33827 24277
33828 24278
33830 24279
33832 24280
33833 24281
33841 24282
33842 24283
33843 24284
33846 24285
33848 24286
33849 24287
33853 24288
33856 24289
33857 24290
33858 24291
33859 24292
33860 24293
33862 24294
33863 24295
33864 24296
33865 24297
33866 24298
33867 24299
33870 24300
33871 24301
33872 24302
33873 24303
33874 24304
33875 24305
33876 24306
33877 24307
33878 24308
33881 24309
33884 24310
33885 24311
33886 24312
33887 24313
33888 24314
33889 24315
33890 24316
33891 24317
33892 24318
33893 24319
33894 24320
33895 24321
33896 24322
33897 24323
33899 24324
33901 24325
33902 24326
33903 24327
33904 24328
33908 24329
33909 24330
33910 24331
33911 24332
33912 24333
33914 24334
33917 24335
33919 24336
33920 24337
33921 24338
33922 24339
33924 24340
33925 24341
33927 24342
33928 24343
33929 24344
33930 24345
33931 24346
33932 24347
33935 24348
33936 24349
33940 24350
33941 24351
33943 24352
33944 24353
33946 24354
33947 24355
33949 24356
33951 24357
33952 24358
33953 24359
33954 24360
33955 24361
33957 24362
33958 24363
33959 24364
33961 24365
33962 24366
33964 24367
33965 24368
33966 24369
33967 24370
33968 24371
33969 24372
33970 24373
33972 24374
33973 24375
33974 24376
33975 24377
33976 24378
33978 24379
33979 24380
33980 24381
33981 24382
33983 24383
33984 24384
33985 24385
33988 24386
33989 24387
33991 24388
33992 24389
33994 24390
33996 24391
33997 24392
34000 24393
34001 24394
34002 24395
34003 24396
34004 24397
34006 24398
34007 24399
34008 24400
34009 24401
34011 24402
34012 24403
34013 24404
34014 24405
34015 24406
34016 24407
34018 24408
34019 24409
34020 24410
34022 24411
34024 24412
34025 24413
34026 24414
34027 24415
34028 24416
34029 24417
34030 24418
34032 24419
34035 24420
34037 24421
34038 24422
34041 24423
34042 24424
34045 24425
34046 24426
34047 24427
34048 24428
34052 24429
34053 24430
34054 24431
34055 24432
34057 24433
34058 24434
34059 24435
34060 24436
34061 24437
34062 24438
34063 24439
34065 24440
34066 24441
34067 24442
34068 24443
34069 24444
34071 24445
34072 24446
34074 24447
34076 24448
34078 24449
34079 24450
34080 24451
34082 24452
34083 24453
34086 24454
34087 24455
34088 24456
34089 24457
34090 24458
34094 24459
34095 24460
34097 24461
34099 24462
34100 24463
34101 24464
34103 24465
34104 24466
34107 24467
34108 24468
34109 24469
34110 24470
34111 24471
34112 24472
34113 24473
34114 24474
34115 24475
34116 24476
34121 24477
34122 24478
34125 24479
34128 24480
34129 24481
34130 24482
34131 24483
34132 24484
34133 24485
34134 24486
34135 24487
34137 24488
34138 24489
34139 24490
34140 24491
34141 24492
34142 24493
34144 24494
34145 24495
34146 24496
34147 24497
34148 24498
34149 24499
34150 24500
34151 24501
34152 24502
34153 24503
34154 24504
34156 24505
34158 24506
34159 24507
34160 24508
34161 24509
34162 24510
34163 24511
34165 24512
34166 24513
34168 24514
34169 24515
34170 24516
34171 24517
34173 24518
34174 24519
34175 24520
34176 24521
34178 24522
34179 24523
34180 24524
34181 24525
34182 24526
34183 24527
34185 24528
34187 24529
34188 24530
34189 24531
34192 24532
34193 24533
34194 24534
34195 24535
34199 24536
34200 24537
34201 24538
34202 24539
34205 24540
34206 24541
34207 24542
34208 24543
34209 24544
34210 24545
34211 24546
34213 24547
34216 24548
34217 24549
34219 24550
34220 24551
34221 24552
34222 24553
34226 24554
34227 24555
34229 24556
34231 24557
34233 24558
34234 24559
34235 24560
34236 24561
34237 24562
34239 24563
34240 24564
34242 24565
34243 24566
34244 24567
34245 24568
34246 24569
34249 24570
34250 24571
34251 24572
34252 24573
34253 24574
34254 24575
34256 24576
34257 24577
34258 24578
34259 24579
34260 24580
34261 24581
34263 24582
34266 24583
34267 24584
34268 24585
34269 24586
34270 24587
34271 24588
34272 24589
34273 24590
34274 24591
34275 24592
34276 24593
34278 24594
34280 24595
34281 24596
34282 24597
34283 24598
34284 24599
34285 24600
34286 24601
34287 24602
34289 24603
34290 24604
34291 24605
34292 24606
34293 24607
34294 24608
34295 24609
34296 24610
34297 24611
34299 24612
34302 24613
34303 24614
34304 24615
34309 24616
34310 24617
34311 24618
34312 24619
34313 24620
34314 24621
34315 24622
34316 24623
34317 24624
34320 24625
34321 24626
34322 24627
34323 24628
34324 24629
34325 24630
34326 24631
34327 24632
34328 24633
34330 24634
34331 24635
34332 24636
34333 24637
34334 24638
34336 24639
34338 24640
34340 24641
34341 24642
34342 24643
34343 24644
34344 24645
34345 24646
34346 24647
34347 24648
34348 24649
34349 24650
34350 24651
34352 24652
34353 24653
34355 24654
34356 24655
34357 24656
34358 24657
34359 24658
34360 24659
34361 24660
34362 24661
34364 24662
34365 24663
34366 24664
34367 24665
34369 24666
34371 24667
34372 24668
34373 24669
34374 24670
34377 24671
34379 24672
34380 24673
34382 24674
34386 24675
34387 24676
34388 24677
34390 24678
34393 24679
34394 24680
34395 24681
34396 24682
34398 24683
34399 24684
34400 24685
34402 24686
34403 24687
34405 24688
34406 24689
34407 24690
34408 24691
34410 24692
34411 24693
34412 24694
34413 24695
34415 24696
34418 24697
34419 24698
34420 24699
34421 24700
34423 24701
34425 24702
34426 24703
34427 24704
34428 24705
34429 24706
34430 24707
34435 24708
34437 24709
34439 24710
34442 24711
34444 24712
34445 24713
34446 24714
34447 24715
34448 24716
34449 24717
34450 24718
34451 24719
34452 24720
34453 24721
34454 24722
34456 24723
34457 24724
34459 24725
34460 24726
34461 24727
34462 24728
34464 24729
34465 24730
34466 24731
34467 24732
34468 24733
34470 24734
34473 24735
34474 24736
34475 24737
34476 24738
34477 24739
34478 24740
34479 24741
34480 24742
34482 24743
34483 24744
34485 24745
34486 24746
34488 24747
34489 24748
34491 24749
34492 24750
34493 24751
34494 24752
34495 24753
34496 24754
34497 24755
34499 24756
34500 24757
34501 24758
34502 24759
34503 24760
34504 24761
34506 24762
34507 24763
34508 24764
34509 24765
34510 24766
34511 24767
34512 24768
34513 24769
34514 24770
34515 24771
34516 24772
34517 24773
34519 24774
34522 24775
34523 24776
34524 24777
34525 24778
34528 24779
34529 24780
34530 24781
34531 24782
34532 24783
34533 24784
34534 24785
34536 24786
34537 24787
34539 24788
34540 24789
34541 24790
34543 24791
34544 24792
34546 24793
34548 24794
34549 24795
34550 24796
34551 24797
34552 24798
34556 24799
34557 24800
34558 24801
34559 24802
34560 24803
34561 24804
34563 24805
34568 24806
34569 24807
34570 24808
34571 24809
34572 24810
34574 24811
34576 24812
34578 24813
34579 24814
34581 24815
34583 24816
34584 24817
34585 24818
34587 24819
34588 24820
34589 24821
34590 24822
34591 24823
34592 24824
34594 24825
34597 24826
34598 24827
34600 24828
34602 24829
34604 24830
34605 24831
34608 24832
34609 24833
34611 24834
34612 24835
34615 24836
34617 24837
34618 24838
34619 24839
34620 24840
34621 24841
34622 24842
34623 24843
34624 24844
34625 24845
34627 24846
34630 24847
34631 24848
34632 24849
34633 24850
34634 24851
34635 24852
34636 24853
34637 24854
34638 24855
34639 24856
34640 24857
34641 24858
34642 24859
34644 24860
34645 24861
34647 24862
34648 24863
34649 24864
34651 24865
34652 24866
34654 24867
34655 24868
34656 24869
34657 24870
34659 24871
34660 24872
34661 24873
34662 24874
34663 24875
34666 24876
34667 24877
34668 24878
34669 24879
34671 24880
34672 24881
34673 24882
34674 24883
34675 24884
34676 24885
34678 24886
34679 24887
34681 24888
34682 24889
34683 24890
34684 24891
34685 24892
34687 24893
34688 24894
34690 24895
34692 24896
34693 24897
34694 24898
34695 24899
34699 24900
34703 24901
34706 24902
34707 24903
34708 24904
34709 24905
34712 24906
34713 24907
34714 24908
34716 24909
34717 24910
34718 24911
34719 24912
34723 24913
34724 24914
34725 24915
34726 24916
34727 24917
34730 24918
34731 24919
34732 24920
34734 24921
34735 24922
34739 24923
34740 24924
34741 24925
34743 24926
34745 24927
34746 24928
34747 24929
34748 24930
34749 24931
34750 24932
34751 24933
34752 24934
34753 24935
34754 24936
34756 24937
34757 24938
34758 24939
34761 24940
34762 24941
34763 24942
34764 24943
34765 24944
34766 24945
34767 24946
34768 24947
34769 24948
34770 24949
34771 24950
34772 24951
34773 24952
34775 24953
34777 24954
34778 24955
34779 24956
34780 24957
34781 24958
34783 24959
34784 24960
34785 24961
34786 24962
34788 24963
34789 24964
34792 24965
34793 24966
34794 24967
34795 24968
34796 24969
34798 24970
34799 24971
34801 24972
34803 24973
34807 24974
34811 24975
34812 24976
34814 24977
34815 24978
34817 24979
34820 24980
34823 24981
34825 24982
34826 24983
34827 24984
34828 24985
34829 24986
34830 24987
34831 24988
34832 24989
34834 24990
34836 24991
34837 24992
34839 24993
34840 24994
34841 24995
34842 24996
34843 24997
34844 24998
34845 24999
34846 25000
34847 25001
34849 25002
34850 25003
34851 25004
34853 25005
34854 25006
34855 25007
34857 25008
34860 25009
34861 25010
34862 25011
34863 25012
34864 25013
34867 25014
34868 25015
34869 25016
34870 25017
34871 25018
34872 25019
34873 25020
34874 25021
34875 25022
34876 25023
34879 25024
34881 25025
34882 25026
34883 25027
34884 25028
34885 25029
34886 25030
34887 25031
34888 25032
34890 25033
34892 25034
34894 25035
34895 25036
34896 25037
34897 25038
34898 25039
34899 25040
34900 25041
34901 25042
34902 25043
34903 25044
34904 25045
34906 25046
34907 25047
34908 25048
34910 25049
34911 25050
34913 25051
34915 25052
34917 25053
34918 25054
34920 25055
34921 25056
34924 25057
34926 25058
34927 25059
34928 25060
34930 25061
34931 25062
34932 25063
34935 25064
34936 25065
34937 25066
34939 25067
34940 25068
34941 25069
34942 25070
34944 25071
34945 25072
34946 25073
34947 25074
34948 25075
34950 25076
34951 25077
34952 25078
34953 25079
34954 25080
34955 25081
34958 25082
34960 25083
34961 25084
34962 25085
34963 25086
34966 25087
34967 25088
34968 25089
34969 25090
34972 25091
34976 25092
34977 25093
34978 25094
34979 25095
34982 25096
34984 25097
34985 25098
34987 25099
34989 25100
34990 25101
34991 25102
34992 25103
34993 25104
34994 25105
34995 25106
34996 25107
34997 25108
34998 25109
34999 25110
35000 25111
35001 25112
35002 25113
35004 25114
35006 25115
35008 25116
35009 25117
35010 25118
35011 25119
35012 25120
35013 25121
35015 25122
35016 25123
35017 25124
35018 25125
35019 25126
35020 25127
35021 25128
35024 25129
35025 25130
35026 25131
35030 25132
35031 25133
35032 25134
35034 25135
35035 25136
35036 25137
35037 25138
35038 25139
35039 25140
35040 25141
35041 25142
35042 25143
35043 25144
35044 25145
35045 25146
35046 25147
35047 25148
35051 25149
35052 25150
35053 25151
35054 25152
35055 25153
35056 25154
35057 25155
35058 25156
35059 25157
35060 25158
35062 25159
35067 25160
35068 25161
35069 25162
35070 25163
35071 25164
35073 25165
35074 25166
35075 25167
35076 25168
35077 25169
35078 25170
35079 25171
35080 25172
35081 25173
35082 25174
35083 25175
35084 25176
35085 25177
35086 25178
35087 25179
35088 25180
35089 25181
35090 25182
35091 25183
35093 25184
35094 25185
35095 25186
35100 25187
35101 25188
35102 25189
35104 25190
35105 25191
35106 25192
35107 25193
35108 25194
35109 25195
35110 25196
35111 25197
35113 25198
35114 25199
35116 25200
35117 25201
35119 25202
35120 25203
35121 25204
35122 25205
35124 25206
35126 25207
35127 25208
35129 25209
35130 25210
35131 25211
35132 25212
35133 25213
35134 25214
35135 25215
35136 25216
35139 25217
35141 25218
35142 25219
35143 25220
35144 25221
35145 25222
35146 25223
35147 25224
35148 25225
35150 25226
35152 25227
35153 25228
35154 25229
35155 25230
35156 25231
35157 25232
35158 25233
35160 25234
35161 25235
35162 25236
35163 25237
35164 25238
35165 25239
35166 25240
35168 25241
35169 25242
35170 25243
35171 25244
35172 25245
35173 25246
35174 25247
35175 25248
35176 25249
35178 25250
35179 25251
35180 25252
35181 25253
35182 25254
35183 25255
35184 25256
35188 25257
35189 25258
35190 25259
35191 25260
35192 25261
35193 25262
35194 25263
35196 25264
35197 25265
35199 25266
35200 25267
35201 25268
35202 25269
35203 25270
35209 25271
35210 25272
35211 25273
35212 25274
35213 25275
35214 25276
35218 25277
35219 25278
35221 25279
35222 25280
35223 25281
35224 25282
35225 25283
35227 25284
35231 25285
35232 25286
35234 25287
35236 25288
35237 25289
35238 25290
35239 25291
35240 25292
35241 25293
35242 25294
35243 25295
35244 25296
35245 25297
35246 25298
35248 25299
35249 25300
35250 25301
35251 25302
35252 25303
35254 25304
35256 25305
35257 25306
35258 25307
35259 25308
35260 25309
35261 25310
35263 25311
35264 25312
35265 25313
35266 25314
35267 25315
35268 25316
35269 25317
35270 25318
35271 25319
35273 25320
35275 25321
35276 25322
35277 25323
35278 25324
35279 25325
35281 25326
35282 25327
35283 25328
35284 25329
35285 25330
35287 25331
35288 25332
35289 25333
35291 25334
35294 25335
35296 25336
35298 25337
35300 25338
35301 25339
35303 25340
35304 25341
35305 25342
35306 25343
35308 25344
35310 25345
35312 25346
35313 25347
35314 25348
35315 25349
35316 25350
35317 25351
35318 25352
35319 25353
35320 25354
35321 25355
35322 25356
35323 25357
35325 25358
35326 25359
35327 25360
35330 25361
35331 25362
35332 25363
35333 25364
35334 25365
35335 25366
35340 25367
35341 25368
35345 25369
35346 25370
35348 25371
35349 25372
35350 25373
35351 25374
35355 25375
35356 25376
35357 25377
35358 25378
35359 25379
35360 25380
35362 25381
35363 25382
35364 25383
35365 25384
35366 25385
35368 25386
35369 25387
35370 25388
35371 25389
35372 25390
35373 25391
35374 25392
35376 25393
35378 25394
35380 25395
35381 25396
35382 25397
35383 25398
35384 25399
35386 25400
35387 25401
35388 25402
35389 25403
35390 25404
35391 25405
35392 25406
35393 25407
35394 25408
35397 25409
35398 25410
35399 25411
35400 25412
35401 25413
35402 25414
35404 25415
35405 25416
35406 25417
35409 25418
35412 25419
35413 25420
35414 25421
35415 25422
35418 25423
35419 25424
35420 25425
35421 25426
35422 25427
35424 25428
35426 25429
35427 25430
35429 25431
35431 25432
35432 25433
35434 25434
35436 25435
35437 25436
35440 25437
35441 25438
35443 25439
35444 25440
35447 25441
35448 25442
35449 25443
35451 25444
35452 25445
35454 25446
35455 25447
35456 25448
35457 25449
35459 25450
35460 25451
35461 25452
35463 25453
35464 25454
35465 25455
35466 25456
35467 25457
35469 25458
35471 25459
35472 25460
35473 25461
35476 25462
35477 25463
35478 25464
35479 25465
35480 25466
35481 25467
35482 25468
35483 25469
35484 25470
35486 25471
35487 25472
35488 25473
35490 25474
35491 25475
35493 25476
35494 25477
35495 25478
35496 25479
35497 25480
35498 25481
35502 25482
35504 25483
35505 25484
35507 25485
35509 25486
35510 25487
35511 25488
35512 25489
35513 25490
35514 25491
35515 25492
35516 25493
35517 25494
35518 25495
35519 25496
35520 25497
35521 25498
35523 25499
35524 25500
35527 25501
35530 25502
35532 25503
35533 25504
35534 25505
35535 25506
35536 25507
35540 25508
35541 25509
35542 25510
35543 25511
35544 25512
35545 25513
35546 25514
35547 25515
35548 25516
35549 25517
35551 25518
35552 25519
35553 25520
35554 25521
35555 25522
35556 25523
35557 25524
35559 25525
35560 25526
35563 25527
35564 25528
35566 25529
35568 25530
35570 25531
35572 25532
35574 25533
35575 25534
35576 25535
35578 25536
35579 25537
35580 25538
35582 25539
35583 25540
35584 25541
35585 25542
35586 25543
35587 25544
35588 25545
35589 25546
35591 25547
35592 25548
35593 25549
35594 25550
35595 25551
35596 25552
35598 25553
35599 25554
35600 25555
35602 25556
35605 25557
35606 25558
35607 25559
35608 25560
35610 25561
35611 25562
35613 25563
35614 25564
35615 25565
35618 25566
35619 25567
35620 25568
35621 25569
35623 25570
35625 25571
35627 25572
35628 25573
35629 25574
35630 25575
35631 25576
35632 25577
35633 25578
35634 25579
35635 25580
35636 25581
35637 25582
35639 25583
35641 25584
35643 25585
35644 25586
35645 25587
35646 25588
35647 25589
35648 25590
35649 25591
35650 25592
35651 25593
35652 25594
35653 25595
35655 25596
35657 25597
35658 25598
35659 25599
35661 25600
35662 25601
35663 25602
35664 25603
35666 25604
35667 25605
35668 25606
35669 25607
35670 25608
35672 25609
35674 25610
35675 25611
35676 25612
35677 25613
35678 25614
35680 25615
35681 25616
35682 25617
35683 25618
35685 25619
35687 25620
35688 25621
35689 25622
35690 25623
35691 25624
35692 25625
35693 25626
35694 25627
35695 25628
35696 25629
35697 25630
35698 25631
35699 25632
35700 25633
35701 25634
35702 25635
35704 25636
35705 25637
35706 25638
35707 25639
35708 25640
35709 25641
35710 25642
35711 25643
35712 25644
35713 25645
35714 25646
35715 25647
35716 25648
35718 25649
35720 25650
35721 25651
35723 25652
35724 25653
35725 25654
35726 25655
35727 25656
35731 25657
35733 25658
35737 25659
35740 25660
35742 25661
35746 25662
35747 25663
35748 25664
35749 25665
35750 25666
35751 25667
35752 25668
35753 25669
35754 25670
35755 25671
35756 25672
35757 25673
35759 25674
35760 25675
35761 25676
35762 25677
35763 25678
35764 25679
35765 25680
35766 25681
35767 25682
35768 25683
35769 25684
35772 25685
35775 25686
35776 25687
35777 25688
35780 25689
35781 25690
35782 25691
35783 25692
35784 25693
35786 25694
35787 25695
35788 25696
35789 25697
35790 25698
35791 25699
35792 25700
35794 25701
35795 25702
35797 25703
35798 25704
35799 25705
35801 25706
35803 25707
35805 25708
35807 25709
35810 25710
35811 25711
35812 25712
35814 25713
35815 25714
35816 25715
35818 25716
35819 25717
35820 25718
35821 25719
35822 25720
35823 25721
35824 25722
35825 25723
35826 25724
35827 25725
35828 25726
35829 25727
35830 25728
35831 25729
35832 25730
35833 25731
35834 25732
35835 25733
35836 25734
35837 25735
35838 25736
35839 25737
35840 25738
35841 25739
35842 25740
35843 25741
35844 25742
35846 25743
35848 25744
35849 25745
35850 25746
35851 25747
35852 25748
35853 25749
35854 25750
35855 25751
35856 25752
35857 25753
35858 25754
35859 25755
35860 25756
35861 25757
35862 25758
35863 25759
35864 25760
35865 25761
35866 25762
35867 25763
35869 25764
35870 25765
35871 25766
35872 25767
35873 25768
35874 25769
35876 25770
35877 25771
35878 25772
35879 25773
35880 25774
35882 25775
35884 25776
35885 25777
35887 25778
35888 25779
35889 25780
35890 25781
35891 25782
35892 25783
35893 25784
35894 25785
35895 25786
35900 25787
35901 25788
35902 25789
35903 25790
35904 25791
35905 25792
35906 25793
35907 25794
35909 25795
35910 25796
35911 25797
35913 25798
35915 25799
35916 25800
35917 25801
35919 25802
35920 25803
35921 25804
35922 25805
35923 25806
35925 25807
35926 25808
35930 25809
35931 25810
35932 25811
35935 25812
35936 25813
35937 25814
35938 25815
35939 25816
35940 25817
35944 25818
35946 25819
35947 25820
35948 25821
35949 25822
35950 25823
35951 25824
35953 25825
35954 25826
35955 25827
35957 25828
35958 25829
35960 25830
35962 25831
35963 25832
35964 25833
35966 25834
35968 25835
35969 25836
35970 25837
35971 25838
35972 25839
35973 25840
35974 25841
35975 25842
35977 25843
35978 25844
35979 25845
35980 25846
35981 25847
35982 25848
35983 25849
35984 25850
35985 25851
35987 25852
35988 25853
35990 25854
35992 25855
35995 25856
35997 25857
35999 25858
36001 25859
36004 25860
36005 25861
36006 25862
36007 25863
36008 25864
36009 25865
36011 25866
36012 25867
36013 25868
36014 25869
36015 25870
36016 25871
36018 25872
36022 25873
36023 25874
36024 25875
36026 25876
36027 25877
36028 25878
36029 25879
36031 25880
36032 25881
36033 25882
36034 25883
36035 25884
36036 25885
36037 25886
36038 25887
36039 25888
36042 25889
36043 25890
36044 25891
36045 25892
36046 25893
36048 25894
36049 25895
36050 25896
36052 25897
36053 25898
36055 25899
36056 25900
36057 25901
36058 25902
36059 25903
36061 25904
36062 25905
36063 25906
36064 25907
36067 25908
36069 25909
36070 25910
36071 25911
36072 25912
36073 25913
36074 25914
36075 25915
36077 25916
36078 25917
36079 25918
36081 25919
36082 25920
36083 25921
36086 25922
36087 25923
36088 25924
36089 25925
36091 25926
36092 25927
36093 25928
36094 25929
36095 25930
36096 25931
36097 25932
36098 25933
36101 25934
36102 25935
36104 25936
36105 25937
36106 25938
36107 25939
36109 25940
36111 25941
36114 25942
36116 25943
36117 25944
36118 25945
36119 25946
36120 25947
36123 25948
36124 25949
36125 25950
36127 25951
36129 25952
36130 25953
36131 25954
36135 25955
36136 25956
36137 25957
36138 25958
36139 25959
36140 25960
36142 25961
36143 25962
36145 25963
36146 25964
36147 25965
36149 25966
36150 25967
36151 25968
36152 25969
36154 25970
36155 25971
36156 25972
36157 25973
36158 25974
36159 25975
36162 25976
36164 25977
36166 25978
36167 25979
36168 25980
36169 25981
36170 25982
36171 25983
36172 25984
36173 25985
36174 25986
36175 25987
36177 25988
36179 25989
36180 25990
36181 25991
36182 25992
36183 25993
36185 25994
36186 25995
36187 25996
36188 25997
36191 25998
36192 25999
36193 26000
36194 26001
36195 26002
36196 26003
36198 26004
36201 26005
36203 26006
36204 26007
36205 26008
36206 26009
36207 26010
36208 26011
36210 26012
36211 26013
36212 26014
36213 26015
36214 26016
36216 26017
36217 26018
36218 26019
36221 26020
36222 26021
36223 26022
36225 26023
36226 26024
36227 26025
36228 26026
36230 26027
36231 26028
36232 26029
36233 26030
36235 26031
36236 26032
36237 26033
36238 26034
36239 26035
36240 26036
36241 26037
36242 26038
36243 26039
36244 26040
36245 26041
36248 26042
36249 26043
36250 26044
36251 26045
36252 26046
36253 26047
36254 26048
36255 26049
36257 26050
36258 26051
36260 26052
36261 26053
36262 26054
36263 26055
36264 26056
36266 26057
36268 26058
36269 26059
36270 26060
36272 26061
36274 26062
36275 26063
36277 26064
36278 26065
36279 26066
36282 26067
36284 26068
36285 26069
36286 26070
36287 26071
36288 26072
36289 26073
36290 26074
36291 26075
36292 26076
36293 26077
36294 26078
36296 26079
36298 26080
36299 26081
36300 26082
36301 26083
36302 26084
36303 26085
36305 26086
36307 26087
36308 26088
36309 26089
36312 26090
36314 26091
36317 26092
36318 26093
36319 26094
36321 26095
36322 26096
36324 26097
36326 26098
36327 26099
36330 26100
36331 26101
36332 26102
36333 26103
36334 26104
36335 26105
36337 26106
36338 26107
36339 26108
36340 26109
36341 26110
36342 26111
36343 26112
36344 26113
36345 26114
36346 26115
36347 26116
36348 26117
36350 26118
36352 26119
36353 26120
36354 26121
36355 26122
36359 26123
36360 26124
36362 26125
36363 26126
36365 26127
36366 26128
36367 26129
36368 26130
36370 26131
36371 26132
36372 26133
36373 26134
36375 26135
36378 26136
36379 26137
36381 26138
36383 26139
36385 26140
36386 26141
36387 26142
36389 26143
36390 26144
36391 26145
36392 26146
36393 26147
36394 26148
36395 26149
36396 26150
36400 26151
36401 26152
36402 26153
36403 26154
36404 26155
36405 26156
36406 26157
36407 26158
36408 26159
36409 26160
36410 26161
36411 26162
36412 26163
36413 26164
36414 26165
36415 26166
36416 26167
36417 26168
36420 26169
36421 26170
36422 26171
36423 26172
36424 26173
36425 26174
36427 26175
36428 26176
36429 26177
36430 26178
36431 26179
36433 26180
36434 26181
36437 26182
36438 26183
36439 26184
36441 26185
36442 26186
36443 26187
36444 26188
36445 26189
36447 26190
36448 26191
36450 26192
36451 26193
36452 26194
36453 26195
36454 26196
36456 26197
36458 26198
36459 26199
36461 26200
36462 26201
36464 26202
36466 26203
36467 26204
36468 26205
36470 26206
36471 26207
36473 26208
36474 26209
36475 26210
36476 26211
36477 26212
36478 26213
36480 26214
36481 26215
36482 26216
36483 26217
36485 26218
36486 26219
36487 26220
36488 26221
36489 26222
36491 26223
36494 26224
36495 26225
36496 26226
36497 26227
36498 26228
36499 26229
36501 26230
36502 26231
36503 26232
36504 26233
36505 26234
36506 26235
36507 26236
36508 26237
36510 26238
36511 26239
36512 26240
36513 26241
36514 26242
36515 26243
36516 26244
36517 26245
36518 26246
36519 26247
36520 26248
36522 26249
36524 26250
36525 26251
36526 26252
36528 26253
36529 26254
36530 26255
36531 26256
36532 26257
36533 26258
36536 26259
36538 26260
36539 26261
36541 26262
36544 26263
36546 26264
36547 26265
36548 26266
36549 26267
36550 26268
36553 26269
36555 26270
36556 26271
36557 26272
36558 26273
36559 26274
36561 26275
36562 26276
36563 26277
36564 26278
36565 26279
36566 26280
36567 26281
36569 26282
36570 26283
36571 26284
36572 26285
36573 26286
36574 26287
36576 26288
36578 26289
36579 26290
36581 26291
36587 26292
36589 26293
36591 26294
36593 26295
36594 26296
36595 26297
36598 26298
36599 26299
36600 26300
36601 26301
36604 26302
36605 26303
36606 26304
36608 26305
36609 26306
36612 26307
36613 26308
36614 26309
36615 26310
36616 26311
36619 26312
36620 26313
36621 26314
36624 26315
36625 26316
36626 26317
36627 26318
36630 26319
36632 26320
36633 26321
36634 26322
36635 26323
36636 26324
36637 26325
36638 26326
36639 26327
36640 26328
36641 26329
36642 26330
36643 26331
36644 26332
36646 26333
36647 26334
36651 26335
36652 26336
36653 26337
36654 26338
36655 26339
36656 26340
36657 26341
36658 26342
36659 26343
36660 26344
36661 26345
36662 26346
36663 26347
36664 26348
36665 26349
36666 26350
36668 26351
36671 26352
36672 26353
36673 26354
36674 26355
36675 26356
36677 26357
36678 26358
36679 26359
36680 26360
36681 26361
36682 26362
36684 26363
36685 26364
36686 26365
36687 26366
36688 26367
36689 26368
36690 26369
36691 26370
36692 26371
36693 26372
36694 26373
36695 26374
36697 26375
36698 26376
36699 26377
36700 26378
36701 26379
36702 26380
36703 26381
36704 26382
36705 26383
36707 26384
36708 26385
36709 26386
36710 26387
36711 26388
36713 26389
36714 26390
36715 26391
36716 26392
36717 26393
36719 26394
36720 26395
36721 26396
36722 26397
36724 26398
36725 26399
36726 26400
36727 26401
36729 26402
36730 26403
36731 26404
36732 26405
36733 26406
36734 26407
36735 26408
36737 26409
36739 26410
36741 26411
36742 26412
36743 26413
36744 26414
36745 26415
36747 26416
36748 26417
36749 26418
36750 26419
36752 26420
36753 26421
36755 26422
36756 26423
36757 26424
36758 26425
36760 26426
36762 26427
36764 26428
36766 26429
36767 26430
36768 26431
36769 26432
36770 26433
36771 26434
36775 26435
36776 26436
36777 26437
36778 26438
36780 26439
36782 26440
36783 26441
36784 26442
36785 26443
36786 26444
36787 26445
36788 26446
36789 26447
36792 26448
36793 26449
36794 26450
36795 26451
36796 26452
36797 26453
36799 26454
36800 26455
36801 26456
36802 26457
36803 26458
36804 26459
36805 26460
36806 26461
36807 26462
36808 26463
36809 26464
36812 26465
36813 26466
36814 26467
36815 26468
36816 26469
36817 26470
36818 26471
36820 26472
36821 26473
36822 26474
36824 26475
36826 26476
36827 26477
36828 26478
36829 26479
36830 26480
36831 26481
36832 26482
36835 26483
36837 26484
36839 26485
36841 26486
36843 26487
36845 26488
36848 26489
36849 26490
36850 26491
36852 26492
36854 26493
36855 26494
36857 26495
36859 26496
36861 26497
36862 26498
36864 26499
36865 26500
36868 26501
36870 26502
36871 26503
36874 26504
36875 26505
36877 26506
36878 26507
36879 26508
36880 26509
36881 26510
36882 26511
36883 26512
36885 26513
36886 26514
36887 26515
36888 26516
36889 26517
36891 26518
36894 26519
36895 26520
36896 26521
36897 26522
36899 26523
36900 26524
36901 26525
36902 26526
36903 26527
36905 26528
36906 26529
36909 26530
36910 26531
36911 26532
36912 26533
36913 26534
36915 26535
36916 26536
36917 26537
36918 26538
36921 26539
36923 26540
36924 26541
36925 26542
36928 26543
36929 26544
36930 26545
36936 26546
36940 26547
36941 26548
36942 26549
36943 26550
36944 26551
36945 26552
36947 26553
36948 26554
36949 26555
36950 26556
36951 26557
36953 26558
36954 26559
36955 26560
36956 26561
36957 26562
36958 26563
36959 26564
36960 26565
36961 26566
36962 26567
36963 26568
36964 26569
36966 26570
36967 26571
36968 26572
36969 26573
36970 26574
36971 26575
36972 26576
36973 26577
36974 26578
36975 26579
36977 26580
36979 26581
36983 26582
36984 26583
36985 26584
36987 26585
36988 26586
36989 26587
36990 26588
36991 26589
36992 26590
36993 26591
36994 26592
36995 26593
36998 26594
37001 26595
37002 26596
37003 26597
37004 26598
37006 26599
37007 26600
37008 26601
37009 26602
37010 26603
37011 26604
37012 26605
37013 26606
37015 26607
37016 26608
37017 26609
37018 26610
37019 26611
37020 26612
37022 26613
37025 26614
37027 26615
37028 26616
37030 26617
37031 26618
37032 26619
37034 26620
37036 26621
37037 26622
37038 26623
37040 26624
37044 26625
37047 26626
37048 26627
37049 26628
37050 26629
37051 26630
37053 26631
37055 26632
37056 26633
37057 26634
37058 26635
37059 26636
37060 26637
37061 26638
37062 26639
37064 26640
37065 26641
37068 26642
37069 26643
37070 26644
37071 26645
37072 26646
37073 26647
37074 26648
37075 26649
37079 26650
37080 26651
37081 26652
37082 26653
37083 26654
37084 26655
37086 26656
37088 26657
37089 26658
37090 26659
37092 26660
37093 26661
37094 26662
37099 26663
37100 26664
37103 26665
37104 26666
37106 26667
37107 26668
37108 26669
37109 26670
37110 26671
37111 26672
37112 26673
37113 26674
37114 26675
37116 26676
37117 26677
37118 26678
37119 26679
37121 26680
37125 26681
37126 26682
37127 26683
37129 26684
37130 26685
37131 26686
37133 26687
37137 26688
37140 26689
37142 26690
37143 26691
37144 26692
37145 26693
37146 26694
37147 26695
37148 26696
37149 26697
37150 26698
37154 26699
37156 26700
37157 26701
37161 26702
37163 26703
37165 26704
37167 26705
37168 26706
37170 26707
37171 26708
37172 26709
37175 26710
37178 26711
37179 26712
37180 26713
37183 26714
37184 26715
37185 26716
37186 26717
37188 26718
37189 26719
37191 26720
37195 26721
37196 26722
37197 26723
37198 26724
37199 26725
37202 26726
37204 26727
37205 26728
37206 26729
37209 26730
37210 26731
37211 26732
37213 26733
37214 26734
37215 26735
37216 26736
37220 26737
37221 26738
37222 26739
37224 26740
37226 26741
37227 26742
37228 26743
37229 26744
37230 26745
37232 26746
37233 26747
37234 26748
37235 26749
37238 26750
37239 26751
37240 26752
37244 26753
37245 26754
37247 26755
37248 26756
37249 26757
37251 26758
37252 26759
37254 26760
37256 26761
37257 26762
37258 26763
37259 26764
37261 26765
37264 26766
37265 26767
37266 26768
37269 26769
37271 26770
37272 26771
37274 26772
37275 26773
37277 26774
37278 26775
37279 26776
37280 26777
37281 26778
37282 26779
37283 26780
37284 26781
37285 26782
37286 26783
37287 26784
37288 26785
37289 26786
37290 26787
37291 26788
37293 26789
37296 26790
37297 26791
37298 26792
37299 26793
37300 26794
37302 26795
37303 26796
37304 26797
37306 26798
37307 26799
37308 26800
37309 26801
37313 26802
37314 26803
37315 26804
37316 26805
37320 26806
37322 26807
37323 26808
37324 26809
37326 26810
37327 26811
37331 26812
37332 26813
37336 26814
37338 26815
37339 26816
37340 26817
37341 26818
37343 26819
37344 26820
37345 26821
37346 26822
37349 26823
37350 26824
37351 26825
37352 26826
37353 26827
37354 26828
37355 26829
37358 26830
37359 26831
37361 26832
37362 26833
37363 26834
37366 26835
37367 26836
37368 26837
37370 26838
37371 26839
37372 26840
37374 26841
37375 26842
37377 26843
37378 26844
37379 26845
37380 26846
37381 26847
37382 26848
37384 26849
37385 26850
37388 26851
37392 26852
37393 26853
37395 26854
37397 26855
37399 26856
37402 26857
37403 26858
37405 26859
37407 26860
37408 26861
37410 26862
37412 26863
37415 26864
37416 26865
37417 26866
37418 26867
37420 26868
37421 26869
37422 26870
37424 26871
37425 26872
37426 26873
37427 26874
37428 26875
37430 26876
37431 26877
37432 26878
37433 26879
37434 26880
37435 26881
37437 26882
37438 26883
37439 26884
37440 26885
37442 26886
37443 26887
37444 26888
37446 26889
37448 26890
37450 26891
37451 26892
37452 26893
37455 26894
37456 26895
37458 26896
37463 26897
37466 26898
37467 26899
37468 26900
37470 26901
37471 26902
37472 26903
37474 26904
37477 26905
37478 26906
37479 26907
37481 26908
37483 26909
37484 26910
37486 26911
37487 26912
37488 26913
37489 26914
37490 26915
37491 26916
37492 26917
37493 26918
37494 26919
37496 26920
37497 26921
37499 26922
37501 26923
37502 26924
37503 26925
37504 26926
37505 26927
37506 26928
37507 26929
37513 26930
37514 26931
37515 26932
37516 26933
37518 26934
37520 26935
37521 26936
37523 26937
37524 26938
37526 26939
37527 26940
37528 26941
37529 26942
37530 26943
37531 26944
37533 26945
37534 26946
37535 26947
37536 26948
37539 26949
37541 26950
37542 26951
37543 26952
37546 26953
37547 26954
37549 26955
37550 26956
37552 26957
37554 26958
37555 26959
37557 26960
37558 26961
37561 26962
37562 26963
37563 26964
37564 26965
37565 26966
37567 26967
37568 26968
37569 26969
37570 26970
37572 26971
37573 26972
37574 26973
37576 26974
37577 26975
37578 26976
37580 26977
37582 26978
37583 26979
37584 26980
37585 26981
37587 26982
37590 26983
37591 26984
37592 26985
37595 26986
37597 26987
37598 26988
37599 26989
37600 26990
37601 26991
37603 26992
37604 26993
37605 26994
37606 26995
37607 26996
37608 26997
37611 26998
37612 26999
37615 27000
37616 27001
37619 27002
37620 27003
37621 27004
37623 27005
37625 27006
37626 27007
37627 27008
37628 27009
37629 27010
37630 27011
37631 27012
37632 27013
37633 27014
37635 27015
37636 27016
37637 27017
37638 27018
37640 27019
37641 27020
37642 27021
37643 27022
37644 27023
37645 27024
37646 27025
37648 27026
37649 27027
37650 27028
37652 27029
37653 27030
37655 27031
37657 27032
37658 27033
37659 27034
37660 27035
37661 27036
37663 27037
37664 27038
37665 27039
37666 27040
37667 27041
37670 27042
37672 27043
37673 27044
37674 27045
37675 27046
37676 27047
37677 27048
37678 27049
37679 27050
37681 27051
37682 27052
37684 27053
37685 27054
37686 27055
37687 27056
37689 27057
37691 27058
37692 27059
37693 27060
37694 27061
37695 27062
37697 27063
37700 27064
37701 27065
37702 27066
37704 27067
37705 27068
37706 27069
37708 27070
37709 27071
37710 27072
37711 27073
37712 27074
37713 27075
37715 27076
37716 27077
37717 27078
37718 27079
37722 27080
37724 27081
37725 27082
37726 27083
37727 27084
37728 27085
37729 27086
37730 27087
37732 27088
37733 27089
37734 27090
37735 27091
37736 27092
37738 27093
37740 27094
37741 27095
37743 27096
37744 27097
37745 27098
37747 27099
37748 27100
37749 27101
37750 27102
37751 27103
37753 27104
37754 27105
37756 27106
37757 27107
37758 27108
37761 27109
37762 27110
37763 27111
37764 27112
37766 27113
37767 27114
37769 27115
37770 27116
37771 27117
37772 27118
37773 27119
37774 27120
37775 27121
37776 27122
37777 27123
37780 27124
37781 27125
37783 27126
37784 27127
37786 27128
37788 27129
37791 27130
37792 27131
37793 27132
37794 27133
37795 27134
37797 27135
37798 27136
37799 27137
37800 27138
37801 27139
37802 27140
37803 27141
37804 27142
37805 27143
37807 27144
37808 27145
37809 27146
37810 27147
37811 27148
37813 27149
37817 27150
37820 27151
37821 27152
37822 27153
37825 27154
37826 27155
37827 27156
37828 27157
37829 27158
37832 27159
37833 27160
37834 27161
37835 27162
37836 27163
37837 27164
37838 27165
37839 27166
37841 27167
37842 27168
37844 27169
37845 27170
37846 27171
37848 27172
37849 27173
37850 27174
37853 27175
37854 27176
37855 27177
37856 27178
37859 27179
37862 27180
37863 27181
37865 27182
37866 27183
37868 27184
37869 27185
37872 27186
37874 27187
37876 27188
37877 27189
37878 27190
37880 27191
37882 27192
37883 27193
37884 27194
37885 27195
37886 27196
37887 27197
37888 27198
37889 27199
37890 27200
37891 27201
37892 27202
37894 27203
37896 27204
37897 27205
37899 27206
37900 27207
37901 27208
37905 27209
37906 27210
37907 27211
37908 27212
37909 27213
37910 27214
37914 27215
37915 27216
37916 27217
37917 27218
37919 27219
37920 27220
37922 27221
37925 27222
37926 27223
37927 27224
37928 27225
37930 27226
37932 27227
37933 27228
37934 27229
37935 27230
37936 27231
37937 27232
37938 27233
37939 27234
37942 27235
37944 27236
37946 27237
37947 27238
37948 27239
37949 27240
37950 27241
37951 27242
37952 27243
37953 27244
37956 27245
37957 27246
37958 27247
37959 27248
37960 27249
37961 27250
37962 27251
37963 27252
37965 27253
37967 27254
37968 27255
37969 27256
37971 27257
37972 27258
37973 27259
37974 27260
37975 27261
37976 27262
37977 27263
37978 27264
37982 27265
37983 27266
37984 27267
37985 27268
37986 27269
37987 27270
37989 27271
37990 27272
37991 27273
37992 27274
37993 27275
37994 27276
37995 27277
37996 27278
37997 27279
37998 27280
37999 27281
38001 27282
38002 27283
38004 27284
38005 27285
38007 27286
38008 27287
38009 27288
38010 27289
38012 27290
38013 27291
38014 27292
38017 27293
38018 27294
38019 27295
38020 27296
38021 27297
38022 27298
38023 27299
38024 27300
38025 27301
38026 27302
38028 27303
38030 27304
38031 27305
38033 27306
38035 27307
38036 27308
38037 27309
38038 27310
38039 27311
38040 27312
38041 27313
38042 27314
38043 27315
38044 27316
38045 27317
38047 27318
38048 27319
38050 27320
38051 27321
38052 27322
38053 27323
38055 27324
38056 27325
38058 27326
38060 27327
38061 27328
38062 27329
38063 27330
38065 27331
38066 27332
38068 27333
38069 27334
38070 27335
38071 27336
38072 27337
38073 27338
38074 27339
38075 27340
38076 27341
38077 27342
38079 27343
38081 27344
38082 27345
38084 27346
38085 27347
38086 27348
38087 27349
38088 27350
38090 27351
38091 27352
38092 27353
38093 27354
38094 27355
38096 27356
38097 27357
38098 27358
38101 27359
38102 27360
38104 27361
38105 27362
38106 27363
38107 27364
38109 27365
38110 27366
38111 27367
38112 27368
38114 27369
38116 27370
38120 27371
38121 27372
38122 27373
38123 27374
38125 27375
38127 27376
38129 27377
38130 27378
38135 27379
38137 27380
38138 27381
38139 27382
38140 27383
38141 27384
38144 27385
38145 27386
38146 27387
38147 27388
38149 27389
38150 27390
38151 27391
38152 27392
38153 27393
38154 27394
38155 27395
38157 27396
38159 27397
38160 27398
38161 27399
38162 27400
38163 27401
38164 27402
38166 27403
38167 27404
38168 27405
38169 27406
38170 27407
38172 27408
38173 27409
38174 27410
38175 27411
38176 27412
38178 27413
38181 27414
38182 27415
38183 27416
38184 27417
38185 27418
38186 27419
38187 27420
38188 27421
38189 27422
38191 27423
38192 27424
38193 27425
38194 27426
38195 27427
38196 27428
38197 27429
38201 27430
38202 27431
38204 27432
38206 27433
38208 27434
38209 27435
38210 27436
38211 27437
38212 27438
38213 27439
38214 27440
38215 27441
38216 27442
38217 27443
38218 27444
38219 27445
38220 27446
38221 27447
38222 27448
38223 27449
38224 27450
38226 27451
38227 27452
38228 27453
38229 27454
38231 27455
38232 27456
38233 27457
38234 27458
38235 27459
38236 27460
38237 27461
38238 27462
38239 27463
38241 27464
38243 27465
38245 27466
38247 27467
38249 27468
38250 27469
38251 27470
38252 27471
38253 27472
38254 27473
38256 27474
38258 27475
38260 27476
38261 27477
38262 27478
38264 27479
38265 27480
38266 27481
38267 27482
38268 27483
38269 27484
38270 27485
38271 27486
38275 27487
38276 27488
38277 27489
38278 27490
38281 27491
38282 27492
38283 27493
38285 27494
38286 27495
38287 27496
38288 27497
38290 27498
38291 27499
38292 27500
38293 27501
38295 27502
38296 27503
38299 27504
38300 27505
38301 27506
38302 27507
38303 27508
38306 27509
38307 27510
38308 27511
38309 27512
38310 27513
38311 27514
38312 27515
38313 27516
38316 27517
38317 27518
38320 27519
38321 27520
38322 27521
38325 27522
38326 27523
38327 27524
38328 27525
38331 27526
38332 27527
38333 27528
38334 27529
38335 27530
38337 27531
38338 27532
38341 27533
38342 27534
38345 27535
38346 27536
38347 27537
38348 27538
38350 27539
38351 27540
38352 27541
38354 27542
38355 27543
38356 27544
38358 27545
38361 27546
38362 27547
38365 27548
38366 27549
38369 27550
38370 27551
38371 27552
38372 27553
38374 27554
38375 27555
38377 27556
38380 27557
38382 27558
38383 27559
38385 27560
38386 27561
38387 27562
38388 27563
38389 27564
38390 27565
38391 27566
38392 27567
38393 27568
38395 27569
38398 27570
38400 27571
38402 27572
38404 27573
38406 27574
38407 27575
38408 27576
38409 27577
38410 27578
38411 27579
38413 27580
38414 27581
38415 27582
38416 27583
38419 27584
38421 27585
38422 27586
38423 27587
38424 27588
38427 27589
38428 27590
38429 27591
38430 27592
38431 27593
38434 27594
38435 27595
38436 27596
38440 27597
38441 27598
38442 27599
38443 27600
38446 27601
38448 27602
38450 27603
38452 27604
38455 27605
38457 27606
38458 27607
38459 27608
38461 27609
38463 27610
38466 27611
38467 27612
38469 27613
38470 27614
38471 27615
38472 27616
38473 27617
38474 27618
38475 27619
38476 27620
38478 27621
38480 27622
38484 27623
38485 27624
38489 27625
38490 27626
38491 27627
38493 27628
38494 27629
38495 27630
38498 27631
38499 27632
38500 27633
38501 27634
38502 27635
38503 27636
38504 27637
38505 27638
38506 27639
38507 27640
38509 27641
38510 27642
38511 27643
38513 27644
38515 27645
38517 27646
38518 27647
38519 27648
38520 27649
38521 27650
38524 27651
38525 27652
38526 27653
38527 27654
38529 27655
38532 27656
38534 27657
38535 27658
38537 27659
38538 27660
38539 27661
38542 27662
38543 27663
38544 27664
38545 27665
38547 27666
38548 27667
38549 27668
38550 27669
38552 27670
38554 27671
38555 27672
38559 27673
38560 27674
38562 27675
38563 27676
38564 27677
38565 27678
38566 27679
38567 27680
38568 27681
38569 27682
38570 27683
38572 27684
38575 27685
38577 27686
38579 27687
38580 27688
38581 27689
38582 27690
38583 27691
38584 27692
38585 27693
38586 27694
38587 27695
38588 27696
38589 27697
38593 27698
38594 27699
38595 27700
38596 27701
38598 27702
38599 27703
38601 27704
38602 27705
38603 27706
38605 27707
38606 27708
38607 27709
38608 27710
38609 27711
38610 27712
38611 27713
38612 27714
38613 27715
38614 27716
38615 27717
38617 27718
38618 27719
38619 27720
38620 27721
38621 27722
38624 27723
38625 27724
38626 27725
38627 27726
38628 27727
38629 27728
38630 27729
38631 27730
38632 27731
38633 27732
38635 27733
38636 27734
38637 27735
38638 27736
38639 27737
38640 27738
38641 27739
38642 27740
38643 27741
38648 27742
38651 27743
38653 27744
38654 27745
38655 27746
38656 27747
38658 27748
38659 27749
38660 27750
38663 27751
38664 27752
38667 27753
38668 27754
38669 27755
38670 27756
38672 27757
38673 27758
38674 27759
38677 27760
38678 27761
38679 27762
38681 27763
38683 27764
38686 27765
38687 27766
38688 27767
38689 27768
38690 27769
38691 27770
38692 27771
38693 27772
38694 27773
38695 27774
38696 27775
38697 27776
38698 27777
38699 27778
38700 27779
38703 27780
38704 27781
38707 27782
38708 27783
38709 27784
38710 27785
38711 27786
38713 27787
38714 27788
38715 27789
38716 27790
38717 27791
38718 27792
38719 27793
38720 27794
38721 27795
38724 27796
38725 27797
38727 27798
38728 27799
38729 27800
38732 27801
38733 27802
38734 27803
38735 27804
38737 27805
38738 27806
38739 27807
38740 27808
38742 27809
38743 27810
38745 27811
38746 27812
38748 27813
38749 27814
38751 27815
38753 27816
38754 27817
38755 27818
38759 27819
38760 27820
38764 27821
38765 27822
38766 27823
38767 27824
38768 27825
38770 27826
38771 27827
38772 27828
38773 27829
38774 27830
38776 27831
38778 27832
38779 27833
38780 27834
38781 27835
38782 27836
38786 27837
38787 27838
38791 27839
38792 27840
38793 27841
38796 27842
38798 27843
38799 27844
38800 27845
38802 27846
38804 27847
38805 27848
38806 27849
38807 27850
38808 27851
38809 27852
38811 27853
38814 27854
38815 27855
38818 27856
38819 27857
38820 27858
38821 27859
38822 27860
38823 27861
38824 27862
38826 27863
38828 27864
38829 27865
38831 27866
38833 27867
38835 27868
38836 27869
38837 27870
38840 27871
38841 27872
38842 27873
38844 27874
38846 27875
38847 27876
38849 27877
38850 27878
38851 27879
38852 27880
38854 27881
38855 27882
38856 27883
38857 27884
38858 27885
38859 27886
38861 27887
38864 27888
38865 27889
38866 27890
38867 27891
38868 27892
38869 27893
38870 27894
38871 27895
38872 27896
38873 27897
38874 27898
38875 27899
38876 27900
38877 27901
38879 27902
38880 27903
38881 27904
38883 27905
38884 27906
38885 27907
38886 27908
38887 27909
38888 27910
38890 27911
38892 27912
38893 27913
38894 27914
38895 27915
38896 27916
38898 27917
38899 27918
38901 27919
38902 27920
38903 27921
38904 27922
38908 27923
38909 27924
38911 27925
38912 27926
38913 27927
38914 27928
38915 27929
38918 27930
38919 27931
38921 27932
38922 27933
38923 27934
38925 27935
38926 27936
38927 27937
38928 27938
38930 27939
38932 27940
38933 27941
38934 27942
38935 27943
38936 27944
38939 27945
38940 27946
38942 27947
38943 27948
38944 27949
38947 27950
38950 27951
38951 27952
38953 27953
38954 27954
38956 27955
38957 27956
38959 27957
38960 27958
38961 27959
38962 27960
38963 27961
38964 27962
38965 27963
38966 27964
38968 27965
38969 27966
38970 27967
38972 27968
38975 27969
38976 27970
38978 27971
38980 27972
38981 27973
38982 27974
38984 27975
38985 27976
38986 27977
38987 27978
38989 27979
38990 27980
38991 27981
38992 27982
38993 27983
38994 27984
38998 27985
38999 27986
39000 27987
39002 27988
39003 27989
39005 27990
39006 27991
39007 27992
39008 27993
39009 27994
39012 27995
39014 27996
39016 27997
39018 27998
39020 27999
39021 28000
39022 28001
39023 28002
39024 28003
39026 28004
39029 28005
39030 28006
39031 28007
39032 28008
39034 28009
39035 28010
39036 28011
39037 28012
39038 28013
39039 28014
39040 28015
39041 28016
39043 28017
39044 28018
39045 28019
39046 28020
39048 28021
39049 28022
39050 28023
39051 28024
39053 28025
39054 28026
39055 28027
39056 28028
39059 28029
39060 28030
39061 28031
39062 28032
39064 28033
39066 28034
39067 28035
39069 28036
39070 28037
39072 28038
39074 28039
39075 28040
39076 28041
39077 28042
39081 28043
39082 28044
39083 28045
39084 28046
39085 28047
39086 28048
39087 28049
39088 28050
39090 28051
39092 28052
39093 28053
39095 28054
39096 28055
39097 28056
39098 28057
39099 28058
39100 28059
39101 28060
39102 28061
39103 28062
39104 28063
39105 28064
39106 28065
39107 28066
39109 28067
39110 28068
39111 28069
39113 28070
39116 28071
39117 28072
39118 28073
39121 28074
39122 28075
39123 28076
39124 28077
39126 28078
39127 28079
39128 28080
39129 28081
39131 28082
39132 28083
39133 28084
39136 28085
39137 28086
39138 28087
39139 28088
39142 28089
39143 28090
39145 28091
39147 28092
39148 28093
39151 28094
39153 28095
39154 28096
39155 28097
39156 28098
39157 28099
39158 28100
39160 28101
39161 28102
39162 28103
39163 28104
39164 28105
39166 28106
39167 28107
39168 28108
39169 28109
39170 28110
39171 28111
39172 28112
39173 28113
39174 28114
39176 28115
39177 28116
39178 28117
39179 28118
39181 28119
39182 28120
39184 28121
39185 28122
39186 28123
39188 28124
39189 28125
39190 28126
39191 28127
39192 28128
39193 28129
39194 28130
39195 28131
39197 28132
39198 28133
39199 28134
39200 28135
39201 28136
39202 28137
39203 28138
39204 28139
39205 28140
39206 28141
39207 28142
39208 28143
39211 28144
39212 28145
39213 28146
39214 28147
39215 28148
39216 28149
39217 28150
39218 28151
39219 28152
39221 28153
39222 28154
39227 28155
39229 28156
39230 28157
39232 28158
39234 28159
39235 28160
39236 28161
39237 28162
39238 28163
39240 28164
39243 28165
39244 28166
39245 28167
39246 28168
39248 28169
39249 28170
39250 28171
39251 28172
39252 28173
39253 28174
39254 28175
39258 28176
39259 28177
39261 28178
39262 28179
39264 28180
39265 28181
39266 28182
39267 28183
39269 28184
39270 28185
39271 28186
39273 28187
39274 28188
39275 28189
39277 28190
39278 28191
39279 28192
39280 28193
39281 28194
39282 28195
39283 28196
39284 28197
39285 28198
39286 28199
39288 28200
39291 28201
39292 28202
39294 28203
39296 28204
39298 28205
39299 28206
39300 28207
39302 28208
39304 28209
39305 28210
39306 28211
39307 28212
39308 28213
39311 28214
39313 28215
39314 28216
39315 28217
39316 28218
39318 28219
39319 28220
39320 28221
39321 28222
39322 28223
39324 28224
39325 28225
39328 28226
39329 28227
39330 28228
39331 28229
39333 28230
39334 28231
39335 28232
39336 28233
39337 28234
39338 28235
39339 28236
39340 28237
39341 28238
39343 28239
39344 28240
39346 28241
39347 28242
39348 28243
39349 28244
39350 28245
39351 28246
39352 28247
39353 28248
39354 28249
39355 28250
39356 28251
39357 28252
39358 28253
39360 28254
39361 28255
39362 28256
39363 28257
39366 28258
39367 28259
39370 28260
39372 28261
39373 28262
39374 28263
39375 28264
39376 28265
39377 28266
39381 28267
39382 28268
39383 28269
39385 28270
39388 28271
39389 28272
39391 28273
39392 28274
39393 28275
39395 28276
39396 28277
39397 28278
39398 28279
39400 28280
39401 28281
39402 28282
39403 28283
39404 28284
39407 28285
39408 28286
39409 28287
39410 28288
39411 28289
39412 28290
39413 28291
39416 28292
39419 28293
39421 28294
39424 28295
39426 28296
39428 28297
39430 28298
39432 28299
39434 28300
39435 28301
39438 28302
39440 28303
39441 28304
39442 28305
39443 28306
39445 28307
39447 28308
39449 28309
39450 28310
39451 28311
39453 28312
39455 28313
39456 28314
39457 28315
39458 28316
39459 28317
39460 28318
39461 28319
39462 28320
39463 28321
39464 28322
39465 28323
39466 28324
39468 28325
39469 28326
39471 28327
39472 28328
39474 28329
39475 28330
39476 28331
39478 28332
39479 28333
39480 28334
39481 28335
39482 28336
39483 28337
39485 28338
39486 28339
39487 28340
39488 28341
39490 28342
39491 28343
39492 28344
39494 28345
39495 28346
39496 28347
39497 28348
39498 28349
39499 28350
39502 28351
39503 28352
39506 28353
39507 28354
39508 28355
39509 28356
39510 28357
39511 28358
39512 28359
39513 28360
39514 28361
39515 28362
39516 28363
39517 28364
39518 28365
39519 28366
39520 28367
39522 28368
39524 28369
39525 28370
39526 28371
39527 28372
39528 28373
39529 28374
39531 28375
39532 28376
39533 28377
39534 28378
39535 28379
39536 28380
39537 28381
39538 28382
39541 28383
39542 28384
39544 28385
39545 28386
39546 28387
39547 28388
39548 28389
39549 28390
39550 28391
39551 28392
39552 28393
39553 28394
39556 28395
39558 28396
39559 28397
39560 28398
39562 28399
39563 28400
39564 28401
39566 28402
39567 28403
39568 28404
39569 28405
39571 28406
39572 28407
39573 28408
39574 28409
39578 28410
39579 28411
39580 28412
39581 28413
39584 28414
39585 28415
39586 28416
39588 28417
39589 28418
39590 28419
39591 28420
39592 28421
39593 28422
39594 28423
39595 28424
39596 28425
39598 28426
39599 28427
39600 28428
39601 28429
39603 28430
39604 28431
39606 28432
39607 28433
39608 28434
39609 28435
39611 28436
39612 28437
39613 28438
39614 28439
39615 28440
39616 28441
39617 28442
39619 28443
39622 28444
39623 28445
39624 28446
39625 28447
39626 28448
39627 28449
39628 28450
39629 28451
39630 28452
39631 28453
39633 28454
39634 28455
39635 28456
39636 28457
39637 28458
39638 28459
39639 28460
39640 28461
39641 28462
39642 28463
39643 28464
39644 28465
39645 28466
39647 28467
39648 28468
39650 28469
39651 28470
39653 28471
39654 28472
39656 28473
39657 28474
39658 28475
39660 28476
39661 28477
39664 28478
39665 28479
39666 28480
39667 28481
39669 28482
39670 28483
39671 28484
39673 28485
39674 28486
39676 28487
39677 28488
39678 28489
39679 28490
39680 28491
39681 28492
39682 28493
39683 28494
39685 28495
39686 28496
39687 28497
39689 28498
39690 28499
39693 28500
39695 28501
39697 28502
39700 28503
39702 28504
39704 28505
39706 28506
39707 28507
39708 28508
39713 28509
39714 28510
39715 28511
39716 28512
39717 28513
39718 28514
39719 28515
39720 28516
39721 28517
39723 28518
39724 28519
39725 28520
39726 28521
39727 28522
39728 28523
39729 28524
39730 28525
39731 28526
39732 28527
39733 28528
39735 28529
39736 28530
39739 28531
39740 28532
39741 28533
39742 28534
39745 28535
39746 28536
39747 28537
39748 28538
39749 28539
39750 28540
39752 28541
39753 28542
39755 28543
39758 28544
39759 28545
39760 28546
39761 28547
39763 28548
39765 28549
39766 28550
39768 28551
39769 28552
39771 28553
39772 28554
39774 28555
39776 28556
39777 28557
39778 28558
39779 28559
39781 28560
39782 28561
39783 28562
39784 28563
39786 28564
39787 28565
39788 28566
39789 28567
39790 28568
39791 28569
39793 28570
39796 28571
39797 28572
39798 28573
39800 28574
39803 28575
39804 28576
39805 28577
39806 28578
39807 28579
39808 28580
39811 28581
39814 28582
39815 28583
39816 28584
39817 28585
39819 28586
39821 28587
39823 28588
39824 28589
39825 28590
39826 28591
39827 28592
39829 28593
39830 28594
39831 28595
39832 28596
39833 28597
39834 28598
39835 28599
39837 28600
39839 28601
39840 28602
39844 28603
39845 28604
39846 28605
39848 28606
39849 28607
39850 28608
39851 28609
39855 28610
39856 28611
39857 28612
39859 28613
39861 28614
39863 28615
39864 28616
39865 28617
39866 28618
39868 28619
39869 28620
39870 28621
39871 28622
39872 28623
39873 28624
39874 28625
39875 28626
39876 28627
39877 28628
39878 28629
39880 28630
39882 28631
39884 28632
39887 28633
39888 28634
39889 28635
39890 28636
39892 28637
39893 28638
39895 28639
39896 28640
39897 28641
39898 28642
39900 28643
39903 28644
39905 28645
39906 28646
39907 28647
39909 28648
39911 28649
39913 28650
39914 28651
39916 28652
39917 28653
39918 28654
39919 28655
39920 28656
39921 28657
39923 28658
39924 28659
39925 28660
39926 28661
39927 28662
39929 28663
39932 28664
39934 28665
39936 28666
39937 28667
39938 28668
39939 28669
39940 28670
39942 28671
39943 28672
39944 28673
39945 28674
39947 28675
39948 28676
39949 28677
39951 28678
39954 28679
39955 28680
39956 28681
39957 28682
39958 28683
39960 28684
39961 28685
39964 28686
39965 28687
39966 28688
39968 28689
39969 28690
39970 28691
39971 28692
39972 28693
39973 28694
39974 28695
39975 28696
39976 28697
39977 28698
39978 28699
39981 28700
39982 28701
39983 28702
39986 28703
39987 28704
39988 28705
39989 28706
39990 28707
39992 28708
39993 28709
39994 28710
39996 28711
39997 28712
39998 28713
40001 28714
40002 28715
40003 28716
40004 28717
40005 28718
40006 28719
40010 28720
40011 28721
40012 28722
40014 28723
40015 28724
40016 28725
40017 28726
40023 28727
40025 28728
40026 28729
40027 28730
40028 28731
40029 28732
40030 28733
40031 28734
40032 28735
40034 28736
40035 28737
40036 28738
40038 28739
40039 28740
40040 28741
40041 28742
40043 28743
40044 28744
40045 28745
40046 28746
40047 28747
40048 28748
40049 28749
40050 28750
40052 28751
40053 28752
40054 28753
40058 28754
40059 28755
40060 28756
40063 28757
40064 28758
40065 28759
40067 28760
40068 28761
40070 28762
40071 28763
40073 28764
40074 28765
40079 28766
40080 28767
40081 28768
40085 28769
40087 28770
40088 28771
40089 28772
40090 28773
40091 28774
40092 28775
40094 28776
40095 28777
40096 28778
40098 28779
40099 28780
40100 28781
40101 28782
40103 28783
40105 28784
40106 28785
40108 28786
40109 28787
40110 28788
40111 28789
40113 28790
40114 28791
40115 28792
40118 28793
40119 28794
40122 28795
40123 28796
40126 28797
40127 28798
40128 28799
40130 28800
40132 28801
40133 28802
40134 28803
40136 28804
40138 28805
40139 28806
40140 28807
40141 28808
40143 28809
40144 28810
40145 28811
40146 28812
40149 28813
40150 28814
40152 28815
40153 28816
40155 28817
40156 28818
40157 28819
40158 28820
40159 28821
40161 28822
40162 28823
40163 28824
40164 28825
40166 28826
40167 28827
40168 28828
40169 28829
40170 28830
40171 28831
40172 28832
40174 28833
40176 28834
40177 28835
40178 28836
40179 28837
40180 28838
40183 28839
40184 28840
40185 28841
40188 28842
40190 28843
40192 28844
40195 28845
40196 28846
40197 28847
40198 28848
40200 28849
40201 28850
40202 28851
40203 28852
40204 28853
40205 28854
40206 28855
40208 28856
40210 28857
40211 28858
40213 28859
40214 28860
40215 28861
40216 28862
40217 28863
40218 28864
40219 28865
40220 28866
40221 28867
40224 28868
40225 28869
40226 28870
40227 28871
40228 28872
40229 28873
40232 28874
40233 28875
40234 28876
40235 28877
40237 28878
40238 28879
40240 28880
40241 28881
40243 28882
40245 28883
40246 28884
40247 28885
40248 28886
40249 28887
40251 28888
40252 28889
40253 28890
40255 28891
40258 28892
40259 28893
40260 28894
40261 28895
40262 28896
40264 28897
40265 28898
40266 28899
40267 28900
40268 28901
40269 28902
40270 28903
40271 28904
40272 28905
40276 28906
40278 28907
40279 28908
40280 28909
40282 28910
40283 28911
40285 28912
40286 28913
40287 28914
40288 28915
40289 28916
40290 28917
40291 28918
40292 28919
40293 28920
40294 28921
40295 28922
40298 28923
40299 28924
40300 28925
40301 28926
40303 28927
40304 28928
40305 28929
40306 28930
40307 28931
40312 28932
40313 28933
40314 28934
40316 28935
40323 28936
40324 28937
40325 28938
40326 28939
40327 28940
40328 28941
40329 28942
40330 28943
40331 28944
40332 28945
40333 28946
40334 28947
40335 28948
40336 28949
40337 28950
40338 28951
40339 28952
40343 28953
40344 28954
40345 28955
40346 28956
40347 28957
40350 28958
40351 28959
40353 28960
40355 28961
40356 28962
40358 28963
40359 28964
40360 28965
40361 28966
40363 28967
40364 28968
40365 28969
40366 28970
40368 28971
40369 28972
40370 28973
40371 28974
40372 28975
40374 28976
40375 28977
40376 28978
40377 28979
40380 28980
40381 28981
40382 28982
40383 28983
40384 28984
40385 28985
40386 28986
40388 28987
40389 28988
40390 28989
40391 28990
40393 28991
40394 28992
40395 28993
40396 28994
40398 28995
40400 28996
40401 28997
40402 28998
40403 28999
40406 29000
40407 29001
40408 29002
40409 29003
40410 29004
40412 29005
40414 29006
40415 29007
40416 29008
40417 29009
40421 29010
40422 29011
40423 29012
40424 29013
40426 29014
40428 29015
40429 29016
40431 29017
40432 29018
40434 29019
40436 29020
40437 29021
40438 29022
40439 29023
40440 29024
40441 29025
40442 29026
40444 29027
40445 29028
40447 29029
40449 29030
40450 29031
40453 29032
40456 29033
40459 29034
40460 29035
40461 29036
40462 29037
40463 29038
40464 29039
40465 29040
40466 29041
40468 29042
40469 29043
40470 29044
40471 29045
40473 29046
40474 29047
40475 29048
40476 29049
40477 29050
40478 29051
40480 29052
40481 29053
40482 29054
40483 29055
40484 29056
40485 29057
40486 29058
40488 29059
40491 29060
40493 29061
40494 29062
40495 29063
40498 29064
40499 29065
40500 29066
40501 29067
40502 29068
40503 29069
40504 29070
40505 29071
40506 29072
40507 29073
40508 29074
40509 29075
40510 29076
40511 29077
40512 29078
40513 29079
40515 29080
40516 29081
40518 29082
40519 29083
40520 29084
40523 29085
40524 29086
40525 29087
40526 29088
40527 29089
40529 29090
40531 29091
40533 29092
40535 29093
40537 29094
40538 29095
40539 29096
40540 29097
40541 29098
40542 29099
40543 29100
40544 29101
40545 29102
40546 29103
40547 29104
40548 29105
40549 29106
40551 29107
40555 29108
40556 29109
40557 29110
40558 29111
40559 29112
40560 29113
40561 29114
40562 29115
40564 29116
40567 29117
40568 29118
40569 29119
40570 29120
40572 29121
40573 29122
40575 29123
40577 29124
40578 29125
40579 29126
40580 29127
40581 29128
40584 29129
40585 29130
40586 29131
40587 29132
40589 29133
40590 29134
40591 29135
40592 29136
40596 29137
40597 29138
40598 29139
40600 29140
40601 29141
40602 29142
40603 29143
40605 29144
40606 29145
40609 29146
40612 29147
40613 29148
40614 29149
40616 29150
40617 29151
40618 29152
40619 29153
40620 29154
40621 29155
40622 29156
40624 29157
40625 29158
40628 29159
40629 29160
40630 29161
40632 29162
40633 29163
40634 29164
40635 29165
40636 29166
40637 29167
40638 29168
40639 29169
40641 29170
40642 29171
40645 29172
40646 29173
40647 29174
40648 29175
40649 29176
40650 29177
40651 29178
40652 29179
40655 29180
40656 29181
40658 29182
40660 29183
40661 29184
40663 29185
40664 29186
40666 29187
40667 29188
40669 29189
40670 29190
40672 29191
40673 29192
40676 29193
40677 29194
40680 29195
40681 29196
40682 29197
40683 29198
40685 29199
40686 29200
40687 29201
40689 29202
40691 29203
40692 29204
40694 29205
40695 29206
40696 29207
40699 29208
40700 29209
40701 29210
40702 29211
40703 29212
40705 29213
40706 29214
40708 29215
40710 29216
40714 29217
40716 29218
40719 29219
40720 29220
40721 29221
40722 29222
40723 29223
40725 29224
40727 29225
40729 29226
40730 29227
40731 29228
40732 29229
40734 29230
40735 29231
40738 29232
40739 29233
40741 29234
40742 29235
40743 29236
40744 29237
40745 29238
40748 29239
40749 29240
40750 29241
40751 29242
40752 29243
40754 29244
40755 29245
40756 29246
40757 29247
40758 29248
40759 29249
40760 29250
40763 29251
40764 29252
40765 29253
40766 29254
40767 29255
40768 29256
40770 29257
40771 29258
40773 29259
40774 29260
40775 29261
40776 29262
40777 29263
40780 29264
40781 29265
40782 29266
40783 29267
40785 29268
40786 29269
40787 29270
40788 29271
40789 29272
40791 29273
40792 29274
40793 29275
40794 29276
40797 29277
40798 29278
40799 29279
40801 29280
40802 29281
40803 29282
40804 29283
40806 29284
40807 29285
40810 29286
40812 29287
40815 29288
40816 29289
40818 29290
40819 29291
40821 29292
40822 29293
40823 29294
40824 29295
40828 29296
40829 29297
40830 29298
40831 29299
40834 29300
40835 29301
40836 29302
40837 29303
40838 29304
40839 29305
40841 29306
40842 29307
40843 29308
40846 29309
40847 29310
40848 29311
40849 29312
40850 29313
40851 29314
40852 29315
40853 29316
40854 29317
40855 29318
40856 29319
40857 29320
40858 29321
40859 29322
40860 29323
40863 29324
40864 29325
40866 29326
40867 29327
40868 29328
40869 29329
40870 29330
40872 29331
40873 29332
40874 29333
40875 29334
40877 29335
40878 29336
40879 29337
40880 29338
40881 29339
40882 29340
40883 29341
40884 29342
40885 29343
40888 29344
40889 29345
40890 29346
40891 29347
40892 29348
40894 29349
40895 29350
40896 29351
40898 29352
40899 29353
40902 29354
40903 29355
40905 29356
40907 29357
40908 29358
40909 29359
40911 29360
40913 29361
40914 29362
40915 29363
40916 29364
40919 29365
40920 29366
40921 29367
40922 29368
40924 29369
40925 29370
40926 29371
40927 29372
40928 29373
40930 29374
40931 29375
40932 29376
40934 29377
40935 29378
40936 29379
40941 29380
40942 29381
40945 29382
40946 29383
40947 29384
40949 29385
40950 29386
40951 29387
40952 29388
40953 29389
40954 29390
40956 29391
40957 29392
40958 29393
40959 29394
40960 29395
40961 29396
40962 29397
40964 29398
40966 29399
40968 29400
40970 29401
40971 29402
40972 29403
40973 29404
40974 29405
40977 29406
40979 29407
40981 29408
40982 29409
40983 29410
40984 29411
40986 29412
40987 29413
40988 29414
40991 29415
40993 29416
40994 29417
40995 29418
40996 29419
40997 29420
40998 29421
40999 29422
41000 29423
41001 29424
41002 29425
41003 29426
41004 29427
41005 29428
41006 29429
41007 29430
41008 29431
41009 29432
41010 29433
41011 29434
41012 29435
41014 29436
41015 29437
41016 29438
41018 29439
41019 29440
41020 29441
41021 29442
41022 29443
41023 29444
41025 29445
41026 29446
41027 29447
41028 29448
41030 29449
41031 29450
41033 29451
41034 29452
41035 29453
41036 29454
41042 29455
41043 29456
41046 29457
41047 29458
41048 29459
41049 29460
41051 29461
41052 29462
41054 29463
41055 29464
41056 29465
41057 29466
41058 29467
41059 29468
41060 29469
41061 29470
41062 29471
41063 29472
41064 29473
41065 29474
41066 29475
41067 29476
41068 29477
41069 29478
41070 29479
41071 29480
41073 29481
41074 29482
41075 29483
41076 29484
41077 29485
41078 29486
41080 29487
41081 29488
41082 29489
41083 29490
41084 29491
41086 29492
41087 29493
41088 29494
41089 29495
41092 29496
41093 29497
41094 29498
41095 29499
41097 29500
41098 29501
41101 29502
41102 29503
41104 29504
41105 29505
41107 29506
41108 29507
41110 29508
41111 29509
41112 29510
41113 29511
41115 29512
41120 29513
41122 29514
41123 29515
41124 29516
41125 29517
41127 29518
41128 29519
41129 29520
41130 29521
41132 29522
41133 29523
41137 29524
41138 29525
41140 29526
41142 29527
41143 29528
41144 29529
41145 29530
41146 29531
41147 29532
41148 29533
41149 29534
41150 29535
41151 29536
41152 29537
41154 29538
41155 29539
41159 29540
41160 29541
41163 29542
41166 29543
41167 29544
41170 29545
41171 29546
41172 29547
41173 29548
41175 29549
41179 29550
41180 29551
41181 29552
41183 29553
41186 29554
41189 29555
41190 29556
41191 29557
41193 29558
41194 29559
41195 29560
41196 29561
41197 29562
41198 29563
41199 29564
41201 29565
41202 29566
41203 29567
41204 29568
41205 29569
41206 29570
41207 29571
41209 29572
41212 29573
41213 29574
41214 29575
41215 29576
41217 29577
41218 29578
41220 29579
41221 29580
41223 29581
41224 29582
41227 29583
41228 29584
41229 29585
41231 29586
41232 29587
41233 29588
41235 29589
41236 29590
41238 29591
41239 29592
41240 29593
41242 29594
41243 29595
41244 29596
41245 29597
41246 29598
41248 29599
41250 29600
41252 29601
41254 29602
41255 29603
41256 29604
41257 29605
41258 29606
41259 29607
41260 29608
41261 29609
41262 29610
41263 29611
41264 29612
41266 29613
41268 29614
41270 29615
41273 29616
41274 29617
41277 29618
41278 29619
41279 29620
41280 29621
41281 29622
41283 29623
41287 29624
41290 29625
41291 29626
41292 29627
41293 29628
41295 29629
41297 29630
41298 29631
41301 29632
41302 29633
41306 29634
41307 29635
41308 29636
41309 29637
41310 29638
41311 29639
41312 29640
41313 29641
41314 29642
41316 29643
41318 29644
41319 29645
41321 29646
41324 29647
41325 29648
41326 29649
41327 29650
41328 29651
41329 29652
41330 29653
41331 29654
41334 29655
41335 29656
41336 29657
41337 29658
41338 29659
41339 29660
41340 29661
41341 29662
41342 29663
41343 29664
41346 29665
41347 29666
41349 29667
41351 29668
41352 29669
41354 29670
41355 29671
41357 29672
41359 29673
41360 29674
41361 29675
41362 29676
41363 29677
41364 29678
41366 29679
41368 29680
41369 29681
41370 29682
41371 29683
41372 29684
41373 29685
41374 29686
41375 29687
41376 29688
41377 29689
41379 29690
41380 29691
41381 29692
41382 29693
41383 29694
41384 29695
41385 29696
41388 29697
41390 29698
41393 29699
41397 29700
41399 29701
41400 29702
41401 29703
41402 29704
41403 29705
41404 29706
41406 29707
41407 29708
41409 29709
41410 29710
41411 29711
41412 29712
41413 29713
41414 29714
41415 29715
41417 29716
41418 29717
41421 29718
41422 29719
41424 29720
41426 29721
41427 29722
41429 29723
41431 29724
41432 29725
41434 29726
41435 29727
41436 29728
41438 29729
41439 29730
41440 29731
41441 29732
41442 29733
41445 29734
41447 29735
41449 29736
41450 29737
41451 29738
41452 29739
41453 29740
41454 29741
41460 29742
41462 29743
41463 29744
41465 29745
41466 29746
41467 29747
41468 29748
41469 29749
41470 29750
41471 29751
41473 29752
41475 29753
41480 29754
41481 29755
41483 29756
41484 29757
41486 29758
41487 29759
41489 29760
41490 29761
41492 29762
41493 29763
41497 29764
41503 29765
41505 29766
41507 29767
41509 29768
41510 29769
41511 29770
41512 29771
41514 29772
41515 29773
41516 29774
41517 29775
41518 29776
41520 29777
41521 29778
41523 29779
41524 29780
41525 29781
41527 29782
41528 29783
41529 29784
41530 29785
41531 29786
41532 29787
41534 29788
41535 29789
41536 29790
41537 29791
41538 29792
41539 29793
41540 29794
41541 29795
41542 29796
41543 29797
41544 29798
41546 29799
41548 29800
41549 29801
41550 29802
41551 29803
41552 29804
41553 29805
41554 29806
41555 29807
41556 29808
41557 29809
41558 29810
41560 29811
41562 29812
41563 29813
41565 29814
41566 29815
41567 29816
41568 29817
41570 29818
41571 29819
41572 29820
41573 29821
41575 29822
41576 29823
41577 29824
41580 29825
41581 29826
41582 29827
41583 29828
41584 29829
41585 29830
41586 29831
41587 29832
41588 29833
41590 29834
41592 29835
41595 29836
41596 29837
41598 29838
41599 29839
41600 29840
41602 29841
41603 29842
41604 29843
41606 29844
41609 29845
41610 29846
41612 29847
41613 29848
41615 29849
41616 29850
41617 29851
41619 29852
41621 29853
41623 29854
41624 29855
41626 29856
41627 29857
41628 29858
41632 29859
41633 29860
41634 29861
41635 29862
41637 29863
41638 29864
41640 29865
41642 29866
41643 29867
41644 29868
41647 29869
41648 29870
41649 29871
41650 29872
41651 29873
41654 29874
41655 29875
41656 29876
41657 29877
41659 29878
41660 29879
41661 29880
41663 29881
41664 29882
41665 29883
41666 29884
41667 29885
41668 29886
41673 29887
41674 29888
41675 29889
41676 29890
41679 29891
41680 29892
41681 29893
41684 29894
41685 29895
41687 29896
41688 29897
41690 29898
41692 29899
41694 29900
41696 29901
41697 29902
41698 29903
41699 29904
41700 29905
41702 29906
41704 29907
41705 29908
41706 29909
41707 29910
41709 29911
41712 29912
41714 29913
41716 29914
41718 29915
41719 29916
41720 29917
41721 29918
41722 29919
41723 29920
41724 29921
41725 29922
41726 29923
41727 29924
41728 29925
41729 29926
41730 29927
41731 29928
41732 29929
41734 29930
41735 29931
41736 29932
41737 29933
41739 29934
41740 29935
41742 29936
41744 29937
41745 29938
41746 29939
41749 29940
41750 29941
41751 29942
41753 29943
41756 29944
41757 29945
41758 29946
41760 29947
41761 29948
41762 29949
41763 29950
41765 29951
41766 29952
41769 29953
41770 29954
41772 29955
41774 29956
41776 29957
41779 29958
41781 29959
41782 29960
41783 29961
41784 29962
41785 29963
41786 29964
41787 29965
41788 29966
41789 29967
41790 29968
41792 29969
41793 29970
41796 29971
41798 29972
41799 29973
41800 29974
41801 29975
41802 29976
41803 29977
41804 29978
41805 29979
41806 29980
41807 29981
41808 29982
41810 29983
41811 29984
41813 29985
41814 29986
41815 29987
41816 29988
41818 29989
41819 29990
41820 29991
41821 29992
41822 29993
41823 29994
41824 29995
41825 29996
41826 29997
41827 29998
41828 29999
41830 30000
41834 30001
41835 30002
41836 30003
41839 30004
41840 30005
41841 30006
41842 30007
41843 30008
41844 30009
41845 30010
41846 30011
41847 30012
41848 30013
41850 30014
41851 30015
41852 30016
41853 30017
41854 30018
41855 30019
41858 30020
41859 30021
41860 30022
41861 30023
41862 30024
41863 30025
41866 30026
41867 30027
41869 30028
41873 30029
41874 30030
41878 30031
41879 30032
41883 30033
41885 30034
41886 30035
41887 30036
41888 30037
41891 30038
41894 30039
41895 30040
41896 30041
41897 30042
41898 30043
41902 30044
41905 30045
41908 30046
41909 30047
41910 30048
41911 30049
41912 30050
41916 30051
41917 30052
41918 30053
41919 30054
41921 30055
41922 30056
41924 30057
41925 30058
41927 30059
41929 30060
41931 30061
41932 30062
41935 30063
41936 30064
41938 30065
41939 30066
41940 30067
41941 30068
41942 30069
41943 30070
41944 30071
41946 30072
41948 30073
41949 30074
41950 30075
41951 30076
41953 30077
41954 30078
41955 30079
41957 30080
41959 30081
41960 30082
41961 30083
41962 30084
41963 30085
41964 30086
41966 30087
41967 30088
41968 30089
41970 30090
41972 30091
41973 30092
41974 30093
41975 30094
41976 30095
41977 30096
41979 30097
41980 30098
41981 30099
41982 30100
41984 30101
41985 30102
41986 30103
41987 30104
41989 30105
41990 30106
41994 30107
41995 30108
41997 30109
41999 30110
42000 30111
42001 30112
42004 30113
42005 30114
42006 30115
42009 30116
42011 30117
42012 30118
42013 30119
42014 30120
42015 30121
42016 30122
42017 30123
42018 30124
42019 30125
42020 30126
42021 30127
42023 30128
42024 30129
42025 30130
42026 30131
42027 30132
42028 30133
42029 30134
42030 30135
42031 30136
42032 30137
42033 30138
42034 30139
42035 30140
42039 30141
42040 30142
42041 30143
42042 30144
42043 30145
42044 30146
42046 30147
42048 30148
42051 30149
42052 30150
42055 30151
42057 30152
42061 30153
42062 30154
42063 30155
42064 30156
42065 30157
42066 30158
42067 30159
42068 30160
42070 30161
42071 30162
42072 30163
42073 30164
42074 30165
42076 30166
42077 30167
42079 30168
42083 30169
42084 30170
42085 30171
42087 30172
42088 30173
42089 30174
42090 30175
42091 30176
42092 30177
42093 30178
42094 30179
42095 30180
42097 30181
42098 30182
42099 30183
42101 30184
42103 30185
42104 30186
42105 30187
42106 30188
42108 30189
42110 30190
42111 30191
42112 30192
42113 30193
42114 30194
42118 30195
42119 30196
42120 30197
42122 30198
42124 30199
42125 30200
42131 30201
42136 30202
42138 30203
42139 30204
42140 30205
42141 30206
42142 30207
42148 30208
42149 30209
42151 30210
42152 30211
42153 30212
42154 30213
42155 30214
42156 30215
42157 30216
42158 30217
42159 30218
42160 30219
42161 30220
42163 30221
42164 30222
42165 30223
42166 30224
42167 30225
42169 30226
42170 30227
42172 30228
42173 30229
42174 30230
42177 30231
42178 30232
42179 30233
42180 30234
42183 30235
42184 30236
42185 30237
42186 30238
42187 30239
42188 30240
42189 30241
42190 30242
42191 30243
42192 30244
42193 30245
42196 30246
42197 30247
42198 30248
42199 30249
42200 30250
42201 30251
42203 30252
42204 30253
42205 30254
42207 30255
42208 30256
42209 30257
42210 30258
42211 30259
42212 30260
42213 30261
42215 30262
42216 30263
42218 30264
42220 30265
42221 30266
42222 30267
42224 30268
42227 30269
42228 30270
42229 30271
42230 30272
42231 30273
42233 30274
42234 30275
42235 30276
42236 30277
42238 30278
42239 30279
42240 30280
42243 30281
42245 30282
42247 30283
42248 30284
42249 30285
42250 30286
42251 30287
42253 30288
42254 30289
42256 30290
42257 30291
42258 30292
42259 30293
42260 30294
42261 30295
42262 30296
42263 30297
42265 30298
42267 30299
42268 30300
42269 30301
42270 30302
42271 30303
42272 30304
42273 30305
42274 30306
42277 30307
42278 30308
42279 30309
42280 30310
42281 30311
42282 30312
42283 30313
42286 30314
42287 30315
42288 30316
42290 30317
42291 30318
42292 30319
42294 30320
42295 30321
42296 30322
42298 30323
42299 30324
42300 30325
42301 30326
42303 30327
42306 30328
42307 30329
42308 30330
42310 30331
42313 30332
42314 30333
42315 30334
42316 30335
42317 30336
42320 30337
42321 30338
42322 30339
42324 30340
42325 30341
42326 30342
42327 30343
42328 30344
42329 30345
42330 30346
42331 30347
42333 30348
42334 30349
42335 30350
42336 30351
42337 30352
42338 30353
42339 30354
42340 30355
42341 30356
42342 30357
42344 30358
42345 30359
42346 30360
42347 30361
42349 30362
42350 30363
42351 30364
42352 30365
42353 30366
42355 30367
42356 30368
42357 30369
42358 30370
42359 30371
42360 30372
42362 30373
42363 30374
42364 30375
42365 30376
42367 30377
42369 30378
42370 30379
42371 30380
42372 30381
42373 30382
42374 30383
42375 30384
42376 30385
42377 30386
42381 30387
42382 30388
42383 30389
42386 30390
42387 30391
42388 30392
42389 30393
42390 30394
42391 30395
42394 30396
42396 30397
42398 30398
42399 30399
42400 30400
42402 30401
42403 30402
42405 30403
42407 30404
42408 30405
42409 30406
42410 30407
42411 30408
42412 30409
42413 30410
42414 30411
42415 30412
42417 30413
42418 30414
42421 30415
42422 30416
42423 30417
42424 30418
42425 30419
42428 30420
42429 30421
42430 30422
42434 30423
42435 30424
42436 30425
42437 30426
42439 30427
42440 30428
42441 30429
42443 30430
42444 30431
42447 30432
42448 30433
42449 30434
42450 30435
42452 30436
42453 30437
42454 30438
42455 30439
42456 30440
42460 30441
42461 30442
42462 30443
42463 30444
42464 30445
42465 30446
42466 30447
42467 30448
42468 30449
42469 30450
42470 30451
42471 30452
42472 30453
42474 30454
42475 30455
42476 30456
42479 30457
42480 30458
42481 30459
42482 30460
42484 30461
42485 30462
42486 30463
42487 30464
42489 30465
42490 30466
42491 30467
42492 30468
42493 30469
42495 30470
42496 30471
42497 30472
42498 30473
42500 30474
42501 30475
42502 30476
42503 30477
42504 30478
42506 30479
42507 30480
42508 30481
42509 30482
42510 30483
42511 30484
42512 30485
42513 30486
42514 30487
42516 30488
42517 30489
42518 30490
42520 30491
42521 30492
42522 30493
42523 30494
42524 30495
42525 30496
42526 30497
42527 30498
42529 30499
42530 30500
42532 30501
42533 30502
42534 30503
42535 30504
42536 30505
42542 30506
42544 30507
42545 30508
42546 30509
42547 30510
42550 30511
42551 30512
42552 30513
42553 30514
42554 30515
42555 30516
42562 30517
42563 30518
42564 30519
42565 30520
42567 30521
42570 30522
42571 30523
42572 30524
42574 30525
42575 30526
42578 30527
42579 30528
42580 30529
42581 30530
42583 30531
42584 30532
42585 30533
42586 30534
42588 30535
42589 30536
42592 30537
42593 30538
42594 30539
42595 30540
42596 30541
42597 30542
42598 30543
42599 30544
42600 30545
42601 30546
42602 30547
42603 30548
42604 30549
42605 30550
42606 30551
42607 30552
42608 30553
42609 30554
42610 30555
42611 30556
42612 30557
42613 30558
42614 30559
42615 30560
42617 30561
42618 30562
42619 30563
42620 30564
42623 30565
42624 30566
42626 30567
42629 30568
42630 30569
42631 30570
42632 30571
42633 30572
42634 30573
42637 30574
42639 30575
42640 30576
42641 30577
42642 30578
42643 30579
42644 30580
42645 30581
42647 30582
42648 30583
42649 30584
42650 30585
42652 30586
42653 30587
42655 30588
42658 30589
42659 30590
42661 30591
42664 30592
42666 30593
42667 30594
42668 30595
42670 30596
42672 30597
42674 30598
42675 30599
42676 30600
42677 30601
42678 30602
42679 30603
42680 30604
42681 30605
42682 30606
42683 30607
42684 30608
42686 30609
42688 30610
42689 30611
42690 30612
42691 30613
42693 30614
42694 30615
42696 30616
42697 30617
42698 30618
42699 30619
42700 30620
42701 30621
42702 30622
42703 30623
42704 30624
42705 30625
42706 30626
42707 30627
42708 30628
42709 30629
42710 30630
42711 30631
42712 30632
42713 30633
42714 30634
42715 30635
42716 30636
42717 30637
42719 30638
42720 30639
42721 30640
42722 30641
42723 30642
42724 30643
42725 30644
42726 30645
42728 30646
42729 30647
42732 30648
42734 30649
42736 30650
42738 30651
42740 30652
42741 30653
42743 30654
42747 30655
42749 30656
42750 30657
42751 30658
42754 30659
42755 30660
42757 30661
42758 30662
42759 30663
42760 30664
42761 30665
42762 30666
42763 30667
42764 30668
42765 30669
42766 30670
42767 30671
42768 30672
42770 30673
42771 30674
42772 30675
42773 30676
42777 30677
42778 30678
42779 30679
42780 30680
42782 30681
42783 30682
42784 30683
42785 30684
42786 30685
42790 30686
42791 30687
42792 30688
42793 30689
42794 30690
42795 30691
42796 30692
42797 30693
42798 30694
42799 30695
42800 30696
42802 30697
42803 30698
42805 30699
42806 30700
42809 30701
42810 30702
42812 30703
42813 30704
42814 30705
42815 30706
42816 30707
42817 30708
42818 30709
42819 30710
42820 30711
42821 30712
42822 30713
42823 30714
42824 30715
42825 30716
42826 30717
42827 30718
42830 30719
42831 30720
42833 30721
42834 30722
42835 30723
42836 30724
42837 30725
42839 30726
42840 30727
42841 30728
42844 30729
42846 30730
42847 30731
42848 30732
42849 30733
42850 30734
42851 30735
42852 30736
42854 30737
42855 30738
42857 30739
42859 30740
42862 30741
42863 30742
42864 30743
42865 30744
42866 30745
42867 30746
42868 30747
42872 30748
42873 30749
42874 30750
42875 30751
42876 30752
42877 30753
42878 30754
42880 30755
42881 30756
42885 30757
42887 30758
42888 30759
42889 30760
42890 30761
42891 30762
42892 30763
42893 30764
42894 30765
42896 30766
42897 30767
42898 30768
42899 30769
42900 30770
42901 30771
42905 30772
42906 30773
42909 30774
42910 30775
42911 30776
42913 30777
42914 30778
42915 30779
42917 30780
42918 30781
42919 30782
42920 30783
42921 30784
42923 30785
42924 30786
42926 30787
42929 30788
42931 30789
42932 30790
42933 30791
42934 30792
42936 30793
42938 30794
42939 30795
42940 30796
42941 30797
42942 30798
42943 30799
42944 30800
42945 30801
42947 30802
42948 30803
42949 30804
42952 30805
42953 30806
42954 30807
42955 30808
42957 30809
42958 30810
42959 30811
42960 30812
42962 30813
42963 30814
42964 30815
42965 30816
42967 30817
42969 30818
42970 30819
42971 30820
42973 30821
42975 30822
42976 30823
42977 30824
42979 30825
42983 30826
42984 30827
42986 30828
42987 30829
42989 30830
42990 30831
42991 30832
42992 30833
42993 30834
42994 30835
42996 30836
42998 30837
42999 30838
43000 30839
43002 30840
43003 30841
43004 30842
43005 30843
43006 30844
43007 30845
43008 30846
43010 30847
43011 30848
43012 30849
43014 30850
43015 30851
43016 30852
43017 30853
43018 30854
43019 30855
43020 30856
43021 30857
43023 30858
43024 30859
43026 30860
43027 30861
43028 30862
43029 30863
43030 30864
43033 30865
43034 30866
43037 30867
43038 30868
43039 30869
43040 30870
43041 30871
43042 30872
43043 30873
43044 30874
43045 30875
43046 30876
43047 30877
43048 30878
43051 30879
43052 30880
43054 30881
43055 30882
43056 30883
43057 30884
43063 30885
43064 30886
43066 30887
43071 30888
43072 30889
43073 30890
43074 30891
43075 30892
43077 30893
43080 30894
43081 30895
43082 30896
43086 30897
43087 30898
43088 30899
43089 30900
43090 30901
43091 30902
43092 30903
43093 30904
43094 30905
43097 30906
43098 30907
43099 30908
43100 30909
43102 30910
43103 30911
43105 30912
43106 30913
43107 30914
43109 30915
43110 30916
43111 30917
43112 30918
43113 30919
43114 30920
43115 30921
43116 30922
43117 30923
43118 30924
43121 30925
43123 30926
43125 30927
43128 30928
43129 30929
43130 30930
43131 30931
43132 30932
43134 30933
43135 30934
43137 30935
43138 30936
43139 30937
43140 30938
43143 30939
43144 30940
43145 30941
43147 30942
43148 30943
43149 30944
43151 30945
43152 30946
43153 30947
43154 30948
43156 30949
43157 30950
43159 30951
43160 30952
43161 30953
43162 30954
43163 30955
43164 30956
43165 30957
43166 30958
43167 30959
43168 30960
43169 30961
43170 30962
43172 30963
43173 30964
43174 30965
43176 30966
43177 30967
43178 30968
43179 30969
43180 30970
43183 30971
43185 30972
43187 30973
43188 30974
43189 30975
43190 30976
43191 30977
43192 30978
43193 30979
43194 30980
43195 30981
43196 30982
43199 30983
43200 30984
43201 30985
43202 30986
43204 30987
43205 30988
43206 30989
43207 30990
43209 30991
43210 30992
43212 30993
43218 30994
43221 30995
43225 30996
43226 30997
43227 30998
43228 30999
43229 31000
43231 31001
43233 31002
43235 31003
43236 31004
43237 31005
43238 31006
43240 31007
43242 31008
43243 31009
43244 31010
43247 31011
43249 31012
43251 31013
43254 31014
43255 31015
43256 31016
43258 31017
43259 31018
43260 31019
43261 31020
43262 31021
43263 31022
43264 31023
43266 31024
43268 31025
43269 31026
43270 31027
43271 31028
43272 31029
43273 31030
43274 31031
43278 31032
43279 31033
43280 31034
43282 31035
43283 31036
43285 31037
43286 31038
43287 31039
43289 31040
43290 31041
43291 31042
43292 31043
43293 31044
43294 31045
43295 31046
43297 31047
43299 31048
43300 31049
43301 31050
43302 31051
43303 31052
43305 31053
43307 31054
43308 31055
43309 31056
43310 31057
43312 31058
43314 31059
43315 31060
43316 31061
43317 31062
43318 31063
43319 31064
43321 31065
43324 31066
43325 31067
43329 31068
43331 31069
43332 31070
43333 31071
43335 31072
43336 31073
43337 31074
43338 31075
43340 31076
43341 31077
43342 31078
43343 31079
43344 31080
43345 31081
43346 31082
43347 31083
43349 31084
43350 31085
43351 31086
43352 31087
43356 31088
43357 31089
43358 31090
43359 31091
43360 31092
43362 31093
43363 31094
43364 31095
43367 31096
43368 31097
43369 31098
43370 31099
43371 31100
43372 31101
43373 31102
43377 31103
43378 31104
43379 31105
43380 31106
43381 31107
43383 31108
43384 31109
43387 31110
43390 31111
43391 31112
43392 31113
43393 31114
43394 31115
43399 31116
43400 31117
43401 31118
43404 31119
43405 31120
43406 31121
43407 31122
43408 31123
43409 31124
43410 31125
43412 31126
43414 31127
43415 31128
43416 31129
43418 31130
43419 31131
43420 31132
43421 31133
43423 31134
43426 31135
43427 31136
43428 31137
43429 31138
43432 31139
43434 31140
43435 31141
43436 31142
43437 31143
43438 31144
43439 31145
43440 31146
43441 31147
43444 31148
43445 31149
43446 31150
43447 31151
43448 31152
43449 31153
43450 31154
43451 31155
43452 31156
43453 31157
43454 31158
43456 31159
43458 31160
43461 31161
43462 31162
43463 31163
43464 31164
43465 31165
43466 31166
43467 31167
43469 31168
43470 31169
43471 31170
43474 31171
43475 31172
43476 31173
43477 31174
43478 31175
43479 31176
43480 31177
43481 31178
43482 31179
43484 31180
43485 31181
43486 31182
43487 31183
43489 31184
43490 31185
43491 31186
43492 31187
43493 31188
43494 31189
43495 31190
43496 31191
43498 31192
43499 31193
43500 31194
43503 31195
43504 31196
43506 31197
43507 31198
43508 31199
43509 31200
43510 31201
43512 31202
43513 31203
43514 31204
43516 31205
43517 31206
43518 31207
43519 31208
43520 31209
43522 31210
43525 31211
43526 31212
43529 31213
43532 31214
43535 31215
43536 31216
43537 31217
43538 31218
43539 31219
43540 31220
43542 31221
43543 31222
43545 31223
43546 31224
43547 31225
43548 31226
43550 31227
43551 31228
43552 31229
43553 31230
43555 31231
43557 31232
43558 31233
43559 31234
43560 31235
43561 31236
43562 31237
43563 31238
43564 31239
43565 31240
43566 31241
43571 31242
43572 31243
43574 31244
43575 31245
43576 31246
43577 31247
43580 31248
43581 31249
43583 31250
43584 31251
43586 31252
43589 31253
43592 31254
43593 31255
43594 31256
43595 31257
43596 31258
43599 31259
43600 31260
43601 31261
43605 31262
43607 31263
43608 31264
43609 31265
43610 31266
43612 31267
43614 31268
43615 31269
43617 31270
43618 31271
43620 31272
43621 31273
43622 31274
43625 31275
43626 31276
43628 31277
43629 31278
43630 31279
43631 31280
43632 31281
43633 31282
43635 31283
43636 31284
43639 31285
43643 31286
43644 31287
43647 31288
43648 31289
43649 31290
43650 31291
43651 31292
43652 31293
43653 31294
43654 31295
43655 31296
43658 31297
43660 31298
43661 31299
43662 31300
43663 31301
43664 31302
43666 31303
43667 31304
43668 31305
43669 31306
43670 31307
43671 31308
43672 31309
43674 31310
43676 31311
43677 31312
43678 31313
43679 31314
43683 31315
43684 31316
43685 31317
43686 31318
43688 31319
43689 31320
43691 31321
43693 31322
43694 31323
43695 31324
43698 31325
43703 31326
43705 31327
43706 31328
43707 31329
43708 31330
43710 31331
43711 31332
43712 31333
43713 31334
43715 31335
43716 31336
43718 31337
43719 31338
43720 31339
43721 31340
43722 31341
43723 31342
43724 31343
43725 31344
43726 31345
43727 31346
43729 31347
43730 31348
43733 31349
43734 31350
43736 31351
43737 31352
43738 31353
43739 31354
43741 31355
43744 31356
43745 31357
43746 31358
43747 31359
43749 31360
43751 31361
43752 31362
43753 31363
43754 31364
43755 31365
43756 31366
43757 31367
43758 31368
43760 31369
43761 31370
43762 31371
43763 31372
43764 31373
43765 31374
43768 31375
43769 31376
43770 31377
43771 31378
43772 31379
43773 31380
43775 31381
43776 31382
43777 31383
43779 31384
43780 31385
43782 31386
43783 31387
43784 31388
43785 31389
43786 31390
43787 31391
43788 31392
43790 31393
43791 31394
43792 31395
43793 31396
43794 31397
43795 31398
43796 31399
43797 31400
43799 31401
43802 31402
43803 31403
43804 31404
43805 31405
43806 31406
43807 31407
43809 31408
43810 31409
43811 31410
43812 31411
43813 31412
43816 31413
43817 31414
43821 31415
43822 31416
43824 31417
43825 31418
43827 31419
43829 31420
43830 31421
43832 31422
43834 31423
43835 31424
43836 31425
43838 31426
43839 31427
43841 31428
43843 31429
43846 31430
43847 31431
43849 31432
43850 31433
43851 31434
43853 31435
43855 31436
43856 31437
43857 31438
43859 31439
43861 31440
43862 31441
43864 31442
43865 31443
43866 31444
43867 31445
43869 31446
43871 31447
43872 31448
43874 31449
43875 31450
43877 31451
43878 31452
43879 31453
43882 31454
43883 31455
43884 31456
43885 31457
43887 31458
43888 31459
43889 31460
43890 31461
43891 31462
43892 31463
43893 31464
43894 31465
43896 31466
43897 31467
43899 31468
43901 31469
43902 31470
43903 31471
43904 31472
43906 31473
43907 31474
43908 31475
43909 31476
43910 31477
43911 31478
43912 31479
43914 31480
43915 31481
43916 31482
43918 31483
43919 31484
43920 31485
43921 31486
43922 31487
43925 31488
43926 31489
43929 31490
43930 31491
43931 31492
43933 31493
43935 31494
43936 31495
43937 31496
43939 31497
43940 31498
43942 31499
43943 31500
43946 31501
43947 31502
43950 31503
43951 31504
43953 31505
43954 31506
43955 31507
43956 31508
43957 31509
43958 31510
43959 31511
43960 31512
43962 31513
43963 31514
43965 31515
43966 31516
43968 31517
43969 31518
43972 31519
43974 31520
43975 31521
43976 31522
43977 31523
43978 31524
43980 31525
43982 31526
43983 31527
43984 31528
43988 31529
43990 31530
43991 31531
43992 31532
43993 31533
43995 31534
43997 31535
43998 31536
43999 31537
44000 31538
44002 31539
44003 31540
44005 31541
44006 31542
44008 31543
44009 31544
44011 31545
44014 31546
44015 31547
44016 31548
44017 31549
44018 31550
44019 31551
44021 31552
44022 31553
44023 31554
44025 31555
44026 31556
44028 31557
44029 31558
44031 31559
44032 31560
44033 31561
44035 31562
44036 31563
44038 31564
44039 31565
44040 31566
44042 31567
44043 31568
44044 31569
44045 31570
44046 31571
44047 31572
44049 31573
44050 31574
44051 31575
44052 31576
44053 31577
44055 31578
44056 31579
44058 31580
44059 31581
44061 31582
44062 31583
44063 31584
44064 31585
44065 31586
44066 31587
44067 31588
44068 31589
44070 31590
44072 31591
44073 31592
44074 31593
44075 31594
44076 31595
44079 31596
44080 31597
44081 31598
44082 31599
44083 31600
44084 31601
44086 31602
44087 31603
44089 31604
44091 31605
44092 31606
44093 31607
44095 31608
44096 31609
44097 31610
44099 31611
44100 31612
44101 31613
44102 31614
44103 31615
44106 31616
44107 31617
44108 31618
44109 31619
44113 31620
44114 31621
44115 31622
44118 31623
44120 31624
44121 31625
44124 31626
44126 31627
44128 31628
44129 31629
44131 31630
44132 31631
44134 31632
44135 31633
44136 31634
44137 31635
44138 31636
44140 31637
44141 31638
44142 31639
44143 31640
44144 31641
44147 31642
44149 31643
44150 31644
44151 31645
44153 31646
44154 31647
44155 31648
44157 31649
44158 31650
44159 31651
44162 31652
44163 31653
44164 31654
44166 31655
44167 31656
44168 31657
44169 31658
44171 31659
44172 31660
44173 31661
44174 31662
44175 31663
44176 31664
44177 31665
44178 31666
44179 31667
44180 31668
44182 31669
44183 31670
44184 31671
44185 31672
44186 31673
44187 31674
44188 31675
44189 31676
44192 31677
44194 31678
44195 31679
44197 31680
44198 31681
44199 31682
44203 31683
44205 31684
44206 31685
44207 31686
44210 31687
44211 31688
44212 31689
44214 31690
44217 31691
44219 31692
44220 31693
44221 31694
44223 31695
44224 31696
44226 31697
44228 31698
44229 31699
44231 31700
44232 31701
44234 31702
44235 31703
44237 31704
44238 31705
44239 31706
44240 31707
44242 31708
44243 31709
44245 31710
44246 31711
44248 31712
44249 31713
44251 31714
44253 31715
44254 31716
44255 31717
44256 31718
44257 31719
44258 31720
44259 31721
44261 31722
44262 31723
44263 31724
44265 31725
44266 31726
44267 31727
44268 31728
44269 31729
44270 31730
44272 31731
44273 31732
44274 31733
44275 31734
44276 31735
44277 31736
44278 31737
44279 31738
44280 31739
44281 31740
44283 31741
44284 31742
44285 31743
44286 31744
44287 31745
44289 31746
44291 31747
44294 31748
44297 31749
44298 31750
44299 31751
44300 31752
44301 31753
44302 31754
44303 31755
44304 31756
44305 31757
44306 31758
44307 31759
44308 31760
44309 31761
44310 31762
44311 31763
44312 31764
44313 31765
44314 31766
44315 31767
44317 31768
44318 31769
44320 31770
44321 31771
44324 31772
44327 31773
44328 31774
44329 31775
44331 31776
44333 31777
44334 31778
44335 31779
44338 31780
44339 31781
44340 31782
44341 31783
44343 31784
44344 31785
44346 31786
44347 31787
44348 31788
44349 31789
44350 31790
44351 31791
44353 31792
44354 31793
44355 31794
44356 31795
44357 31796
44359 31797
44360 31798
44361 31799
44363 31800
44365 31801
44367 31802
44370 31803
44371 31804
44375 31805
44376 31806
44377 31807
44378 31808
44380 31809
44381 31810
44383 31811
44385 31812
44386 31813
44388 31814
44389 31815
44391 31816
44392 31817
44393 31818
44395 31819
44396 31820
44397 31821
44398 31822
44399 31823
44402 31824
44403 31825
44404 31826
44405 31827
44408 31828
44409 31829
44410 31830
44411 31831
44412 31832
44414 31833
44415 31834
44416 31835
44422 31836
44423 31837
44425 31838
44426 31839
44427 31840
44428 31841
44429 31842
44430 31843
44432 31844
44433 31845
44435 31846
44436 31847
44437 31848
44438 31849
44439 31850
44441 31851
44443 31852
44444 31853
44446 31854
44447 31855
44448 31856
44449 31857
44451 31858
44452 31859
44453 31860
44454 31861
44455 31862
44456 31863
44458 31864
44460 31865
44461 31866
44462 31867
44463 31868
44464 31869
44465 31870
44470 31871
44471 31872
44472 31873
44474 31874
44476 31875
44477 31876
44478 31877
44479 31878
44483 31879
44484 31880
44485 31881
44486 31882
44487 31883
44488 31884
44489 31885
44490 31886
44492 31887
44493 31888
44494 31889
44495 31890
44496 31891
44497 31892
44498 31893
44499 31894
44500 31895
44501 31896
44503 31897
44504 31898
44505 31899
44506 31900
44507 31901
44508 31902
44509 31903
44510 31904
44512 31905
44514 31906
44515 31907
44516 31908
44520 31909
44521 31910
44522 31911
44523 31912
44524 31913
44525 31914
44526 31915
44527 31916
44528 31917
44531 31918
44533 31919
44534 31920
44536 31921
44537 31922
44539 31923
44540 31924
44541 31925
44542 31926
44543 31927
44544 31928
44545 31929
44546 31930
44547 31931
44548 31932
44551 31933
44552 31934
44554 31935
44556 31936
44557 31937
44558 31938
44559 31939
44562 31940
44563 31941
44564 31942
44565 31943
44566 31944
44567 31945
44569 31946
44571 31947
44572 31948
44573 31949
44574 31950
44575 31951
44576 31952
44577 31953
44578 31954
44579 31955
44581 31956
44582 31957
44584 31958
44585 31959
44586 31960
44587 31961
44589 31962
44590 31963
44591 31964
44592 31965
44593 31966
44594 31967
44595 31968
44596 31969
44598 31970
44601 31971
44602 31972
44603 31973
44604 31974
44605 31975
44607 31976
44608 31977
44610 31978
44612 31979
44613 31980
44615 31981
44616 31982
44617 31983
44618 31984
44619 31985
44621 31986
44626 31987
44627 31988
44629 31989
44630 31990
44631 31991
44632 31992
44633 31993
44634 31994
44635 31995
44636 31996
44637 31997
44638 31998
44639 31999
44641 32000
44642 32001
44643 32002
44646 32003
44648 32004
44649 32005
44651 32006
44652 32007
44658 32008
44661 32009
44662 32010
44663 32011
44664 32012
44665 32013
44666 32014
44667 32015
44668 32016
44675 32017
44676 32018
44677 32019
44678 32020
44679 32021
44680 32022
44682 32023
44683 32024
44684 32025
44687 32026
44688 32027
44689 32028
44690 32029
44691 32030
44692 32031
44693 32032
44694 32033
44695 32034
44696 32035
44697 32036
44698 32037
44699 32038
44700 32039
44701 32040
44702 32041
44704 32042
44705 32043
44706 32044
44707 32045
44708 32046
44709 32047
44710 32048
44711 32049
44714 32050
44715 32051
44716 32052
44717 32053
44718 32054
44719 32055
44720 32056
44721 32057
44722 32058
44723 32059
44724 32060
44727 32061
44728 32062
44729 32063
44731 32064
44732 32065
44733 32066
44734 32067
44736 32068
44737 32069
44738 32070
44739 32071
44740 32072
44741 32073
44742 32074
44743 32075
44744 32076
44745 32077
44747 32078
44748 32079
44749 32080
44750 32081
44751 32082
44753 32083
44754 32084
44757 32085
44759 32086
44760 32087
44762 32088
44763 32089
44764 32090
44765 32091
44766 32092
44767 32093
44768 32094
44771 32095
44774 32096
44775 32097
44777 32098
44778 32099
44779 32100
44780 32101
44781 32102
44782 32103
44783 32104
44784 32105
44785 32106
44786 32107
44787 32108
44789 32109
44790 32110
44791 32111
44792 32112
44793 32113
44795 32114
44796 32115
44797 32116
44798 32117
44799 32118
44800 32119
44801 32120
44805 32121
44806 32122
44807 32123
44808 32124
44809 32125
44813 32126
44815 32127
44816 32128
44818 32129
44819 32130
44820 32131
44822 32132
44823 32133
44824 32134
44826 32135
44827 32136
44828 32137
44829 32138
44830 32139
44835 32140
44836 32141
44837 32142
44838 32143
44840 32144
44841 32145
44842 32146
44844 32147
44845 32148
44846 32149
44849 32150
44851 32151
44854 32152
44855 32153
44857 32154
44860 32155
44861 32156
44862 32157
44863 32158
44864 32159
44865 32160
44867 32161
44868 32162
44869 32163
44870 32164
44871 32165
44872 32166
44873 32167
44874 32168
44875 32169
44877 32170
44878 32171
44879 32172
44880 32173
44881 32174
44882 32175
44883 32176
44884 32177
44885 32178
44886 32179
44888 32180
44890 32181
44891 32182
44894 32183
44895 32184
44896 32185
44899 32186
44903 32187
44905 32188
44906 32189
44908 32190
44912 32191
44913 32192
44914 32193
44915 32194
44917 32195
44918 32196
44920 32197
44921 32198
44922 32199
44923 32200
44924 32201
44925 32202
44926 32203
44930 32204
44931 32205
44932 32206
44934 32207
44937 32208
44938 32209
44939 32210
44940 32211
44941 32212
44942 32213
44943 32214
44948 32215
44950 32216
44952 32217
44954 32218
44955 32219
44956 32220
44957 32221
44962 32222
44964 32223
44965 32224
44966 32225
44967 32226
44968 32227
44969 32228
44970 32229
44971 32230
44972 32231
44973 32232
44976 32233
44978 32234
44982 32235
44983 32236
44984 32237
44986 32238
44988 32239
44989 32240
44990 32241
44992 32242
44993 32243
44995 32244
44996 32245
44997 32246
44998 32247
45000 32248
45001 32249
45002 32250
45004 32251
45005 32252
45006 32253
45007 32254
45008 32255
45009 32256
45010 32257
45013 32258
45014 32259
45016 32260
45017 32261
45018 32262
45019 32263
45020 32264
45021 32265
45023 32266
45024 32267
45026 32268
45027 32269
45028 32270
45031 32271
45032 32272
45034 32273
45036 32274
45038 32275
45039 32276
45040 32277
45041 32278
45042 32279
45043 32280
45045 32281
45046 32282
45048 32283
45050 32284
45052 32285
45053 32286
45054 32287
45055 32288
45056 32289
45057 32290
45058 32291
45059 32292
45060 32293
45061 32294
45062 32295
45063 32296
45064 32297
45066 32298
45067 32299
45068 32300
45070 32301
45071 32302
45073 32303
45076 32304
45077 32305
45078 32306
45079 32307
45080 32308
45082 32309
45083 32310
45085 32311
45086 32312
45087 32313
45088 32314
45091 32315
45092 32316
45093 32317
45095 32318
45096 32319
45098 32320
45099 32321
45101 32322
45102 32323
45104 32324
45106 32325
45109 32326
45111 32327
45112 32328
45114 32329
45115 32330
45117 32331
45118 32332
45119 32333
45120 32334
45121 32335
45122 32336
45123 32337
45124 32338
45126 32339
45127 32340
45128 32341
45129 32342
45130 32343
45131 32344
45132 32345
45135 32346
45136 32347
45138 32348
45140 32349
45142 32350
45144 32351
45145 32352
45146 32353
45147 32354
45148 32355
45149 32356
45150 32357
45151 32358
45152 32359
45153 32360
45154 32361
45155 32362
45157 32363
45158 32364
45159 32365
45160 32366
45162 32367
45164 32368
45165 32369
45166 32370
45167 32371
45168 32372
45169 32373
45170 32374
45173 32375
45174 32376
45175 32377
45176 32378
45177 32379
45178 32380
45179 32381
45180 32382
45181 32383
45182 32384
45184 32385
45185 32386
45186 32387
45187 32388
45188 32389
45190 32390
45191 32391
45192 32392
45193 32393
45194 32394
45196 32395
45198 32396
45199 32397
45200 32398
45201 32399
45202 32400
45204 32401
45205 32402
45206 32403
45207 32404
45208 32405
45209 32406
45210 32407
45211 32408
45213 32409
45214 32410
45215 32411
45216 32412
45220 32413
45222 32414
45224 32415
45225 32416
45226 32417
45227 32418
45228 32419
45229 32420
45230 32421
45231 32422
45234 32423
45235 32424
45239 32425
45240 32426
45241 32427
45242 32428
45243 32429
45246 32430
45247 32431
45248 32432
45249 32433
45250 32434
45251 32435
45252 32436
45253 32437
45254 32438
45257 32439
45258 32440
45259 32441
45260 32442
45263 32443
45267 32444
45268 32445
45270 32446
45272 32447
45273 32448
45274 32449
45275 32450
45276 32451
45277 32452
45279 32453
45280 32454
45281 32455
45283 32456
45284 32457
45285 32458
45288 32459
45289 32460
45290 32461
45291 32462
45292 32463
45294 32464
45295 32465
45297 32466
45298 32467
45299 32468
45300 32469
45301 32470
45302 32471
45303 32472
45304 32473
45305 32474
45309 32475
45310 32476
45311 32477
45312 32478
45313 32479
45314 32480
45315 32481
45316 32482
45319 32483
45320 32484
45321 32485
45322 32486
45323 32487
45325 32488
45328 32489
45329 32490
45331 32491
45333 32492
45336 32493
45337 32494
45338 32495
45339 32496
45340 32497
45343 32498
45345 32499
45346 32500
45347 32501
45348 32502
45350 32503
45352 32504
45353 32505
45354 32506
45355 32507
45357 32508
45358 32509
45359 32510
45360 32511
45361 32512
45362 32513
45363 32514
45364 32515
45365 32516
45366 32517
45367 32518
45368 32519
45370 32520
45371 32521
45373 32522
45374 32523
45375 32524
45376 32525
45377 32526
45380 32527
45382 32528
45384 32529
45385 32530
45386 32531
45388 32532
45389 32533
45390 32534
45391 32535
45392 32536
45394 32537
45395 32538
45396 32539
45397 32540
45400 32541
45401 32542
45405 32543
45406 32544
45408 32545
45409 32546
45410 32547
45411 32548
45413 32549
45414 32550
45415 32551
45416 32552
45418 32553
45420 32554
45421 32555
45422 32556
45423 32557
45424 32558
45425 32559
45428 32560
45430 32561
45431 32562
45432 32563
45434 32564
45435 32565
45437 32566
45438 32567
45439 32568
45441 32569
45442 32570
45443 32571
45445 32572
45446 32573
45447 32574
45448 32575
45449 32576
45450 32577
45452 32578
45454 32579
45458 32580
45459 32581
45460 32582
45461 32583
45462 32584
45463 32585
45464 32586
45465 32587
45467 32588
45468 32589
45470 32590
45471 32591
45474 32592
45477 32593
45478 32594
45479 32595
45480 32596
45481 32597
45482 32598
45483 32599
45485 32600
45486 32601
45487 32602
45488 32603
45489 32604
45490 32605
45491 32606
45492 32607
45493 32608
45495 32609
45496 32610
45497 32611
45498 32612
45499 32613
45500 32614
45501 32615
45502 32616
45504 32617
45505 32618
45506 32619
45507 32620
45508 32621
45509 32622
45513 32623
45515 32624
45517 32625
45518 32626
45519 32627
45520 32628
45521 32629
45522 32630
45523 32631
45525 32632
45526 32633
45527 32634
45528 32635
45530 32636
45531 32637
45532 32638
45533 32639
45534 32640
45535 32641
45536 32642
45537 32643
45538 32644
45539 32645
45540 32646
45542 32647
45543 32648
45544 32649
45545 32650
45546 32651
45548 32652
45549 32653
45550 32654
45551 32655
45552 32656
45553 32657
45554 32658
45555 32659
45556 32660
45557 32661
45558 32662
45559 32663
45562 32664
45563 32665
45564 32666
45566 32667
45567 32668
45568 32669
45569 32670
45571 32671
45572 32672
45573 32673
45575 32674
45577 32675
45578 32676
45579 32677
45580 32678
45581 32679
45582 32680
45584 32681
45585 32682
45586 32683
45588 32684
45589 32685
45590 32686
45591 32687
45592 32688
45593 32689
45595 32690
45596 32691
45598 32692
45599 32693
45600 32694
45601 32695
45602 32696
45603 32697
45604 32698
45605 32699
45606 32700
45607 32701
45609 32702
45610 32703
45611 32704
45612 32705
45615 32706
45616 32707
45617 32708
45618 32709
45620 32710
45621 32711
45622 32712
45623 32713
45624 32714
45626 32715
45627 32716
45628 32717
45629 32718
45630 32719
45631 32720
45634 32721
45635 32722
45636 32723
45637 32724
45638 32725
45639 32726
45640 32727
45641 32728
45643 32729
45644 32730
45645 32731
45646 32732
45647 32733
45653 32734
45654 32735
45656 32736
45659 32737
45661 32738
45662 32739
45663 32740
45664 32741
45665 32742
45668 32743
45669 32744
45671 32745
45672 32746
45673 32747
45674 32748
45675 32749
45676 32750
45678 32751
45679 32752
45680 32753
45682 32754
45683 32755
45685 32756
45686 32757
45687 32758
45689 32759
45690 32760
45691 32761
45693 32762
45696 32763
45697 32764
45698 32765
45699 32766
45700 32767
45701 32768
45702 32769
45704 32770
45705 32771
45706 32772
45707 32773
45708 32774
45712 32775
45713 32776
45714 32777
45715 32778
45716 32779
45718 32780
45719 32781
45720 32782
45721 32783
45722 32784
45724 32785
45725 32786
45728 32787
45729 32788
45734 32789
45737 32790
45738 32791
45739 32792
45740 32793
45743 32794
45744 32795
45745 32796
45746 32797
45748 32798
45750 32799
45752 32800
45753 32801
45755 32802
45756 32803
45757 32804
45758 32805
45759 32806
45760 32807
45762 32808
45763 32809
45764 32810
45765 32811
45767 32812
45769 32813
45770 32814
45771 32815
45772 32816
45774 32817
45775 32818
45776 32819
45777 32820
45779 32821
45780 32822
45781 32823
45783 32824
45784 32825
45785 32826
45786 32827
45788 32828
45789 32829
45790 32830
45791 32831
45792 32832
45794 32833
45795 32834
45797 32835
45799 32836
45800 32837
45802 32838
45803 32839
45805 32840
45806 32841
45807 32842
45808 32843
45809 32844
45810 32845
45813 32846
45814 32847
45815 32848
45817 32849
45818 32850
45819 32851
45820 32852
45822 32853
45823 32854
45825 32855
45826 32856
45828 32857
45829 32858
45831 32859
45832 32860
45833 32861
45834 32862
45835 32863
45837 32864
45839 32865
45841 32866
45844 32867
45845 32868
45846 32869
45848 32870
45849 32871
45851 32872
45852 32873
45853 32874
45854 32875
45855 32876
45856 32877
45857 32878
45858 32879
45860 32880
45862 32881
45863 32882
45864 32883
45865 32884
45867 32885
45868 32886
45869 32887
45870 32888
45872 32889
45874 32890
45875 32891
45876 32892
45878 32893
45879 32894
45881 32895
45882 32896
45883 32897
45887 32898
45888 32899
45889 32900
45892 32901
45893 32902
45894 32903
45895 32904
45896 32905
45897 32906
45898 32907
45899 32908
45900 32909
45901 32910
45903 32911
45904 32912
45906 32913
45907 32914
45908 32915
45909 32916
45912 32917
45913 32918
45914 32919
45915 32920
45916 32921
45917 32922
45918 32923
45920 32924
45921 32925
45922 32926
45923 32927
45924 32928
45925 32929
45926 32930
45927 32931
45928 32932
45930 32933
45936 32934
45937 32935
45938 32936
45939 32937
45940 32938
45941 32939
45942 32940
45944 32941
45945 32942
45947 32943
45948 32944
45949 32945
45950 32946
45951 32947
45952 32948
45953 32949
45954 32950
45955 32951
45956 32952
45958 32953
45959 32954
45961 32955
45962 32956
45963 32957
45964 32958
45965 32959
45967 32960
45968 32961
45969 32962
45970 32963
45971 32964
45972 32965
45975 32966
45976 32967
45977 32968
45980 32969
45981 32970
45982 32971
45984 32972
45985 32973
45986 32974
45987 32975
45988 32976
45990 32977
45991 32978
45993 32979
45994 32980
45998 32981
45999 32982
46000 32983
46001 32984
46002 32985
46003 32986
46004 32987
46005 32988
46008 32989
46009 32990
46010 32991
46011 32992
46012 32993
46013 32994
46014 32995
46016 32996
46017 32997
46018 32998
46019 32999
46020 33000
46021 33001
46022 33002
46024 33003
46025 33004
46026 33005
46027 33006
46029 33007
46030 33008
46031 33009
46034 33010
46035 33011
46037 33012
46038 33013
46040 33014
46041 33015
46042 33016
46045 33017
46046 33018
46047 33019
46048 33020
46049 33021
46051 33022
46052 33023
46053 33024
46054 33025
46055 33026
46056 33027
46057 33028
46058 33029
46059 33030
46060 33031
46061 33032
46062 33033
46063 33034
46064 33035
46065 33036
46066 33037
46067 33038
46068 33039
46069 33040
46070 33041
46072 33042
46073 33043
46074 33044
46075 33045
46076 33046
46077 33047
46078 33048
46079 33049
46080 33050
46081 33051
46082 33052
46084 33053
46085 33054
46086 33055
46089 33056
46091 33057
46093 33058
46094 33059
46095 33060
46096 33061
46097 33062
46100 33063
46101 33064
46102 33065
46103 33066
46104 33067
46106 33068
46107 33069
46108 33070
46109 33071
46110 33072
46111 33073
46112 33074
46113 33075
46114 33076
46116 33077
46118 33078
46120 33079
46121 33080
46122 33081
46125 33082
46126 33083
46127 33084
46129 33085
46131 33086
46132 33087
46133 33088
46134 33089
46135 33090
46136 33091
46137 33092
46138 33093
46140 33094
46141 33095
46142 33096
46145 33097
46147 33098
46148 33099
46151 33100
46152 33101
46154 33102
46155 33103
46156 33104
46157 33105
46158 33106
46159 33107
46160 33108
46161 33109
46162 33110
46164 33111
46168 33112
46170 33113
46171 33114
46173 33115
46174 33116
46175 33117
46179 33118
46180 33119
46182 33120
46183 33121
46184 33122
46185 33123
46187 33124
46188 33125
46190 33126
46192 33127
46193 33128
46194 33129
46195 33130
46196 33131
46197 33132
46198 33133
46199 33134
46200 33135
46201 33136
46202 33137
46203 33138
46206 33139
46208 33140
46212 33141
46213 33142
46214 33143
46216 33144
46218 33145
46219 33146
46220 33147
46221 33148
46223 33149
46224 33150
46225 33151
46229 33152
46231 33153
46235 33154
46237 33155
46239 33156
46240 33157
46241 33158
46243 33159
46245 33160
46248 33161
46249 33162
46251 33163
46253 33164
46255 33165
46256 33166
46258 33167
46260 33168
46261 33169
46262 33170
46264 33171
46267 33172
46268 33173
46270 33174
46271 33175
46272 33176
46273 33177
46274 33178
46275 33179
46277 33180
46278 33181
46279 33182
46280 33183
46282 33184
46283 33185
46287 33186
46288 33187
46289 33188
46290 33189
46292 33190
46294 33191
46295 33192
46296 33193
46297 33194
46298 33195
46299 33196
46300 33197
46301 33198
46307 33199
46309 33200
46311 33201
46314 33202
46315 33203
46316 33204
46317 33205
46318 33206
46319 33207
46320 33208
46321 33209
46322 33210
46327 33211
46329 33212
46331 33213
46332 33214
46334 33215
46335 33216
46336 33217
46337 33218
46340 33219
46341 33220
46342 33221
46343 33222
46344 33223
46345 33224
46346 33225
46348 33226
46349 33227
46350 33228
46352 33229
46355 33230
46357 33231
46358 33232
46359 33233
46360 33234
46362 33235
46363 33236
46364 33237
46365 33238
46366 33239
46367 33240
46368 33241
46369 33242
46370 33243
46373 33244
46374 33245
46375 33246
46378 33247
46379 33248
46382 33249
46384 33250
46386 33251
46387 33252
46388 33253
46389 33254
46390 33255
46392 33256
46393 33257
46394 33258
46396 33259
46397 33260
46398 33261
46399 33262
46400 33263
46401 33264
46403 33265
46406 33266
46407 33267
46408 33268
46410 33269
46412 33270
46413 33271
46414 33272
46416 33273
46417 33274
46419 33275
46422 33276
46423 33277
46424 33278
46425 33279
46426 33280
46428 33281
46430 33282
46431 33283
46432 33284
46434 33285
46435 33286
46436 33287
46437 33288
46438 33289
46440 33290
46442 33291
46443 33292
46444 33293
46445 33294
46447 33295
46448 33296
46449 33297
46450 33298
46452 33299
46453 33300
46454 33301
46455 33302
46456 33303
46457 33304
46459 33305
46465 33306
46469 33307
46471 33308
46474 33309
46475 33310
46476 33311
46477 33312
46478 33313
46479 33314
46480 33315
46481 33316
46482 33317
46483 33318
46484 33319
46485 33320
46487 33321
46489 33322
46490 33323
46492 33324
46494 33325
46496 33326
46497 33327
46499 33328
46500 33329
46501 33330
46504 33331
46506 33332
46508 33333
46509 33334
46510 33335
46511 33336
46516 33337
46518 33338
46519 33339
46520 33340
46522 33341
46523 33342
46524 33343
46525 33344
46526 33345
46527 33346
46529 33347
46531 33348
46532 33349
46533 33350
46534 33351
46537 33352
46538 33353
46540 33354
46541 33355
46542 33356
46544 33357
46545 33358
46546 33359
46548 33360
46549 33361
46550 33362
46552 33363
46553 33364
46554 33365
46556 33366
46558 33367
46559 33368
46562 33369
46563 33370
46564 33371
46566 33372
46567 33373
46569 33374
46573 33375
46574 33376
46577 33377
46578 33378
46580 33379
46581 33380
46583 33381
46584 33382
46589 33383
46590 33384
46591 33385
46593 33386
46594 33387
46596 33388
46597 33389
46598 33390
46600 33391
46601 33392
46602 33393
46603 33394
46604 33395
46605 33396
46606 33397
46609 33398
46610 33399
46612 33400
46613 33401
46616 33402
46618 33403
46619 33404
46620 33405
46621 33406
46622 33407
46623 33408
46624 33409
46626 33410
46628 33411
46629 33412
46631 33413
46635 33414
46636 33415
46637 33416
46638 33417
46639 33418
46640 33419
46641 33420
46642 33421
46643 33422
46644 33423
46645 33424
46646 33425
46648 33426
46650 33427
46652 33428
46653 33429
46655 33430
46657 33431
46659 33432
46662 33433
46663 33434
46664 33435
46665 33436
46666 33437
46669 33438
46670 33439
46671 33440
46672 33441
46673 33442
46674 33443
46675 33444
46678 33445
46679 33446
46680 33447
46682 33448
46683 33449
46684 33450
46685 33451
46687 33452
46689 33453
46690 33454
46692 33455
46695 33456
46696 33457
46697 33458
46699 33459
46700 33460
46701 33461
46702 33462
46704 33463
46705 33464
46708 33465
46709 33466
46711 33467
46712 33468
46714 33469
46715 33470
46717 33471
46718 33472
46719 33473
46720 33474
46721 33475
46724 33476
46726 33477
46727 33478
46729 33479
46730 33480
46731 33481
46732 33482
46733 33483
46734 33484
46735 33485
46737 33486
46738 33487
46739 33488
46740 33489
46741 33490
46742 33491
46743 33492
46745 33493
46746 33494
46747 33495
46748 33496
46749 33497
46750 33498
46751 33499
46752 33500
46753 33501
46754 33502
46756 33503
46757 33504
46758 33505
46759 33506
46760 33507
46762 33508
46763 33509
46764 33510
46765 33511
46766 33512
46767 33513
46768 33514
46769 33515
46770 33516
46773 33517
46775 33518
46776 33519
46778 33520
46779 33521
46780 33522
46781 33523
46783 33524
46785 33525
46788 33526
46789 33527
46790 33528
46791 33529
46792 33530
46794 33531
46795 33532
46796 33533
46797 33534
46798 33535
46799 33536
46800 33537
46801 33538
46802 33539
46803 33540
46806 33541
46807 33542
46808 33543
46809 33544
46810 33545
46811 33546
46813 33547
46814 33548
46815 33549
46820 33550
46821 33551
46823 33552
46824 33553
46825 33554
46827 33555
46831 33556
46832 33557
46833 33558
46834 33559
46836 33560
46837 33561
46838 33562
46839 33563
46840 33564
46842 33565
46843 33566
46845 33567
46846 33568
46847 33569
46848 33570
46849 33571
46850 33572
46851 33573
46852 33574
46853 33575
46854 33576
46856 33577
46858 33578
46859 33579
46860 33580
46861 33581
46862 33582
46863 33583
46864 33584
46866 33585
46867 33586
46868 33587
46870 33588
46871 33589
46872 33590
46873 33591
46874 33592
46875 33593
46879 33594
46881 33595
46882 33596
46886 33597
46887 33598
46888 33599
46891 33600
46892 33601
46893 33602
46894 33603
46895 33604
46896 33605
46898 33606
46901 33607
46902 33608
46903 33609
46904 33610
46905 33611
46906 33612
46907 33613
46908 33614
46909 33615
46911 33616
46913 33617
46914 33618
46917 33619
46918 33620
46920 33621
46921 33622
46923 33623
46924 33624
46925 33625
46926 33626
46928 33627
46929 33628
46932 33629
46934 33630
46935 33631
46936 33632
46938 33633
46940 33634
46942 33635
46944 33636
46945 33637
46946 33638
46947 33639
46948 33640
46949 33641
46951 33642
46953 33643
46954 33644
46955 33645
46957 33646
46958 33647
46959 33648
46960 33649
46961 33650
46962 33651
46964 33652
46967 33653
46968 33654
46969 33655
46970 33656
46971 33657
46972 33658
46973 33659
46974 33660
46975 33661
46976 33662
46978 33663
46981 33664
46982 33665
46983 33666
46984 33667
46986 33668
46987 33669
46988 33670
46989 33671
46990 33672
46991 33673
46993 33674
46994 33675
46996 33676
47004 33677
47005 33678
47009 33679
47010 33680
47011 33681
47012 33682
47013 33683
47014 33684
47015 33685
47016 33686
47017 33687
47019 33688
47020 33689
47021 33690
47022 33691
47023 33692
47024 33693
47025 33694
47027 33695
47028 33696
47029 33697
47030 33698
47031 33699
47032 33700
47034 33701
47035 33702
47036 33703
47037 33704
47038 33705
47039 33706
47040 33707
47042 33708
47044 33709
47046 33710
47048 33711
47049 33712
47051 33713
47052 33714
47054 33715
47055 33716
47057 33717
47060 33718
47063 33719
47064 33720
47065 33721
47067 33722
47068 33723
47069 33724
47070 33725
47071 33726
47072 33727
47073 33728
47074 33729
47075 33730
47076 33731
47077 33732
47078 33733
47080 33734
47083 33735
47086 33736
47087 33737
47089 33738
47092 33739
47093 33740
47097 33741
47098 33742
47100 33743
47101 33744
47102 33745
47103 33746
47104 33747
47106 33748
47111 33749
47113 33750
47116 33751
47122 33752
47123 33753
47124 33754
47125 33755
47126 33756
47127 33757
47129 33758
47130 33759
47132 33760
47133 33761
47134 33762
47135 33763
47136 33764
47137 33765
47139 33766
47140 33767
47141 33768
47142 33769
47143 33770
47144 33771
47145 33772
47146 33773
47149 33774
47150 33775
47151 33776
47152 33777
47154 33778
47155 33779
47156 33780
47157 33781
47159 33782
47160 33783
47161 33784
47162 33785
47164 33786
47165 33787
47168 33788
47169 33789
47171 33790
47172 33791
47173 33792
47174 33793
47175 33794
47176 33795
47181 33796
47182 33797
47183 33798
47184 33799
47185 33800
47186 33801
47188 33802
47189 33803
47191 33804
47192 33805
47193 33806
47194 33807
47195 33808
47197 33809
47199 33810
47200 33811
47201 33812
47203 33813
47204 33814
47205 33815
47207 33816
47208 33817
47209 33818
47210 33819
47211 33820
47212 33821
47213 33822
47216 33823
47217 33824
47218 33825
47219 33826
47220 33827
47222 33828
47224 33829
47226 33830
47227 33831
47228 33832
47229 33833
47230 33834
47231 33835
47232 33836
47234 33837
47235 33838
47236 33839
47238 33840
47239 33841
47241 33842
47242 33843
47244 33844
47245 33845
47247 33846
47248 33847
47249 33848
47250 33849
47252 33850
47253 33851
47254 33852
47255 33853
47256 33854
47257 33855
47258 33856
47260 33857
47262 33858
47263 33859
47264 33860
47265 33861
47266 33862
47267 33863
47268 33864
47269 33865
47271 33866
47272 33867
47273 33868
47275 33869
47278 33870
47279 33871
47280 33872
47281 33873
47282 33874
47283 33875
47284 33876
47285 33877
47286 33878
47287 33879
47288 33880
47290 33881
47292 33882
47293 33883
47294 33884
47295 33885
47296 33886
47297 33887
47298 33888
47299 33889
47300 33890
47301 33891
47302 33892
47303 33893
47304 33894
47307 33895
47308 33896
47309 33897
47311 33898
47314 33899
47316 33900
47319 33901
47321 33902
47322 33903
47323 33904
47324 33905
47326 33906
47327 33907
47331 33908
47333 33909
47334 33910
47336 33911
47338 33912
47339 33913
47340 33914
47344 33915
47346 33916
47347 33917
47349 33918
47350 33919
47352 33920
47353 33921
47354 33922
47357 33923
47358 33924
47360 33925
47361 33926
47362 33927
47363 33928
47364 33929
47365 33930
47367 33931
47369 33932
47370 33933
47373 33934
47377 33935
47379 33936
47380 33937
47381 33938
47382 33939
47383 33940
47384 33941
47386 33942
47387 33943
47388 33944
47390 33945
47392 33946
47393 33947
47394 33948
47395 33949
47396 33950
47398 33951
47399 33952
47400 33953
47401 33954
47402 33955
47405 33956
47406 33957
47407 33958
47409 33959
47411 33960
47412 33961
47413 33962
47414 33963
47415 33964
47416 33965
47417 33966
47418 33967
47419 33968
47420 33969
47421 33970
47422 33971
47425 33972
47427 33973
47428 33974
47429 33975
47431 33976
47432 33977
47433 33978
47434 33979
47437 33980
47438 33981
47439 33982
47440 33983
47442 33984
47443 33985
47444 33986
47446 33987
47447 33988
47448 33989
47449 33990
47450 33991
47452 33992
47453 33993
47454 33994
47455 33995
47458 33996
47459 33997
47461 33998
47462 33999
47463 34000
47464 34001
47465 34002
47466 34003
47467 34004
47469 34005
47471 34006
47472 34007
47474 34008
47475 34009
47476 34010
47477 34011
47478 34012
47479 34013
47480 34014
47482 34015
47483 34016
47485 34017
47486 34018
47487 34019
47489 34020
47490 34021
47491 34022
47492 34023
47493 34024
47494 34025
47495 34026
47496 34027
47497 34028
47498 34029
47499 34030
47500 34031
47501 34032
47502 34033
47503 34034
47504 34035
47505 34036
47507 34037
47508 34038
47509 34039
47510 34040
47512 34041
47514 34042
47515 34043
47516 34044
47517 34045
47519 34046
47520 34047
47522 34048
47523 34049
47524 34050
47525 34051
47527 34052
47528 34053
47529 34054
47530 34055
47531 34056
47534 34057
47535 34058
47536 34059
47537 34060
47538 34061
47540 34062
47541 34063
47542 34064
47543 34065
47544 34066
47546 34067
47547 34068
47549 34069
47550 34070
47552 34071
47553 34072
47554 34073
47555 34074
47559 34075
47560 34076
47561 34077
47563 34078
47564 34079
47565 34080
47566 34081
47567 34082
47568 34083
47569 34084
47570 34085
47571 34086
47573 34087
47574 34088
47575 34089
47577 34090
47578 34091
47579 34092
47580 34093
47582 34094
47584 34095
47587 34096
47588 34097
47589 34098
47590 34099
47591 34100
47593 34101
47594 34102
47595 34103
47597 34104
47599 34105
47600 34106
47602 34107
47603 34108
47604 34109
47606 34110
47607 34111
47608 34112
47609 34113
47610 34114
47611 34115
47612 34116
47614 34117
47616 34118
47617 34119
47618 34120
47621 34121
47622 34122
47623 34123
47624 34124
47626 34125
47627 34126
47628 34127
47629 34128
47631 34129
47632 34130
47634 34131
47635 34132
47636 34133
47637 34134
47640 34135
47641 34136
47643 34137
47644 34138
47646 34139
47647 34140
47648 34141
47649 34142
47651 34143
47652 34144
47653 34145
47654 34146
47655 34147
47657 34148
47659 34149
47661 34150
47663 34151
47664 34152
47665 34153
47666 34154
47667 34155
47668 34156
47670 34157
47672 34158
47673 34159
47674 34160
47677 34161
47678 34162
47680 34163
47681 34164
47684 34165
47687 34166
47689 34167
47693 34168
47694 34169
47696 34170
47698 34171
47699 34172
47701 34173
47702 34174
47703 34175
47704 34176
47705 34177
47706 34178
47707 34179
47708 34180
47709 34181
47710 34182
47711 34183
47712 34184
47713 34185
47714 34186
47717 34187
47718 34188
47720 34189
47721 34190
47722 34191
47724 34192
47725 34193
47726 34194
47729 34195
47730 34196
47734 34197
47735 34198
47736 34199
47737 34200
47739 34201
47740 34202
47741 34203
47742 34204
47743 34205
47744 34206
47746 34207
47747 34208
47748 34209
47749 34210
47750 34211
47751 34212
47752 34213
47754 34214
47755 34215
47756 34216
47757 34217
47758 34218
47759 34219
47760 34220
47761 34221
47762 34222
47763 34223
47764 34224
47765 34225
47768 34226
47769 34227
47770 34228
47772 34229
47774 34230
47775 34231
47779 34232
47780 34233
47781 34234
47782 34235
47783 34236
47784 34237
47785 34238
47787 34239
47790 34240
47791 34241
47793 34242
47794 34243
47797 34244
47798 34245
47800 34246
47801 34247
47802 34248
47803 34249
47804 34250
47805 34251
47806 34252
47807 34253
47809 34254
47812 34255
47813 34256
47814 34257
47815 34258
47816 34259
47817 34260
47818 34261
47819 34262
47820 34263
47821 34264
47822 34265
47823 34266
47824 34267
47825 34268
47826 34269
47827 34270
47829 34271
47830 34272
47831 34273
47832 34274
47835 34275
47841 34276
47842 34277
47843 34278
47845 34279
47846 34280
47847 34281
47849 34282
47850 34283
47852 34284
47853 34285
47854 34286
47856 34287
47857 34288
47859 34289
47860 34290
47861 34291
47862 34292
47864 34293
47865 34294
47866 34295
47867 34296
47868 34297
47869 34298
47870 34299
47871 34300
47872 34301
47874 34302
47876 34303
47877 34304
47878 34305
47879 34306
47881 34307
47882 34308
47883 34309
47885 34310
47886 34311
47887 34312
47888 34313
47889 34314
47891 34315
47893 34316
47896 34317
47897 34318
47899 34319
47900 34320
47901 34321
47904 34322
47905 34323
47906 34324
47908 34325
47909 34326
47910 34327
47912 34328
47914 34329
47917 34330
47919 34331
47920 34332
47921 34333
47923 34334
47925 34335
47926 34336
47927 34337
47930 34338
47931 34339
47933 34340
47936 34341
47937 34342
47939 34343
47940 34344
47941 34345
47942 34346
47943 34347
47945 34348
47946 34349
47947 34350
47949 34351
47951 34352
47952 34353
47953 34354
47955 34355
47958 34356
47959 34357
47960 34358
47961 34359
47963 34360
47965 34361
47969 34362
47970 34363
47974 34364
47975 34365
47978 34366
47979 34367
47980 34368
47981 34369
47984 34370
47987 34371
47991 34372
47993 34373
47995 34374
47996 34375
47997 34376
48000 34377
48001 34378
48002 34379
48003 34380
48007 34381
48008 34382
48009 34383
48011 34384
48012 34385
48013 34386
48014 34387
48015 34388
48016 34389
48018 34390
48019 34391
48020 34392
48021 34393
48023 34394
48025 34395
48026 34396
48027 34397
48028 34398
48029 34399
48030 34400
48035 34401
48036 34402
48037 34403
48040 34404
48041 34405
48042 34406
48043 34407
48044 34408
48045 34409
48046 34410
48047 34411
48048 34412
48049 34413
48051 34414
48052 34415
48053 34416
48056 34417
48057 34418
48058 34419
48059 34420
48060 34421
48061 34422
48064 34423
48065 34424
48068 34425
48069 34426
48071 34427
48072 34428
48074 34429
48077 34430
48078 34431
48079 34432
48084 34433
48085 34434
48086 34435
48087 34436
48088 34437
48089 34438
48091 34439
48092 34440
48094 34441
48101 34442
48102 34443
48103 34444
48104 34445
48105 34446
48109 34447
48110 34448
48111 34449
48112 34450
48113 34451
48114 34452
48115 34453
48116 34454
48117 34455
48118 34456
48121 34457
48124 34458
48125 34459
48127 34460
48128 34461
48129 34462
48131 34463
48132 34464
48133 34465
48134 34466
48135 34467
48136 34468
48137 34469
48138 34470
48139 34471
48140 34472
48141 34473
48143 34474
48144 34475
48145 34476
48146 34477
48148 34478
48149 34479
48151 34480
48152 34481
48153 34482
48155 34483
48157 34484
48159 34485
48160 34486
48162 34487
48163 34488
48165 34489
48166 34490
48167 34491
48168 34492
48170 34493
48171 34494
48172 34495
48173 34496
48174 34497
48175 34498
48177 34499
48178 34500
48179 34501
48180 34502
48183 34503
48184 34504
48187 34505
48188 34506
48190 34507
48191 34508
48193 34509
48194 34510
48195 34511
48196 34512
48197 34513
48198 34514
48199 34515
48200 34516
48201 34517
48203 34518
48206 34519
48207 34520
48209 34521
48210 34522
48211 34523
48213 34524
48214 34525
48215 34526
48217 34527
48218 34528
48219 34529
48220 34530
48221 34531
48222 34532
48223 34533
48224 34534
48225 34535
48226 34536
48228 34537
48229 34538
48230 34539
48231 34540
48232 34541
48233 34542
48234 34543
48236 34544
48237 34545
48241 34546
48242 34547
48243 34548
48244 34549
48245 34550
48247 34551
48248 34552
48250 34553
48251 34554
48252 34555
48253 34556
48254 34557
48255 34558
48258 34559
48259 34560
48260 34561
48262 34562
48265 34563
48267 34564
48268 34565
48269 34566
48270 34567
48271 34568
48273 34569
48274 34570
48275 34571
48277 34572
48278 34573
48279 34574
48280 34575
48281 34576
48282 34577
48283 34578
48284 34579
48285 34580
48288 34581
48289 34582
48290 34583
48291 34584
48292 34585
48293 34586
48294 34587
48296 34588
48298 34589
48299 34590
48300 34591
48301 34592
48302 34593
48303 34594
48304 34595
48305 34596
48309 34597
48310 34598
48311 34599
48312 34600
48313 34601
48315 34602
48317 34603
48319 34604
48320 34605
48321 34606
48322 34607
48323 34608
48326 34609
48327 34610
48331 34611
48332 34612
48333 34613
48335 34614
48336 34615
48337 34616
48338 34617
48339 34618
48340 34619
48341 34620
48342 34621
48343 34622
48344 34623
48346 34624
48347 34625
48348 34626
48349 34627
48351 34628
48352 34629
48354 34630
48355 34631
48356 34632
48357 34633
48359 34634
48361 34635
48365 34636
48366 34637
48367 34638
48368 34639
48369 34640
48370 34641
48371 34642
48372 34643
48374 34644
48375 34645
48376 34646
48377 34647
48378 34648
48379 34649
48380 34650
48383 34651
48385 34652
48387 34653
48388 34654
48389 34655
48392 34656
48394 34657
48395 34658
48396 34659
48397 34660
48399 34661
48400 34662
48401 34663
48402 34664
48403 34665
48405 34666
48408 34667
48409 34668
48410 34669
48411 34670
48412 34671
48414 34672
48415 34673
48416 34674
48417 34675
48418 34676
48419 34677
48421 34678
48422 34679
48424 34680
48426 34681
48428 34682
48429 34683
48430 34684
48431 34685
48432 34686
48435 34687
48438 34688
48439 34689
48440 34690
48441 34691
48443 34692
48444 34693
48445 34694
48446 34695
48447 34696
48448 34697
48449 34698
48451 34699
48453 34700
48454 34701
48456 34702
48458 34703
48459 34704
48461 34705
48462 34706
48463 34707
48465 34708
48466 34709
48468 34710
48471 34711
48472 34712
48474 34713
48476 34714
48477 34715
48479 34716
48480 34717
48481 34718
48483 34719
48484 34720
48485 34721
48486 34722
48487 34723
48488 34724
48489 34725
48491 34726
48492 34727
48493 34728
48495 34729
48497 34730
48500 34731
48501 34732
48503 34733
48504 34734
48505 34735
48506 34736
48508 34737
48509 34738
48510 34739
48511 34740
48512 34741
48513 34742
48514 34743
48516 34744
48518 34745
48519 34746
48520 34747
48521 34748
48522 34749
48523 34750
48525 34751
48526 34752
48527 34753
48529 34754
48530 34755
48532 34756
48533 34757
48534 34758
48535 34759
48536 34760
48538 34761
48539 34762
48540 34763
48543 34764
48545 34765
48546 34766
48548 34767
48549 34768
48550 34769
48553 34770
48554 34771
48555 34772
48556 34773
48557 34774
48558 34775
48559 34776
48560 34777
48564 34778
48565 34779
48569 34780
48570 34781
48571 34782
48572 34783
48573 34784
48575 34785
48577 34786
48579 34787
48580 34788
48581 34789
48582 34790
48583 34791
48584 34792
48585 34793
48587 34794
48588 34795
48589 34796
48590 34797
48593 34798
48594 34799
48595 34800
48596 34801
48598 34802
48599 34803
48600 34804
48602 34805
48603 34806
48606 34807
48608 34808
48609 34809
48610 34810
48611 34811
48612 34812
48613 34813
48615 34814
48616 34815
48619 34816
48620 34817
48622 34818
48625 34819
48626 34820
48628 34821
48629 34822
48631 34823
48633 34824
48634 34825
48635 34826
48636 34827
48638 34828
48641 34829
48642 34830
48643 34831
48646 34832
48647 34833
48648 34834
48649 34835
48650 34836
48651 34837
48652 34838
48654 34839
48655 34840
48656 34841
48657 34842
48658 34843
48659 34844
48660 34845
48661 34846
48663 34847
48664 34848
48665 34849
48666 34850
48667 34851
48668 34852
48670 34853
48671 34854
48673 34855
48676 34856
48682 34857
48683 34858
48685 34859
48686 34860
48687 34861
48690 34862
48691 34863
48693 34864
48694 34865
48696 34866
48697 34867
48698 34868
48700 34869
48701 34870
48703 34871
48704 34872
48708 34873
48709 34874
48711 34875
48712 34876
48713 34877
48714 34878
48715 34879
48716 34880
48717 34881
48718 34882
48720 34883
48721 34884
48722 34885
48725 34886
48726 34887
48727 34888
48728 34889
48729 34890
48731 34891
48732 34892
48733 34893
48734 34894
48736 34895
48737 34896
48739 34897
48743 34898
48744 34899
48745 34900
48746 34901
48749 34902
48750 34903
48751 34904
48752 34905
48753 34906
48754 34907
48755 34908
48756 34909
48757 34910
48758 34911
48761 34912
48764 34913
48765 34914
48768 34915
48769 34916
48770 34917
48771 34918
48772 34919
48773 34920
48774 34921
48776 34922
48777 34923
48778 34924
48779 34925
48781 34926
48782 34927
48783 34928
48784 34929
48786 34930
48787 34931
48790 34932
48792 34933
48796 34934
48797 34935
48798 34936
48799 34937
48800 34938
48801 34939
48802 34940
48803 34941
48804 34942
48806 34943
48807 34944
48808 34945
48809 34946
48811 34947
48812 34948
48813 34949
48814 34950
48818 34951
48819 34952
48820 34953
48823 34954
48824 34955
48825 34956
48826 34957
48830 34958
48831 34959
48832 34960
48835 34961
48837 34962
48839 34963
48841 34964
48842 34965
48843 34966
48844 34967
48846 34968
48848 34969
48850 34970
48851 34971
48852 34972
48853 34973
48855 34974
48856 34975
48857 34976
48858 34977
48859 34978
48860 34979
48863 34980
48864 34981
48866 34982
48867 34983
48868 34984
48869 34985
48870 34986
48871 34987
48872 34988
48873 34989
48874 34990
48875 34991
48876 34992
48880 34993
48882 34994
48883 34995
48885 34996
48886 34997
48887 34998
48888 34999
48890 35000
48891 35001
48892 35002
48894 35003
48895 35004
48896 35005
48897 35006
48899 35007
48900 35008
48901 35009
48903 35010
48906 35011
48909 35012
48910 35013
48911 35014
48912 35015
48914 35016
48915 35017
48916 35018
48918 35019
48920 35020
48921 35021
48922 35022
48923 35023
48924 35024
48926 35025
48927 35026
48928 35027
48929 35028
48932 35029
48935 35030
48936 35031
48937 35032
48939 35033
48940 35034
48941 35035
48942 35036
48943 35037
48944 35038
48945 35039
48946 35040
48949 35041
48951 35042
48952 35043
48955 35044
48956 35045
48957 35046
48959 35047
48964 35048
48969 35049
48970 35050
48972 35051
48973 35052
48974 35053
48977 35054
48978 35055
48979 35056
48980 35057
48982 35058
48983 35059
48984 35060
48985 35061
48986 35062
48987 35063
48989 35064
48990 35065
48991 35066
48992 35067
48993 35068
48994 35069
48995 35070
48996 35071
48997 35072
48998 35073
48999 35074
49002 35075
49003 35076
49004 35077
49005 35078
49007 35079
49008 35080
49009 35081
49012 35082
49013 35083
49014 35084
49015 35085
49017 35086
49018 35087
49019 35088
49020 35089
49022 35090
49025 35091
49026 35092
49030 35093
49031 35094
49032 35095
49033 35096
49034 35097
49035 35098
49036 35099
49038 35100
49039 35101
49040 35102
49041 35103
49043 35104
49044 35105
49045 35106
49046 35107
49047 35108
49052 35109
49053 35110
49054 35111
49055 35112
49057 35113
49058 35114
49060 35115
49061 35116
49062 35117
49064 35118
49065 35119
49066 35120
49068 35121
49069 35122
49070 35123
49071 35124
49073 35125
49075 35126
49076 35127
49078 35128
49079 35129
49080 35130
49081 35131
49082 35132
49083 35133
49085 35134
49087 35135
49089 35136
49091 35137
49092 35138
49095 35139
49096 35140
49097 35141
49098 35142
49099 35143
49101 35144
49102 35145
49103 35146
49104 35147
49105 35148
49106 35149
49107 35150
49109 35151
49111 35152
49113 35153
49114 35154
49115 35155
49116 35156
49117 35157
49118 35158
49119 35159
49121 35160
49122 35161
49123 35162
49124 35163
49126 35164
49127 35165
49128 35166
49129 35167
49134 35168
49135 35169
49136 35170
49138 35171
49139 35172
49140 35173
49141 35174
49142 35175
49144 35176
49145 35177
49146 35178
49147 35179
49149 35180
49151 35181
49153 35182
49154 35183
49155 35184
49156 35185
49157 35186
49158 35187
49159 35188
49160 35189
49162 35190
49163 35191
49165 35192
49167 35193
49168 35194
49169 35195
49171 35196
49172 35197
49175 35198
49176 35199
49178 35200
49179 35201
49182 35202
49183 35203
49184 35204
49185 35205
49186 35206
49187 35207
49188 35208
49189 35209
49191 35210
49193 35211
49197 35212
49198 35213
49200 35214
49201 35215
49202 35216
49204 35217
49207 35218
49208 35219
49211 35220
49212 35221
49213 35222
49214 35223
49216 35224
49218 35225
49219 35226
49221 35227
49222 35228
49223 35229
49224 35230
49225 35231
49227 35232
49228 35233
49229 35234
49230 35235
49231 35236
49233 35237
49236 35238
49237 35239
49238 35240
49239 35241
49240 35242
49241 35243
49242 35244
49243 35245
49244 35246
49245 35247
49246 35248
49250 35249
49251 35250
49253 35251
49254 35252
49255 35253
49256 35254
49257 35255
49258 35256
49259 35257
49260 35258
49261 35259
49262 35260
49263 35261
49264 35262
49265 35263
49266 35264
49267 35265
49268 35266
49270 35267
49272 35268
49273 35269
49274 35270
49276 35271
49277 35272
49279 35273
49280 35274
49281 35275
49282 35276
49283 35277
49284 35278
49285 35279
49287 35280
49288 35281
49289 35282
49290 35283
49291 35284
49293 35285
49294 35286
49295 35287
49296 35288
49297 35289
49298 35290
49299 35291
49300 35292
49301 35293
49302 35294
49303 35295
49308 35296
49309 35297
49310 35298
49312 35299
49313 35300
49314 35301
49317 35302
49320 35303
49321 35304
49323 35305
49324 35306
49325 35307
49326 35308
49327 35309
49330 35310
49331 35311
49333 35312
49334 35313
49335 35314
49336 35315
49337 35316
49338 35317
49340 35318
49341 35319
49342 35320
49344 35321
49345 35322
49348 35323
49349 35324
49351 35325
49352 35326
49353 35327
49354 35328
49355 35329
49356 35330
49357 35331
49358 35332
49359 35333
49360 35334
49361 35335
49362 35336
49363 35337
49364 35338
49367 35339
49369 35340
49370 35341
49372 35342
49373 35343
49374 35344
49375 35345
49376 35346
49377 35347
49378 35348
49380 35349
49381 35350
49382 35351
49383 35352
49385 35353
49386 35354
49387 35355
49388 35356
49390 35357
49391 35358
49392 35359
49393 35360
49394 35361
49395 35362
49396 35363
49397 35364
49398 35365
49399 35366
49400 35367
49401 35368
49403 35369
49404 35370
49405 35371
49406 35372
49408 35373
49409 35374
49411 35375
49413 35376
49417 35377
49418 35378
49420 35379
49421 35380
49422 35381
49423 35382
49424 35383
49425 35384
49426 35385
49427 35386
49429 35387
49430 35388
49431 35389
49432 35390
49433 35391
49434 35392
49435 35393
49436 35394
49438 35395
49439 35396
49440 35397
49441 35398
49442 35399
49445 35400
49448 35401
49449 35402
49450 35403
49453 35404
49456 35405
49458 35406
49459 35407
49460 35408
49463 35409
49464 35410
49465 35411
49467 35412
49468 35413
49469 35414
49470 35415
49471 35416
49474 35417
49476 35418
49478 35419
49479 35420
49480 35421
49481 35422
49482 35423
49483 35424
49484 35425
49485 35426
49490 35427
49491 35428
49493 35429
49494 35430
49496 35431
49497 35432
49501 35433
49502 35434
49503 35435
49504 35436
49505 35437
49510 35438
49511 35439
49512 35440
49513 35441
49516 35442
49517 35443
49518 35444
49519 35445
49520 35446
49522 35447
49524 35448
49525 35449
49527 35450
49528 35451
49529 35452
49530 35453
49531 35454
49532 35455
49533 35456
49534 35457
49535 35458
49536 35459
49537 35460
49541 35461
49542 35462
49544 35463
49545 35464
49546 35465
49547 35466
49548 35467
49550 35468
49553 35469
49554 35470
49557 35471
49558 35472
49560 35473
49561 35474
49562 35475
49566 35476
49568 35477
49569 35478
49571 35479
49573 35480
49574 35481
49575 35482
49576 35483
49577 35484
49578 35485
49579 35486
49580 35487
49581 35488
49583 35489
49584 35490
49585 35491
49586 35492
49587 35493
49588 35494
49589 35495
49590 35496
49591 35497
49592 35498
49594 35499
49595 35500
49596 35501
49598 35502
49599 35503
49600 35504
49602 35505
49605 35506
49606 35507
49607 35508
49609 35509
49611 35510
49612 35511
49613 35512
49614 35513
49615 35514
49616 35515
49617 35516
49618 35517
49619 35518
49621 35519
49622 35520
49623 35521
49625 35522
49628 35523
49629 35524
49630 35525
49631 35526
49633 35527
49634 35528
49636 35529
49638 35530
49639 35531
49640 35532
49641 35533
49642 35534
49643 35535
49644 35536
49645 35537
49646 35538
49647 35539
49648 35540
49649 35541
49652 35542
49653 35543
49656 35544
49657 35545
49658 35546
49659 35547
49661 35548
49662 35549
49663 35550
49665 35551
49666 35552
49667 35553
49668 35554
49670 35555
49672 35556
49674 35557
49676 35558
49677 35559
49678 35560
49680 35561
49682 35562
49683 35563
49684 35564
49687 35565
49688 35566
49689 35567
49691 35568
49693 35569
49694 35570
49695 35571
49696 35572
49701 35573
49702 35574
49703 35575
49705 35576
49706 35577
49707 35578
49708 35579
49709 35580
49710 35581
49712 35582
49713 35583
49714 35584
49716 35585
49717 35586
49719 35587
49720 35588
49722 35589
49723 35590
49724 35591
49725 35592
49726 35593
49727 35594
49728 35595
49729 35596
49730 35597
49731 35598
49732 35599
49733 35600
49735 35601
49736 35602
49737 35603
49738 35604
49740 35605
49741 35606
49742 35607
49743 35608
49744 35609
49746 35610
49747 35611
49748 35612
49750 35613
49751 35614
49752 35615
49753 35616
49754 35617
49755 35618
49756 35619
49760 35620
49762 35621
49763 35622
49764 35623
49765 35624
49766 35625
49768 35626
49769 35627
49770 35628
49771 35629
49772 35630
49775 35631
49776 35632
49777 35633
49778 35634
49780 35635
49782 35636
49784 35637
49785 35638
49786 35639
49787 35640
49788 35641
49789 35642
49790 35643
49791 35644
49792 35645
49793 35646
49794 35647
49799 35648
49800 35649
49801 35650
49802 35651
49803 35652
49804 35653
49806 35654
49807 35655
49808 35656
49809 35657
49810 35658
49811 35659
49813 35660
49814 35661
49815 35662
49816 35663
49817 35664
49818 35665
49819 35666
49820 35667
49823 35668
49824 35669
49825 35670
49827 35671
49828 35672
49830 35673
49831 35674
49832 35675
49833 35676
49835 35677
49836 35678
49837 35679
49838 35680
49839 35681
49840 35682
49841 35683
49842 35684
49843 35685
49844 35686
49845 35687
49846 35688
49847 35689
49848 35690
49849 35691
49851 35692
49852 35693
49853 35694
49855 35695
49858 35696
49859 35697
49860 35698
49861 35699
49865 35700
49866 35701
49867 35702
49868 35703
49869 35704
49870 35705
49871 35706
49872 35707
49874 35708
49875 35709
49876 35710
49877 35711
49878 35712
49879 35713
49882 35714
49884 35715
49885 35716
49887 35717
49888 35718
49889 35719
49890 35720
49894 35721
49895 35722
49896 35723
49897 35724
49898 35725
49901 35726
49902 35727
49903 35728
49904 35729
49905 35730
49906 35731
49907 35732
49908 35733
49909 35734
49910 35735
49911 35736
49917 35737
49918 35738
49919 35739
49920 35740
49921 35741
49922 35742
49923 35743
49924 35744
49925 35745
49929 35746
49930 35747
49931 35748
49932 35749
49935 35750
49936 35751
49937 35752
49939 35753
49940 35754
49942 35755
49943 35756
49944 35757
49945 35758
49946 35759
49949 35760
49952 35761
49953 35762
49956 35763
49957 35764
49958 35765
49959 35766
49961 35767
49962 35768
49963 35769
49964 35770
49965 35771
49966 35772
49967 35773
49970 35774
49971 35775
49972 35776
49973 35777
49974 35778
49975 35779
49976 35780
49977 35781
49978 35782
49979 35783
49980 35784
49981 35785
49982 35786
49983 35787
49984 35788
49985 35789
49986 35790
49987 35791
49988 35792
49989 35793
49991 35794
49992 35795
49993 35796
49994 35797
49996 35798
49997 35799
49998 35800
