org_id remap_id
12 0
44 1
45 2
54 3
63 4
83 5
88 6
100 7
109 8
121 9
125 10
131 11
135 12
155 13
158 14
159 15
172 16
180 17
192 18
193 19
201 20
221 21
226 22
237 23
239 24
244 25
247 26
252 27
275 28
289 29
312 30
352 31
359 32
399 33
431 34
443 35
455 36
456 37
462 38
486 39
487 40
491 41
507 42
530 43
535 44
538 45
559 46
560 47
580 48
581 49
598 50
705 51
733 52
740 53
765 54
772 55
780 56
786 57
814 58
891 59
907 60
912 61
941 62
951 63
988 64
990 65
1025 66
1029 67
1034 68
1051 69
1062 70
1084 71
1087 72
1107 73
1110 74
1164 75
1186 76
1209 77
1224 78
1227 79
1232 80
1244 81
1268 82
1283 83
1286 84
1302 85
1320 86
1376 87
1391 88
1412 89
1428 90
1482 91
1484 92
1506 93
1513 94
1527 95
1568 96
1585 97
1589 98
1596 99
1597 100
1608 101
1666 102
1720 103
1754 104
1803 105
1807 106
1831 107
1836 108
1844 109
1852 110
1855 111
1869 112
1885 113
1887 114
1906 115
1916 116
1917 117
1937 118
1948 119
1980 120
2000 121
2001 122
2024 123
2028 124
2095 125
2139 126
2154 127
2157 128
2173 129
2201 130
2203 131
2205 132
2261 133
2268 134
2291 135
2325 136
2345 137
2355 138
2358 139
2359 140
2365 141
2372 142
2377 143
2378 144
2387 145
2397 146
2414 147
2428 148
2429 149
2457 150
2493 151
2523 152
2544 153
2582 154
2588 155
2606 156
2620 157
2625 158
2675 159
2693 160
2697 161
2711 162
2726 163
2748 164
2759 165
2784 166
2803 167
2841 168
2908 169
2913 170
2922 171
2925 172
2947 173
2958 174
2961 175
2965 176
2981 177
2990 178
2995 179
3001 180
3013 181
3059 182
3066 183
3068 184
3089 185
3147 186
3171 187
3187 188
3197 189
3219 190
3255 191
3271 192
3338 193
3347 194
3354 195
3359 196
3380 197
3395 198
3418 199
3423 200
3432 201
3465 202
3486 203
3515 204
3521 205
3524 206
3525 207
3543 208
3549 209
3559 210
3565 211
3570 212
3632 213
3644 214
3660 215
3702 216
3719 217
3729 218
3745 219
3755 220
3767 221
3786 222
3794 223
3817 224
3876 225
3891 226
3895 227
3902 228
3903 229
3910 230
3914 231
3925 232
3940 233
3952 234
3972 235
3986 236
3996 237
3999 238
4003 239
4004 240
4012 241
4043 242
4059 243
4070 244
4072 245
4101 246
4140 247
4166 248
4177 249
4179 250
4182 251
4197 252
4198 253
4203 254
4208 255
4216 256
4223 257
4247 258
4254 259
4255 260
4258 261
4259 262
4267 263
4272 264
4297 265
4301 266
4306 267
4311 268
4338 269
4347 270
4366 271
4367 272
4369 273
4401 274
4407 275
4414 276
4415 277
4424 278
4432 279
4451 280
4457 281
4458 282
4460 283
4461 284
4466 285
4469 286
4480 287
4502 288
4509 289
4510 290
4516 291
4518 292
4524 293
4527 294
4546 295
4551 296
4552 297
4577 298
4584 299
4592 300
4602 301
4606 302
4618 303
4625 304
4627 305
4638 306
4645 307
4662 308
4713 309
4715 310
4719 311
4730 312
4734 313
4737 314
4743 315
4748 316
4757 317
4776 318
4783 319
4793 320
4803 321
4806 322
4809 323
4812 324
4813 325
4824 326
4839 327
4850 328
4851 329
4862 330
4869 331
4872 332
4879 333
4881 334
4883 335
4918 336
4933 337
4935 338
4964 339
4975 340
4980 341
4989 342
5001 343
5032 344
5037 345
5038 346
5049 347
5051 348
5053 349
5058 350
5084 351
5095 352
5098 353
5099 354
5102 355
5106 356
5112 357
5115 358
5118 359
5131 360
5148 361
5150 362
5151 363
5164 364
5172 365
5176 366
5177 367
5191 368
5194 369
5196 370
5200 371
5203 372
5210 373
5224 374
5238 375
5239 376
5242 377
5252 378
5262 379
5268 380
5269 381
5277 382
5282 383
5288 384
5289 385
5290 386
5291 387
5303 388
5304 389
5308 390
5309 391
5311 392
5314 393
5316 394
5318 395
5319 396
5323 397
5325 398
5327 399
5329 400
5330 401
5331 402
5333 403
5336 404
5338 405
5341 406
5343 407
5344 408
5346 409
5358 410
5377 411
5387 412
5398 413
5403 414
5407 415
5408 416
5413 417
5416 418
5417 419
5418 420
5435 421
5452 422
5453 423
5454 424
5455 425
5456 426
5457 427
5458 428
5459 429
5460 430
5461 431
5462 432
5463 433
5464 434
5465 435
5466 436
5467 437
5468 438
5470 439
5471 440
5475 441
5494 442
5520 443
5521 444
5522 445
5523 446
5524 447
5525 448
5526 449
5527 450
5528 451
5529 452
5530 453
5531 454
5532 455
5533 456
5534 457
5535 458
5540 459
5542 460
5545 461
5555 462
5561 463
5562 464
5566 465
5568 466
5570 467
5577 468
5583 469
5584 470
5589 471
5603 472
5612 473
5615 474
5624 475
5626 476
5634 477
5649 478
5656 479
5669 480
5690 481
5691 482
5709 483
5724 484
5742 485
5745 486
5747 487
5754 488
5758 489
5760 490
5767 491
5774 492
5787 493
5796 494
5807 495
5810 496
5819 497
5822 498
5832 499
5840 500
5841 501
5846 502
5859 503
5862 504
5863 505
5872 506
5877 507
5882 508
5884 509
5892 510
5893 511
5895 512
5898 513
5905 514
5912 515
5915 516
5916 517
5917 518
5927 519
5928 520
5942 521
5956 522
5964 523
5966 524
5975 525
5976 526
5977 527
5980 528
5982 529
5984 530
5985 531
5986 532
5987 533
5988 534
5992 535
5993 536
5995 537
5996 538
5997 539
6000 540
6003 541
6012 542
6016 543
6021 544
6042 545
6044 546
6050 547
6086 548
6089 549
6094 550
6096 551
6102 552
6103 553
6104 554
6109 555
6149 556
6177 557
6179 558
6256 559
6265 560
6275 561
6294 562
6352 563
6365 564
6371 565
6372 566
6380 567
6382 568
6385 569
6386 570
6404 571
6406 572
6413 573
6414 574
6429 575
6441 576
6450 577
6476 578
6486 579
6496 580
6499 581
6507 582
6516 583
6523 584
6535 585
6542 586
6558 587
6561 588
6566 589
6577 590
6584 591
6585 592
6594 593
6596 594
6601 595
6619 596
6620 597
6626 598
6629 599
6637 600
6640 601
6645 602
6678 603
6717 604
6726 605
6734 606
6756 607
6758 608
6759 609
6765 610
6768 611
6780 612
6785 613
6788 614
6795 615
6816 616
6831 617
6844 618
6855 619
6858 620
6859 621
6903 622
6906 623
6956 624
6958 625
6967 626
6978 627
6979 628
6990 629
6991 630
7006 631
7033 632
7043 633
7045 634
7057 635
7060 636
7066 637
7068 638
7071 639
7075 640
7084 641
7086 642
7092 643
7105 644
7127 645
7130 646
7131 647
7136 648
7137 649
7141 650
7142 651
7143 652
7146 653
7147 654
7149 655
7167 656
7171 657
7177 658
7182 659
7189 660
7200 661
7214 662
7221 663
7226 664
7230 665
7253 666
7262 667
7271 668
7332 669
7347 670
7354 671
7355 672
7356 673
7362 674
7364 675
7403 676
7463 677
7464 678
7465 679
7470 680
7474 681
7502 682
7505 683
7506 684
7512 685
7513 686
7518 687
7520 688
7521 689
7524 690
7525 691
7526 692
7528 693
7549 694
7551 695
7552 696
7553 697
7554 698
7557 699
7558 700
7563 701
7565 702
7567 703
7569 704
7572 705
7576 706
7577 707
7578 708
7580 709
7585 710
7586 711
7587 712
7590 713
7591 714
7592 715
7593 716
7598 717
7601 718
7602 719
7603 720
7606 721
7607 722
7608 723
7609 724
7610 725
7611 726
7620 727
7624 728
7626 729
7627 730
7631 731
7634 732
7642 733
7643 734
7676 735
7677 736
7678 737
7685 738
7699 739
7705 740
7706 741
7707 742
7747 743
7756 744
7762 745
7763 746
7764 747
7766 748
7767 749
7770 750
7788 751
7789 752
7795 753
7801 754
7802 755
7807 756
7809 757
7813 758
7815 759
7816 760
7819 761
7826 762
7833 763
7834 764
7844 765
7861 766
7889 767
7897 768
7914 769
7949 770
7950 771
7951 772
7952 773
7953 774
7954 775
7955 776
7956 777
7957 778
7958 779
7959 780
7960 781
7961 782
7962 783
7963 784
7967 785
7991 786
8023 787
8037 788
8063 789
8081 790
8084 791
8088 792
8090 793
8091 794
8092 795
8093 796
8095 797
8097 798
8098 799
8099 800
8100 801
8101 802
8104 803
8105 804
8106 805
8107 806
8108 807
8109 808
8116 809
8162 810
8164 811
8170 812
8172 813
8173 814
8175 815
8187 816
8190 817
8204 818
8218 819
8235 820
8243 821
8244 822
8249 823
8250 824
8259 825
8272 826
8273 827
8277 828
8281 829
8294 830
8296 831
8301 832
8310 833
8321 834
8323 835
8324 836
8325 837
8333 838
8336 839
8337 840
8340 841
8350 842
8351 843
8356 844
8383 845
8392 846
8393 847
8400 848
8402 849
8403 850
8404 851
8413 852
8414 853
8415 854
8416 855
8435 856
8437 857
8438 858
8440 859
8443 860
8452 861
8456 862
8463 863
8464 864
8465 865
8466 866
8467 867
8468 868
8469 869
8470 870
8471 871
8472 872
8473 873
8474 874
8475 875
8476 876
8477 877
8478 878
8479 879
8480 880
8481 881
8482 882
8483 883
8484 884
8485 885
8486 886
8487 887
8488 888
8489 889
8491 890
8492 891
8493 892
8494 893
8495 894
8496 895
8497 896
8498 897
8499 898
8500 899
8501 900
8502 901
8503 902
8504 903
8512 904
8515 905
8521 906
8530 907
8544 908
8557 909
8560 910
8571 911
8574 912
8580 913
8594 914
8601 915
8607 916
8622 917
8627 918
8630 919
8635 920
8636 921
8638 922
8652 923
8655 924
8659 925
8670 926
8671 927
8678 928
8679 929
8686 930
8699 931
8702 932
8703 933
8705 934
8712 935
8719 936
8728 937
8731 938
8735 939
8741 940
8763 941
8776 942
8787 943
8790 944
8796 945
8799 946
8806 947
8807 948
8808 949
8818 950
8826 951
8828 952
8829 953
8832 954
8844 955
8850 956
8855 957
8868 958
8874 959
8885 960
8888 961
8930 962
8940 963
8952 964
8955 965
8958 966
8962 967
8963 968
8966 969
8975 970
8977 971
8986 972
8987 973
8990 974
8994 975
8995 976
8996 977
8997 978
8998 979
9014 980
9015 981
9017 982
9020 983
9022 984
9023 985
9028 986
9029 987
9030 988
9032 989
9039 990
9040 991
9045 992
9047 993
9048 994
9050 995
9051 996
9052 997
9053 998
9054 999
9056 1000
9059 1001
9065 1002
9088 1003
9092 1004
9099 1005
9103 1006
9104 1007
9105 1008
9117 1009
9120 1010
9129 1011
9135 1012
9137 1013
9138 1014
9142 1015
9149 1016
9151 1017
9154 1018
9161 1019
9173 1020
9187 1021
9196 1022
9198 1023
9199 1024
9200 1025
9203 1026
9214 1027
9216 1028
9219 1029
9226 1030
9247 1031
9251 1032
9255 1033
9267 1034
9277 1035
9281 1036
9289 1037
9301 1038
9308 1039
9313 1040
9314 1041
9325 1042
9326 1043
9332 1044
9340 1045
9350 1046
9357 1047
9358 1048
9395 1049
9426 1050
9445 1051
9451 1052
9452 1053
9467 1054
9477 1055
9481 1056
9485 1057
9498 1058
9507 1059
9524 1060
9530 1061
9537 1062
9538 1063
9556 1064
9578 1065
9581 1066
9584 1067
9588 1068
9589 1069
9646 1070
9661 1071
9674 1072
9689 1073
9696 1074
9698 1075
9699 1076
9718 1077
9723 1078
9742 1079
9746 1080
9751 1081
9752 1082
9759 1083
9765 1084
9771 1085
9775 1086
9777 1087
9778 1088
9780 1089
9781 1090
9782 1091
9789 1092
9792 1093
9794 1094
9797 1095
9798 1096
9808 1097
9810 1098
9811 1099
9812 1100
9813 1101
9814 1102
9822 1103
9825 1104
9832 1105
9834 1106
9836 1107
9854 1108
9858 1109
9869 1110
9870 1111
9876 1112
9883 1113
9890 1114
9954 1115
9960 1116
9963 1117
9966 1118
9967 1119
9968 1120
9970 1121
9971 1122
9974 1123
9980 1124
9985 1125
9994 1126
10002 1127
10008 1128
10011 1129
10041 1130
10042 1131
10043 1132
10044 1133
10045 1134
10046 1135
10047 1136
10048 1137
10049 1138
10050 1139
10051 1140
10052 1141
10053 1142
10054 1143
10069 1144
10081 1145
10083 1146
10084 1147
10103 1148
10110 1149
10114 1150
10115 1151
10119 1152
10155 1153
10159 1154
10165 1155
10171 1156
10181 1157
10184 1158
10188 1159
10189 1160
10192 1161
10197 1162
10198 1163
10206 1164
10207 1165
10230 1166
10238 1167
10241 1168
10244 1169
10251 1170
10252 1171
10253 1172
10254 1173
10255 1174
10256 1175
10257 1176
10258 1177
10259 1178
10261 1179
10264 1180
10265 1181
10266 1182
10267 1183
10273 1184
10333 1185
10351 1186
10364 1187
10365 1188
10375 1189
10376 1190
10377 1191
10380 1192
10381 1193
10382 1194
10384 1195
10391 1196
10400 1197
10405 1198
10429 1199
10434 1200
10443 1201
10474 1202
10475 1203
10480 1204
10481 1205
10482 1206
10484 1207
10485 1208
10514 1209
10518 1210
10538 1211
10556 1212
10574 1213
10575 1214
10578 1215
10584 1216
10610 1217
10621 1218
10637 1219
10648 1220
10649 1221
10652 1222
10689 1223
10699 1224
10700 1225
10701 1226
10711 1227
10717 1228
10723 1229
10729 1230
10732 1231
10736 1232
10746 1233
10747 1234
10748 1235
10749 1236
10750 1237
10752 1238
10754 1239
10756 1240
10757 1241
10759 1242
10760 1243
10761 1244
10762 1245
10763 1246
10766 1247
10769 1248
10772 1249
10773 1250
10774 1251
10776 1252
10778 1253
10779 1254
10780 1255
10781 1256
10782 1257
10783 1258
10784 1259
10785 1260
10787 1261
10794 1262
10795 1263
10799 1264
10833 1265
10846 1266
10857 1267
10864 1268
10867 1269
10872 1270
10894 1271
10896 1272
10917 1273
10920 1274
10944 1275
10949 1276
10952 1277
10978 1278
10982 1279
10987 1280
10997 1281
11005 1282
11012 1283
11019 1284
11023 1285
11039 1286
11040 1287
11052 1288
11059 1289
11060 1290
11061 1291
11067 1292
11068 1293
11069 1294
11093 1295
11098 1296
11102 1297
11116 1298
11117 1299
11120 1300
11134 1301
11143 1302
11157 1303
11162 1304
11165 1305
11177 1306
11188 1307
11209 1308
11210 1309
11211 1310
11212 1311
11213 1312
11214 1313
11215 1314
11218 1315
11219 1316
11220 1317
11221 1318
11229 1319
11230 1320
11253 1321
11282 1322
11326 1323
11345 1324
11380 1325
11381 1326
11392 1327
11395 1328
11406 1329
11408 1330
11420 1331
11428 1332
11432 1333
11462 1334
11503 1335
11545 1336
11561 1337
11567 1338
11569 1339
11584 1340
11630 1341
11671 1342
11674 1343
11677 1344
11681 1345
11688 1346
11695 1347
11701 1348
11705 1349
11706 1350
11708 1351
11733 1352
11755 1353
11769 1354
11788 1355
11791 1356
11798 1357
11800 1358
11818 1359
11819 1360
11820 1361
11829 1362
11842 1363
11843 1364
11863 1365
11869 1366
11872 1367
11912 1368
11944 1369
11963 1370
11964 1371
11965 1372
11973 1373
11975 1374
11977 1375
11981 1376
11983 1377
11986 1378
11987 1379
11988 1380
11993 1381
12001 1382
12023 1383
12047 1384
12060 1385
12103 1386
12108 1387
12114 1388
12126 1389
12130 1390
12144 1391
12146 1392
12158 1393
12160 1394
12172 1395
12175 1396
12181 1397
12186 1398
12187 1399
12190 1400
12191 1401
12192 1402
12197 1403
12207 1404
12208 1405
12209 1406
12212 1407
12220 1408
12225 1409
12227 1410
12231 1411
12248 1412
12253 1413
12281 1414
12297 1415
12344 1416
12362 1417
12374 1418
12421 1419
12462 1420
12500 1421
12506 1422
12507 1423
12528 1424
12566 1425
12567 1426
12582 1427
12594 1428
12596 1429
12598 1430
12607 1431
12618 1432
12623 1433
12655 1434
12656 1435
12663 1436
12665 1437
12679 1438
12680 1439
12687 1440
12707 1441
12710 1442
12711 1443
12724 1444
12739 1445
12757 1446
12765 1447
12769 1448
12785 1449
12801 1450
12820 1451
12821 1452
12842 1453
12868 1454
12870 1455
12882 1456
12884 1457
12889 1458
12902 1459
12913 1460
12915 1461
12924 1462
12933 1463
12938 1464
12941 1465
12942 1466
12944 1467
12960 1468
12963 1469
12976 1470
12979 1471
12992 1472
13007 1473
13017 1474
13018 1475
13019 1476
13020 1477
13030 1478
13032 1479
13038 1480
13039 1481
13041 1482
13051 1483
13069 1484
13074 1485
13076 1486
13083 1487
13088 1488
13093 1489
13096 1490
13101 1491
13104 1492
13125 1493
13136 1494
13141 1495
13156 1496
13158 1497
13159 1498
13170 1499
13185 1500
13186 1501
13192 1502
13202 1503
13209 1504
13211 1505
13212 1506
13226 1507
13229 1508
13245 1509
13256 1510
13259 1511
13271 1512
13287 1513
13343 1514
13353 1515
13360 1516
13361 1517
13371 1518
13398 1519
13402 1520
13409 1521
13420 1522
13428 1523
13448 1524
13452 1525
13461 1526
13462 1527
13468 1528
13472 1529
13479 1530
13505 1531
13530 1532
13541 1533
13543 1534
13547 1535
13556 1536
13560 1537
13578 1538
13602 1539
13604 1540
13609 1541
13616 1542
13620 1543
13623 1544
13628 1545
13635 1546
13644 1547
13647 1548
13650 1549
13661 1550
13671 1551
13673 1552
13688 1553
13694 1554
13710 1555
13715 1556
13719 1557
13723 1558
13725 1559
13731 1560
13749 1561
13758 1562
13760 1563
13773 1564
13780 1565
13787 1566
13789 1567
13800 1568
13801 1569
13808 1570
13810 1571
13811 1572
13812 1573
13813 1574
13816 1575
13829 1576
13837 1577
13841 1578
13844 1579
13848 1580
13850 1581
13860 1582
13872 1583
13875 1584
13888 1585
13894 1586
13897 1587
13901 1588
13905 1589
13912 1590
13926 1591
13930 1592
13936 1593
13945 1594
13947 1595
13950 1596
13955 1597
13956 1598
13967 1599
13990 1600
13996 1601
14006 1602
14051 1603
14053 1604
14071 1605
14077 1606
14083 1607
14092 1608
14097 1609
14101 1610
14141 1611
14142 1612
14148 1613
14155 1614
14158 1615
14205 1616
14212 1617
14256 1618
14277 1619
14280 1620
14282 1621
14283 1622
14297 1623
14318 1624
14346 1625
14364 1626
14373 1627
14376 1628
14397 1629
14400 1630
14408 1631
14416 1632
14417 1633
14420 1634
14436 1635
14471 1636
14493 1637
14507 1638
14523 1639
14533 1640
14540 1641
14550 1642
14558 1643
14559 1644
14566 1645
14581 1646
14583 1647
14585 1648
14586 1649
14589 1650
14604 1651
14605 1652
14630 1653
14636 1654
14639 1655
14645 1656
14647 1657
14649 1658
14683 1659
14689 1660
14690 1661
14692 1662
14696 1663
14700 1664
14701 1665
14705 1666
14706 1667
14708 1668
14711 1669
14714 1670
14715 1671
14718 1672
14719 1673
14720 1674
14722 1675
14726 1676
14730 1677
14745 1678
14749 1679
14751 1680
14755 1681
14770 1682
14789 1683
14801 1684
14804 1685
14816 1686
14823 1687
14829 1688
14835 1689
14837 1690
14841 1691
14842 1692
14859 1693
14877 1694
14888 1695
14890 1696
14892 1697
14904 1698
14911 1699
14924 1700
14932 1701
14933 1702
14963 1703
14968 1704
14979 1705
14985 1706
14987 1707
14999 1708
15001 1709
15003 1710
15012 1711
15013 1712
15031 1713
15052 1714
15053 1715
15083 1716
15102 1717
15103 1718
15108 1719
15119 1720
15121 1721
15124 1722
15156 1723
15157 1724
15158 1725
15168 1726
15190 1727
15199 1728
15207 1729
15220 1730
15225 1731
15235 1732
15239 1733
15245 1734
15294 1735
15311 1736
15312 1737
15319 1738
15320 1739
15332 1740
15340 1741
15342 1742
15347 1743
15369 1744
15385 1745
15403 1746
15417 1747
15418 1748
15419 1749
15422 1750
15428 1751
15452 1752
15460 1753
15462 1754
15464 1755
15466 1756
15483 1757
15495 1758
15503 1759
15509 1760
15510 1761
15520 1762
15526 1763
15528 1764
15538 1765
15541 1766
15542 1767
15544 1768
15548 1769
15549 1770
15554 1771
15558 1772
15575 1773
15584 1774
15586 1775
15592 1776
15603 1777
15604 1778
15605 1779
15612 1780
15623 1781
15633 1782
15636 1783
15638 1784
15648 1785
15658 1786
15662 1787
15665 1788
15681 1789
15685 1790
15687 1791
15688 1792
15690 1793
15694 1794
15698 1795
15705 1796
15715 1797
15717 1798
15721 1799
15723 1800
15726 1801
15735 1802
15745 1803
15763 1804
15767 1805
15771 1806
15785 1807
15787 1808
15808 1809
15810 1810
15819 1811
15821 1812
15866 1813
15871 1814
15875 1815
15876 1816
15922 1817
15923 1818
15931 1819
15948 1820
15956 1821
15963 1822
15977 1823
15979 1824
15983 1825
15986 1826
15988 1827
16055 1828
16077 1829
16082 1830
16085 1831
16088 1832
16091 1833
16098 1834
16099 1835
16102 1836
16115 1837
16116 1838
16124 1839
16125 1840
16131 1841
16139 1842
16140 1843
16155 1844
16215 1845
16226 1846
16263 1847
16293 1848
16301 1849
16306 1850
16312 1851
16314 1852
16321 1853
16326 1854
16329 1855
16356 1856
16359 1857
16366 1858
16373 1859
16388 1860
16418 1861
16450 1862
16453 1863
16497 1864
16499 1865
16503 1866
16509 1867
16513 1868
16547 1869
16550 1870
16562 1871
16588 1872
16593 1873
16599 1874
16601 1875
16603 1876
16605 1877
16606 1878
16613 1879
16615 1880
16622 1881
16627 1882
16630 1883
16638 1884
16640 1885
16641 1886
16700 1887
16701 1888
16704 1889
16725 1890
16735 1891
16748 1892
16777 1893
16793 1894
16809 1895
16814 1896
16824 1897
16826 1898
16838 1899
16852 1900
16858 1901
16879 1902
16882 1903
16888 1904
16932 1905
16941 1906
16959 1907
16974 1908
16979 1909
16999 1910
17005 1911
17006 1912
17033 1913
17035 1914
17042 1915
17048 1916
17053 1917
17062 1918
17075 1919
17096 1920
17111 1921
17112 1922
17126 1923
17135 1924
17144 1925
17199 1926
17212 1927
17225 1928
17233 1929
17256 1930
17309 1931
17313 1932
17329 1933
17330 1934
17353 1935
17357 1936
17385 1937
17401 1938
17412 1939
17417 1940
17425 1941
17436 1942
17438 1943
17469 1944
17470 1945
17487 1946
17493 1947
17500 1948
17504 1949
17511 1950
17520 1951
17534 1952
17537 1953
17543 1954
17574 1955
17586 1956
17602 1957
17607 1958
17717 1959
17762 1960
17763 1961
17770 1962
17787 1963
17814 1964
17817 1965
17821 1966
17822 1967
17827 1968
17835 1969
17857 1970
17861 1971
17865 1972
17867 1973
17877 1974
17909 1975
17929 1976
17931 1977
17932 1978
17950 1979
17957 1980
17963 1981
17968 1982
17979 1983
18006 1984
18010 1985
18021 1986
18030 1987
18035 1988
18086 1989
18125 1990
18142 1991
18148 1992
18154 1993
18218 1994
18259 1995
18283 1996
18290 1997
18335 1998
18338 1999
18347 2000
18359 2001
18371 2002
18377 2003
18378 2004
18380 2005
18381 2006
18384 2007
18386 2008
18392 2009
18399 2010
18401 2011
18407 2012
18423 2013
18426 2014
18438 2015
18478 2016
18497 2017
18504 2018
18517 2019
18520 2020
18531 2021
18534 2022
18541 2023
18551 2024
18563 2025
18602 2026
18603 2027
18605 2028
18626 2029
18635 2030
18648 2031
18649 2032
18655 2033
18657 2034
18659 2035
18663 2036
18667 2037
18671 2038
18684 2039
18743 2040
18754 2041
18797 2042
18819 2043
18847 2044
18891 2045
18941 2046
18946 2047
18947 2048
18948 2049
18949 2050
18952 2051
18953 2052
18958 2053
19013 2054
19016 2055
19027 2056
19031 2057
19049 2058
19058 2059
19062 2060
19070 2061
19088 2062
19098 2063
19109 2064
19114 2065
19124 2066
19131 2067
19132 2068
19146 2069
19166 2070
19168 2071
19171 2072
19185 2073
19203 2074
19205 2075
19224 2076
19225 2077
19236 2078
19238 2079
19241 2080
19243 2081
19244 2082
19246 2083
19247 2084
19252 2085
19260 2086
19261 2087
19262 2088
19268 2089
19269 2090
19277 2091
19286 2092
19290 2093
19292 2094
19294 2095
19295 2096
19300 2097
19302 2098
19305 2099
19306 2100
19323 2101
19329 2102
19335 2103
19340 2104
19344 2105
19367 2106
19373 2107
19390 2108
19397 2109
19400 2110
19406 2111
19407 2112
19436 2113
19447 2114
19511 2115
19514 2116
19521 2117
19533 2118
19544 2119
19553 2120
19571 2121
19575 2122
19597 2123
19603 2124
19607 2125
19612 2126
19614 2127
19626 2128
19635 2129
19636 2130
19638 2131
19652 2132
19657 2133
19673 2134
19675 2135
19702 2136
19715 2137
19734 2138
19745 2139
19758 2140
19761 2141
19772 2142
19775 2143
19777 2144
19783 2145
19786 2146
19804 2147
19808 2148
19833 2149
19850 2150
19854 2151
19865 2152
19876 2153
19880 2154
19889 2155
19890 2156
19900 2157
19904 2158
19913 2159
19916 2160
19918 2161
19919 2162
19928 2163
19932 2164
19936 2165
19941 2166
19943 2167
19948 2168
19949 2169
19950 2170
19952 2171
19953 2172
19954 2173
19955 2174
19967 2175
20004 2176
20015 2177
20018 2178
20019 2179
20049 2180
20055 2181
20061 2182
20085 2183
20089 2184
20091 2185
20096 2186
20102 2187
20117 2188
20126 2189
20141 2190
20144 2191
20150 2192
20153 2193
20189 2194
20191 2195
20195 2196
20209 2197
20218 2198
20224 2199
20228 2200
20233 2201
20235 2202
20237 2203
20238 2204
20242 2205
20249 2206
20258 2207
20266 2208
20268 2209
20273 2210
20277 2211
20301 2212
20303 2213
20348 2214
20355 2215
20360 2216
20379 2217
20393 2218
20397 2219
20400 2220
20413 2221
20427 2222
20429 2223
20448 2224
20500 2225
20504 2226
20522 2227
20544 2228
20547 2229
20549 2230
20559 2231
20563 2232
20573 2233
20581 2234
20635 2235
20646 2236
20665 2237
20674 2238
20676 2239
20678 2240
20684 2241
20689 2242
20707 2243
20711 2244
20728 2245
20730 2246
20731 2247
20734 2248
20745 2249
20774 2250
20784 2251
20800 2252
20812 2253
20825 2254
20832 2255
20841 2256
20858 2257
20860 2258
20876 2259
20880 2260
20882 2261
20886 2262
20890 2263
20898 2264
20919 2265
20922 2266
20937 2267
20946 2268
20963 2269
20989 2270
20998 2271
21001 2272
21002 2273
21010 2274
21028 2275
21029 2276
21031 2277
21034 2278
21039 2279
21042 2280
21087 2281
21102 2282
21105 2283
21128 2284
21158 2285
21160 2286
21173 2287
21178 2288
21184 2289
21186 2290
21197 2291
21208 2292
21209 2293
21214 2294
21227 2295
21228 2296
21235 2297
21251 2298
21254 2299
21259 2300
21261 2301
21270 2302
21284 2303
21285 2304
21306 2305
21316 2306
21324 2307
21327 2308
21330 2309
21339 2310
21346 2311
21348 2312
21351 2313
21367 2314
21371 2315
21374 2316
21389 2317
21395 2318
21404 2319
21405 2320
21418 2321
21432 2322
21435 2323
21474 2324
21476 2325
21496 2326
21498 2327
21502 2328
21503 2329
21505 2330
21515 2331
21517 2332
21531 2333
21536 2334
21542 2335
21545 2336
21560 2337
21564 2338
21568 2339
21572 2340
21578 2341
21583 2342
21586 2343
21602 2344
21614 2345
21622 2346
21630 2347
21645 2348
21656 2349
21682 2350
21698 2351
21704 2352
21707 2353
21724 2354
21730 2355
21733 2356
21741 2357
21742 2358
21747 2359
21750 2360
21754 2361
21769 2362
21777 2363
21782 2364
21790 2365
21812 2366
21814 2367
21843 2368
21860 2369
21861 2370
21866 2371
21869 2372
21885 2373
21890 2374
21904 2375
21912 2376
21945 2377
21949 2378
21965 2379
21967 2380
21972 2381
22010 2382
22016 2383
22033 2384
22038 2385
22117 2386
22122 2387
22153 2388
22155 2389
22160 2390
22164 2391
22180 2392
22182 2393
22186 2394
22303 2395
22325 2396
22333 2397
22342 2398
22346 2399
22355 2400
22363 2401
22364 2402
22375 2403
22378 2404
22395 2405
22410 2406
22421 2407
22452 2408
22453 2409
22469 2410
22476 2411
22492 2412
22516 2413
22518 2414
22521 2415
22525 2416
22526 2417
22532 2418
22535 2419
22553 2420
22557 2421
22561 2422
22619 2423
22629 2424
22637 2425
22654 2426
22656 2427
22660 2428
22662 2429
22668 2430
22745 2431
22777 2432
22794 2433
22795 2434
22799 2435
22806 2436
22832 2437
22833 2438
22847 2439
22850 2440
22852 2441
22856 2442
22860 2443
22890 2444
22926 2445
22939 2446
23007 2447
23035 2448
23061 2449
23106 2450
23107 2451
23108 2452
23127 2453
23128 2454
23133 2455
23149 2456
23152 2457
23168 2458
23195 2459
23201 2460
23206 2461
23215 2462
23216 2463
23217 2464
23221 2465
23227 2466
23228 2467
23233 2468
23252 2469
23281 2470
23292 2471
23311 2472
23315 2473
23348 2474
23365 2475
23399 2476
23409 2477
23475 2478
23502 2479
23515 2480
23581 2481
23585 2482
23586 2483
23595 2484
23598 2485
23609 2486
23611 2487
23613 2488
23627 2489
23633 2490
23637 2491
23639 2492
23642 2493
23650 2494
23657 2495
23669 2496
23677 2497
23678 2498
23683 2499
23687 2500
23688 2501
23691 2502
23711 2503
23713 2504
23714 2505
23726 2506
23727 2507
23731 2508
23744 2509
23750 2510
23756 2511
23772 2512
23774 2513
23785 2514
23814 2515
23838 2516
23839 2517
23840 2518
23847 2519
23848 2520
23849 2521
23865 2522
23900 2523
23923 2524
23936 2525
23958 2526
23963 2527
23970 2528
23972 2529
23985 2530
23996 2531
24018 2532
24019 2533
24020 2534
24022 2535
24036 2536
24051 2537
24052 2538
24060 2539
24065 2540
24066 2541
24074 2542
24080 2543
24096 2544
24097 2545
24102 2546
24103 2547
24115 2548
24126 2549
24129 2550
24143 2551
24151 2552
24154 2553
24164 2554
24168 2555
24175 2556
24194 2557
24199 2558
24201 2559
24202 2560
24203 2561
24204 2562
24205 2563
24222 2564
24226 2565
24228 2566
24236 2567
24242 2568
24245 2569
24256 2570
24271 2571
24278 2572
24280 2573
24285 2574
24289 2575
24290 2576
24293 2577
24295 2578
24298 2579
24299 2580
24324 2581
24335 2582
24337 2583
24353 2584
24358 2585
24359 2586
24360 2587
24369 2588
24376 2589
24388 2590
24392 2591
24397 2592
24400 2593
24414 2594
24417 2595
24419 2596
24423 2597
24435 2598
24436 2599
24438 2600
24479 2601
24481 2602
24495 2603
24503 2604
24514 2605
24515 2606
24516 2607
24518 2608
24520 2609
24528 2610
24532 2611
24540 2612
24543 2613
24550 2614
24556 2615
24576 2616
24579 2617
24589 2618
24600 2619
24609 2620
24626 2621
24632 2622
24654 2623
24672 2624
24685 2625
24700 2626
24711 2627
24718 2628
24721 2629
24723 2630
24727 2631
24736 2632
24739 2633
24749 2634
24754 2635
24759 2636
24765 2637
24766 2638
24770 2639
24778 2640
24782 2641
24784 2642
24785 2643
24788 2644
24789 2645
24792 2646
24794 2647
24827 2648
24845 2649
24850 2650
24854 2651
24857 2652
24862 2653
24863 2654
24872 2655
24883 2656
24907 2657
24908 2658
24911 2659
24914 2660
24918 2661
24930 2662
24943 2663
24953 2664
24958 2665
24959 2666
24966 2667
24971 2668
24976 2669
24992 2670
24998 2671
25000 2672
25003 2673
25068 2674
25077 2675
25118 2676
25133 2677
25142 2678
25159 2679
25164 2680
25221 2681
25352 2682
25394 2683
25399 2684
25414 2685
25418 2686
25435 2687
25445 2688
25458 2689
25468 2690
25495 2691
25503 2692
25515 2693
25518 2694
25532 2695
25543 2696
25550 2697
25556 2698
25558 2699
25563 2700
25575 2701
25597 2702
25601 2703
25662 2704
25674 2705
25675 2706
25699 2707
25700 2708
25904 2709
25948 2710
25966 2711
25968 2712
25985 2713
25996 2714
25998 2715
26000 2716
26030 2717
26034 2718
26040 2719
26061 2720
26072 2721
26099 2722
26104 2723
26108 2724
26118 2725
26120 2726
26139 2727
26140 2728
26141 2729
26143 2730
26166 2731
26182 2732
26189 2733
26213 2734
26214 2735
26224 2736
26247 2737
26249 2738
26257 2739
26266 2740
26285 2741
26302 2742
26323 2743
26330 2744
26338 2745
26363 2746
26416 2747
26439 2748
26449 2749
26450 2750
26465 2751
26481 2752
26486 2753
26503 2754
26507 2755
26556 2756
26576 2757
26664 2758
26665 2759
26666 2760
26742 2761
26758 2762
26772 2763
26775 2764
26776 2765
26783 2766
26807 2767
26818 2768
26864 2769
26865 2770
26875 2771
26881 2772
26894 2773
26972 2774
27102 2775
27106 2776
27112 2777
27141 2778
27163 2779
27168 2780
27170 2781
27180 2782
27218 2783
27242 2784
27254 2785
27310 2786
27332 2787
27337 2788
27369 2789
27401 2790
27431 2791
27505 2792
27544 2793
27563 2794
27570 2795
27575 2796
27582 2797
27624 2798
27642 2799
27645 2800
27680 2801
27697 2802
27738 2803
27760 2804
27767 2805
27774 2806
27798 2807
27808 2808
27815 2809
27816 2810
27879 2811
27889 2812
27892 2813
27895 2814
27904 2815
27907 2816
27909 2817
27927 2818
27948 2819
27975 2820
28064 2821
28158 2822
28165 2823
28231 2824
28266 2825
28268 2826
28287 2827
28300 2828
28324 2829
28328 2830
28347 2831
28352 2832
28360 2833
28369 2834
28371 2835
28374 2836
28378 2837
28381 2838
28382 2839
28383 2840
28384 2841
28392 2842
28395 2843
28402 2844
28421 2845
28423 2846
28424 2847
28428 2848
28458 2849
28459 2850
28465 2851
28472 2852
28477 2853
28487 2854
28496 2855
28510 2856
28515 2857
28521 2858
28528 2859
28532 2860
28569 2861
28583 2862
28584 2863
28586 2864
28587 2865
28589 2866
28592 2867
28593 2868
28596 2869
28618 2870
28636 2871
28669 2872
28682 2873
28698 2874
28699 2875
28704 2876
28721 2877
28775 2878
28779 2879
28780 2880
28794 2881
28822 2882
28840 2883
28841 2884
28844 2885
28846 2886
28850 2887
28866 2888
28872 2889
28887 2890
28907 2891
28915 2892
28924 2893
28930 2894
28934 2895
28948 2896
28961 2897
28979 2898
29013 2899
29024 2900
29025 2901
29027 2902
29039 2903
29051 2904
29065 2905
29076 2906
29091 2907
29093 2908
29103 2909
29130 2910
29132 2911
29133 2912
29147 2913
29151 2914
29156 2915
29191 2916
29198 2917
29204 2918
29213 2919
29238 2920
29239 2921
29245 2922
29246 2923
29250 2924
29281 2925
29291 2926
29301 2927
29313 2928
29332 2929
29361 2930
29373 2931
29374 2932
29376 2933
29385 2934
29389 2935
29401 2936
29412 2937
29413 2938
29414 2939
29421 2940
29441 2941
29466 2942
29473 2943
29512 2944
29514 2945
29516 2946
29545 2947
29577 2948
29590 2949
29591 2950
29598 2951
29599 2952
29610 2953
29613 2954
29614 2955
29617 2956
29626 2957
29629 2958
29640 2959
29642 2960
29650 2961
29651 2962
29667 2963
29673 2964
29675 2965
29678 2966
29686 2967
29687 2968
29688 2969
29694 2970
29696 2971
29697 2972
29699 2973
29704 2974
29713 2975
29714 2976
29715 2977
29717 2978
29724 2979
29728 2980
29740 2981
29751 2982
29754 2983
29755 2984
29756 2985
29757 2986
29771 2987
29772 2988
29775 2989
29783 2990
29787 2991
29790 2992
29791 2993
29793 2994
29805 2995
29812 2996
29814 2997
29819 2998
29824 2999
29828 3000
29832 3001
29840 3002
29851 3003
29896 3004
29900 3005
29906 3006
29944 3007
29965 3008
29991 3009
30005 3010
30013 3011
30017 3012
30034 3013
30040 3014
30047 3015
30063 3016
30065 3017
30072 3018
30078 3019
30106 3020
30116 3021
30197 3022
30263 3023
30276 3024
30286 3025
30333 3026
30344 3027
30357 3028
30378 3029
30392 3030
30398 3031
30402 3032
30429 3033
30449 3034
30462 3035
30463 3036
30465 3037
30477 3038
30479 3039
30482 3040
30506 3041
30521 3042
30534 3043
30536 3044
30540 3045
30562 3046
30563 3047
30577 3048
30585 3049
30598 3050
30618 3051
30642 3052
30645 3053
30647 3054
30706 3055
30723 3056
30727 3057
30728 3058
30730 3059
30733 3060
30751 3061
30756 3062
30761 3063
30780 3064
30794 3065
30813 3066
30836 3067
30855 3068
30863 3069
30867 3070
30885 3071
30888 3072
30892 3073
30896 3074
30917 3075
30920 3076
30948 3077
30953 3078
31033 3079
31091 3080
31092 3081
31097 3082
31100 3083
31125 3084
31143 3085
31157 3086
31187 3087
31192 3088
31240 3089
31328 3090
31372 3091
31404 3092
31433 3093
31483 3094
31497 3095
31538 3096
31579 3097
31613 3098
31661 3099
31666 3100
31721 3101
31737 3102
31742 3103
31745 3104
31755 3105
31758 3106
31774 3107
31778 3108
31791 3109
31792 3110
31800 3111
31803 3112
31813 3113
31832 3114
31836 3115
31838 3116
31868 3117
31873 3118
31879 3119
31886 3120
31889 3121
31914 3122
31917 3123
31942 3124
31943 3125
31949 3126
31958 3127
31965 3128
31989 3129
31999 3130
32001 3131
32002 3132
32009 3133
32024 3134
32029 3135
32038 3136
32041 3137
32050 3138
32065 3139
32066 3140
32068 3141
32071 3142
32079 3143
32093 3144
32094 3145
32103 3146
32104 3147
32115 3148
32118 3149
32122 3150
32126 3151
32133 3152
32143 3153
32146 3154
32161 3155
32169 3156
32180 3157
32187 3158
32201 3159
32204 3160
32213 3161
32224 3162
32225 3163
32241 3164
32247 3165
32248 3166
32254 3167
32258 3168
32261 3169
32267 3170
32276 3171
32278 3172
32309 3173
32316 3174
32321 3175
32330 3176
32331 3177
32333 3178
32334 3179
32340 3180
32372 3181
32375 3182
32385 3183
32389 3184
32391 3185
32399 3186
32402 3187
32409 3188
32432 3189
32437 3190
32439 3191
32452 3192
32454 3193
32455 3194
32456 3195
32460 3196
32468 3197
32469 3198
32470 3199
32479 3200
32483 3201
32485 3202
32490 3203
32496 3204
32506 3205
32508 3206
32509 3207
32511 3208
32525 3209
32526 3210
32532 3211
32540 3212
32546 3213
32555 3214
32560 3215
32571 3216
32573 3217
32575 3218
32577 3219
32579 3220
32583 3221
32588 3222
32592 3223
32595 3224
32604 3225
32612 3226
32621 3227
32624 3228
32626 3229
32628 3230
32637 3231
32641 3232
32643 3233
32647 3234
32653 3235
32678 3236
32688 3237
32696 3238
32705 3239
32713 3240
32724 3241
32736 3242
32740 3243
32741 3244
32750 3245
32755 3246
32766 3247
32797 3248
32798 3249
32810 3250
32834 3251
32836 3252
32840 3253
32854 3254
32875 3255
32880 3256
32888 3257
32899 3258
32900 3259
32917 3260
32969 3261
32984 3262
32985 3263
32992 3264
33013 3265
33021 3266
33022 3267
33065 3268
33071 3269
33078 3270
33152 3271
33160 3272
33171 3273
33177 3274
33200 3275
33203 3276
33287 3277
33290 3278
33326 3279
33339 3280
33343 3281
33352 3282
33407 3283
33415 3284
33460 3285
33475 3286
33571 3287
33573 3288
33598 3289
33599 3290
33665 3291
33688 3292
33705 3293
33708 3294
33753 3295
33766 3296
33774 3297
33783 3298
33785 3299
33792 3300
33812 3301
33814 3302
33824 3303
33875 3304
33877 3305
33879 3306
33880 3307
33892 3308
33924 3309
33993 3310
34005 3311
34009 3312
34016 3313
34113 3314
34146 3315
34168 3316
34176 3317
34180 3318
34181 3319
34191 3320
34279 3321
34314 3322
34323 3323
34439 3324
34440 3325
34454 3326
34462 3327
34488 3328
34490 3329
34542 3330
34549 3331
34571 3332
34573 3333
34622 3334
34628 3335
34682 3336
34696 3337
34789 3338
34829 3339
34841 3340
34844 3341
34848 3342
34854 3343
34857 3344
34892 3345
34910 3346
34926 3347
34963 3348
35024 3349
35031 3350
35075 3351
35097 3352
35143 3353
35151 3354
35153 3355
35160 3356
35165 3357
35191 3358
35196 3359
35198 3360
35212 3361
35213 3362
35217 3363
35219 3364
35222 3365
35277 3366
35281 3367
35283 3368
35289 3369
35339 3370
35348 3371
35372 3372
35396 3373
35437 3374
35485 3375
35510 3376
35561 3377
35567 3378
35591 3379
35611 3380
35811 3381
35818 3382
35845 3383
35880 3384
35933 3385
35946 3386
35955 3387
35961 3388
36010 3389
36063 3390
36111 3391
36112 3392
36146 3393
36166 3394
36227 3395
36230 3396
36257 3397
36340 3398
36369 3399
36409 3400
36420 3401
36510 3402
36608 3403
36638 3404
36642 3405
36668 3406
36704 3407
36711 3408
36741 3409
36822 3410
36825 3411
36902 3412
36931 3413
37115 3414
37133 3415
37208 3416
37240 3417
37270 3418
37283 3419
37297 3420
37302 3421
37307 3422
37308 3423
37310 3424
37312 3425
37316 3426
37325 3427
37338 3428
37345 3429
37352 3430
37371 3431
37400 3432
37424 3433
37441 3434
37505 3435
37514 3436
37520 3437
37630 3438
37656 3439
37670 3440
37687 3441
37697 3442
37702 3443
37710 3444
37732 3445
37733 3446
37744 3447
37797 3448
37817 3449
37826 3450
37846 3451
37848 3452
37851 3453
37862 3454
37864 3455
37900 3456
37909 3457
37915 3458
37930 3459
37949 3460
37982 3461
38015 3462
38031 3463
38044 3464
38056 3465
38088 3466
38091 3467
38097 3468
38128 3469
38139 3470
38141 3471
38150 3472
38163 3473
38168 3474
38181 3475
38184 3476
38233 3477
38268 3478
38292 3479
38296 3480
38317 3481
38319 3482
38335 3483
38357 3484
38424 3485
38426 3486
38428 3487
38444 3488
38463 3489
38546 3490
38552 3491
38563 3492
38623 3493
38690 3494
38693 3495
38707 3496
38711 3497
38753 3498
38774 3499
38808 3500
38814 3501
38836 3502
38866 3503
38927 3504
38940 3505
38958 3506
38989 3507
39028 3508
39091 3509
39119 3510
39156 3511
39167 3512
39204 3513
39213 3514
39215 3515
39261 3516
39272 3517
39274 3518
39275 3519
39285 3520
39291 3521
39302 3522
39308 3523
39324 3524
39328 3525
39335 3526
39340 3527
39344 3528
39349 3529
39352 3530
39354 3531
39378 3532
39401 3533
39407 3534
39413 3535
39436 3536
39460 3537
39465 3538
39505 3539
39525 3540
39534 3541
39552 3542
39569 3543
39582 3544
39585 3545
39601 3546
39609 3547
39634 3548
39644 3549
39669 3550
39687 3551
39695 3552
39714 3553
39737 3554
39762 3555
39780 3556
39839 3557
39842 3558
39847 3559
39865 3560
39918 3561
39954 3562
39968 3563
40025 3564
40029 3565
40095 3566
40105 3567
40112 3568
40153 3569
40164 3570
40179 3571
40212 3572
40224 3573
40226 3574
40227 3575
40229 3576
40243 3577
40260 3578
40264 3579
40269 3580
40273 3581
40278 3582
40279 3583
40289 3584
40293 3585
40339 3586
40351 3587
40352 3588
40374 3589
40388 3590
40402 3591
40415 3592
40419 3593
40442 3594
40444 3595
40472 3596
40528 3597
40539 3598
40555 3599
40562 3600
40568 3601
40606 3602
40627 3603
40634 3604
40641 3605
40642 3606
40643 3607
40653 3608
40655 3609
40663 3610
40677 3611
40697 3612
40698 3613
40732 3614
40751 3615
40769 3616
40780 3617
40782 3618
40783 3619
40789 3620
40805 3621
40811 3622
40819 3623
40836 3624
40846 3625
40868 3626
40869 3627
40906 3628
40912 3629
40929 3630
40938 3631
40945 3632
40951 3633
40954 3634
40957 3635
40958 3636
40988 3637
40995 3638
40998 3639
41013 3640
41022 3641
41028 3642
41032 3643
41073 3644
41077 3645
41091 3646
41107 3647
41112 3648
41115 3649
41120 3650
41132 3651
41134 3652
41144 3653
41145 3654
41154 3655
41162 3656
41165 3657
41184 3658
41204 3659
41209 3660
41238 3661
41240 3662
41257 3663
41317 3664
41334 3665
41372 3666
41401 3667
41412 3668
41413 3669
41491 3670
41526 3671
41531 3672
41541 3673
41547 3674
41549 3675
41554 3676
41561 3677
41576 3678
41601 3679
41605 3680
41612 3681
41628 3682
41629 3683
41644 3684
41661 3685
41662 3686
41678 3687
41679 3688
41683 3689
41689 3690
41692 3691
41694 3692
41697 3693
41698 3694
41706 3695
41708 3696
41709 3697
41710 3698
41725 3699
41731 3700
41737 3701
41740 3702
41762 3703
41764 3704
41786 3705
41787 3706
41793 3707
41808 3708
41830 3709
41833 3710
41866 3711
41868 3712
41872 3713
41875 3714
41876 3715
41880 3716
41941 3717
41945 3718
41947 3719
41982 3720
41994 3721
41998 3722
42042 3723
42046 3724
42057 3725
42065 3726
42069 3727
42113 3728
42154 3729
42163 3730
42177 3731
42179 3732
42181 3733
42186 3734
42189 3735
42192 3736
42205 3737
42207 3738
42212 3739
42215 3740
42218 3741
42241 3742
42260 3743
42301 3744
42310 3745
42335 3746
42347 3747
42350 3748
42354 3749
42394 3750
42412 3751
42414 3752
42440 3753
42449 3754
42476 3755
42478 3756
42483 3757
42511 3758
42614 3759
42638 3760
42732 3761
42755 3762
42799 3763
42810 3764
42877 3765
42880 3766
42902 3767
42904 3768
42908 3769
42934 3770
42942 3771
42973 3772
42996 3773
43018 3774
43020 3775
43031 3776
43046 3777
43052 3778
43069 3779
43078 3780
43097 3781
43104 3782
43144 3783
43152 3784
43174 3785
43176 3786
43187 3787
43213 3788
43235 3789
43260 3790
43302 3791
43343 3792
43371 3793
43495 3794
43502 3795
43509 3796
43513 3797
43514 3798
43515 3799
43527 3800
43528 3801
43555 3802
43605 3803
43606 3804
43610 3805
43612 3806
43615 3807
43624 3808
43626 3809
43646 3810
43647 3811
43658 3812
43677 3813
43698 3814
43701 3815
43702 3816
43719 3817
43722 3818
43753 3819
43757 3820
43775 3821
43784 3822
43789 3823
43812 3824
43820 3825
43830 3826
43840 3827
43854 3828
43879 3829
43901 3830
43904 3831
43909 3832
43925 3833
43934 3834
43935 3835
43941 3836
43958 3837
43966 3838
43969 3839
44003 3840
44009 3841
44067 3842
44077 3843
44097 3844
44119 3845
44124 3846
44129 3847
44134 3848
44138 3849
44142 3850
44167 3851
44173 3852
44186 3853
44191 3854
44204 3855
44205 3856
44242 3857
44268 3858
44272 3859
44303 3860
44326 3861
44368 3862
44417 3863
44444 3864
44450 3865
44456 3866
44464 3867
44470 3868
44493 3869
44494 3870
44498 3871
44513 3872
44516 3873
44518 3874
44530 3875
44544 3876
44545 3877
44552 3878
44558 3879
44564 3880
44580 3881
44588 3882
44593 3883
44624 3884
44625 3885
44639 3886
44666 3887
44667 3888
44669 3889
44673 3890
44690 3891
44693 3892
44696 3893
44701 3894
44702 3895
44719 3896
44728 3897
44730 3898
44734 3899
44739 3900
44754 3901
44759 3902
44775 3903
44776 3904
44780 3905
44795 3906
44817 3907
44819 3908
44823 3909
44826 3910
44858 3911
44870 3912
44891 3913
44903 3914
44911 3915
44918 3916
44921 3917
44942 3918
44956 3919
44961 3920
44973 3921
45027 3922
45037 3923
45064 3924
45073 3925
45079 3926
45113 3927
45124 3928
45150 3929
45181 3930
45197 3931
45204 3932
45216 3933
45238 3934
45242 3935
45258 3936
45262 3937
45267 3938
45274 3939
45277 3940
45294 3941
45377 3942
45382 3943
45395 3944
45413 3945
45420 3946
45430 3947
45442 3948
45447 3949
45466 3950
45487 3951
45501 3952
45504 3953
45543 3954
45548 3955
45556 3956
45565 3957
45569 3958
45588 3959
45612 3960
45653 3961
45654 3962
45659 3963
45690 3964
45700 3965
45706 3966
45713 3967
45714 3968
45718 3969
45719 3970
45727 3971
45728 3972
45745 3973
45752 3974
45753 3975
45767 3976
45786 3977
45796 3978
45800 3979
45832 3980
45842 3981
45857 3982
45876 3983
45883 3984
45886 3985
45917 3986
45931 3987
45937 3988
45971 3989
45992 3990
46004 3991
46008 3992
46027 3993
46030 3994
46048 3995
46088 3996
46110 3997
46117 3998
46122 3999
46125 4000
46126 4001
46131 4002
46142 4003
46155 4004
46156 4005
46159 4006
46170 4007
46171 4008
46175 4009
46176 4010
46181 4011
46192 4012
46195 4013
46198 4014
46202 4015
46203 4016
46214 4017
46218 4018
46229 4019
46234 4020
46235 4021
46244 4022
46255 4023
46268 4024
46269 4025
46272 4026
46276 4027
46279 4028
46282 4029
46291 4030
46293 4031
46297 4032
46298 4033
46301 4034
46315 4035
46331 4036
46347 4037
46351 4038
46354 4039
46377 4040
46386 4041
46398 4042
46399 4043
46438 4044
46445 4045
46450 4046
46452 4047
46473 4048
46478 4049
46486 4050
46496 4051
46534 4052
46540 4053
46551 4054
46552 4055
46572 4056
46574 4057
46580 4058
46581 4059
46623 4060
46625 4061
46632 4062
46649 4063
46654 4064
46657 4065
46675 4066
46684 4067
46726 4068
46743 4069
46747 4070
46773 4071
46783 4072
46815 4073
46816 4074
46843 4075
46864 4076
46876 4077
46902 4078
46918 4079
46924 4080
46939 4081
46953 4082
46964 4083
46992 4084
47016 4085
47027 4086
47030 4087
47040 4088
47041 4089
47058 4090
47061 4091
47073 4092
47085 4093
47086 4094
47087 4095
47089 4096
47095 4097
47114 4098
47151 4099
47157 4100
47169 4101
47192 4102
47195 4103
47225 4104
47229 4105
47232 4106
47239 4107
47253 4108
47256 4109
47258 4110
47264 4111
47268 4112
47316 4113
47330 4114
47335 4115
47343 4116
47346 4117
47370 4118
47374 4119
47388 4120
47392 4121
47406 4122
47424 4123
47430 4124
47449 4125
47451 4126
47469 4127
47474 4128
47478 4129
47481 4130
47494 4131
47505 4132
47510 4133
47512 4134
47516 4135
47530 4136
47541 4137
47554 4138
47557 4139
47560 4140
47577 4141
47582 4142
47583 4143
47585 4144
47588 4145
47621 4146
47627 4147
47661 4148
47669 4149
47672 4150
47751 4151
47760 4152
47783 4153
47787 4154
47803 4155
47805 4156
47811 4157
47837 4158
47857 4159
47859 4160
47876 4161
47881 4162
47886 4163
47890 4164
47906 4165
47910 4166
47916 4167
47917 4168
47928 4169
47930 4170
47939 4171
47942 4172
47955 4173
47960 4174
47963 4175
47978 4176
47984 4177
47996 4178
47998 4179
48017 4180
48043 4181
48063 4182
48084 4183
48095 4184
48142 4185
48173 4186
48177 4187
48184 4188
48191 4189
48220 4190
48230 4191
48262 4192
48270 4193
48272 4194
48273 4195
48286 4196
48293 4197
48297 4198
48378 4199
48388 4200
48390 4201
48393 4202
48400 4203
48411 4204
48412 4205
48435 4206
48445 4207
48477 4208
48483 4209
48507 4210
48523 4211
48531 4212
48532 4213
48549 4214
48554 4215
48558 4216
48582 4217
48596 4218
48640 4219
48650 4220
48654 4221
48679 4222
48687 4223
48691 4224
48698 4225
48724 4226
48725 4227
48736 4228
48739 4229
48797 4230
48835 4231
48837 4232
48848 4233
48853 4234
48877 4235
48880 4236
48902 4237
48910 4238
48913 4239
48929 4240
48948 4241
48951 4242
48952 4243
48955 4244
48957 4245
48963 4246
48965 4247
49041 4248
49054 4249
49097 4250
49100 4251
49162 4252
49204 4253
49224 4254
49242 4255
49300 4256
49330 4257
49385 4258
49391 4259
49394 4260
49398 4261
49429 4262
49433 4263
49435 4264
49436 4265
49446 4266
49456 4267
49465 4268
49476 4269
49480 4270
49495 4271
49506 4272
49523 4273
49529 4274
49540 4275
49542 4276
49551 4277
49553 4278
49571 4279
49596 4280
49603 4281
49610 4282
49619 4283
49622 4284
49647 4285
49654 4286
49655 4287
49661 4288
49685 4289
49695 4290
49703 4291
49716 4292
49741 4293
49759 4294
49770 4295
49777 4296
49787 4297
49790 4298
49808 4299
49822 4300
49846 4301
49877 4302
49884 4303
49895 4304
49896 4305
49917 4306
49924 4307
49931 4308
49964 4309
50023 4310
50027 4311
50045 4312
50050 4313
50071 4314
50076 4315
50080 4316
50081 4317
50092 4318
50094 4319
50128 4320
50131 4321
50133 4322
50139 4323
50143 4324
50147 4325
50155 4326
50156 4327
50181 4328
50203 4329
50207 4330
50243 4331
50244 4332
50266 4333
50270 4334
50277 4335
50279 4336
50327 4337
50329 4338
50340 4339
50357 4340
50365 4341
50377 4342
50394 4343
50398 4344
50405 4345
50407 4346
50431 4347
50434 4348
50443 4349
50466 4350
50479 4351
50481 4352
50504 4353
50513 4354
50538 4355
50539 4356
50565 4357
50571 4358
50577 4359
50588 4360
50608 4361
50615 4362
50627 4363
50631 4364
50632 4365
50644 4366
50657 4367
50667 4368
50668 4369
50700 4370
50702 4371
50729 4372
50766 4373
50783 4374
50808 4375
50813 4376
50821 4377
50835 4378
50838 4379
50848 4380
50859 4381
50866 4382
50869 4383
50874 4384
50878 4385
50883 4386
50892 4387
50908 4388
50922 4389
50932 4390
50938 4391
50959 4392
50988 4393
51001 4394
51008 4395
51021 4396
51026 4397
51029 4398
51038 4399
51042 4400
51046 4401
51048 4402
51052 4403
51053 4404
51076 4405
51078 4406
51086 4407
51093 4408
51100 4409
51116 4410
51136 4411
51142 4412
51148 4413
51159 4414
51161 4415
51164 4416
51167 4417
51199 4418
51217 4419
51221 4420
51222 4421
51242 4422
51281 4423
51284 4424
51285 4425
51289 4426
51290 4427
51301 4428
51318 4429
51327 4430
51346 4431
51352 4432
51360 4433
51363 4434
51366 4435
51374 4436
51396 4437
51413 4438
51433 4439
51440 4440
51482 4441
51485 4442
51514 4443
51525 4444
51552 4445
51569 4446
51579 4447
51594 4448
51608 4449
51609 4450
51620 4451
51621 4452
51637 4453
51657 4454
51658 4455
51669 4456
51677 4457
51690 4458
51697 4459
51711 4460
51722 4461
51733 4462
51753 4463
51759 4464
51774 4465
51777 4466
51786 4467
51787 4468
51809 4469
51869 4470
51894 4471
51953 4472
51957 4473
51964 4474
51971 4475
51973 4476
51992 4477
51997 4478
52015 4479
52021 4480
52026 4481
52053 4482
52059 4483
52066 4484
52077 4485
52080 4486
52083 4487
52084 4488
52085 4489
52086 4490
52090 4491
52099 4492
52108 4493
52117 4494
52121 4495
52126 4496
52129 4497
52131 4498
52145 4499
52177 4500
52189 4501
52216 4502
52258 4503
52444 4504
52461 4505
52495 4506
52510 4507
52549 4508
52552 4509
52560 4510
52562 4511
52567 4512
52570 4513
52595 4514
52601 4515
52612 4516
52660 4517
52714 4518
52725 4519
52745 4520
52755 4521
52765 4522
52775 4523
52782 4524
52790 4525
52792 4526
52798 4527
52804 4528
52815 4529
52821 4530
52837 4531
52838 4532
52843 4533
52848 4534
52857 4535
52859 4536
52863 4537
52873 4538
52875 4539
52883 4540
52889 4541
52890 4542
52892 4543
52898 4544
52902 4545
52903 4546
52904 4547
52924 4548
52932 4549
52936 4550
52937 4551
52939 4552
52941 4553
52942 4554
52953 4555
52955 4556
52969 4557
52971 4558
52972 4559
52974 4560
52986 4561
52991 4562
52996 4563
52997 4564
52999 4565
53002 4566
53005 4567
53008 4568
53011 4569
53012 4570
53014 4571
53022 4572
53024 4573
53033 4574
53040 4575
53042 4576
53046 4577
53049 4578
53056 4579
53057 4580
53075 4581
53081 4582
53082 4583
53089 4584
53091 4585
53106 4586
53114 4587
53118 4588
53120 4589
53129 4590
53130 4591
53132 4592
53136 4593
53144 4594
53145 4595
53147 4596
53149 4597
53152 4598
53155 4599
53159 4600
53160 4601
53173 4602
53174 4603
53177 4604
53178 4605
53179 4606
53187 4607
53192 4608
53194 4609
53198 4610
53206 4611
53208 4612
53209 4613
53210 4614
53214 4615
53216 4616
53222 4617
53225 4618
53227 4619
53228 4620
53231 4621
53237 4622
53240 4623
53252 4624
53256 4625
53260 4626
53276 4627
53278 4628
53280 4629
53286 4630
53293 4631
53296 4632
53297 4633
53298 4634
53299 4635
53301 4636
53308 4637
53310 4638
53319 4639
53323 4640
53325 4641
53329 4642
53334 4643
53340 4644
53344 4645
53347 4646
53353 4647
53360 4648
53361 4649
53362 4650
53379 4651
53393 4652
53399 4653
53404 4654
53406 4655
53408 4656
53413 4657
53414 4658
53416 4659
53421 4660
53430 4661
53432 4662
53434 4663
53435 4664
53460 4665
53473 4666
53494 4667
53507 4668
53527 4669
53555 4670
53558 4671
53582 4672
53597 4673
53627 4674
53636 4675
53644 4676
53648 4677
53692 4678
53720 4679
53753 4680
53780 4681
53786 4682
53790 4683
53851 4684
53909 4685
53927 4686
53933 4687
53948 4688
53950 4689
53954 4690
53962 4691
53983 4692
53990 4693
54022 4694
54031 4695
54032 4696
54039 4697
54043 4698
54053 4699
54054 4700
54055 4701
54060 4702
54074 4703
54099 4704
54101 4705
54103 4706
54108 4707
54123 4708
54126 4709
54134 4710
54142 4711
54146 4712
54165 4713
54168 4714
54171 4715
54180 4716
54187 4717
54188 4718
54196 4719
54199 4720
54207 4721
54211 4722
54234 4723
54240 4724
54245 4725
54266 4726
54279 4727
54281 4728
54288 4729
54300 4730
54323 4731
54326 4732
54334 4733
54362 4734
54373 4735
54382 4736
54389 4737
54402 4738
54415 4739
54436 4740
54439 4741
54453 4742
54458 4743
54469 4744
54477 4745
54497 4746
54520 4747
54525 4748
54542 4749
54549 4750
54609 4751
54689 4752
54710 4753
54724 4754
54732 4755
54748 4756
54807 4757
54810 4758
54813 4759
54841 4760
54854 4761
54866 4762
54873 4763
54925 4764
54928 4765
54935 4766
54960 4767
54982 4768
54987 4769
55017 4770
55062 4771
55112 4772
55126 4773
55130 4774
55171 4775
55192 4776
55217 4777
55220 4778
55255 4779
55303 4780
55346 4781
55364 4782
55382 4783
55384 4784
55415 4785
55515 4786
55572 4787
55575 4788
55593 4789
55594 4790
55607 4791
55629 4792
55657 4793
55667 4794
55685 4795
55694 4796
55753 4797
55770 4798
55792 4799
55836 4800
55883 4801
55894 4802
55994 4803
56005 4804
56039 4805
56060 4806
56111 4807
56116 4808
56135 4809
56136 4810
56157 4811
56163 4812
56215 4813
56252 4814
56258 4815
56296 4816
56318 4817
56326 4818
56339 4819
56344 4820
56346 4821
56379 4822
56397 4823
56403 4824
56407 4825
56470 4826
56471 4827
56488 4828
56491 4829
56506 4830
56508 4831
56510 4832
56511 4833
56526 4834
56549 4835
56553 4836
56561 4837
56585 4838
56591 4839
56596 4840
56616 4841
56619 4842
56642 4843
56649 4844
56652 4845
56683 4846
56690 4847
56701 4848
56707 4849
56711 4850
56721 4851
56735 4852
56750 4853
56771 4854
56778 4855
56787 4856
56813 4857
56818 4858
56837 4859
56845 4860
56855 4861
56860 4862
56889 4863
56891 4864
56912 4865
56934 4866
56937 4867
56941 4868
56947 4869
56950 4870
56956 4871
56989 4872
57003 4873
57009 4874
57017 4875
57018 4876
57026 4877
57030 4878
57037 4879
57038 4880
57040 4881
57046 4882
57048 4883
57049 4884
57050 4885
57058 4886
57060 4887
57068 4888
57069 4889
57072 4890
57082 4891
57085 4892
57090 4893
57116 4894
57118 4895
57122 4896
57131 4897
57132 4898
57133 4899
57135 4900
57144 4901
57167 4902
57174 4903
57177 4904
57180 4905
57182 4906
57186 4907
57187 4908
57204 4909
57210 4910
57211 4911
57215 4912
57227 4913
57238 4914
57243 4915
57246 4916
57248 4917
57252 4918
57254 4919
57259 4920
57279 4921
57280 4922
57291 4923
57303 4924
57306 4925
57313 4926
57327 4927
57328 4928
57349 4929
57350 4930
57363 4931
57371 4932
57373 4933
57383 4934
57387 4935
57403 4936
57415 4937
57419 4938
57428 4939
57435 4940
57438 4941
57440 4942
57457 4943
57459 4944
57464 4945
57482 4946
57495 4947
57520 4948
57537 4949
57565 4950
57575 4951
57585 4952
57616 4953
57678 4954
57690 4955
57697 4956
57730 4957
57789 4958
57807 4959
57850 4960
57851 4961
57856 4962
57859 4963
57860 4964
57888 4965
57898 4966
57913 4967
57960 4968
57985 4969
57986 4970
57995 4971
58010 4972
58016 4973
58036 4974
58047 4975
58064 4976
58066 4977
58074 4978
58080 4979
58081 4980
58083 4981
58085 4982
58093 4983
58098 4984
58104 4985
58111 4986
58118 4987
58119 4988
58121 4989
58125 4990
58131 4991
58144 4992
58146 4993
58154 4994
58156 4995
58167 4996
58178 4997
58183 4998
58194 4999
58214 5000
58215 5001
58217 5002
58227 5003
58229 5004
58255 5005
58268 5006
58276 5007
58283 5008
58290 5009
58294 5010
58320 5011
58325 5012
58329 5013
58338 5014
58343 5015
58353 5016
58355 5017
58360 5018
58374 5019
58376 5020
58380 5021
58393 5022
58397 5023
58400 5024
58412 5025
58413 5026
58416 5027
58418 5028
58420 5029
58426 5030
58428 5031
58429 5032
58431 5033
58434 5034
58440 5035
58450 5036
58451 5037
58472 5038
58479 5039
58486 5040
58489 5041
58496 5042
58499 5043
58500 5044
58501 5045
58503 5046
58509 5047
58520 5048
58521 5049
58528 5050
58533 5051
58540 5052
58542 5053
58548 5054
58562 5055
58563 5056
58583 5057
58586 5058
58608 5059
58609 5060
58614 5061
58615 5062
58623 5063
58626 5064
58631 5065
58635 5066
58644 5067
58646 5068
58647 5069
58649 5070
58692 5071
58693 5072
58696 5073
58707 5074
58708 5075
58711 5076
58720 5077
58722 5078
58742 5079
58743 5080
58778 5081
58789 5082
58790 5083
58791 5084
58792 5085
58795 5086
58799 5087
58804 5088
58813 5089
58825 5090
58829 5091
58832 5092
58845 5093
58876 5094
58881 5095
58891 5096
58899 5097
58902 5098
58903 5099
58918 5100
58922 5101
58933 5102
58939 5103
58950 5104
58955 5105
58970 5106
59014 5107
59022 5108
59029 5109
59030 5110
59067 5111
59084 5112
59100 5113
59103 5114
59111 5115
59135 5116
59145 5117
59165 5118
59205 5119
59213 5120
59215 5121
59225 5122
59236 5123
59242 5124
59244 5125
59250 5126
59274 5127
59276 5128
59278 5129
59300 5130
59301 5131
59311 5132
59315 5133
59354 5134
59355 5135
59356 5136
59377 5137
59384 5138
59406 5139
59416 5140
59453 5141
59494 5142
59500 5143
59508 5144
59527 5145
59551 5146
59552 5147
59553 5148
59563 5149
59564 5150
59589 5151
59594 5152
59641 5153
59642 5154
59645 5155
59692 5156
59735 5157
59751 5158
59765 5159
59774 5160
59787 5161
59802 5162
59826 5163
59837 5164
59841 5165
59857 5166
59886 5167
59896 5168
59913 5169
59916 5170
59919 5171
59930 5172
59956 5173
59958 5174
59976 5175
59981 5176
59988 5177
60014 5178
60025 5179
60030 5180
60035 5181
60036 5182
60041 5183
60045 5184
60065 5185
60069 5186
60083 5187
60100 5188
60116 5189
60120 5190
60158 5191
60218 5192
60225 5193
60226 5194
60264 5195
60265 5196
60294 5197
60301 5198
60305 5199
60307 5200
60330 5201
60352 5202
60357 5203
60360 5204
60409 5205
60412 5206
60413 5207
60453 5208
60457 5209
60470 5210
60473 5211
60480 5212
60533 5213
60536 5214
60537 5215
60550 5216
60564 5217
60570 5218
60601 5219
60609 5220
60614 5221
60616 5222
60647 5223
60648 5224
60655 5225
60659 5226
60695 5227
60712 5228
60737 5229
60758 5230
60759 5231
60766 5232
60797 5233
60799 5234
60825 5235
60854 5236
60866 5237
60900 5238
60901 5239
60906 5240
60918 5241
60928 5242
60939 5243
60947 5244
61009 5245
61041 5246
61051 5247
61055 5248
61073 5249
61096 5250
61114 5251
61138 5252
61141 5253
61145 5254
61149 5255
61150 5256
61153 5257
61176 5258
61199 5259
61215 5260
61251 5261
61258 5262
61284 5263
61321 5264
61332 5265
61341 5266
61361 5267
61379 5268
61384 5269
61439 5270
61462 5271
61491 5272
61497 5273
61581 5274
61616 5275
61630 5276
61643 5277
61669 5278
61681 5279
61689 5280
61765 5281
61776 5282
61796 5283
61805 5284
61858 5285
61860 5286
61900 5287
61925 5288
61927 5289
61951 5290
61961 5291
62012 5292
62045 5293
62057 5294
62063 5295
62080 5296
62088 5297
62091 5298
62196 5299
62204 5300
62242 5301
62255 5302
62266 5303
62272 5304
62325 5305
62380 5306
62401 5307
62408 5308
62422 5309
62432 5310
62466 5311
62467 5312
62530 5313
62532 5314
62567 5315
62683 5316
62688 5317
62783 5318
62804 5319
62830 5320
62837 5321
62846 5322
62848 5323
62851 5324
62859 5325
62868 5326
62886 5327
62908 5328
62918 5329
62961 5330
62987 5331
63008 5332
63018 5333
63101 5334
63110 5335
63135 5336
63140 5337
63155 5338
63160 5339
63168 5340
63169 5341
63196 5342
63198 5343
63199 5344
63200 5345
63203 5346
63237 5347
63256 5348
63265 5349
63270 5350
63276 5351
63284 5352
63291 5353
63316 5354
63317 5355
63320 5356
63331 5357
63338 5358
63364 5359
63377 5360
63392 5361
63393 5362
63413 5363
63414 5364
63419 5365
63426 5366
63445 5367
63462 5368
63464 5369
63473 5370
63480 5371
63497 5372
63512 5373
63540 5374
63553 5375
63559 5376
63565 5377
63566 5378
63572 5379
63590 5380
63732 5381
63768 5382
63787 5383
63834 5384
63857 5385
63900 5386
63915 5387
63961 5388
63962 5389
63966 5390
63976 5391
63978 5392
63990 5393
64004 5394
64006 5395
64039 5396
64045 5397
64050 5398
64067 5399
64075 5400
64099 5401
64152 5402
64188 5403
64216 5404
64217 5405
64219 5406
64229 5407
64232 5408
64243 5409
64264 5410
64271 5411
64302 5412
64335 5413
64339 5414
64341 5415
64350 5416
64356 5417
64375 5418
64380 5419
64391 5420
64395 5421
64422 5422
64433 5423
64436 5424
64438 5425
64456 5426
64458 5427
64469 5428
64475 5429
64493 5430
64506 5431
64520 5432
64563 5433
64571 5434
64593 5435
64594 5436
64600 5437
64607 5438
64617 5439
64620 5440
64634 5441
64635 5442
64637 5443
64653 5444
64661 5445
64685 5446
64689 5447
64708 5448
64709 5449
64712 5450
64720 5451
64722 5452
64726 5453
64733 5454
64744 5455
64809 5456
64811 5457
64813 5458
64814 5459
64821 5460
64827 5461
64837 5462
64852 5463
64869 5464
64871 5465
64893 5466
64899 5467
64921 5468
64922 5469
64930 5470
64931 5471
64936 5472
64937 5473
64942 5474
64944 5475
64961 5476
64972 5477
64982 5478
64983 5479
64984 5480
65040 5481
65083 5482
65109 5483
65113 5484
65121 5485
65134 5486
65153 5487
65159 5488
65173 5489
65214 5490
65250 5491
65267 5492
65313 5493
65316 5494
65337 5495
65379 5496
65399 5497
65539 5498
65574 5499
65590 5500
65614 5501
65639 5502
65647 5503
65661 5504
65709 5505
65770 5506
65771 5507
65772 5508
65773 5509
65791 5510
65849 5511
65859 5512
65881 5513
65899 5514
65927 5515
65940 5516
65941 5517
65953 5518
65963 5519
65965 5520
65970 5521
65973 5522
66002 5523
66013 5524
66014 5525
66023 5526
66065 5527
66066 5528
66068 5529
66070 5530
66077 5531
66082 5532
66154 5533
66161 5534
66229 5535
66244 5536
66308 5537
66346 5538
66381 5539
66392 5540
66396 5541
66401 5542
66408 5543
66418 5544
66433 5545
66444 5546
66455 5547
66462 5548
66516 5549
66518 5550
66554 5551
66555 5552
66587 5553
66606 5554
66621 5555
66622 5556
66653 5557
66718 5558
66726 5559
66735 5560
66737 5561
66741 5562
66784 5563
66818 5564
66831 5565
66837 5566
66853 5567
66857 5568
66873 5569
66875 5570
66882 5571
66902 5572
66920 5573
66943 5574
66982 5575
66984 5576
67029 5577
67033 5578
67051 5579
67067 5580
67086 5581
67102 5582
67103 5583
67104 5584
67154 5585
67180 5586
67230 5587
67253 5588
67259 5589
67314 5590
67327 5591
67349 5592
67355 5593
67366 5594
67367 5595
67411 5596
67413 5597
67437 5598
67446 5599
67478 5600
67481 5601
67505 5602
67518 5603
67527 5604
67530 5605
67539 5606
67560 5607
67561 5608
67574 5609
67584 5610
67585 5611
67597 5612
67598 5613
67627 5614
67664 5615
67736 5616
67881 5617
67901 5618
67984 5619
67995 5620
68041 5621
68173 5622
68207 5623
68228 5624
68258 5625
68290 5626
68326 5627
68361 5628
68390 5629
68474 5630
68509 5631
68516 5632
68567 5633
68647 5634
68651 5635
68657 5636
68665 5637
68700 5638
68707 5639
68715 5640
68716 5641
68733 5642
68734 5643
68744 5644
68746 5645
68760 5646
68772 5647
68802 5648
68807 5649
68808 5650
68810 5651
68813 5652
68816 5653
68842 5654
68848 5655
68872 5656
68894 5657
68909 5658
68932 5659
68948 5660
68961 5661
68962 5662
68984 5663
68998 5664
68999 5665
69005 5666
69052 5667
69059 5668
69091 5669
69096 5670
69119 5671
69127 5672
69130 5673
69134 5674
69136 5675
69137 5676
69147 5677
69149 5678
69212 5679
69279 5680
69416 5681
69525 5682
69535 5683
69579 5684
69601 5685
69623 5686
69628 5687
69712 5688
69722 5689
69787 5690
69824 5691
69825 5692
69892 5693
69948 5694
70004 5695
70081 5696
70098 5697
70100 5698
70118 5699
70130 5700
70208 5701
70226 5702
70230 5703
70276 5704
70283 5705
70315 5706
70368 5707
70397 5708
70398 5709
70460 5710
70495 5711
70547 5712
70592 5713
70595 5714
70604 5715
70611 5716
70625 5717
70634 5718
70671 5719
70686 5720
70704 5721
70713 5722
70719 5723
70747 5724
70754 5725
70770 5726
70771 5727
70812 5728
70878 5729
70880 5730
70891 5731
70906 5732
70931 5733
70932 5734
70943 5735
70968 5736
70989 5737
71047 5738
71049 5739
71087 5740
71092 5741
71125 5742
71215 5743
71239 5744
71241 5745
71276 5746
71285 5747
71306 5748
71343 5749
71368 5750
71379 5751
71382 5752
71408 5753
71438 5754
71439 5755
71466 5756
71477 5757
71532 5758
71574 5759
71588 5760
71602 5761
71604 5762
71651 5763
71703 5764
71719 5765
71826 5766
71837 5767
71845 5768
71848 5769
71867 5770
71870 5771
71877 5772
71890 5773
71899 5774
71901 5775
71906 5776
71914 5777
71932 5778
71947 5779
71958 5780
71967 5781
71991 5782
72045 5783
72062 5784
72105 5785
72133 5786
72162 5787
72167 5788
72170 5789
72268 5790
72296 5791
72312 5792
72326 5793
72377 5794
72423 5795
72434 5796
72450 5797
72461 5798
72490 5799
72515 5800
72521 5801
72531 5802
72538 5803
72553 5804
72558 5805
72561 5806
72563 5807
72590 5808
72598 5809
72605 5810
72607 5811
72613 5812
72624 5813
72626 5814
72636 5815
72638 5816
72643 5817
72644 5818
72652 5819
72657 5820
72674 5821
72678 5822
72684 5823
72685 5824
72691 5825
72697 5826
72701 5827
72709 5828
72715 5829
72724 5830
72731 5831
72735 5832
72768 5833
72788 5834
72793 5835
72826 5836
72835 5837
72837 5838
72844 5839
72867 5840
72891 5841
72893 5842
72899 5843
72907 5844
72913 5845
72914 5846
72917 5847
72918 5848
72927 5849
72928 5850
72939 5851
72941 5852
72951 5853
72976 5854
72978 5855
72986 5856
73026 5857
73030 5858
73037 5859
73038 5860
73042 5861
73049 5862
73060 5863
73067 5864
73093 5865
73098 5866
73114 5867
73126 5868
73129 5869
73139 5870
73144 5871
73163 5872
73201 5873
73206 5874
73207 5875
73208 5876
73210 5877
73212 5878
73217 5879
73228 5880
73229 5881
73235 5882
73238 5883
73244 5884
73246 5885
73254 5886
73301 5887
73302 5888
73303 5889
73317 5890
73318 5891
73330 5892
73331 5893
73343 5894
73354 5895
73358 5896
73359 5897
73361 5898
73363 5899
73364 5900
73375 5901
73379 5902
73389 5903
73407 5904
73420 5905
73423 5906
73437 5907
73438 5908
73440 5909
73441 5910
73481 5911
73489 5912
73492 5913
73525 5914
73548 5915
73554 5916
73561 5917
73581 5918
73596 5919
73597 5920
73598 5921
73612 5922
73614 5923
73616 5924
73634 5925
73635 5926
73640 5927
73641 5928
73657 5929
73660 5930
73662 5931
73668 5932
73670 5933
73676 5934
73688 5935
73691 5936
73693 5937
73703 5938
73705 5939
73713 5940
73716 5941
73749 5942
73750 5943
73765 5944
73804 5945
73826 5946
73830 5947
73835 5948
73839 5949
73851 5950
73852 5951
73853 5952
73863 5953
73865 5954
73880 5955
73888 5956
73890 5957
73898 5958
73907 5959
73908 5960
73923 5961
73924 5962
73938 5963
73939 5964
73943 5965
73944 5966
73967 5967
73974 5968
73982 5969
74017 5970
74030 5971
74037 5972
74038 5973
74049 5974
74058 5975
74066 5976
74074 5977
74080 5978
74106 5979
74110 5980
74118 5981
74126 5982
74149 5983
74153 5984
74157 5985
74161 5986
74172 5987
74176 5988
74198 5989
74203 5990
74207 5991
74220 5992
74222 5993
74223 5994
74238 5995
74265 5996
74266 5997
74268 5998
74270 5999
74271 6000
74277 6001
74285 6002
74288 6003
74295 6004
74299 6005
74312 6006
74320 6007
74333 6008
74342 6009
74345 6010
74355 6011
74362 6012
74372 6013
74374 6014
74378 6015
74400 6016
74420 6017
74429 6018
74431 6019
74436 6020
74439 6021
74444 6022
74445 6023
74463 6024
74482 6025
74488 6026
74491 6027
74508 6028
74511 6029
74520 6030
74521 6031
74531 6032
74540 6033
74545 6034
74552 6035
74553 6036
74555 6037
74571 6038
74574 6039
74575 6040
74577 6041
74584 6042
74602 6043
74606 6044
74611 6045
74612 6046
74623 6047
74631 6048
74636 6049
74639 6050
74655 6051
74656 6052
74657 6053
74664 6054
74677 6055
74678 6056
74698 6057
74713 6058
74715 6059
74751 6060
74757 6061
74759 6062
74762 6063
74778 6064
74783 6065
74792 6066
74817 6067
74830 6068
74841 6069
74871 6070
74873 6071
74879 6072
74887 6073
74900 6074
74909 6075
74941 6076
74961 6077
74971 6078
74975 6079
74980 6080
74986 6081
74993 6082
74994 6083
74999 6084
75003 6085
75044 6086
75045 6087
75064 6088
75074 6089
75119 6090
75122 6091
75126 6092
75137 6093
75145 6094
75149 6095
75152 6096
75153 6097
75164 6098
75176 6099
75183 6100
75188 6101
75192 6102
75196 6103
75197 6104
75203 6105
75204 6106
75223 6107
75228 6108
75230 6109
75240 6110
75241 6111
75245 6112
75253 6113
75263 6114
75265 6115
75268 6116
75278 6117
75281 6118
75295 6119
75296 6120
75298 6121
75301 6122
75307 6123
75312 6124
75315 6125
75320 6126
75330 6127
75341 6128
75342 6129
75349 6130
75358 6131
75385 6132
75389 6133
75398 6134
75401 6135
75413 6136
75416 6137
75418 6138
75429 6139
75434 6140
75435 6141
75449 6142
75456 6143
75462 6144
75473 6145
75485 6146
75491 6147
75494 6148
75502 6149
75506 6150
75512 6151
75515 6152
75517 6153
75520 6154
75530 6155
75538 6156
75547 6157
75554 6158
75571 6159
75581 6160
75582 6161
75592 6162
75597 6163
75599 6164
75613 6165
75617 6166
75620 6167
75623 6168
75652 6169
75670 6170
75675 6171
75684 6172
75688 6173
75694 6174
75704 6175
75711 6176
75712 6177
75715 6178
75721 6179
75724 6180
75736 6181
75737 6182
75743 6183
75750 6184
75761 6185
75780 6186
75786 6187
75790 6188
75806 6189
75807 6190
75814 6191
75817 6192
75818 6193
75823 6194
75825 6195
75827 6196
75830 6197
75834 6198
75843 6199
75845 6200
75851 6201
75853 6202
75854 6203
75857 6204
75869 6205
75883 6206
75886 6207
75887 6208
75907 6209
75915 6210
75923 6211
75925 6212
75936 6213
75938 6214
75946 6215
75957 6216
75960 6217
75982 6218
76004 6219
76011 6220
76023 6221
76024 6222
76027 6223
76046 6224
76065 6225
76068 6226
76074 6227
76082 6228
76086 6229
76151 6230
76154 6231
76158 6232
76160 6233
76161 6234
76172 6235
76185 6236
76186 6237
76225 6238
76231 6239
76237 6240
76247 6241
76279 6242
76281 6243
76287 6244
76297 6245
76313 6246
76337 6247
76338 6248
76379 6249
76390 6250
76401 6251
76405 6252
76411 6253
76424 6254
76426 6255
76428 6256
76431 6257
76439 6258
76466 6259
76477 6260
76481 6261
76493 6262
76502 6263
76509 6264
76510 6265
76528 6266
76531 6267
76555 6268
76584 6269
76592 6270
76595 6271
76598 6272
76639 6273
76710 6274
76724 6275
76751 6276
76758 6277
76774 6278
76794 6279
76797 6280
76803 6281
76863 6282
76869 6283
76941 6284
76942 6285
76948 6286
76980 6287
76992 6288
77019 6289
77075 6290
77112 6291
77133 6292
77138 6293
77202 6294
77209 6295
77279 6296
77322 6297
77352 6298
77361 6299
77366 6300
77367 6301
77406 6302
77408 6303
77426 6304
77429 6305
77452 6306
77489 6307
77501 6308
77506 6309
77508 6310
77510 6311
77520 6312
77546 6313
77552 6314
77576 6315
77578 6316
77610 6317
77614 6318
77618 6319
77632 6320
77636 6321
77660 6322
77668 6323
77720 6324
77722 6325
77730 6326
77767 6327
77777 6328
77783 6329
77789 6330
77799 6331
77800 6332
77807 6333
77825 6334
77841 6335
77855 6336
77869 6337
77872 6338
77873 6339
77883 6340
77892 6341
77898 6342
77918 6343
77922 6344
77925 6345
77928 6346
77934 6347
77941 6348
77943 6349
77971 6350
77988 6351
77996 6352
77999 6353
78000 6354
78003 6355
78050 6356
78067 6357
78088 6358
78107 6359
78114 6360
78115 6361
78158 6362
78165 6363
78168 6364
78175 6365
78184 6366
78250 6367
78260 6368
78271 6369
78298 6370
78342 6371
78359 6372
78389 6373
78403 6374
78413 6375
78452 6376
78466 6377
78476 6378
78557 6379
78636 6380
78664 6381
78674 6382
78675 6383
78746 6384
78757 6385
78779 6386
78817 6387
78819 6388
78829 6389
78833 6390
78864 6391
78877 6392
78889 6393
78911 6394
78912 6395
78928 6396
78930 6397
78953 6398
78978 6399
78982 6400
79012 6401
79028 6402
79061 6403
79066 6404
79105 6405
79135 6406
79177 6407
79240 6408
79266 6409
79276 6410
79281 6411
79293 6412
79319 6413
79330 6414
79373 6415
79399 6416
79412 6417
79434 6418
79444 6419
79449 6420
79465 6421
79520 6422
79525 6423
79533 6424
79547 6425
79552 6426
79593 6427
79595 6428
79636 6429
79642 6430
79643 6431
79647 6432
79648 6433
79670 6434
79671 6435
79673 6436
79695 6437
79698 6438
79701 6439
79727 6440
79770 6441
79772 6442
79791 6443
79796 6444
79808 6445
79837 6446
79857 6447
79863 6448
79878 6449
79881 6450
79883 6451
79891 6452
79894 6453
79895 6454
79903 6455
79909 6456
79911 6457
79914 6458
79920 6459
79925 6460
79930 6461
79941 6462
79946 6463
80007 6464
80009 6465
80022 6466
80023 6467
80040 6468
80046 6469
80060 6470
80066 6471
80076 6472
80082 6473
80091 6474
80117 6475
80161 6476
80164 6477
80197 6478
80210 6479
80227 6480
80247 6481
80249 6482
80267 6483
80269 6484
80271 6485
80293 6486
80294 6487
80313 6488
80320 6489
80321 6490
80339 6491
80348 6492
80349 6493
80353 6494
80356 6495
80357 6496
80358 6497
80359 6498
80361 6499
80371 6500
80373 6501
80374 6502
80391 6503
80392 6504
80393 6505
80395 6506
80409 6507
80413 6508
80417 6509
80419 6510
80429 6511
80433 6512
80460 6513
80463 6514
80466 6515
80470 6516
80472 6517
80473 6518
80476 6519
80477 6520
80478 6521
80479 6522
80480 6523
80482 6524
80483 6525
80487 6526
80494 6527
80504 6528
80507 6529
80514 6530
80525 6531
80528 6532
80534 6533
80542 6534
80543 6535
80545 6536
80551 6537
80552 6538
80554 6539
80556 6540
80562 6541
80563 6542
80564 6543
80565 6544
80567 6545
80575 6546
80577 6547
80581 6548
80582 6549
80586 6550
80591 6551
80597 6552
80599 6553
80607 6554
80609 6555
80611 6556
80614 6557
80616 6558
80617 6559
80618 6560
80619 6561
80620 6562
80622 6563
80623 6564
80624 6565
80625 6566
80626 6567
80627 6568
80628 6569
80629 6570
80631 6571
80634 6572
80635 6573
80637 6574
80639 6575
80640 6576
80642 6577
80643 6578
80644 6579
80645 6580
80647 6581
80649 6582
80650 6583
80652 6584
80653 6585
80655 6586
80656 6587
80659 6588
80660 6589
80661 6590
80663 6591
80665 6592
80667 6593
80669 6594
80670 6595
80671 6596
80675 6597
80676 6598
80677 6599
80679 6600
80680 6601
80681 6602
80682 6603
80683 6604
80684 6605
80686 6606
80687 6607
80689 6608
80690 6609
80691 6610
80693 6611
80694 6612
80696 6613
80697 6614
80698 6615
80700 6616
80707 6617
80709 6618
80710 6619
80713 6620
80715 6621
80716 6622
80717 6623
80718 6624
80725 6625
80728 6626
80739 6627
80747 6628
80751 6629
80756 6630
80758 6631
80763 6632
80764 6633
80767 6634
80769 6635
80774 6636
80776 6637
80780 6638
80788 6639
80797 6640
80800 6641
80802 6642
80804 6643
80807 6644
80808 6645
80809 6646
80810 6647
80811 6648
80812 6649
80813 6650
80814 6651
80815 6652
80816 6653
80817 6654
80818 6655
80819 6656
80820 6657
80821 6658
80822 6659
80823 6660
80824 6661
80827 6662
80828 6663
80829 6664
80830 6665
80831 6666
80833 6667
80834 6668
80835 6669
80836 6670
80837 6671
80839 6672
80843 6673
80845 6674
80847 6675
80848 6676
80849 6677
80850 6678
80853 6679
80855 6680
80868 6681
80879 6682
80880 6683
80882 6684
80889 6685
80899 6686
80905 6687
80908 6688
80924 6689
80969 6690
80976 6691
80980 6692
80992 6693
80994 6694
80996 6695
81007 6696
81008 6697
81009 6698
81011 6699
81013 6700
81014 6701
81021 6702
81034 6703
81041 6704
81045 6705
81060 6706
81064 6707
81077 6708
81078 6709
81083 6710
81084 6711
81093 6712
81097 6713
81100 6714
81101 6715
81102 6716
81103 6717
81104 6718
81114 6719
81115 6720
81122 6721
81123 6722
81125 6723
81126 6724
81131 6725
81139 6726
81140 6727
81147 6728
81160 6729
81164 6730
81176 6731
81178 6732
81179 6733
81196 6734
81202 6735
81215 6736
81216 6737
81219 6738
81226 6739
81229 6740
81235 6741
81244 6742
81254 6743
81257 6744
81260 6745
81263 6746
81276 6747
81277 6748
81278 6749
81280 6750
81282 6751
81284 6752
81287 6753
81288 6754
81289 6755
81290 6756
81291 6757
81292 6758
81293 6759
81295 6760
81296 6761
81297 6762
81298 6763
81299 6764
81301 6765
81302 6766
81303 6767
81304 6768
81305 6769
81306 6770
81307 6771
81314 6772
81316 6773
81318 6774
81319 6775
81320 6776
81322 6777
81324 6778
81327 6779
81328 6780
81329 6781
81331 6782
81333 6783
81334 6784
81339 6785
81340 6786
81341 6787
81343 6788
81344 6789
81345 6790
81346 6791
81347 6792
81348 6793
81353 6794
81355 6795
81360 6796
81361 6797
81362 6798
81363 6799
81364 6800
81365 6801
81366 6802
81367 6803
81368 6804
81371 6805
81373 6806
81375 6807
81377 6808
81379 6809
81382 6810
81387 6811
81388 6812
81389 6813
81393 6814
81394 6815
81399 6816
81403 6817
81405 6818
81419 6819
81426 6820
81445 6821
81456 6822
81458 6823
81462 6824
81463 6825
81470 6826
81478 6827
81481 6828
81483 6829
81484 6830
81486 6831
81487 6832
81488 6833
81489 6834
81490 6835
81493 6836
81494 6837
81495 6838
81496 6839
81498 6840
81499 6841
81501 6842
81503 6843
81504 6844
81506 6845
81507 6846
81508 6847
81509 6848
81510 6849
81512 6850
81513 6851
81514 6852
81515 6853
81516 6854
81517 6855
81518 6856
81519 6857
81520 6858
81521 6859
81522 6860
81523 6861
81524 6862
81525 6863
81526 6864
81527 6865
81528 6866
81530 6867
81531 6868
81533 6869
81534 6870
81535 6871
81536 6872
81537 6873
81538 6874
81539 6875
81540 6876
81541 6877
81542 6878
81543 6879
81544 6880
81545 6881
81546 6882
81547 6883
81548 6884
81549 6885
81550 6886
81551 6887
81552 6888
81553 6889
81554 6890
81555 6891
81556 6892
81557 6893
81558 6894
81560 6895
81561 6896
81562 6897
81564 6898
81565 6899
81566 6900
81567 6901
81568 6902
81569 6903
81570 6904
81571 6905
81573 6906
81574 6907
81575 6908
81576 6909
81577 6910
81584 6911
81595 6912
81598 6913
81602 6914
81606 6915
81619 6916
81621 6917
81623 6918
81644 6919
81660 6920
81661 6921
81673 6922
81675 6923
81682 6924
81683 6925
81684 6926
81733 6927
81736 6928
81739 6929
81744 6930
81745 6931
81746 6932
81753 6933
81757 6934
81772 6935
81786 6936
81787 6937
81788 6938
81798 6939
81804 6940
81805 6941
81820 6942
81853 6943
81857 6944
81883 6945
81897 6946
81906 6947
81915 6948
81918 6949
81932 6950
81942 6951
81943 6952
82029 6953
82052 6954
82060 6955
82166 6956
82169 6957
82173 6958
82185 6959
82196 6960
82219 6961
82246 6962
82266 6963
82280 6964
82281 6965
82284 6966
82291 6967
82294 6968
82295 6969
82297 6970
82300 6971
82301 6972
82302 6973
82305 6974
82306 6975
82308 6976
82309 6977
82310 6978
82311 6979
82312 6980
82313 6981
82314 6982
82315 6983
82316 6984
82318 6985
82319 6986
82320 6987
82321 6988
82323 6989
82324 6990
82331 6991
82337 6992
82341 6993
82343 6994
82344 6995
82345 6996
82349 6997
82350 6998
82351 6999
82353 7000
82354 7001
82355 7002
82359 7003
82360 7004
82361 7005
82362 7006
82365 7007
82366 7008
82376 7009
82378 7010
82380 7011
82384 7012
82386 7013
82387 7014
82388 7015
82389 7016
82400 7017
82401 7018
82406 7019
82412 7020
82420 7021
82424 7022
82430 7023
82436 7024
82437 7025
82438 7026
82439 7027
82447 7028
82449 7029
82454 7030
82457 7031
82458 7032
82466 7033
82467 7034
82476 7035
82479 7036
82481 7037
82482 7038
82486 7039
82487 7040
82491 7041
82492 7042
82500 7043
82507 7044
82512 7045
82513 7046
82520 7047
82545 7048
82556 7049
82579 7050
82611 7051
82658 7052
82718 7053
82721 7054
82761 7055
82778 7056
82791 7057
82870 7058
82900 7059
82910 7060
82922 7061
82932 7062
82943 7063
82959 7064
82963 7065
82992 7066
83001 7067
83010 7068
83061 7069
83071 7070
83094 7071
83101 7072
83150 7073
83158 7074
83169 7075
83199 7076
83248 7077
83260 7078
83264 7079
83274 7080
83275 7081
83318 7082
83323 7083
83354 7084
83363 7085
83377 7086
83382 7087
83395 7088
83413 7089
83453 7090
83457 7091
83461 7092
83488 7093
83506 7094
83520 7095
83523 7096
83543 7097
83558 7098
83586 7099
83597 7100
83614 7101
83618 7102
83620 7103
83622 7104
83625 7105
83626 7106
83631 7107
83657 7108
83673 7109
83699 7110
83708 7111
83732 7112
83822 7113
83925 7114
83935 7115
83937 7116
83954 7117
83955 7118
83964 7119
83966 7120
83968 7121
83980 7122
83987 7123
83990 7124
84013 7125
84020 7126
84024 7127
84025 7128
84027 7129
84044 7130
84054 7131
84063 7132
84072 7133
84089 7134
84091 7135
84102 7136
84109 7137
84117 7138
84123 7139
84136 7140
84144 7141
84149 7142
84165 7143
84168 7144
84169 7145
84177 7146
84190 7147
84191 7148
84196 7149
84198 7150
84199 7151
84203 7152
84230 7153
84243 7154
84253 7155
84255 7156
84262 7157
84272 7158
84283 7159
84286 7160
84287 7161
84299 7162
84301 7163
84306 7164
84316 7165
84320 7166
84330 7167
84336 7168
84353 7169
84384 7170
84385 7171
84396 7172
84405 7173
84407 7174
84434 7175
84449 7176
84453 7177
84470 7178
84481 7179
84483 7180
84484 7181
84499 7182
84502 7183
84508 7184
84509 7185
84517 7186
84521 7187
84522 7188
84525 7189
84533 7190
84537 7191
84568 7192
84571 7193
84588 7194
84598 7195
84599 7196
84605 7197
84609 7198
84615 7199
84618 7200
84620 7201
84625 7202
84635 7203
84646 7204
84669 7205
84689 7206
84693 7207
84702 7208
84740 7209
84746 7210
84749 7211
84754 7212
84770 7213
84771 7214
84776 7215
84781 7216
84782 7217
84837 7218
84842 7219
84852 7220
84859 7221
84863 7222
84867 7223
84868 7224
84877 7225
84880 7226
84899 7227
84907 7228
84926 7229
84930 7230
84937 7231
84942 7232
84965 7233
84975 7234
84987 7235
84994 7236
85002 7237
85011 7238
85015 7239
85023 7240
85035 7241
85039 7242
85060 7243
85065 7244
85067 7245
85070 7246
85073 7247
85076 7248
85088 7249
85094 7250
85150 7251
85162 7252
85168 7253
85171 7254
85178 7255
85184 7256
85196 7257
85200 7258
85201 7259
85204 7260
85213 7261
85215 7262
85254 7263
85258 7264
85261 7265
85269 7266
85272 7267
85276 7268
85278 7269
85284 7270
85286 7271
85287 7272
85288 7273
85307 7274
85309 7275
85310 7276
85321 7277
85325 7278
85329 7279
85330 7280
85336 7281
85337 7282
85339 7283
85349 7284
85388 7285
85390 7286
85414 7287
85425 7288
85426 7289
85429 7290
85450 7291
85454 7292
85480 7293
85485 7294
85492 7295
85495 7296
85504 7297
85524 7298
85527 7299
85536 7300
85540 7301
85542 7302
85549 7303
85550 7304
85554 7305
85556 7306
85563 7307
85590 7308
85592 7309
85600 7310
85625 7311
85628 7312
85629 7313
85633 7314
85649 7315
85653 7316
85655 7317
85670 7318
85678 7319
85692 7320
85694 7321
85704 7322
85709 7323
85711 7324
85712 7325
85715 7326
85730 7327
85732 7328
85746 7329
85755 7330
85757 7331
85790 7332
85802 7333
85816 7334
85819 7335
85837 7336
85850 7337
85878 7338
85885 7339
85898 7340
85902 7341
85915 7342
85925 7343
85927 7344
85934 7345
85937 7346
85947 7347
85959 7348
85965 7349
85979 7350
85980 7351
85981 7352
85984 7353
85993 7354
86017 7355
86021 7356
86024 7357
86031 7358
86043 7359
86048 7360
86052 7361
86055 7362
86058 7363
86059 7364
86060 7365
86067 7366
86082 7367
86089 7368
86104 7369
86108 7370
86112 7371
86122 7372
86145 7373
86149 7374
86159 7375
86184 7376
86187 7377
86193 7378
86198 7379
86203 7380
86220 7381
86222 7382
86227 7383
86235 7384
86241 7385
86311 7386
86330 7387
86354 7388
86363 7389
86393 7390
86419 7391
86423 7392
86449 7393
86452 7394
86455 7395
86457 7396
86458 7397
86474 7398
86494 7399
86508 7400
86518 7401
86519 7402
86527 7403
86538 7404
86539 7405
86550 7406
86583 7407
86643 7408
86659 7409
86663 7410
86702 7411
86711 7412
86717 7413
86723 7414
86729 7415
86736 7416
86738 7417
86740 7418
86748 7419
86767 7420
86814 7421
86869 7422
86895 7423
86904 7424
86928 7425
86937 7426
86948 7427
86965 7428
86966 7429
86969 7430
87012 7431
87041 7432
87072 7433
87081 7434
87096 7435
87113 7436
87154 7437
87158 7438
87183 7439
87199 7440
87211 7441
87230 7442
87231 7443
87236 7444
87264 7445
87281 7446
87282 7447
87287 7448
87310 7449
87321 7450
87322 7451
87340 7452
87387 7453
87393 7454
87395 7455
87425 7456
87457 7457
87466 7458
87472 7459
87483 7460
87485 7461
87566 7462
87582 7463
87595 7464
87616 7465
87624 7466
87718 7467
87803 7468
87828 7469
87873 7470
87881 7471
87895 7472
87904 7473
87907 7474
87929 7475
87964 7476
87969 7477
87970 7478
87971 7479
87979 7480
87982 7481
87983 7482
88017 7483
88043 7484
88049 7485
88063 7486
88078 7487
88079 7488
88091 7489
88095 7490
88096 7491
88101 7492
88106 7493
88136 7494
88154 7495
88159 7496
88178 7497
88191 7498
88213 7499
88216 7500
88239 7501
88247 7502
88248 7503
88254 7504
88290 7505
88296 7506
88311 7507
88329 7508
88330 7509
88348 7510
88351 7511
88352 7512
88357 7513
88369 7514
88374 7515
88380 7516
88388 7517
88409 7518
88436 7519
88473 7520
88486 7521
88500 7522
88518 7523
88525 7524
88526 7525
88554 7526
88616 7527
88633 7528
88707 7529
88760 7530
88807 7531
88835 7532
88918 7533
88944 7534
89034 7535
89098 7536
89117 7537
89134 7538
89139 7539
89163 7540
89167 7541
89182 7542
89212 7543
89216 7544
89270 7545
89287 7546
89294 7547
89299 7548
89308 7549
89318 7550
89341 7551
89347 7552
89354 7553
89361 7554
89402 7555
89411 7556
89453 7557
89455 7558
89458 7559
89459 7560
89461 7561
89465 7562
89466 7563
89493 7564
89555 7565
89568 7566
89584 7567
89624 7568
89632 7569
89637 7570
89664 7571
89708 7572
89758 7573
89770 7574
89771 7575
89776 7576
89791 7577
89798 7578
89819 7579
89836 7580
89868 7581
89870 7582
89871 7583
89877 7584
89888 7585
89889 7586
89905 7587
89909 7588
89912 7589
89963 7590
89964 7591
89986 7592
90003 7593
90026 7594
90044 7595
90065 7596
90075 7597
90078 7598
90088 7599
90115 7600
90126 7601
90176 7602
90178 7603
90197 7604
90199 7605
90215 7606
90223 7607
90224 7608
90240 7609
90277 7610
90284 7611
90308 7612
90322 7613
90338 7614
90347 7615
90374 7616
90381 7617
90391 7618
90393 7619
90411 7620
90412 7621
90421 7622
90429 7623
90450 7624
90456 7625
90462 7626
90471 7627
90475 7628
90476 7629
90484 7630
90514 7631
90546 7632
90586 7633
90604 7634
90634 7635
90683 7636
90691 7637
90696 7638
90725 7639
90728 7640
90729 7641
90808 7642
90830 7643
90831 7644
90858 7645
90862 7646
90869 7647
90903 7648
90912 7649
90913 7650
90960 7651
90971 7652
90976 7653
90991 7654
90998 7655
91027 7656
91028 7657
91038 7658
91051 7659
91069 7660
91100 7661
91110 7662
91113 7663
91118 7664
91151 7665
91158 7666
91177 7667
91183 7668
91204 7669
91222 7670
91229 7671
91243 7672
91245 7673
91259 7674
91278 7675
91279 7676
91282 7677
91301 7678
91323 7679
91377 7680
91381 7681
91402 7682
91413 7683
91502 7684
91516 7685
91522 7686
91537 7687
91547 7688
91552 7689
91560 7690
91579 7691
91585 7692
91590 7693
91601 7694
91604 7695
91608 7696
91611 7697
91620 7698
91648 7699
91660 7700
91662 7701
91680 7702
91698 7703
91701 7704
91702 7705
91710 7706
91712 7707
91714 7708
91764 7709
91792 7710
91814 7711
91949 7712
91960 7713
91978 7714
92021 7715
92030 7716
92067 7717
92094 7718
92101 7719
92121 7720
92135 7721
92151 7722
92153 7723
92164 7724
92177 7725
92233 7726
92249 7727
92275 7728
92285 7729
92288 7730
92324 7731
92325 7732
92328 7733
92340 7734
92353 7735
92383 7736
92398 7737
92400 7738
92411 7739
92416 7740
92436 7741
92437 7742
92448 7743
92454 7744
92456 7745
92460 7746
92472 7747
92481 7748
92489 7749
92497 7750
92499 7751
92505 7752
92512 7753
92532 7754
92562 7755
92567 7756
92573 7757
92582 7758
92594 7759
92600 7760
92612 7761
92629 7762
92630 7763
92635 7764
92641 7765
92643 7766
92648 7767
92660 7768
92686 7769
92697 7770
92712 7771
92729 7772
92733 7773
92760 7774
92770 7775
92777 7776
92792 7777
92810 7778
92818 7779
92838 7780
92930 7781
92935 7782
92976 7783
93031 7784
93088 7785
93121 7786
93141 7787
93144 7788
93173 7789
93180 7790
93212 7791
93255 7792
93414 7793
93429 7794
93457 7795
93482 7796
93503 7797
93508 7798
93516 7799
93518 7800
93554 7801
93618 7802
93648 7803
93660 7804
93669 7805
93682 7806
93724 7807
93791 7808
93809 7809
93820 7810
93821 7811
93862 7812
93890 7813
93912 7814
93920 7815
93927 7816
93948 7817
93957 7818
93971 7819
93978 7820
94001 7821
94003 7822
94004 7823
94054 7824
94112 7825
94152 7826
94164 7827
94170 7828
94184 7829
94232 7830
94250 7831
94257 7832
94272 7833
94286 7834
94326 7835
94410 7836
94416 7837
94418 7838
94440 7839
94492 7840
94494 7841
94499 7842
94508 7843
94516 7844
94540 7845
94545 7846
94548 7847
94565 7848
94666 7849
94713 7850
94734 7851
94794 7852
94798 7853
94833 7854
94834 7855
94904 7856
94917 7857
94966 7858
94985 7859
94996 7860
95035 7861
95041 7862
95052 7863
95074 7864
95081 7865
95084 7866
95111 7867
95129 7868
95153 7869
95164 7870
95166 7871
95181 7872
95182 7873
95205 7874
95238 7875
95252 7876
95271 7877
95278 7878
95290 7879
95309 7880
95342 7881
95357 7882
95367 7883
95369 7884
95377 7885
95384 7886
95427 7887
95429 7888
95434 7889
95456 7890
95462 7891
95511 7892
95538 7893
95573 7894
95581 7895
95638 7896
95642 7897
95651 7898
95656 7899
95661 7900
95662 7901
95677 7902
95678 7903
95685 7904
95691 7905
95718 7906
95727 7907
95749 7908
95751 7909
95752 7910
95805 7911
95834 7912
95855 7913
95899 7914
95905 7915
95914 7916
95923 7917
95947 7918
95970 7919
95976 7920
96002 7921
96043 7922
96069 7923
96073 7924
96080 7925
96101 7926
96107 7927
96111 7928
96129 7929
96143 7930
96176 7931
96205 7932
96207 7933
96241 7934
96260 7935
96280 7936
96288 7937
96305 7938
96312 7939
96315 7940
96360 7941
96518 7942
96554 7943
96562 7944
96592 7945
96601 7946
96632 7947
96633 7948
96635 7949
96641 7950
96671 7951
96675 7952
96678 7953
96679 7954
96682 7955
96693 7956
96704 7957
96774 7958
96803 7959
96805 7960
96819 7961
96844 7962
96855 7963
96860 7964
96865 7965
96875 7966
96897 7967
96903 7968
96926 7969
96929 7970
96947 7971
96952 7972
96965 7973
96992 7974
97003 7975
97006 7976
97013 7977
97047 7978
97050 7979
97111 7980
97120 7981
97129 7982
97145 7983
97181 7984
97188 7985
97196 7986
97206 7987
97207 7988
97208 7989
97211 7990
97217 7991
97227 7992
97230 7993
97231 7994
97266 7995
97281 7996
97288 7997
97354 7998
97363 7999
97391 8000
97400 8001
97402 8002
97406 8003
97424 8004
97463 8005
97497 8006
97554 8007
97569 8008
97570 8009
97676 8010
97682 8011
97702 8012
97724 8013
97794 8014
97818 8015
97840 8016
97858 8017
97908 8018
97915 8019
97934 8020
97946 8021
97954 8022
97957 8023
97962 8024
97975 8025
97976 8026
97982 8027
97984 8028
97989 8029
97993 8030
97995 8031
98000 8032
98014 8033
98015 8034
98017 8035
98038 8036
98053 8037
98070 8038
98071 8039
98079 8040
98085 8041
98090 8042
98095 8043
98111 8044
98129 8045
98130 8046
98135 8047
98140 8048
98150 8049
98159 8050
98169 8051
98170 8052
98171 8053
98179 8054
98195 8055
98216 8056
98227 8057
98250 8058
98252 8059
98261 8060
98264 8061
98277 8062
98292 8063
98314 8064
98330 8065
98352 8066
98353 8067
98356 8068
98360 8069
98375 8070
98391 8071
98392 8072
98400 8073
98410 8074
98415 8075
98418 8076
98419 8077
98429 8078
98443 8079
98456 8080
98458 8081
98460 8082
98461 8083
98464 8084
98465 8085
98478 8086
98488 8087
98507 8088
98516 8089
98533 8090
98540 8091
98542 8092
98544 8093
98545 8094
98562 8095
98573 8096
98575 8097
98580 8098
98586 8099
98594 8100
98601 8101
98632 8102
98649 8103
98653 8104
98697 8105
98740 8106
98746 8107
98750 8108
98776 8109
98799 8110
98806 8111
98835 8112
98854 8113
98860 8114
98871 8115
98875 8116
98877 8117
98883 8118
98884 8119
98898 8120
98903 8121
98904 8122
98913 8123
98919 8124
98921 8125
98922 8126
98923 8127
98930 8128
98932 8129
98934 8130
98944 8131
98950 8132
98951 8133
98967 8134
98990 8135
99021 8136
99024 8137
99057 8138
99077 8139
99087 8140
99090 8141
99091 8142
99116 8143
99117 8144
99121 8145
99122 8146
99128 8147
99134 8148
99150 8149
99166 8150
99171 8151
99176 8152
99184 8153
99187 8154
99189 8155
99198 8156
99227 8157
99261 8158
99265 8159
99269 8160
99302 8161
99312 8162
99338 8163
99349 8164
99352 8165
99364 8166
99366 8167
99374 8168
99381 8169
99402 8170
99408 8171
99417 8172
99429 8173
99437 8174
99478 8175
99502 8176
99561 8177
99576 8178
99580 8179
99582 8180
99594 8181
99623 8182
99639 8183
99651 8184
99663 8185
99665 8186
99666 8187
99686 8188
99689 8189
99692 8190
99717 8191
99754 8192
99787 8193
99815 8194
99909 8195
99947 8196
99963 8197
99970 8198
99971 8199
99976 8200
100048 8201
100053 8202
100121 8203
100178 8204
100182 8205
100223 8206
100231 8207
100234 8208
100241 8209
100258 8210
100284 8211
100289 8212
100292 8213
100296 8214
100302 8215
100310 8216
100330 8217
100340 8218
100346 8219
100365 8220
100377 8221
100388 8222
100404 8223
100407 8224
100412 8225
100434 8226
100435 8227
100436 8228
100439 8229
100479 8230
100489 8231
100491 8232
100515 8233
100527 8234
100619 8235
100626 8236
100627 8237
100715 8238
100755 8239
100809 8240
100819 8241
100842 8242
100863 8243
100871 8244
100883 8245
100906 8246
100916 8247
100950 8248
100953 8249
100956 8250
100970 8251
100972 8252
100974 8253
100976 8254
100994 8255
100999 8256
101032 8257
101042 8258
101054 8259
101075 8260
101105 8261
101145 8262
101168 8263
101178 8264
101200 8265
101211 8266
101221 8267
101222 8268
101230 8269
101235 8270
101271 8271
101277 8272
101281 8273
101283 8274
101287 8275
101288 8276
101306 8277
101310 8278
101313 8279
101325 8280
101339 8281
101342 8282
101348 8283
101350 8284
101375 8285
101390 8286
101404 8287
101405 8288
101415 8289
101421 8290
101425 8291
101428 8292
101439 8293
101441 8294
101443 8295
101453 8296
101474 8297
101475 8298
101477 8299
101480 8300
101483 8301
101484 8302
101496 8303
101508 8304
101520 8305
101532 8306
101539 8307
101543 8308
101544 8309
101563 8310
101591 8311
101601 8312
101602 8313
101606 8314
101610 8315
101618 8316
101626 8317
101627 8318
101641 8319
101644 8320
101664 8321
101677 8322
101685 8323
101694 8324
101713 8325
101719 8326
101721 8327
101725 8328
101741 8329
101742 8330
101749 8331
101759 8332
101766 8333
101786 8334
101795 8335
101797 8336
101798 8337
101807 8338
101811 8339
101812 8340
101825 8341
101826 8342
101828 8343
101831 8344
101834 8345
101840 8346
101841 8347
101845 8348
101862 8349
101870 8350
101874 8351
101908 8352
101927 8353
101935 8354
101951 8355
101957 8356
101961 8357
101966 8358
101969 8359
101976 8360
101996 8361
102006 8362
102012 8363
102017 8364
102020 8365
102041 8366
102043 8367
102044 8368
102046 8369
102056 8370
102059 8371
102066 8372
102075 8373
102115 8374
102116 8375
102130 8376
102138 8377
102147 8378
102152 8379
102157 8380
102163 8381
102168 8382
102172 8383
102180 8384
102194 8385
102218 8386
102248 8387
102274 8388
102276 8389
102279 8390
102280 8391
102286 8392
102293 8393
102308 8394
102317 8395
102318 8396
102344 8397
102362 8398
102363 8399
102366 8400
102383 8401
102396 8402
102400 8403
102410 8404
102418 8405
102420 8406
102425 8407
102450 8408
102456 8409
102460 8410
102468 8411
102477 8412
102487 8413
102494 8414
102500 8415
102513 8416
102523 8417
102524 8418
102528 8419
102529 8420
102530 8421
102533 8422
102546 8423
102548 8424
102553 8425
102555 8426
102559 8427
102562 8428
102568 8429
102571 8430
102579 8431
102601 8432
102632 8433
102648 8434
102671 8435
102684 8436
102686 8437
102690 8438
102691 8439
102704 8440
102713 8441
102714 8442
102715 8443
102716 8444
102743 8445
102744 8446
102747 8447
102750 8448
102754 8449
102771 8450
102773 8451
102774 8452
102795 8453
102809 8454
102832 8455
102839 8456
102850 8457
102852 8458
102855 8459
102863 8460
102866 8461
102875 8462
102879 8463
102880 8464
102890 8465
102912 8466
102916 8467
102919 8468
102922 8469
102926 8470
102936 8471
102940 8472
102941 8473
102943 8474
102965 8475
102974 8476
103005 8477
103015 8478
103018 8479
103022 8480
103024 8481
103029 8482
103035 8483
103071 8484
103077 8485
103078 8486
103082 8487
103090 8488
103102 8489
103103 8490
103116 8491
103146 8492
103179 8493
103184 8494
103212 8495
103214 8496
103216 8497
103221 8498
103223 8499
103233 8500
103239 8501
103253 8502
103257 8503
103259 8504
103263 8505
103269 8506
103270 8507
103271 8508
103275 8509
103276 8510
103283 8511
103298 8512
103337 8513
103338 8514
103350 8515
103366 8516
103377 8517
103383 8518
103394 8519
103399 8520
103403 8521
103420 8522
103431 8523
103437 8524
103439 8525
103457 8526
103460 8527
103464 8528
103465 8529
103481 8530
103487 8531
103497 8532
103548 8533
103549 8534
103556 8535
103560 8536
103568 8537
103589 8538
103592 8539
103632 8540
103646 8541
103653 8542
103656 8543
103657 8544
103667 8545
103679 8546
103687 8547
103694 8548
103700 8549
103702 8550
103705 8551
103706 8552
103709 8553
103720 8554
103737 8555
103747 8556
103751 8557
103755 8558
103789 8559
103800 8560
103801 8561
103803 8562
103804 8563
103820 8564
103825 8565
103876 8566
103887 8567
103890 8568
103891 8569
103896 8570
103903 8571
103912 8572
103918 8573
103933 8574
103935 8575
103951 8576
103975 8577
103976 8578
103982 8579
103985 8580
104010 8581
104011 8582
104018 8583
104019 8584
104049 8585
104064 8586
104067 8587
104069 8588
104077 8589
104084 8590
104086 8591
104095 8592
104116 8593
104122 8594
104146 8595
104149 8596
104164 8597
104169 8598
104175 8599
104182 8600
104186 8601
104189 8602
104210 8603
104221 8604
104224 8605
104231 8606
104235 8607
104238 8608
104247 8609
104251 8610
104273 8611
104289 8612
104291 8613
104317 8614
104318 8615
104358 8616
104369 8617
104386 8618
104405 8619
104411 8620
104421 8621
104424 8622
104450 8623
104464 8624
104489 8625
104497 8626
104499 8627
104510 8628
104521 8629
104522 8630
104531 8631
104537 8632
104541 8633
104542 8634
104544 8635
104552 8636
104562 8637
104580 8638
104581 8639
104586 8640
104607 8641
104642 8642
104644 8643
104659 8644
104675 8645
104677 8646
104685 8647
104714 8648
104731 8649
104740 8650
104744 8651
104758 8652
104761 8653
104762 8654
104765 8655
104773 8656
104787 8657
104788 8658
104793 8659
104802 8660
104808 8661
104817 8662
104819 8663
104820 8664
104833 8665
104837 8666
104838 8667
104839 8668
104843 8669
104850 8670
104853 8671
104854 8672
104857 8673
104870 8674
104874 8675
104907 8676
104921 8677
104936 8678
104938 8679
104950 8680
104967 8681
104972 8682
105006 8683
105007 8684
105015 8685
105044 8686
105045 8687
105046 8688
105049 8689
105053 8690
105056 8691
105071 8692
105077 8693
105086 8694
105116 8695
105139 8696
105169 8697
105176 8698
105193 8699
105194 8700
105226 8701
105232 8702
105236 8703
105276 8704
105292 8705
105296 8706
105297 8707
105298 8708
105300 8709
105305 8710
105311 8711
105327 8712
105329 8713
105334 8714
105344 8715
105354 8716
105356 8717
105370 8718
105379 8719
105381 8720
105383 8721
105388 8722
105401 8723
105416 8724
105422 8725
105423 8726
105429 8727
105434 8728
105449 8729
105460 8730
105465 8731
105480 8732
105518 8733
105519 8734
105520 8735
105526 8736
105544 8737
105570 8738
105576 8739
105578 8740
105579 8741
105601 8742
105606 8743
105615 8744
105624 8745
105631 8746
105639 8747
105643 8748
105647 8749
105677 8750
105689 8751
105694 8752
105701 8753
105703 8754
105709 8755
105710 8756
105719 8757
105722 8758
105723 8759
105729 8760
105738 8761
105744 8762
105754 8763
105773 8764
105796 8765
105806 8766
105808 8767
105814 8768
105825 8769
105832 8770
105841 8771
105846 8772
105868 8773
105889 8774
105905 8775
105910 8776
105913 8777
105925 8778
105933 8779
105944 8780
105967 8781
105975 8782
105994 8783
106003 8784
106006 8785
106019 8786
106028 8787
106031 8788
106036 8789
106068 8790
106077 8791
106080 8792
106089 8793
106102 8794
106103 8795
106108 8796
106111 8797
106118 8798
106123 8799
106126 8800
106127 8801
106152 8802
106160 8803
106188 8804
106189 8805
106229 8806
106240 8807
106252 8808
106261 8809
106265 8810
106267 8811
106291 8812
106325 8813
106329 8814
106333 8815
106336 8816
106341 8817
106366 8818
106379 8819
106382 8820
106384 8821
106385 8822
106408 8823
106430 8824
106462 8825
106475 8826
106478 8827
106496 8828
106499 8829
106520 8830
106539 8831
106557 8832
106578 8833
106584 8834
106585 8835
106599 8836
106600 8837
106601 8838
106610 8839
106613 8840
106615 8841
106647 8842
106667 8843
106676 8844
106680 8845
106686 8846
106715 8847
106720 8848
106721 8849
106724 8850
106752 8851
106753 8852
106755 8853
106757 8854
106779 8855
106787 8856
106792 8857
106794 8858
106798 8859
106815 8860
106827 8861
106833 8862
106847 8863
106848 8864
106851 8865
106853 8866
106863 8867
106864 8868
106866 8869
106869 8870
106870 8871
106906 8872
106916 8873
106927 8874
106930 8875
106954 8876
106955 8877
106974 8878
106986 8879
106991 8880
107002 8881
107041 8882
107043 8883
107053 8884
107055 8885
107057 8886
107063 8887
107073 8888
107084 8889
107087 8890
107102 8891
107120 8892
107121 8893
107126 8894
107129 8895
107132 8896
107135 8897
107137 8898
107185 8899
107193 8900
107195 8901
107199 8902
107212 8903
107216 8904
107227 8905
107235 8906
107238 8907
107242 8908
107246 8909
107258 8910
107263 8911
107280 8912
107300 8913
107302 8914
107321 8915
107332 8916
107335 8917
107336 8918
107349 8919
107352 8920
107353 8921
107365 8922
107394 8923
107425 8924
107427 8925
107430 8926
107442 8927
107443 8928
107460 8929
107485 8930
107486 8931
107490 8932
107498 8933
107501 8934
107507 8935
107510 8936
107518 8937
107523 8938
107531 8939
107533 8940
107545 8941
107552 8942
107566 8943
107570 8944
107580 8945
107582 8946
107601 8947
107609 8948
107617 8949
107622 8950
107640 8951
107670 8952
107671 8953
107677 8954
107688 8955
107708 8956
107713 8957
107755 8958
107778 8959
107788 8960
107790 8961
107793 8962
107794 8963
107795 8964
107798 8965
107803 8966
107814 8967
107820 8968
107826 8969
107828 8970
107833 8971
107843 8972
107847 8973
107850 8974
107853 8975
107855 8976
107888 8977
107909 8978
107913 8979
107919 8980
107927 8981
107934 8982
107935 8983
107941 8984
107949 8985
107950 8986
107967 8987
107973 8988
107975 8989
107978 8990
107979 8991
107988 8992
108003 8993
108019 8994
108022 8995
108023 8996
108032 8997
108037 8998
108041 8999
108063 9000
108071 9001
108078 9002
108089 9003
108093 9004
108103 9005
108114 9006
108118 9007
108121 9008
108129 9009
108140 9010
108144 9011
108147 9012
108155 9013
108160 9014
108165 9015
108168 9016
108169 9017
108171 9018
108194 9019
108209 9020
108211 9021
108214 9022
108225 9023
108237 9024
108248 9025
108269 9026
108274 9027
108278 9028
108294 9029
108295 9030
108302 9031
108311 9032
108315 9033
108323 9034
108332 9035
108348 9036
108366 9037
108380 9038
108383 9039
108387 9040
108395 9041
108397 9042
108404 9043
108431 9044
108440 9045
108467 9046
108468 9047
108469 9048
108470 9049
108481 9050
108494 9051
108504 9052
108505 9053
108508 9054
108511 9055
108516 9056
108521 9057
108523 9058
108529 9059
108544 9060
108549 9061
108567 9062
108571 9063
108573 9064
108588 9065
108590 9066
108594 9067
108598 9068
108600 9069
108637 9070
108642 9071
108646 9072
108649 9073
108662 9074
108682 9075
108686 9076
108687 9077
108700 9078
108711 9079
108713 9080
108720 9081
108722 9082
108725 9083
108730 9084
108740 9085
108749 9086
108752 9087
108766 9088
108781 9089
108788 9090
108799 9091
108802 9092
108829 9093
108835 9094
108836 9095
108843 9096
108844 9097
108847 9098
108867 9099
108882 9100
108885 9101
108892 9102
108894 9103
108904 9104
108908 9105
108913 9106
108928 9107
108935 9108
108939 9109
108973 9110
108984 9111
108987 9112
108989 9113
108997 9114
109009 9115
109012 9116
109015 9117
109020 9118
109023 9119
109037 9120
109084 9121
109115 9122
109122 9123
109128 9124
109129 9125
109131 9126
109140 9127
109141 9128
109145 9129
109149 9130
109164 9131
109170 9132
109172 9133
109176 9134
109180 9135
109189 9136
109192 9137
109202 9138
109206 9139
109230 9140
109286 9141
109288 9142
109292 9143
109297 9144
109321 9145
109324 9146
109327 9147
109328 9148
109342 9149
109355 9150
109366 9151
109368 9152
109372 9153
109373 9154
109376 9155
109380 9156
109389 9157
109392 9158
109398 9159
109399 9160
109444 9161
109456 9162
109457 9163
109460 9164
109461 9165
109465 9166
109471 9167
109473 9168
109480 9169
109481 9170
109489 9171
109491 9172
109502 9173
109506 9174
109510 9175
109511 9176
109528 9177
109533 9178
109539 9179
109555 9180
109560 9181
109570 9182
109573 9183
109583 9184
109597 9185
109599 9186
109611 9187
109620 9188
109621 9189
109636 9190
109651 9191
109657 9192
109659 9193
109662 9194
109668 9195
109683 9196
109685 9197
109703 9198
109707 9199
109708 9200
109715 9201
109719 9202
109727 9203
109734 9204
109739 9205
109752 9206
109765 9207
109788 9208
109807 9209
109812 9210
109818 9211
109833 9212
109843 9213
109844 9214
109848 9215
109850 9216
109854 9217
109864 9218
109865 9219
109868 9220
109869 9221
109884 9222
109885 9223
109888 9224
109890 9225
109897 9226
109901 9227
109902 9228
109906 9229
109913 9230
109929 9231
109935 9232
109939 9233
109953 9234
109995 9235
109997 9236
110006 9237
110009 9238
110021 9239
110029 9240
110034 9241
110042 9242
110075 9243
110079 9244
110081 9245
110091 9246
110093 9247
110134 9248
110148 9249
110201 9250
110226 9251
110231 9252
110233 9253
110258 9254
110262 9255
110269 9256
110280 9257
110288 9258
110308 9259
110324 9260
110336 9261
110340 9262
110351 9263
110355 9264
110360 9265
110362 9266
110372 9267
110380 9268
110387 9269
110401 9270
110420 9271
110427 9272
110430 9273
110436 9274
110445 9275
110478 9276
110490 9277
110503 9278
110535 9279
110557 9280
110564 9281
110603 9282
110604 9283
110612 9284
110614 9285
110620 9286
110621 9287
110624 9288
110630 9289
110670 9290
110676 9291
110678 9292
110679 9293
110684 9294
110685 9295
110702 9296
110722 9297
110748 9298
110750 9299
110755 9300
110760 9301
110763 9302
110772 9303
110775 9304
110794 9305
110795 9306
110804 9307
110805 9308
110806 9309
110808 9310
110811 9311
110816 9312
110825 9313
110833 9314
110846 9315
110855 9316
110856 9317
110863 9318
110871 9319
110879 9320
110889 9321
110890 9322
110896 9323
110897 9324
110911 9325
110934 9326
110956 9327
110965 9328
110969 9329
110978 9330
110987 9331
110995 9332
110997 9333
110999 9334
111000 9335
111009 9336
111059 9337
111060 9338
111061 9339
111065 9340
111068 9341
111073 9342
111087 9343
111089 9344
111093 9345
111094 9346
111095 9347
111097 9348
111100 9349
111103 9350
111112 9351
111113 9352
111118 9353
111120 9354
111128 9355
111135 9356
111154 9357
111156 9358
111163 9359
111167 9360
111183 9361
111190 9362
111203 9363
111229 9364
111244 9365
111254 9366
111256 9367
111265 9368
111269 9369
111271 9370
111279 9371
111282 9372
111293 9373
111323 9374
111330 9375
111339 9376
111342 9377
111348 9378
111349 9379
111351 9380
111378 9381
111383 9382
111393 9383
111410 9384
111432 9385
111452 9386
111464 9387
111467 9388
111489 9389
111498 9390
111500 9391
111508 9392
111526 9393
111528 9394
111545 9395
111554 9396
111567 9397
111569 9398
111573 9399
111578 9400
111585 9401
111597 9402
111600 9403
111604 9404
111609 9405
111621 9406
111633 9407
111635 9408
111636 9409
111639 9410
111640 9411
111653 9412
111661 9413
111668 9414
111670 9415
111682 9416
111691 9417
111707 9418
111710 9419
111721 9420
111725 9421
111730 9422
111733 9423
111742 9424
111752 9425
111755 9426
111756 9427
111761 9428
111778 9429
111787 9430
111811 9431
111824 9432
111839 9433
111857 9434
111862 9435
111863 9436
111875 9437
111880 9438
111882 9439
111885 9440
111888 9441
111891 9442
111898 9443
111905 9444
111928 9445
111932 9446
111934 9447
111940 9448
111942 9449
111958 9450
111963 9451
112034 9452
112059 9453
112071 9454
112079 9455
112083 9456
112104 9457
112117 9458
112121 9459
112156 9460
112157 9461
112170 9462
112186 9463
112200 9464
112210 9465
112211 9466
112212 9467
112240 9468
112254 9469
112270 9470
112272 9471
112288 9472
112290 9473
112322 9474
112323 9475
112324 9476
112337 9477
112354 9478
112356 9479
112378 9480
112381 9481
112387 9482
112408 9483
112434 9484
112441 9485
112450 9486
112485 9487
112498 9488
112576 9489
112591 9490
112635 9491
112674 9492
112682 9493
112687 9494
112692 9495
112736 9496
112754 9497
112764 9498
112794 9499
112803 9500
112836 9501
112858 9502
112895 9503
112898 9504
112921 9505
112954 9506
112976 9507
112987 9508
113033 9509
113078 9510
113123 9511
113124 9512
113149 9513
113151 9514
113157 9515
113168 9516
113178 9517
113195 9518
113200 9519
113215 9520
113220 9521
113224 9522
113230 9523
113237 9524
113242 9525
113255 9526
113256 9527
113272 9528
113297 9529
113302 9530
113337 9531
113343 9532
113348 9533
113359 9534
113360 9535
113372 9536
113399 9537
113411 9538
113423 9539
113459 9540
113468 9541
113477 9542
113487 9543
113522 9544
113527 9545
113533 9546
113551 9547
113553 9548
113555 9549
113574 9550
113584 9551
113589 9552
113614 9553
113623 9554
113626 9555
113642 9556
113653 9557
113672 9558
113683 9559
113702 9560
113730 9561
113747 9562
113758 9563
113769 9564
113785 9565
113793 9566
113799 9567
113800 9568
113815 9569
113817 9570
113818 9571
113824 9572
113834 9573
113835 9574
113843 9575
113845 9576
113863 9577
113865 9578
113873 9579
113879 9580
113896 9581
113918 9582
113927 9583
113960 9584
113972 9585
113981 9586
114031 9587
114034 9588
114045 9589
114048 9590
114050 9591
114053 9592
114059 9593
114064 9594
114067 9595
114091 9596
114145 9597
114154 9598
114157 9599
114170 9600
114191 9601
114206 9602
114223 9603
114246 9604
114295 9605
114309 9606
114332 9607
114338 9608
114375 9609
114380 9610
114407 9611
114417 9612
114425 9613
114432 9614
114447 9615
114467 9616
114470 9617
114474 9618
114483 9619
114500 9620
114524 9621
114529 9622
114587 9623
114591 9624
114601 9625
114618 9626
114637 9627
114640 9628
114677 9629
114708 9630
114716 9631
114750 9632
114765 9633
114781 9634
114790 9635
114806 9636
114831 9637
114839 9638
114840 9639
114846 9640
114935 9641
114944 9642
114950 9643
114951 9644
114961 9645
114964 9646
114989 9647
115015 9648
115029 9649
115036 9650
115037 9651
115040 9652
115043 9653
115047 9654
115048 9655
115057 9656
115064 9657
115065 9658
115073 9659
115083 9660
115089 9661
115092 9662
115099 9663
115100 9664
115132 9665
115137 9666
115141 9667
115164 9668
115184 9669
115185 9670
115187 9671
115210 9672
115214 9673
115228 9674
115243 9675
115244 9676
115259 9677
115278 9678
115290 9679
115292 9680
115298 9681
115304 9682
115318 9683
115349 9684
115353 9685
115367 9686
115457 9687
115493 9688
115498 9689
115539 9690
115558 9691
115566 9692
115587 9693
115588 9694
115596 9695
115642 9696
115672 9697
115673 9698
115679 9699
115695 9700
115709 9701
115718 9702
115736 9703
115743 9704
115748 9705
115780 9706
115783 9707
115790 9708
115792 9709
115801 9710
115804 9711
115814 9712
115836 9713
115877 9714
115889 9715
115903 9716
115920 9717
115925 9718
115943 9719
115949 9720
115974 9721
116011 9722
116020 9723
116045 9724
116057 9725
116063 9726
116066 9727
116072 9728
116077 9729
116120 9730
116160 9731
116161 9732
116172 9733
116193 9734
116198 9735
116231 9736
116242 9737
116246 9738
116252 9739
116256 9740
116259 9741
116264 9742
116269 9743
116274 9744
116276 9745
116286 9746
116295 9747
116305 9748
116308 9749
116312 9750
116313 9751
116316 9752
116334 9753
116359 9754
116381 9755
116400 9756
116421 9757
116437 9758
116442 9759
116448 9760
116465 9761
116482 9762
116533 9763
116571 9764
116580 9765
116595 9766
116615 9767
116641 9768
116653 9769
116654 9770
116667 9771
116683 9772
116686 9773
116742 9774
116751 9775
116761 9776
116790 9777
116806 9778
116838 9779
116851 9780
116854 9781
116857 9782
116899 9783
116922 9784
116939 9785
116960 9786
116980 9787
116982 9788
116983 9789
116990 9790
116992 9791
117009 9792
117025 9793
117041 9794
117054 9795
117070 9796
117080 9797
117101 9798
117115 9799
117126 9800
117148 9801
117149 9802
117165 9803
117170 9804
117194 9805
117211 9806
117220 9807
117224 9808
117227 9809
117264 9810
117266 9811
117267 9812
117268 9813
117298 9814
117307 9815
117363 9816
117377 9817
117380 9818
117403 9819
117413 9820
117429 9821
117431 9822
117455 9823
117461 9824
117520 9825
117551 9826
117591 9827
117601 9828
117606 9829
117621 9830
117647 9831
117648 9832
117650 9833
117664 9834
117722 9835
117728 9836
117731 9837
117733 9838
117745 9839
117766 9840
117783 9841
117787 9842
117793 9843
117821 9844
117825 9845
117867 9846
117870 9847
117880 9848
117893 9849
117903 9850
117906 9851
117908 9852
117915 9853
117948 9854
117954 9855
118007 9856
118008 9857
118013 9858
118022 9859
118026 9860
118037 9861
118060 9862
118083 9863
118103 9864
118157 9865
118173 9866
118205 9867
118220 9868
118232 9869
118234 9870
118248 9871
118258 9872
118276 9873
118294 9874
118298 9875
118319 9876
118328 9877
118342 9878
118376 9879
118395 9880
118402 9881
118422 9882
118460 9883
118495 9884
118503 9885
118522 9886
118556 9887
118564 9888
118584 9889
118585 9890
118587 9891
118606 9892
118626 9893
118637 9894
118664 9895
118672 9896
118703 9897
118738 9898
118748 9899
118766 9900
118836 9901
118902 9902
118903 9903
118923 9904
118939 9905
118940 9906
118968 9907
118989 9908
119031 9909
119049 9910
119056 9911
119063 9912
119069 9913
119074 9914
119077 9915
119110 9916
119133 9917
119142 9918
119145 9919
119146 9920
119151 9921
119159 9922
119165 9923
119188 9924
119197 9925
119202 9926
119205 9927
119235 9928
119239 9929
119257 9930
119266 9931
119278 9932
119280 9933
119297 9934
119321 9935
119371 9936
119391 9937
119397 9938
119402 9939
119419 9940
119425 9941
119431 9942
119451 9943
119464 9944
119497 9945
119511 9946
119516 9947
119522 9948
119528 9949
119564 9950
119566 9951
119576 9952
119586 9953
119595 9954
119615 9955
119638 9956
119648 9957
119654 9958
119669 9959
119676 9960
119686 9961
119775 9962
119792 9963
119807 9964
119818 9965
119843 9966
119850 9967
119880 9968
119889 9969
119899 9970
119907 9971
119909 9972
119919 9973
119934 9974
119980 9975
119989 9976
120004 9977
120008 9978
120041 9979
120045 9980
120060 9981
120071 9982
120081 9983
120088 9984
120094 9985
120115 9986
120119 9987
120135 9988
120139 9989
120142 9990
120154 9991
120176 9992
120188 9993
120193 9994
120196 9995
120201 9996
120203 9997
120206 9998
120207 9999
120208 10000
120215 10001
120216 10002
120221 10003
120222 10004
120224 10005
120229 10006
120236 10007
120249 10008
120257 10009
120263 10010
120277 10011
120284 10012
120289 10013
120294 10014
120349 10015
120364 10016
120379 10017
120388 10018
120424 10019
120443 10020
120467 10021
120469 10022
120503 10023
120514 10024
120527 10025
120545 10026
120570 10027
120571 10028
120581 10029
120582 10030
120596 10031
120604 10032
120606 10033
120612 10034
120631 10035
120634 10036
120639 10037
120646 10038
120659 10039
120661 10040
120665 10041
120672 10042
120720 10043
120742 10044
120771 10045
120772 10046
120778 10047
120789 10048
120794 10049
120798 10050
120803 10051
120834 10052
120836 10053
120837 10054
120850 10055
120863 10056
120874 10057
120894 10058
120897 10059
120939 10060
120946 10061
120963 10062
120979 10063
120982 10064
121014 10065
121016 10066
121042 10067
121053 10068
121059 10069
121075 10070
121077 10071
121093 10072
121100 10073
121101 10074
121141 10075
121144 10076
121164 10077
121171 10078
121185 10079
121190 10080
121191 10081
121192 10082
121207 10083
121218 10084
121229 10085
121239 10086
121247 10087
121268 10088
121290 10089
121299 10090
121302 10091
121304 10092
121307 10093
121320 10094
121326 10095
121336 10096
121338 10097
121339 10098
121363 10099
121364 10100
121380 10101
121382 10102
121386 10103
121398 10104
121408 10105
121409 10106
121414 10107
121415 10108
121417 10109
121422 10110
121451 10111
121455 10112
121458 10113
121464 10114
121469 10115
121486 10116
121491 10117
121498 10118
121506 10119
121510 10120
121525 10121
121554 10122
121569 10123
121570 10124
121577 10125
121582 10126
121612 10127
121634 10128
121639 10129
121696 10130
121698 10131
121700 10132
121701 10133
121703 10134
121719 10135
121721 10136
121722 10137
121742 10138
121762 10139
121765 10140
121767 10141
121781 10142
121784 10143
121785 10144
121887 10145
121925 10146
121932 10147
121994 10148
122020 10149
122043 10150
122078 10151
122080 10152
122105 10153
122122 10154
122134 10155
122145 10156
122156 10157
122175 10158
122182 10159
122229 10160
122236 10161
122261 10162
122283 10163
122313 10164
122331 10165
122332 10166
122334 10167
122372 10168
122397 10169
122403 10170
122407 10171
122440 10172
122446 10173
122476 10174
122480 10175
122497 10176
122539 10177
122544 10178
122607 10179
122613 10180
122621 10181
122630 10182
122644 10183
122712 10184
122716 10185
122730 10186
122732 10187
122746 10188
122762 10189
122769 10190
122800 10191
122814 10192
122843 10193
122846 10194
122862 10195
122867 10196
122891 10197
122899 10198
122907 10199
122915 10200
122934 10201
122995 10202
122998 10203
123032 10204
123123 10205
123139 10206
123141 10207
123237 10208
123240 10209
123266 10210
123304 10211
123305 10212
123317 10213
123345 10214
123348 10215
123356 10216
123393 10217
123410 10218
123442 10219
123472 10220
123495 10221
123518 10222
123540 10223
123545 10224
123551 10225
123572 10226
123575 10227
123595 10228
123596 10229
123630 10230
123632 10231
123638 10232
123668 10233
123674 10234
123677 10235
123680 10236
123683 10237
123686 10238
123690 10239
123694 10240
123701 10241
123710 10242
123717 10243
123720 10244
123733 10245
123748 10246
123772 10247
123778 10248
123788 10249
123801 10250
123813 10251
123815 10252
123818 10253
123836 10254
123845 10255
123859 10256
123869 10257
123913 10258
123914 10259
123916 10260
123920 10261
123944 10262
123945 10263
123962 10264
123969 10265
123993 10266
123994 10267
124016 10268
124027 10269
124033 10270
124038 10271
124098 10272
124107 10273
124110 10274
124111 10275
124114 10276
124117 10277
124122 10278
124127 10279
124143 10280
124154 10281
124171 10282
124176 10283
124188 10284
124193 10285
124197 10286
124214 10287
124217 10288
124222 10289
124226 10290
124282 10291
124296 10292
124327 10293
124331 10294
124341 10295
124352 10296
124362 10297
124377 10298
124379 10299
124388 10300
124390 10301
124392 10302
124403 10303
124410 10304
124414 10305
124424 10306
124427 10307
124433 10308
124442 10309
124443 10310
124459 10311
124460 10312
124480 10313
124482 10314
124500 10315
124501 10316
124505 10317
124523 10318
124534 10319
124540 10320
124545 10321
124552 10322
124564 10323
124573 10324
124575 10325
124601 10326
124606 10327
124615 10328
124622 10329
124626 10330
124630 10331
124638 10332
124639 10333
124643 10334
124653 10335
124655 10336
124659 10337
124660 10338
124665 10339
124666 10340
124671 10341
124674 10342
124678 10343
124679 10344
124680 10345
124687 10346
124692 10347
124702 10348
124707 10349
124728 10350
124733 10351
124740 10352
124750 10353
124766 10354
124772 10355
124796 10356
124797 10357
124812 10358
124826 10359
124836 10360
124839 10361
124842 10362
124844 10363
124870 10364
124876 10365
124883 10366
124897 10367
124922 10368
124925 10369
124952 10370
124956 10371
124957 10372
124965 10373
124969 10374
124975 10375
124977 10376
124978 10377
124989 10378
124991 10379
124992 10380
124999 10381
125013 10382
125020 10383
125022 10384
125030 10385
125035 10386
125045 10387
125049 10388
125052 10389
125071 10390
125080 10391
125084 10392
125097 10393
125110 10394
125112 10395
125114 10396
125131 10397
125156 10398
125171 10399
125188 10400
125190 10401
125203 10402
125208 10403
125218 10404
125227 10405
125241 10406
125247 10407
125249 10408
125258 10409
125261 10410
125262 10411
125263 10412
125272 10413
125278 10414
125307 10415
125313 10416
125317 10417
125320 10418
125330 10419
125336 10420
125360 10421
125380 10422
125399 10423
125407 10424
125410 10425
125415 10426
125466 10427
125481 10428
125482 10429
125501 10430
125539 10431
125548 10432
125596 10433
125628 10434
125630 10435
125653 10436
125658 10437
125659 10438
125697 10439
125699 10440
125709 10441
125711 10442
125713 10443
125716 10444
125729 10445
125731 10446
125734 10447
125737 10448
125740 10449
125746 10450
125765 10451
125767 10452
125768 10453
125769 10454
125780 10455
125783 10456
125786 10457
125788 10458
125791 10459
125796 10460
125799 10461
125803 10462
125804 10463
125805 10464
125807 10465
125811 10466
125821 10467
125830 10468
125833 10469
125835 10470
125843 10471
125856 10472
125862 10473
125869 10474
125870 10475
125871 10476
125874 10477
125878 10478
125881 10479
125893 10480
125897 10481
125899 10482
125908 10483
125915 10484
125918 10485
125919 10486
125923 10487
125924 10488
125936 10489
125952 10490
125954 10491
125958 10492
125959 10493
125967 10494
125972 10495
125979 10496
125981 10497
125991 10498
125993 10499
126000 10500
126002 10501
126013 10502
126018 10503
126032 10504
126033 10505
126034 10506
126038 10507
126040 10508
126042 10509
126046 10510
126047 10511
126048 10512
126067 10513
126071 10514
126072 10515
126078 10516
126079 10517
126087 10518
126088 10519
126091 10520
126097 10521
126098 10522
126100 10523
126103 10524
126105 10525
126118 10526
126120 10527
126122 10528
126124 10529
126126 10530
126128 10531
126131 10532
126136 10533
126138 10534
126145 10535
126147 10536
126156 10537
126157 10538
126160 10539
126168 10540
126184 10541
126205 10542
126212 10543
126215 10544
126222 10545
126228 10546
126231 10547
126232 10548
126235 10549
126236 10550
126254 10551
126270 10552
126276 10553
126284 10554
126297 10555
126310 10556
126323 10557
126324 10558
126329 10559
126345 10560
126347 10561
126368 10562
126373 10563
126374 10564
126388 10565
126395 10566
126399 10567
126411 10568
126414 10569
126418 10570
126426 10571
126435 10572
126464 10573
126465 10574
126478 10575
126487 10576
126522 10577
126528 10578
126534 10579
126535 10580
126536 10581
126543 10582
126562 10583
126563 10584
126565 10585
126579 10586
126583 10587
126590 10588
126596 10589
126600 10590
126602 10591
126610 10592
126620 10593
126626 10594
126630 10595
126643 10596
126646 10597
126655 10598
126660 10599
126665 10600
126666 10601
126672 10602
126678 10603
126694 10604
126716 10605
126729 10606
126765 10607
126804 10608
126865 10609
126883 10610
126887 10611
126910 10612
126939 10613
126946 10614
126958 10615
126986 10616
126990 10617
127010 10618
127026 10619
127033 10620
127036 10621
127047 10622
127072 10623
127093 10624
127104 10625
127146 10626
127167 10627
127187 10628
127208 10629
127214 10630
127237 10631
127240 10632
127246 10633
127251 10634
127276 10635
127315 10636
127318 10637
127331 10638
127403 10639
127410 10640
127448 10641
127492 10642
127497 10643
127503 10644
127520 10645
127527 10646
127531 10647
127546 10648
127576 10649
127615 10650
127622 10651
127649 10652
127673 10653
127685 10654
127705 10655
127707 10656
127830 10657
127868 10658
127871 10659
127885 10660
127888 10661
127943 10662
127950 10663
127953 10664
127956 10665
127963 10666
128080 10667
128088 10668
128097 10669
128103 10670
128111 10671
128138 10672
128215 10673
128219 10674
128279 10675
128281 10676
128282 10677
128286 10678
128303 10679
128321 10680
128340 10681
128342 10682
128352 10683
128361 10684
128363 10685
128368 10686
128373 10687
128382 10688
128385 10689
128387 10690
128398 10691
128421 10692
128423 10693
128437 10694
128443 10695
128457 10696
128473 10697
128476 10698
128556 10699
128561 10700
128564 10701
128571 10702
128572 10703
128573 10704
128585 10705
128598 10706
128614 10707
128626 10708
128628 10709
128630 10710
128645 10711
128646 10712
128691 10713
128710 10714
128711 10715
128720 10716
128758 10717
128771 10718
128802 10719
128809 10720
128830 10721
128838 10722
128848 10723
128853 10724
128857 10725
128861 10726
128863 10727
128893 10728
128911 10729
128923 10730
128941 10731
128954 10732
128968 10733
128981 10734
128983 10735
128987 10736
129015 10737
129025 10738
129069 10739
129072 10740
129074 10741
129135 10742
129150 10743
129166 10744
129172 10745
129192 10746
129199 10747
129205 10748
129218 10749
129226 10750
129236 10751
129252 10752
129309 10753
129316 10754
129321 10755
129335 10756
129351 10757
129377 10758
129384 10759
129396 10760
129409 10761
129418 10762
129438 10763
129470 10764
129473 10765
129478 10766
129506 10767
129528 10768
129564 10769
129576 10770
129584 10771
129586 10772
129603 10773
129606 10774
129609 10775
129648 10776
129666 10777
129670 10778
129672 10779
129702 10780
129704 10781
129719 10782
129720 10783
129735 10784
129739 10785
129750 10786
129785 10787
129798 10788
129804 10789
129859 10790
129878 10791
129896 10792
129907 10793
129927 10794
129934 10795
129968 10796
129971 10797
129976 10798
129983 10799
129986 10800
129997 10801
130006 10802
130009 10803
130030 10804
130066 10805
130103 10806
130121 10807
130124 10808
130181 10809
130192 10810
130203 10811
130207 10812
130224 10813
130231 10814
130235 10815
130239 10816
130243 10817
130252 10818
130264 10819
130274 10820
130283 10821
130291 10822
130322 10823
130332 10824
130337 10825
130371 10826
130464 10827
130476 10828
130483 10829
130505 10830
130507 10831
130513 10832
130526 10833
130585 10834
130646 10835
130649 10836
130689 10837
130694 10838
130824 10839
130895 10840
130945 10841
130962 10842
130963 10843
130971 10844
130984 10845
131001 10846
131081 10847
131094 10848
131101 10849
131112 10850
131115 10851
131122 10852
131134 10853
131135 10854
131155 10855
131166 10856
131198 10857
131215 10858
131222 10859
131243 10860
131256 10861
131264 10862
131266 10863
131315 10864
131331 10865
131332 10866
131347 10867
131352 10868
131353 10869
131364 10870
131366 10871
131372 10872
131375 10873
131388 10874
131390 10875
131412 10876
131434 10877
131436 10878
131449 10879
131460 10880
131503 10881
131554 10882
131557 10883
131563 10884
131575 10885
131584 10886
131609 10887
131618 10888
131639 10889
131641 10890
131669 10891
131682 10892
131698 10893
131704 10894
131716 10895
131719 10896
131737 10897
131740 10898
131743 10899
131761 10900
131771 10901
131773 10902
131776 10903
131777 10904
131783 10905
131787 10906
131795 10907
131803 10908
131809 10909
131814 10910
131817 10911
131833 10912
131861 10913
131862 10914
131881 10915
131894 10916
131900 10917
131902 10918
131904 10919
131915 10920
131918 10921
131920 10922
131941 10923
131953 10924
131985 10925
131997 10926
132005 10927
132006 10928
132009 10929
132023 10930
132059 10931
132061 10932
132088 10933
132098 10934
132100 10935
132117 10936
132122 10937
132149 10938
132159 10939
132168 10940
132169 10941
132170 10942
132174 10943
132181 10944
132196 10945
132198 10946
132205 10947
132223 10948
132240 10949
132271 10950
132273 10951
132274 10952
132275 10953
132277 10954
132284 10955
132299 10956
132303 10957
132334 10958
132348 10959
132353 10960
132360 10961
132367 10962
132368 10963
132390 10964
132434 10965
132440 10966
132453 10967
132464 10968
132474 10969
132476 10970
132479 10971
132480 10972
132482 10973
132491 10974
132505 10975
132511 10976
132533 10977
132537 10978
132547 10979
132600 10980
132606 10981
132625 10982
132626 10983
132661 10984
132664 10985
132685 10986
132686 10987
132710 10988
132719 10989
132737 10990
132765 10991
132783 10992
132806 10993
132818 10994
132826 10995
132840 10996
132843 10997
132896 10998
132898 10999
132928 11000
132946 11001
132948 11002
132952 11003
132982 11004
132988 11005
133022 11006
133031 11007
133032 11008
133034 11009
133065 11010
133093 11011
133095 11012
133098 11013
133127 11014
133170 11015
133191 11016
133202 11017
133218 11018
133243 11019
133261 11020
133262 11021
133315 11022
133327 11023
133337 11024
133392 11025
133418 11026
133439 11027
133456 11028
133459 11029
133471 11030
133507 11031
133530 11032
133549 11033
133555 11034
133560 11035
133563 11036
133574 11037
133652 11038
133691 11039
133697 11040
133706 11041
133714 11042
133729 11043
133739 11044
133743 11045
133770 11046
133805 11047
133816 11048
133838 11049
133859 11050
133865 11051
133866 11052
133868 11053
133888 11054
133899 11055
133901 11056
133903 11057
133908 11058
133924 11059
133926 11060
133927 11061
133936 11062
133937 11063
133939 11064
133959 11065
133991 11066
133997 11067
134016 11068
134042 11069
134066 11070
134073 11071
134081 11072
134085 11073
134093 11074
134102 11075
134124 11076
134129 11077
134132 11078
134174 11079
134204 11080
134225 11081
134263 11082
134276 11083
134299 11084
134311 11085
134317 11086
134319 11087
134330 11088
134341 11089
134348 11090
134409 11091
134433 11092
134437 11093
134454 11094
134457 11095
134459 11096
134494 11097
134521 11098
134524 11099
134525 11100
134527 11101
134528 11102
134531 11103
134535 11104
134551 11105
134561 11106
134575 11107
134597 11108
134605 11109
134610 11110
134611 11111
134615 11112
134633 11113
134639 11114
134663 11115
134666 11116
134689 11117
134710 11118
134716 11119
134746 11120
134750 11121
134769 11122
134786 11123
134800 11124
134801 11125
134807 11126
134811 11127
134815 11128
134822 11129
134824 11130
134832 11131
134833 11132
134866 11133
134867 11134
134871 11135
134872 11136
134875 11137
134876 11138
134877 11139
134878 11140
134882 11141
134913 11142
134916 11143
134926 11144
134954 11145
134962 11146
134985 11147
134996 11148
135010 11149
135011 11150
135064 11151
135087 11152
135102 11153
135120 11154
135123 11155
135125 11156
135132 11157
135133 11158
135135 11159
135158 11160
135163 11161
135167 11162
135173 11163
135176 11164
135181 11165
135183 11166
135229 11167
135267 11168
135322 11169
135403 11170
135410 11171
135424 11172
135432 11173
135457 11174
135465 11175
135544 11176
135572 11177
135575 11178
135576 11179
135577 11180
135591 11181
135593 11182
135596 11183
135637 11184
135670 11185
135688 11186
135753 11187
135754 11188
135793 11189
135851 11190
135893 11191
135894 11192
135920 11193
135980 11194
136020 11195
136031 11196
136033 11197
136038 11198
136051 11199
136056 11200
136057 11201
136058 11202
136072 11203
136077 11204
136088 11205
136089 11206
136099 11207
136161 11208
136165 11209
136179 11210
136181 11211
136186 11212
136197 11213
136200 11214
136201 11215
136208 11216
136211 11217
136217 11218
136224 11219
136227 11220
136239 11221
136256 11222
136283 11223
136291 11224
136292 11225
136299 11226
136306 11227
136321 11228
136419 11229
136424 11230
136426 11231
136433 11232
136441 11233
136444 11234
136452 11235
136497 11236
136510 11237
136518 11238
136523 11239
136528 11240
136561 11241
136602 11242
136603 11243
136613 11244
136633 11245
136651 11246
136653 11247
136659 11248
136660 11249
136677 11250
136679 11251
136683 11252
136686 11253
136697 11254
136703 11255
136704 11256
136705 11257
136719 11258
136725 11259
136729 11260
136738 11261
136741 11262
136748 11263
136762 11264
136766 11265
136768 11266
136822 11267
136824 11268
136840 11269
136852 11270
136860 11271
136864 11272
136873 11273
136898 11274
136899 11275
136904 11276
136912 11277
136924 11278
136927 11279
136954 11280
136982 11281
136988 11282
136990 11283
136993 11284
137013 11285
137034 11286
137072 11287
137084 11288
137106 11289
137125 11290
137139 11291
137141 11292
137150 11293
137156 11294
137165 11295
137167 11296
137178 11297
137188 11298
137191 11299
137192 11300
137193 11301
137215 11302
137227 11303
137268 11304
137276 11305
137284 11306
137289 11307
137290 11308
137294 11309
137296 11310
137298 11311
137324 11312
137326 11313
137327 11314
137342 11315
137348 11316
137351 11317
137358 11318
137361 11319
137370 11320
137380 11321
137387 11322
137395 11323
137403 11324
137423 11325
137450 11326
137456 11327
137459 11328
137460 11329
137461 11330
137488 11331
137490 11332
137491 11333
137493 11334
137500 11335
137527 11336
137529 11337
137531 11338
137539 11339
137546 11340
137547 11341
137554 11342
137562 11343
137572 11344
137576 11345
137579 11346
137585 11347
137588 11348
137592 11349
137593 11350
137596 11351
137597 11352
137598 11353
137608 11354
137616 11355
137617 11356
137623 11357
137628 11358
137651 11359
137653 11360
137665 11361
137700 11362
137702 11363
137709 11364
137710 11365
137740 11366
137747 11367
137750 11368
137764 11369
137775 11370
137780 11371
137795 11372
137797 11373
137799 11374
137814 11375
137837 11376
137844 11377
137849 11378
137870 11379
137883 11380
137895 11381
137903 11382
137912 11383
137917 11384
137925 11385
137931 11386
137933 11387
137943 11388
137945 11389
137956 11390
137957 11391
137964 11392
137980 11393
138003 11394
138013 11395
138021 11396
138025 11397
138026 11398
138029 11399
138052 11400
138066 11401
138074 11402
138076 11403
138086 11404
138101 11405
138110 11406
138113 11407
138114 11408
138123 11409
138125 11410
138142 11411
138155 11412
138181 11413
138265 11414
138275 11415
138363 11416
138368 11417
138370 11418
138391 11419
138410 11420
138433 11421
138436 11422
138438 11423
138466 11424
138472 11425
138476 11426
138478 11427
138483 11428
138494 11429
138495 11430
138505 11431
138515 11432
138523 11433
138548 11434
138552 11435
138554 11436
138560 11437
138575 11438
138588 11439
138589 11440
138664 11441
138675 11442
138687 11443
138688 11444
138689 11445
138698 11446
138703 11447
138711 11448
138757 11449
138774 11450
138775 11451
138836 11452
138854 11453
138902 11454
138935 11455
138940 11456
138942 11457
138949 11458
138969 11459
138978 11460
138981 11461
138985 11462
139015 11463
139021 11464
139067 11465
139069 11466
139110 11467
139118 11468
139162 11469
139163 11470
139190 11471
139199 11472
139222 11473
139233 11474
139287 11475
139289 11476
139306 11477
139322 11478
139324 11479
139361 11480
139450 11481
139463 11482
139469 11483
139534 11484
139563 11485
139566 11486
139587 11487
139609 11488
139618 11489
139648 11490
139661 11491
139673 11492
139696 11493
139699 11494
139737 11495
139745 11496
139758 11497
139786 11498
139836 11499
139850 11500
139858 11501
139875 11502
139887 11503
139890 11504
139895 11505
139947 11506
139957 11507
139961 11508
139974 11509
139988 11510
140012 11511
140076 11512
140099 11513
140101 11514
140147 11515
140231 11516
140257 11517
140318 11518
140352 11519
140378 11520
140396 11521
140401 11522
140405 11523
140434 11524
140469 11525
140489 11526
140497 11527
140498 11528
140510 11529
140521 11530
140531 11531
140542 11532
140543 11533
140551 11534
140593 11535
140614 11536
140620 11537
140636 11538
140660 11539
140714 11540
140717 11541
140758 11542
140770 11543
140856 11544
140867 11545
140872 11546
140932 11547
140945 11548
140956 11549
141017 11550
141022 11551
141025 11552
141057 11553
141074 11554
141132 11555
141152 11556
141155 11557
141175 11558
141180 11559
141250 11560
141336 11561
141379 11562
141391 11563
141393 11564
141421 11565
141431 11566
141458 11567
141473 11568
141482 11569
141484 11570
141546 11571
141547 11572
141630 11573
141637 11574
141734 11575
141763 11576
141775 11577
141783 11578
141786 11579
141790 11580
141799 11581
141807 11582
141828 11583
141840 11584
141848 11585
141856 11586
141883 11587
141928 11588
141944 11589
141950 11590
141964 11591
141970 11592
141981 11593
141989 11594
141995 11595
142008 11596
142020 11597
142028 11598
142047 11599
142048 11600
142051 11601
142067 11602
142091 11603
142135 11604
142136 11605
142156 11606
142157 11607
142162 11608
142175 11609
142178 11610
142181 11611
142184 11612
142193 11613
142200 11614
142204 11615
142220 11616
142226 11617
142227 11618
142242 11619
142244 11620
142249 11621
142272 11622
142274 11623
142301 11624
142302 11625
142303 11626
142326 11627
142328 11628
142336 11629
142375 11630
142380 11631
142408 11632
142410 11633
142448 11634
142460 11635
142486 11636
142487 11637
142493 11638
142508 11639
142537 11640
142542 11641
142577 11642
142587 11643
142592 11644
142696 11645
142702 11646
142708 11647
142710 11648
142723 11649
142749 11650
142750 11651
142763 11652
142824 11653
142843 11654
142914 11655
143014 11656
143027 11657
143041 11658
143056 11659
143065 11660
143078 11661
143083 11662
143093 11663
143097 11664
143102 11665
143120 11666
143129 11667
143148 11668
143171 11669
143187 11670
143216 11671
143237 11672
143239 11673
143257 11674
143259 11675
143267 11676
143269 11677
143288 11678
143292 11679
143298 11680
143311 11681
143313 11682
143314 11683
143318 11684
143336 11685
143341 11686
143344 11687
143348 11688
143359 11689
143366 11690
143367 11691
143370 11692
143400 11693
143420 11694
143450 11695
143470 11696
143480 11697
143507 11698
143518 11699
143523 11700
143533 11701
143562 11702
143580 11703
143715 11704
143723 11705
143750 11706
143765 11707
143779 11708
143791 11709
143838 11710
143846 11711
143864 11712
143929 11713
144001 11714
144031 11715
144035 11716
144054 11717
144057 11718
144059 11719
144074 11720
144093 11721
144098 11722
144103 11723
144112 11724
144114 11725
144127 11726
144129 11727
144138 11728
144146 11729
144147 11730
144152 11731
144162 11732
144180 11733
144194 11734
144196 11735
144197 11736
144212 11737
144221 11738
144227 11739
144252 11740
144258 11741
144260 11742
144291 11743
144294 11744
144306 11745
144307 11746
144318 11747
144350 11748
144351 11749
144358 11750
144370 11751
144376 11752
144377 11753
144386 11754
144428 11755
144486 11756
144494 11757
144500 11758
144510 11759
144522 11760
144524 11761
144540 11762
144547 11763
144553 11764
144557 11765
144558 11766
144560 11767
144568 11768
144572 11769
144575 11770
144576 11771
144584 11772
144609 11773
144680 11774
144684 11775
144704 11776
144742 11777
144743 11778
144746 11779
144756 11780
144788 11781
144813 11782
144834 11783
144880 11784
144892 11785
144901 11786
144929 11787
144931 11788
144942 11789
144944 11790
144982 11791
144986 11792
145003 11793
145006 11794
145009 11795
145012 11796
145014 11797
145027 11798
145048 11799
145053 11800
145064 11801
145073 11802
145083 11803
145084 11804
145104 11805
145110 11806
145114 11807
145116 11808
145121 11809
145127 11810
145131 11811
145136 11812
145144 11813
145150 11814
145152 11815
145170 11816
145174 11817
145198 11818
145229 11819
145245 11820
145255 11821
145275 11822
145281 11823
145353 11824
145361 11825
145368 11826
145376 11827
145406 11828
145433 11829
145447 11830
145470 11831
145487 11832
145547 11833
145580 11834
145583 11835
145586 11836
145608 11837
145614 11838
145654 11839
145660 11840
145680 11841
145697 11842
145703 11843
145723 11844
145729 11845
145735 11846
145736 11847
145744 11848
145801 11849
145806 11850
145868 11851
145925 11852
145941 11853
145948 11854
146022 11855
146059 11856
146110 11857
146164 11858
146166 11859
146186 11860
146198 11861
146215 11862
146229 11863
146230 11864
146244 11865
146252 11866
146261 11867
146272 11868
146322 11869
146350 11870
146367 11871
146368 11872
146418 11873
146419 11874
146464 11875
146496 11876
146550 11877
146555 11878
146559 11879
146562 11880
146573 11881
146576 11882
146577 11883
146581 11884
146604 11885
146605 11886
146607 11887
146608 11888
146612 11889
146614 11890
146619 11891
146639 11892
146664 11893
146665 11894
146666 11895
146679 11896
146684 11897
146685 11898
146689 11899
146691 11900
146692 11901
146702 11902
146720 11903
146721 11904
146722 11905
146730 11906
146731 11907
146741 11908
146746 11909
146747 11910
146752 11911
146754 11912
146790 11913
146804 11914
146832 11915
146853 11916
146887 11917
146894 11918
146904 11919
146909 11920
146931 11921
146952 11922
146991 11923
147007 11924
147058 11925
147122 11926
147137 11927
147170 11928
147174 11929
147184 11930
147206 11931
147212 11932
147224 11933
147229 11934
147230 11935
147233 11936
147249 11937
147254 11938
147263 11939
147286 11940
147299 11941
147303 11942
147321 11943
147337 11944
147349 11945
147370 11946
147376 11947
147390 11948
147397 11949
147412 11950
147413 11951
147417 11952
147418 11953
147424 11954
147433 11955
147448 11956
147465 11957
147474 11958
147500 11959
147561 11960
147588 11961
147619 11962
147631 11963
147648 11964
147657 11965
147660 11966
147683 11967
147695 11968
147696 11969
147710 11970
147721 11971
147738 11972
147741 11973
147748 11974
147756 11975
147757 11976
147758 11977
147767 11978
147773 11979
147781 11980
147782 11981
147790 11982
147796 11983
147798 11984
147800 11985
147806 11986
147812 11987
147814 11988
147819 11989
147821 11990
147822 11991
147825 11992
147838 11993
147839 11994
147852 11995
147863 11996
147864 11997
147866 11998
147867 11999
147868 12000
147871 12001
147872 12002
147876 12003
147878 12004
147909 12005
147912 12006
147916 12007
147930 12008
147939 12009
147949 12010
147974 12011
147978 12012
147983 12013
148002 12014
148009 12015
148010 12016
148033 12017
148053 12018
148079 12019
148083 12020
148090 12021
148094 12022
148136 12023
148185 12024
148190 12025
148201 12026
148218 12027
148232 12028
148243 12029
148256 12030
148262 12031
148265 12032
148285 12033
148287 12034
148288 12035
148289 12036
148290 12037
148291 12038
148296 12039
148298 12040
148303 12041
148309 12042
148328 12043
148331 12044
148360 12045
148371 12046
148388 12047
148395 12048
148401 12049
148415 12050
148423 12051
148433 12052
148435 12053
148443 12054
148499 12055
148501 12056
148515 12057
148532 12058
148553 12059
148557 12060
148562 12061
148565 12062
148599 12063
148618 12064
148636 12065
148658 12066
148665 12067
148669 12068
148699 12069
148700 12070
148709 12071
148710 12072
148725 12073
148731 12074
148747 12075
148748 12076
148752 12077
148756 12078
148764 12079
148784 12080
148803 12081
148809 12082
148844 12083
148848 12084
148860 12085
148901 12086
148912 12087
148915 12088
148927 12089
148928 12090
148932 12091
148933 12092
148936 12093
148938 12094
148940 12095
148958 12096
148962 12097
148967 12098
148971 12099
148973 12100
149025 12101
149026 12102
149035 12103
149055 12104
149060 12105
149081 12106
149085 12107
149088 12108
149113 12109
149124 12110
149151 12111
149172 12112
149177 12113
149180 12114
149187 12115
149196 12116
149198 12117
149199 12118
149203 12119
149207 12120
149209 12121
149214 12122
149227 12123
149230 12124
149237 12125
149239 12126
149243 12127
149244 12128
149248 12129
149270 12130
149285 12131
149298 12132
149309 12133
149341 12134
149343 12135
149347 12136
149354 12137
149357 12138
149373 12139
149382 12140
149387 12141
149404 12142
149418 12143
149428 12144
149485 12145
149537 12146
149541 12147
149542 12148
149548 12149
149551 12150
149598 12151
149615 12152
149629 12153
149637 12154
149644 12155
149675 12156
149678 12157
149709 12158
149714 12159
149734 12160
149735 12161
149753 12162
149805 12163
149837 12164
149843 12165
149844 12166
149849 12167
149876 12168
149895 12169
149896 12170
149897 12171
149899 12172
149901 12173
149908 12174
149912 12175
149914 12176
149918 12177
149930 12178
149936 12179
149938 12180
149950 12181
149953 12182
149954 12183
149957 12184
149963 12185
149984 12186
149993 12187
150030 12188
150051 12189
150052 12190
150061 12191
150063 12192
150143 12193
150153 12194
150154 12195
150169 12196
150183 12197
150184 12198
150198 12199
150205 12200
150231 12201
150239 12202
150242 12203
150246 12204
150264 12205
150267 12206
150289 12207
150315 12208
150320 12209
150321 12210
150368 12211
150376 12212
150387 12213
150396 12214
150397 12215
150410 12216
150436 12217
150437 12218
150443 12219
150463 12220
150475 12221
150534 12222
150552 12223
150561 12224
150568 12225
150596 12226
150597 12227
150611 12228
150628 12229
150646 12230
150708 12231
150728 12232
150749 12233
150751 12234
150759 12235
150766 12236
150792 12237
150799 12238
150801 12239
150826 12240
150832 12241
150839 12242
150846 12243
150860 12244
150861 12245
150895 12246
150909 12247
150949 12248
150996 12249
151007 12250
151013 12251
151033 12252
151069 12253
151072 12254
151098 12255
151100 12256
151134 12257
151152 12258
151192 12259
151204 12260
151218 12261
151221 12262
151236 12263
151238 12264
151252 12265
151254 12266
151256 12267
151293 12268
151299 12269
151338 12270
151352 12271
151354 12272
151359 12273
151367 12274
151414 12275
151416 12276
151421 12277
151455 12278
151488 12279
151492 12280
151497 12281
151507 12282
151537 12283
151568 12284
151587 12285
151588 12286
151656 12287
151666 12288
151673 12289
151687 12290
151697 12291
151714 12292
151721 12293
151730 12294
151737 12295
151738 12296
151742 12297
151759 12298
151790 12299
151829 12300
151836 12301
151838 12302
151841 12303
151847 12304
151850 12305
151852 12306
151859 12307
151869 12308
151870 12309
151874 12310
151877 12311
151883 12312
151887 12313
151899 12314
151901 12315
151910 12316
151916 12317
151917 12318
151921 12319
151925 12320
151926 12321
151931 12322
151932 12323
151936 12324
151939 12325
151940 12326
151941 12327
151943 12328
151953 12329
151955 12330
151957 12331
151959 12332
151972 12333
151978 12334
151984 12335
152004 12336
152010 12337
152016 12338
152019 12339
152020 12340
152026 12341
152030 12342
152032 12343
152035 12344
152038 12345
152046 12346
152050 12347
152053 12348
152055 12349
152058 12350
152059 12351
152064 12352
152068 12353
152072 12354
152082 12355
152084 12356
152087 12357
152097 12358
152102 12359
152112 12360
152120 12361
152139 12362
152144 12363
152145 12364
152150 12365
152152 12366
152161 12367
152162 12368
152163 12369
152179 12370
152185 12371
152194 12372
152200 12373
152203 12374
152204 12375
152217 12376
152222 12377
152230 12378
152233 12379
152234 12380
152239 12381
152261 12382
152264 12383
152266 12384
152279 12385
152280 12386
152282 12387
152294 12388
152302 12389
152310 12390
152311 12391
152320 12392
152321 12393
152328 12394
152332 12395
152335 12396
152337 12397
152344 12398
152358 12399
152368 12400
152369 12401
152371 12402
152373 12403
152375 12404
152381 12405
152384 12406
152388 12407
152391 12408
152398 12409
152400 12410
152407 12411
152408 12412
152409 12413
152416 12414
152420 12415
152423 12416
152424 12417
152431 12418
152432 12419
152433 12420
152437 12421
152440 12422
152448 12423
152450 12424
152464 12425
152473 12426
152479 12427
152480 12428
152487 12429
152489 12430
152490 12431
152503 12432
152505 12433
152511 12434
152514 12435
152521 12436
152529 12437
152535 12438
152540 12439
152541 12440
152543 12441
152619 12442
152629 12443
152649 12444
152697 12445
152721 12446
152722 12447
152735 12448
152742 12449
152746 12450
152753 12451
152766 12452
152771 12453
152809 12454
152851 12455
152853 12456
152874 12457
152947 12458
152961 12459
152993 12460
153032 12461
153062 12462
153083 12463
153102 12464
153113 12465
153216 12466
153220 12467
153225 12468
153251 12469
153270 12470
153272 12471
153377 12472
153392 12473
153410 12474
153430 12475
153477 12476
153490 12477
153501 12478
153518 12479
153549 12480
153583 12481
153606 12482
153697 12483
153713 12484
153751 12485
153756 12486
153828 12487
153839 12488
153850 12489
153861 12490
153875 12491
153960 12492
153967 12493
153976 12494
154025 12495
154032 12496
154049 12497
154050 12498
154083 12499
154201 12500
154206 12501
154247 12502
154263 12503
154328 12504
154381 12505
154407 12506
154415 12507
154418 12508
154429 12509
154467 12510
154476 12511
154477 12512
154493 12513
154498 12514
154505 12515
154508 12516
154518 12517
154519 12518
154547 12519
154586 12520
154587 12521
154600 12522
154609 12523
154613 12524
154625 12525
154647 12526
154649 12527
154660 12528
154679 12529
154680 12530
154691 12531
154712 12532
154722 12533
154737 12534
154751 12535
154770 12536
154771 12537
154781 12538
154784 12539
154789 12540
154805 12541
154809 12542
154811 12543
154857 12544
154863 12545
154872 12546
154885 12547
154904 12548
154959 12549
154990 12550
154991 12551
155009 12552
155011 12553
155048 12554
155050 12555
155051 12556
155060 12557
155062 12558
155063 12559
155073 12560
155097 12561
155110 12562
155133 12563
155138 12564
155139 12565
155149 12566
155150 12567
155157 12568
155160 12569
155180 12570
155187 12571
155204 12572
155218 12573
155232 12574
155233 12575
155244 12576
155263 12577
155266 12578
155289 12579
155300 12580
155311 12581
155312 12582
155314 12583
155323 12584
155327 12585
155332 12586
155335 12587
155337 12588
155339 12589
155348 12590
155349 12591
155350 12592
155351 12593
155359 12594
155360 12595
155374 12596
155377 12597
155378 12598
155384 12599
155387 12600
155388 12601
155427 12602
155430 12603
155431 12604
155436 12605
155439 12606
155450 12607
155454 12608
155455 12609
155458 12610
155459 12611
155469 12612
155470 12613
155477 12614
155497 12615
155501 12616
155502 12617
155503 12618
155509 12619
155515 12620
155516 12621
155542 12622
155544 12623
155545 12624
155559 12625
155571 12626
155581 12627
155583 12628
155598 12629
155599 12630
155601 12631
155612 12632
155615 12633
155616 12634
155619 12635
155632 12636
155635 12637
155638 12638
155642 12639
155661 12640
155665 12641
155669 12642
155681 12643
155683 12644
155698 12645
155706 12646
155707 12647
155716 12648
155721 12649
155725 12650
155726 12651
155729 12652
155730 12653
155743 12654
155747 12655
155749 12656
155752 12657
155755 12658
155757 12659
155758 12660
155760 12661
155767 12662
155784 12663
155790 12664
155808 12665
155818 12666
155834 12667
155842 12668
155844 12669
155845 12670
155851 12671
155866 12672
155867 12673
155877 12674
155879 12675
155886 12676
155941 12677
155948 12678
155956 12679
155967 12680
156047 12681
156060 12682
156065 12683
156068 12684
156069 12685
156075 12686
156077 12687
156080 12688
156116 12689
156128 12690
156134 12691
156135 12692
156148 12693
156158 12694
156159 12695
156161 12696
156162 12697
156164 12698
156177 12699
156192 12700
156193 12701
156213 12702
156220 12703
156231 12704
156234 12705
156243 12706
156247 12707
156254 12708
156271 12709
156273 12710
156281 12711
156314 12712
156321 12713
156325 12714
156345 12715
156353 12716
156361 12717
156365 12718
156410 12719
156424 12720
156430 12721
156433 12722
156451 12723
156453 12724
156456 12725
156462 12726
156463 12727
156485 12728
156487 12729
156490 12730
156496 12731
156500 12732
156501 12733
156502 12734
156503 12735
156504 12736
156508 12737
156511 12738
156525 12739
156566 12740
156567 12741
156578 12742
156584 12743
156607 12744
156625 12745
156636 12746
156653 12747
156658 12748
156666 12749
156687 12750
156689 12751
156706 12752
156711 12753
156721 12754
156725 12755
156728 12756
156741 12757
156752 12758
156760 12759
156787 12760
156801 12761
156803 12762
156815 12763
156823 12764
156830 12765
156833 12766
156837 12767
156845 12768
156848 12769
156864 12770
156892 12771
156897 12772
156944 12773
156994 12774
156999 12775
157022 12776
157023 12777
157026 12778
157034 12779
157037 12780
157043 12781
157065 12782
157144 12783
157196 12784
157232 12785
157251 12786
157291 12787
157295 12788
157298 12789
157337 12790
157352 12791
157427 12792
157438 12793
157447 12794
157477 12795
157481 12796
157486 12797
157492 12798
157509 12799
157518 12800
157525 12801
157527 12802
157528 12803
157536 12804
157549 12805
157559 12806
157564 12807
157565 12808
157583 12809
157587 12810
157590 12811
157592 12812
157598 12813
157607 12814
157612 12815
157614 12816
157622 12817
157623 12818
157626 12819
157627 12820
157632 12821
157639 12822
157640 12823
157653 12824
157659 12825
157663 12826
157669 12827
157671 12828
157676 12829
157677 12830
157683 12831
157686 12832
157687 12833
157690 12834
157692 12835
157695 12836
157697 12837
157717 12838
157721 12839
157726 12840
157729 12841
157741 12842
157765 12843
157793 12844
157816 12845
157953 12846
157974 12847
157989 12848
158005 12849
158299 12850
158410 12851
158417 12852
158436 12853
158448 12854
158456 12855
158540 12856
158629 12857
158633 12858
158637 12859
158644 12860
158666 12861
158697 12862
158787 12863
158795 12864
158808 12865
158914 12866
158963 12867
159092 12868
159094 12869
159097 12870
159137 12871
159143 12872
159177 12873
159180 12874
159232 12875
159384 12876
159398 12877
159422 12878
159430 12879
159471 12880
159515 12881
159519 12882
159535 12883
159544 12884
159556 12885
159579 12886
159673 12887
159679 12888
159807 12889
159828 12890
159870 12891
159876 12892
159920 12893
159973 12894
160060 12895
160061 12896
160086 12897
160161 12898
160207 12899
160224 12900
160230 12901
160263 12902
160267 12903
160360 12904
160401 12905
160432 12906
160530 12907
160565 12908
160566 12909
160643 12910
160672 12911
160674 12912
160675 12913
160676 12914
160679 12915
160680 12916
160682 12917
160684 12918
160686 12919
160696 12920
160700 12921
160701 12922
160703 12923
160705 12924
160711 12925
160717 12926
160728 12927
160745 12928
160750 12929
160756 12930
160765 12931
160766 12932
160770 12933
160775 12934
160778 12935
160779 12936
160792 12937
160803 12938
160807 12939
160831 12940
160851 12941
160858 12942
160866 12943
160868 12944
160869 12945
160889 12946
160893 12947
160899 12948
160920 12949
160923 12950
160926 12951
160931 12952
160932 12953
160940 12954
160950 12955
160952 12956
160959 12957
160964 12958
160969 12959
160986 12960
161005 12961
161008 12962
161009 12963
161041 12964
161064 12965
161072 12966
161084 12967
161110 12968
161122 12969
161132 12970
161139 12971
161140 12972
161160 12973
161204 12974
161213 12975
161252 12976
161253 12977
161254 12978
161282 12979
161308 12980
161309 12981
161316 12982
161318 12983
161330 12984
161335 12985
161337 12986
161350 12987
161366 12988
161370 12989
161386 12990
161391 12991
161404 12992
161426 12993
161428 12994
161444 12995
161446 12996
161454 12997
161462 12998
161466 12999
161474 13000
161483 13001
161487 13002
161492 13003
161503 13004
161509 13005
161517 13006
161604 13007
161617 13008
161628 13009
161631 13010
161633 13011
161660 13012
161688 13013
161705 13014
161707 13015
161709 13016
161754 13017
161775 13018
161782 13019
161787 13020
161817 13021
161832 13022
161846 13023
161852 13024
161858 13025
161895 13026
161917 13027
161938 13028
161969 13029
161970 13030
161976 13031
161978 13032
162008 13033
162009 13034
162027 13035
162061 13036
162072 13037
162076 13038
162093 13039
162120 13040
162156 13041
162157 13042
162159 13043
162188 13044
162204 13045
162205 13046
162226 13047
162243 13048
162272 13049
162295 13050
162297 13051
162303 13052
162358 13053
162392 13054
162470 13055
162477 13056
162484 13057
162485 13058
162542 13059
162576 13060
162598 13061
162631 13062
162659 13063
162662 13064
162691 13065
162706 13066
162716 13067
162766 13068
162792 13069
162800 13070
162806 13071
162820 13072
162832 13073
162869 13074
162880 13075
162933 13076
162973 13077
162991 13078
163016 13079
163090 13080
163098 13081
163117 13082
163143 13083
163185 13084
163199 13085
163200 13086
163202 13087
163204 13088
163225 13089
163242 13090
163243 13091
163256 13092
163261 13093
163266 13094
163267 13095
163285 13096
163323 13097
163327 13098
163333 13099
163335 13100
163339 13101
163356 13102
163366 13103
163372 13104
163395 13105
163403 13106
163414 13107
163438 13108
163445 13109
163448 13110
163452 13111
163470 13112
163496 13113
163532 13114
163564 13115
163612 13116
163618 13117
163621 13118
163675 13119
163677 13120
163700 13121
163750 13122
163769 13123
163774 13124
163789 13125
163790 13126
163801 13127
163815 13128
163819 13129
163839 13130
163900 13131
163917 13132
163918 13133
163920 13134
163968 13135
163970 13136
163981 13137
163989 13138
164042 13139
164092 13140
164096 13141
164109 13142
164110 13143
164118 13144
164122 13145
164128 13146
164135 13147
164141 13148
164153 13149
164194 13150
164202 13151
164212 13152
164223 13153
164248 13154
164283 13155
164293 13156
164328 13157
164334 13158
164407 13159
164419 13160
164421 13161
164440 13162
164441 13163
164446 13164
164472 13165
164508 13166
164513 13167
164526 13168
164564 13169
164566 13170
164579 13171
164643 13172
164657 13173
164741 13174
164742 13175
164793 13176
164820 13177
164826 13178
164843 13179
164847 13180
164866 13181
164875 13182
164918 13183
164928 13184
164947 13185
164958 13186
164960 13187
164963 13188
164975 13189
164988 13190
165032 13191
165045 13192
165046 13193
165052 13194
165053 13195
165075 13196
165081 13197
165094 13198
165235 13199
165236 13200
165247 13201
165291 13202
165292 13203
165301 13204
165326 13205
165354 13206
165355 13207
165456 13208
165468 13209
165469 13210
165499 13211
165519 13212
165522 13213
165524 13214
165538 13215
165539 13216
165569 13217
165577 13218
165639 13219
165642 13220
165647 13221
165652 13222
165655 13223
165656 13224
165657 13225
165668 13226
165672 13227
165677 13228
165680 13229
165682 13230
165685 13231
165698 13232
165703 13233
165706 13234
165708 13235
165709 13236
165726 13237
165728 13238
165729 13239
165734 13240
165735 13241
165742 13242
165743 13243
165757 13244
165758 13245
165761 13246
165764 13247
165779 13248
165801 13249
165806 13250
165807 13251
165811 13252
165817 13253
165818 13254
165836 13255
165837 13256
165838 13257
165839 13258
165853 13259
165857 13260
165869 13261
165870 13262
165871 13263
165881 13264
165893 13265
165894 13266
165903 13267
165906 13268
165917 13269
165918 13270
165921 13271
165925 13272
165926 13273
165937 13274
165938 13275
165946 13276
165954 13277
165960 13278
165961 13279
165965 13280
165976 13281
165981 13282
165990 13283
165991 13284
166003 13285
166009 13286
166016 13287
166019 13288
166022 13289
166039 13290
166044 13291
166047 13292
166049 13293
166050 13294
166052 13295
166057 13296
166059 13297
166061 13298
166065 13299
166069 13300
166070 13301
166076 13302
166078 13303
166081 13304
166082 13305
166087 13306
166089 13307
166093 13308
166104 13309
166110 13310
166118 13311
166120 13312
166121 13313
166123 13314
166128 13315
166132 13316
166133 13317
166139 13318
166155 13319
166171 13320
166178 13321
166179 13322
166183 13323
166187 13324
166199 13325
166208 13326
166209 13327
166225 13328
166244 13329
166246 13330
166251 13331
166252 13332
166256 13333
166258 13334
166261 13335
166294 13336
166338 13337
166351 13338
166406 13339
166411 13340
166415 13341
166416 13342
166417 13343
166441 13344
166448 13345
166540 13346
166541 13347
166557 13348
166601 13349
166610 13350
166643 13351
166647 13352
166662 13353
166666 13354
166794 13355
166818 13356
166830 13357
166855 13358
166877 13359
166946 13360
166960 13361
166987 13362
167017 13363
167021 13364
167092 13365
167101 13366
167110 13367
167139 13368
167152 13369
167186 13370
167189 13371
167194 13372
167198 13373
167217 13374
167227 13375
167236 13376
167255 13377
167256 13378
167271 13379
167277 13380
167278 13381
167304 13382
167318 13383
167320 13384
167338 13385
167341 13386
167357 13387
167364 13388
167365 13389
167372 13390
167380 13391
167390 13392
167409 13393
167426 13394
167468 13395
167485 13396
167500 13397
167502 13398
167509 13399
167532 13400
167538 13401
167567 13402
167572 13403
167576 13404
167603 13405
167605 13406
167656 13407
167664 13408
167674 13409
167681 13410
167696 13411
167703 13412
167714 13413
167718 13414
167721 13415
167767 13416
167776 13417
167809 13418
167815 13419
167825 13420
167832 13421
167857 13422
167869 13423
167875 13424
167877 13425
167894 13426
167895 13427
167897 13428
167922 13429
167927 13430
167940 13431
167945 13432
167947 13433
167966 13434
167985 13435
167997 13436
168004 13437
168028 13438
168029 13439
168068 13440
168076 13441
168090 13442
168096 13443
168097 13444
168104 13445
168105 13446
168108 13447
168113 13448
168117 13449
168127 13450
168132 13451
168150 13452
168154 13453
168156 13454
168164 13455
168172 13456
168174 13457
168194 13458
168201 13459
168205 13460
168221 13461
168245 13462
168283 13463
168289 13464
168292 13465
168316 13466
168318 13467
168329 13468
168330 13469
168331 13470
168353 13471
168363 13472
168371 13473
168376 13474
168395 13475
168411 13476
168419 13477
168423 13478
168439 13479
168449 13480
168450 13481
168484 13482
168485 13483
168556 13484
168601 13485
168608 13486
168655 13487
168672 13488
168743 13489
168820 13490
168877 13491
168889 13492
168899 13493
168936 13494
168938 13495
168964 13496
168981 13497
169037 13498
169090 13499
169095 13500
169142 13501
169200 13502
169209 13503
169237 13504
169277 13505
169285 13506
169286 13507
169292 13508
169293 13509
169299 13510
169303 13511
169394 13512
169430 13513
169445 13514
169449 13515
169471 13516
169475 13517
169478 13518
169482 13519
169489 13520
169506 13521
169531 13522
169547 13523
169610 13524
169626 13525
169631 13526
169637 13527
169638 13528
169646 13529
169675 13530
169680 13531
169687 13532
169691 13533
169717 13534
169725 13535
169745 13536
169747 13537
169756 13538
169771 13539
169788 13540
169801 13541
169811 13542
169819 13543
169845 13544
169856 13545
169900 13546
169903 13547
169906 13548
169911 13549
169933 13550
169945 13551
170008 13552
170013 13553
170024 13554
170055 13555
170065 13556
170067 13557
170091 13558
170096 13559
170099 13560
170156 13561
170159 13562
170160 13563
170161 13564
170174 13565
170179 13566
170184 13567
170190 13568
170197 13569
170213 13570
170266 13571
170269 13572
170275 13573
170282 13574
170317 13575
170324 13576
170362 13577
170376 13578
170394 13579
170402 13580
170406 13581
170428 13582
170438 13583
170446 13584
170453 13585
170462 13586
170469 13587
170483 13588
170488 13589
170496 13590
170498 13591
170503 13592
170516 13593
170518 13594
170535 13595
170536 13596
170543 13597
170548 13598
170553 13599
170555 13600
170557 13601
170567 13602
170575 13603
170600 13604
170653 13605
170671 13606
170672 13607
170760 13608
170868 13609
170870 13610
170876 13611
170890 13612
170948 13613
170958 13614
171024 13615
171027 13616
171056 13617
171068 13618
171079 13619
171080 13620
171083 13621
171127 13622
171132 13623
171135 13624
171146 13625
171158 13626
171188 13627
171208 13628
171245 13629
171246 13630
171257 13631
171271 13632
171296 13633
171298 13634
171312 13635
171361 13636
171491 13637
171521 13638
171576 13639
171634 13640
171673 13641
171679 13642
171689 13643
171723 13644
171740 13645
171754 13646
171756 13647
171775 13648
171777 13649
171794 13650
171857 13651
171989 13652
171992 13653
172079 13654
172094 13655
172104 13656
172126 13657
172131 13658
172169 13659
172180 13660
172186 13661
172210 13662
172218 13663
172220 13664
172223 13665
172227 13666
172233 13667
172259 13668
172260 13669
172281 13670
172295 13671
172313 13672
172321 13673
172335 13674
172348 13675
172349 13676
172351 13677
172352 13678
172368 13679
172370 13680
172371 13681
172382 13682
172392 13683
172404 13684
172405 13685
172409 13686
172412 13687
172420 13688
172428 13689
172460 13690
172511 13691
172599 13692
172619 13693
172621 13694
172635 13695
172679 13696
172707 13697
172733 13698
172740 13699
172770 13700
172772 13701
172785 13702
172807 13703
172845 13704
172881 13705
172887 13706
172930 13707
172931 13708
172934 13709
172955 13710
172956 13711
172977 13712
173076 13713
173085 13714
173088 13715
173091 13716
173111 13717
173116 13718
173125 13719
173171 13720
173177 13721
173197 13722
173233 13723
173284 13724
173293 13725
173298 13726
173300 13727
173308 13728
173309 13729
173324 13730
173330 13731
173335 13732
173344 13733
173368 13734
173376 13735
173377 13736
173383 13737
173384 13738
173386 13739
173390 13740
173397 13741
173403 13742
173406 13743
173412 13744
173417 13745
173428 13746
173434 13747
173435 13748
173436 13749
173439 13750
173451 13751
173452 13752
173455 13753
173459 13754
173463 13755
173470 13756
173481 13757
173486 13758
173493 13759
173504 13760
173508 13761
173514 13762
173529 13763
173537 13764
173539 13765
173542 13766
173545 13767
173546 13768
173548 13769
173551 13770
173556 13771
173558 13772
173561 13773
173562 13774
173571 13775
173572 13776
173579 13777
173591 13778
173598 13779
173601 13780
173603 13781
173608 13782
173613 13783
173614 13784
173624 13785
173627 13786
173628 13787
173632 13788
173634 13789
173639 13790
173646 13791
173659 13792
173665 13793
173669 13794
173672 13795
173679 13796
173696 13797
173705 13798
173716 13799
173717 13800
173730 13801
173732 13802
173734 13803
173736 13804
173738 13805
173754 13806
173755 13807
173759 13808
173760 13809
173762 13810
173769 13811
173772 13812
173774 13813
173787 13814
173789 13815
173801 13816
173804 13817
173805 13818
173807 13819
173825 13820
173826 13821
173827 13822
173832 13823
173861 13824
173864 13825
173866 13826
173867 13827
173871 13828
173882 13829
173883 13830
173890 13831
173891 13832
173892 13833
173894 13834
173895 13835
173897 13836
173910 13837
173911 13838
173914 13839
173915 13840
173924 13841
173928 13842
173941 13843
173944 13844
173947 13845
173958 13846
173969 13847
173974 13848
173977 13849
173978 13850
173980 13851
173991 13852
174000 13853
174008 13854
174010 13855
174020 13856
174030 13857
174041 13858
174042 13859
174049 13860
174077 13861
174126 13862
174128 13863
174178 13864
174192 13865
174194 13866
174202 13867
174205 13868
174217 13869
174237 13870
174271 13871
174290 13872
174302 13873
174342 13874
174356 13875
174359 13876
174360 13877
174373 13878
174374 13879
174406 13880
174457 13881
174466 13882
174508 13883
174520 13884
174526 13885
174537 13886
174554 13887
174565 13888
174573 13889
174574 13890
174581 13891
174593 13892
174595 13893
174610 13894
174631 13895
174634 13896
174663 13897
174666 13898
174682 13899
174699 13900
174704 13901
174723 13902
174769 13903
174795 13904
174797 13905
174805 13906
174819 13907
174824 13908
174836 13909
174841 13910
174862 13911
174869 13912
174909 13913
174914 13914
174923 13915
174929 13916
174930 13917
174943 13918
174949 13919
174973 13920
175018 13921
175025 13922
175034 13923
175039 13924
175046 13925
175068 13926
175072 13927
175094 13928
175133 13929
175136 13930
175162 13931
175205 13932
175211 13933
175221 13934
175224 13935
175249 13936
175253 13937
175255 13938
175261 13939
175278 13940
175291 13941
175304 13942
175324 13943
175335 13944
175401 13945
175418 13946
175437 13947
175454 13948
175483 13949
175524 13950
175535 13951
175588 13952
175590 13953
175609 13954
175625 13955
175631 13956
175642 13957
175651 13958
175653 13959
175656 13960
175660 13961
175680 13962
175685 13963
175698 13964
175703 13965
175709 13966
175738 13967
175775 13968
175973 13969
176004 13970
176014 13971
176026 13972
176086 13973
176148 13974
176174 13975
176176 13976
176189 13977
176191 13978
176199 13979
176201 13980
176234 13981
176235 13982
176262 13983
176304 13984
176307 13985
176326 13986
176358 13987
176374 13988
176382 13989
176430 13990
176453 13991
176477 13992
176493 13993
176495 13994
176496 13995
176535 13996
176539 13997
176565 13998
176574 13999
176619 14000
176653 14001
176680 14002
176700 14003
176703 14004
176743 14005
176783 14006
176790 14007
176811 14008
176838 14009
176847 14010
176872 14011
176956 14012
176958 14013
176965 14014
176974 14015
176985 14016
177015 14017
177016 14018
177022 14019
177026 14020
177033 14021
177047 14022
177070 14023
177071 14024
177096 14025
177102 14026
177108 14027
177144 14028
177155 14029
177194 14030
177258 14031
177260 14032
177335 14033
177440 14034
177467 14035
177470 14036
177475 14037
177479 14038
177488 14039
177494 14040
177526 14041
177551 14042
177559 14043
177594 14044
177596 14045
177618 14046
177630 14047
177640 14048
177680 14049
177695 14050
177724 14051
177787 14052
177788 14053
177803 14054
177821 14055
177835 14056
177854 14057
177868 14058
177896 14059
177924 14060
177936 14061
178017 14062
178020 14063
178061 14064
178074 14065
178101 14066
178104 14067
178152 14068
178171 14069
178241 14070
178243 14071
178250 14072
178252 14073
178261 14074
178264 14075
178270 14076
178297 14077
178301 14078
178344 14079
178350 14080
178358 14081
178363 14082
178370 14083
178424 14084
178430 14085
178522 14086
178525 14087
178541 14088
178545 14089
178549 14090
178553 14091
178559 14092
178636 14093
178664 14094
178700 14095
178705 14096
178711 14097
178731 14098
178734 14099
178748 14100
178762 14101
178768 14102
178775 14103
178827 14104
178829 14105
178833 14106
178860 14107
178868 14108
178873 14109
178894 14110
178923 14111
178928 14112
178929 14113
179024 14114
179030 14115
179056 14116
179069 14117
179080 14118
179090 14119
179100 14120
179104 14121
179132 14122
179137 14123
179163 14124
179176 14125
179183 14126
179190 14127
179203 14128
179217 14129
179226 14130
179272 14131
179304 14132
179322 14133
179336 14134
179340 14135
179351 14136
179388 14137
179396 14138
179425 14139
179431 14140
179450 14141
179454 14142
179467 14143
179525 14144
179533 14145
179542 14146
179565 14147
179570 14148
179592 14149
179593 14150
179604 14151
179624 14152
179627 14153
179628 14154
179672 14155
179691 14156
179706 14157
179748 14158
179809 14159
179848 14160
179887 14161
179896 14162
179942 14163
179953 14164
179975 14165
179978 14166
180049 14167
180073 14168
180091 14169
180100 14170
180135 14171
180152 14172
180164 14173
180171 14174
180179 14175
180203 14176
180209 14177
180215 14178
180243 14179
180300 14180
180317 14181
180448 14182
180487 14183
180544 14184
180593 14185
180599 14186
180666 14187
180702 14188
180729 14189
180768 14190
180803 14191
180813 14192
180815 14193
180835 14194
180854 14195
180858 14196
180859 14197
180864 14198
180903 14199
180926 14200
180968 14201
180969 14202
181015 14203
181036 14204
181040 14205
181043 14206
181062 14207
181074 14208
181125 14209
181144 14210
181157 14211
181179 14212
181196 14213
181197 14214
181215 14215
181219 14216
181238 14217
181427 14218
181438 14219
181471 14220
181482 14221
181494 14222
181508 14223
181520 14224
181527 14225
181550 14226
181556 14227
181574 14228
181616 14229
181619 14230
181645 14231
181657 14232
181710 14233
181749 14234
181791 14235
181795 14236
181796 14237
181805 14238
181817 14239
181822 14240
181826 14241
181827 14242
181834 14243
181845 14244
181848 14245
181849 14246
181862 14247
181869 14248
181877 14249
181901 14250
181922 14251
181932 14252
181946 14253
181952 14254
181968 14255
181970 14256
181976 14257
181977 14258
181982 14259
181990 14260
182021 14261
182047 14262
182067 14263
182069 14264
182070 14265
182072 14266
182073 14267
182077 14268
182128 14269
182136 14270
182146 14271
182164 14272
182199 14273
182210 14274
182268 14275
182277 14276
182279 14277
182280 14278
182288 14279
182295 14280
182297 14281
182308 14282
182315 14283
182366 14284
182385 14285
182404 14286
182445 14287
182493 14288
182529 14289
182569 14290
182586 14291
182602 14292
182648 14293
182704 14294
182823 14295
182863 14296
182901 14297
182928 14298
182966 14299
182973 14300
182981 14301
183032 14302
183047 14303
183050 14304
183186 14305
183188 14306
183200 14307
183275 14308
183276 14309
183301 14310
183305 14311
183333 14312
183340 14313
183353 14314
183364 14315
183394 14316
183412 14317
183418 14318
183461 14319
183466 14320
183475 14321
183476 14322
183482 14323
183491 14324
183499 14325
183501 14326
183550 14327
183570 14328
183578 14329
183598 14330
183633 14331
183637 14332
183655 14333
183684 14334
183722 14335
183726 14336
183733 14337
183741 14338
183755 14339
183811 14340
183828 14341
183830 14342
183832 14343
183838 14344
183846 14345
183862 14346
183871 14347
183879 14348
183923 14349
183972 14350
184001 14351
184033 14352
184041 14353
184065 14354
184087 14355
184098 14356
184106 14357
184110 14358
184114 14359
184201 14360
184217 14361
184225 14362
184280 14363
184288 14364
184291 14365
184296 14366
184305 14367
184309 14368
184364 14369
184370 14370
184374 14371
184392 14372
184399 14373
184401 14374
184421 14375
184427 14376
184445 14377
184452 14378
184462 14379
184527 14380
184540 14381
184560 14382
184564 14383
184567 14384
184588 14385
184591 14386
184608 14387
184628 14388
184665 14389
184693 14390
184698 14391
184699 14392
184729 14393
184732 14394
184744 14395
184775 14396
184811 14397
184817 14398
184825 14399
184847 14400
184866 14401
184880 14402
184900 14403
184917 14404
184947 14405
184954 14406
184970 14407
184980 14408
184985 14409
184999 14410
185058 14411
185061 14412
185064 14413
185119 14414
185170 14415
185208 14416
185213 14417
185219 14418
185246 14419
185264 14420
185271 14421
185272 14422
185282 14423
185291 14424
185292 14425
185297 14426
185304 14427
185311 14428
185315 14429
185345 14430
185365 14431
185386 14432
185391 14433
185397 14434
185412 14435
185415 14436
185419 14437
185449 14438
185452 14439
185503 14440
185512 14441
185531 14442
185533 14443
185541 14444
185549 14445
185551 14446
185566 14447
185568 14448
185580 14449
185581 14450
185592 14451
185612 14452
185619 14453
185623 14454
185642 14455
185671 14456
185722 14457
185728 14458
185733 14459
185762 14460
185772 14461
185774 14462
185784 14463
185797 14464
185833 14465
185866 14466
185877 14467
185891 14468
185900 14469
185927 14470
185947 14471
185950 14472
185956 14473
185962 14474
185976 14475
185978 14476
186011 14477
186031 14478
186055 14479
186057 14480
186094 14481
186099 14482
186104 14483
186127 14484
186129 14485
186137 14486
186145 14487
186154 14488
186159 14489
186161 14490
186168 14491
186183 14492
186193 14493
186197 14494
186206 14495
186216 14496
186219 14497
186228 14498
186243 14499
186274 14500
186284 14501
186294 14502
186312 14503
186326 14504
186330 14505
186348 14506
186370 14507
186390 14508
186411 14509
186412 14510
186461 14511
186488 14512
186495 14513
186543 14514
186547 14515
186555 14516
186559 14517
186575 14518
186584 14519
186613 14520
186620 14521
186635 14522
186805 14523
186865 14524
186910 14525
186934 14526
186950 14527
186954 14528
186969 14529
187026 14530
187028 14531
187054 14532
187072 14533
187092 14534
187117 14535
187128 14536
187129 14537
187135 14538
187143 14539
187161 14540
187210 14541
187218 14542
187233 14543
187235 14544
187310 14545
187312 14546
187321 14547
187340 14548
187347 14549
187371 14550
187383 14551
187390 14552
187401 14553
187409 14554
187445 14555
187446 14556
187498 14557
187522 14558
187532 14559
187565 14560
187570 14561
187622 14562
187658 14563
187691 14564
187770 14565
187776 14566
187873 14567
187932 14568
188033 14569
188103 14570
188216 14571
188270 14572
188468 14573
188502 14574
188538 14575
188556 14576
188597 14577
188605 14578
188607 14579
188627 14580
188708 14581
188721 14582
188761 14583
188795 14584
188823 14585
188873 14586
188879 14587
188936 14588
188992 14589
189056 14590
189172 14591
189193 14592
189240 14593
189280 14594
189281 14595
189309 14596
189378 14597
189381 14598
189435 14599
189493 14600
189554 14601
189564 14602
189602 14603
189630 14604
189632 14605
189697 14606
189789 14607
189818 14608
189859 14609
189883 14610
189889 14611
189890 14612
189898 14613
189980 14614
189996 14615
190005 14616
190110 14617
190138 14618
190147 14619
190172 14620
190181 14621
190222 14622
190262 14623
190292 14624
190303 14625
190306 14626
190330 14627
190340 14628
190347 14629
190406 14630
190421 14631
190425 14632
190435 14633
190449 14634
190469 14635
190504 14636
190570 14637
190621 14638
190671 14639
190705 14640
190750 14641
190754 14642
190802 14643
190828 14644
190985 14645
191001 14646
191076 14647
191104 14648
191141 14649
191170 14650
191186 14651
191229 14652
191297 14653
191304 14654
191372 14655
191409 14656
191424 14657
191468 14658
191577 14659
191607 14660
191772 14661
191807 14662
191983 14663
191995 14664
192228 14665
192233 14666
192401 14667
192412 14668
192469 14669
192490 14670
192520 14671
192591 14672
192619 14673
192657 14674
192659 14675
192672 14676
192681 14677
192693 14678
192696 14679
192708 14680
192710 14681
192718 14682
192723 14683
192749 14684
192771 14685
192774 14686
192790 14687
192799 14688
192809 14689
192825 14690
192843 14691
192882 14692
192902 14693
192906 14694
192910 14695
192913 14696
192919 14697
192933 14698
192935 14699
192943 14700
192963 14701
192975 14702
192976 14703
192989 14704
193034 14705
193037 14706
193069 14707
193073 14708
193083 14709
193086 14710
193104 14711
193113 14712
193115 14713
193125 14714
193134 14715
193151 14716
193170 14717
193202 14718
193214 14719
193235 14720
193238 14721
193240 14722
193310 14723
193323 14724
193333 14725
193334 14726
193402 14727
193409 14728
193472 14729
193473 14730
193475 14731
193577 14732
193582 14733
193603 14734
193604 14735
193606 14736
193616 14737
193661 14738
193681 14739
193701 14740
193710 14741
193736 14742
193766 14743
193773 14744
193815 14745
193844 14746
193848 14747
193887 14748
193896 14749
193928 14750
193958 14751
193967 14752
194011 14753
194014 14754
194015 14755
194018 14756
194023 14757
194026 14758
194053 14759
194056 14760
194067 14761
194086 14762
194093 14763
194127 14764
194177 14765
194217 14766
194261 14767
194283 14768
194314 14769
194316 14770
194331 14771
194332 14772
194396 14773
194406 14774
194413 14775
194423 14776
194434 14777
194442 14778
194445 14779
194448 14780
194469 14781
194485 14782
194496 14783
194511 14784
194517 14785
194537 14786
194547 14787
194570 14788
194591 14789
194633 14790
194645 14791
194651 14792
194660 14793
194665 14794
194696 14795
194706 14796
194727 14797
194754 14798
194767 14799
194781 14800
194784 14801
194793 14802
194797 14803
194807 14804
194808 14805
194811 14806
194838 14807
194844 14808
194851 14809
194853 14810
194862 14811
194864 14812
194867 14813
194871 14814
194887 14815
194926 14816
194931 14817
194938 14818
194958 14819
194960 14820
194963 14821
194966 14822
194989 14823
195028 14824
195050 14825
195068 14826
195077 14827
195109 14828
195116 14829
195120 14830
195123 14831
195126 14832
195129 14833
195143 14834
195151 14835
195156 14836
195166 14837
195167 14838
195211 14839
195234 14840
195244 14841
195251 14842
195258 14843
195261 14844
195267 14845
195276 14846
195308 14847
195347 14848
195380 14849
195438 14850
195454 14851
195471 14852
195478 14853
195482 14854
195485 14855
195515 14856
195522 14857
195547 14858
195549 14859
195550 14860
195585 14861
195593 14862
195599 14863
195669 14864
195679 14865
195711 14866
195720 14867
195724 14868
195731 14869
195775 14870
195780 14871
195786 14872
195863 14873
195880 14874
195893 14875
195917 14876
195918 14877
195930 14878
195941 14879
195944 14880
195955 14881
196036 14882
196037 14883
196078 14884
196087 14885
196088 14886
196094 14887
196095 14888
196098 14889
196200 14890
196207 14891
196215 14892
196266 14893
196277 14894
196283 14895
196298 14896
196299 14897
196303 14898
196321 14899
196324 14900
196330 14901
196332 14902
196343 14903
196347 14904
196359 14905
196360 14906
196364 14907
196394 14908
196397 14909
196411 14910
196439 14911
196445 14912
196447 14913
196455 14914
196456 14915
196506 14916
196518 14917
196524 14918
196660 14919
196667 14920
196668 14921
196674 14922
196681 14923
196684 14924
196707 14925
196732 14926
196736 14927
196760 14928
196788 14929
196796 14930
196804 14931
196856 14932
196860 14933
196862 14934
196871 14935
196882 14936
196906 14937
196909 14938
196915 14939
196927 14940
197003 14941
197027 14942
197028 14943
197049 14944
197065 14945
198706 14946
198712 14947
198717 14948
198721 14949
198722 14950
198729 14951
198731 14952
198734 14953
198735 14954
198744 14955
198746 14956
198763 14957
198767 14958
198783 14959
198787 14960
198790 14961
198793 14962
198794 14963
198797 14964
198808 14965
198821 14966
198823 14967
198826 14968
198836 14969
198840 14970
198841 14971
198844 14972
198846 14973
198849 14974
198860 14975
198861 14976
198864 14977
198865 14978
198881 14979
198893 14980
198897 14981
198900 14982
198901 14983
198906 14984
198908 14985
198910 14986
198918 14987
198926 14988
198935 14989
198949 14990
198950 14991
198951 14992
198953 14993
198956 14994
198960 14995
198965 14996
198968 14997
198979 14998
199005 14999
199008 15000
199023 15001
199027 15002
199034 15003
199042 15004
199046 15005
199052 15006
199054 15007
199055 15008
199056 15009
199057 15010
199061 15011
199063 15012
199069 15013
199071 15014
199076 15015
199079 15016
199091 15017
199111 15018
199114 15019
199115 15020
199117 15021
199119 15022
199120 15023
199123 15024
199126 15025
199128 15026
199132 15027
199134 15028
199138 15029
199144 15030
199145 15031
199146 15032
199159 15033
199176 15034
199178 15035
199179 15036
199181 15037
199185 15038
199190 15039
199194 15040
199195 15041
199197 15042
199198 15043
199200 15044
199204 15045
199205 15046
199206 15047
199218 15048
199222 15049
199223 15050
199230 15051
199233 15052
199234 15053
199235 15054
199239 15055
199252 15056
199253 15057
199254 15058
199255 15059
199262 15060
199263 15061
199270 15062
199271 15063
199272 15064
199274 15065
199275 15066
199284 15067
199294 15068
199295 15069
199309 15070
199313 15071
199317 15072
199318 15073
199320 15074
199321 15075
199324 15076
199327 15077
199366 15078
199369 15079
199371 15080
199380 15081
199393 15082
199394 15083
199395 15084
199408 15085
199410 15086
199412 15087
199429 15088
199439 15089
199449 15090
199452 15091
199454 15092
199458 15093
199472 15094
199476 15095
199479 15096
199482 15097
199484 15098
199486 15099
199489 15100
199492 15101
199494 15102
199497 15103
199503 15104
199504 15105
199508 15106
199515 15107
199526 15108
199530 15109
199533 15110
199536 15111
199542 15112
199549 15113
199551 15114
199571 15115
199573 15116
199574 15117
199586 15118
199628 15119
199671 15120
199697 15121
199747 15122
199750 15123
199755 15124
199831 15125
199839 15126
199843 15127
199845 15128
199847 15129
199855 15130
199860 15131
199863 15132
199866 15133
199876 15134
199877 15135
199878 15136
199881 15137
199882 15138
199897 15139
199904 15140
199911 15141
199912 15142
199913 15143
199915 15144
199934 15145
199936 15146
199937 15147
199942 15148
199949 15149
199952 15150
199955 15151
199958 15152
199959 15153
199974 15154
199979 15155
199984 15156
199992 15157
199993 15158
199994 15159
199997 15160
200001 15161
200008 15162
200012 15163
200013 15164
200023 15165
200026 15166
200027 15167
200046 15168
200053 15169
200055 15170
200057 15171
200090 15172
200093 15173
200100 15174
200139 15175
200160 15176
200170 15177
200180 15178
200184 15179
200186 15180
200202 15181
200213 15182
200219 15183
200223 15184
200227 15185
200236 15186
200244 15187
200254 15188
200256 15189
200258 15190
200259 15191
200260 15192
200263 15193
200264 15194
200276 15195
200277 15196
200278 15197
200281 15198
200284 15199
200285 15200
200287 15201
200291 15202
200298 15203
200304 15204
200305 15205
200308 15206
200309 15207
200313 15208
200317 15209
200319 15210
200334 15211
200336 15212
200338 15213
200339 15214
200349 15215
200350 15216
200355 15217
200358 15218
200359 15219
200362 15220
200365 15221
200368 15222
200369 15223
200371 15224
200375 15225
200378 15226
200381 15227
200386 15228
200397 15229
200401 15230
200435 15231
200454 15232
200456 15233
200501 15234
200508 15235
200538 15236
200539 15237
200559 15238
200564 15239
200570 15240
200600 15241
200605 15242
200643 15243
200672 15244
200697 15245
200718 15246
200730 15247
200740 15248
200771 15249
200839 15250
200851 15251
200854 15252
200865 15253
200925 15254
200986 15255
200993 15256
201005 15257
201007 15258
201009 15259
201037 15260
201055 15261
201082 15262
201090 15263
201115 15264
201162 15265
201228 15266
201268 15267
201311 15268
201319 15269
201336 15270
201399 15271
201417 15272
201474 15273
201479 15274
201525 15275
201545 15276
201555 15277
201561 15278
201572 15279
201577 15280
201595 15281
201619 15282
201627 15283
201672 15284
201675 15285
201679 15286
201743 15287
201779 15288
201805 15289
201810 15290
201825 15291
201843 15292
201886 15293
201931 15294
201945 15295
202021 15296
202049 15297
202073 15298
202098 15299
202104 15300
202107 15301
202123 15302
202125 15303
202127 15304
202129 15305
202133 15306
202163 15307
202174 15308
202224 15309
202232 15310
202342 15311
202378 15312
202429 15313
202499 15314
202509 15315
202542 15316
202553 15317
202570 15318
202579 15319
202630 15320
202671 15321
202674 15322
202687 15323
202706 15324
202725 15325
202734 15326
202737 15327
202742 15328
202757 15329
202776 15330
202790 15331
202829 15332
202844 15333
202850 15334
202855 15335
202893 15336
202916 15337
202917 15338
202920 15339
202931 15340
202960 15341
203067 15342
203104 15343
203132 15344
203145 15345
203183 15346
203190 15347
203201 15348
203213 15349
203268 15350
203302 15351
203357 15352
203376 15353
203391 15354
203417 15355
203438 15356
203457 15357
203465 15358
203490 15359
203494 15360
203508 15361
203514 15362
203525 15363
203526 15364
203540 15365
203546 15366
203562 15367
203604 15368
203645 15369
203675 15370
203677 15371
203694 15372
203697 15373
203716 15374
203771 15375
203775 15376
203785 15377
203797 15378
203803 15379
203809 15380
203871 15381
203873 15382
203875 15383
203913 15384
203936 15385
203955 15386
203959 15387
203962 15388
203966 15389
203981 15390
204000 15391
204022 15392
204039 15393
204042 15394
204045 15395
204075 15396
204081 15397
204094 15398
204121 15399
204141 15400
204228 15401
204270 15402
204353 15403
204374 15404
204424 15405
204586 15406
204599 15407
204720 15408
204723 15409
204793 15410
204831 15411
204946 15412
204998 15413
205008 15414
205014 15415
205125 15416
205128 15417
205190 15418
205193 15419
205240 15420
205241 15421
205398 15422
205401 15423
205432 15424
205451 15425
205489 15426
205499 15427
205543 15428
205560 15429
205575 15430
205599 15431
205625 15432
205632 15433
205642 15434
205762 15435
205785 15436
205792 15437
205802 15438
205834 15439
205836 15440
205877 15441
205879 15442
205887 15443
205928 15444
205958 15445
205967 15446
205985 15447
205989 15448
205991 15449
206006 15450
206038 15451
206046 15452
206104 15453
206140 15454
206246 15455
206254 15456
206296 15457
206334 15458
206375 15459
206408 15460
206476 15461
206490 15462
206598 15463
206605 15464
206661 15465
206709 15466
206730 15467
206731 15468
206747 15469
206766 15470
206772 15471
206803 15472
206820 15473
206822 15474
206881 15475
206902 15476
206949 15477
206951 15478
206988 15479
207010 15480
207057 15481
207058 15482
207083 15483
207086 15484
207120 15485
207127 15486
207210 15487
207214 15488
207238 15489
207246 15490
207258 15491
207259 15492
207279 15493
207281 15494
207291 15495
207303 15496
207378 15497
207421 15498
207456 15499
207503 15500
207568 15501
207572 15502
207615 15503
207624 15504
207627 15505
207634 15506
207646 15507
207648 15508
207708 15509
207735 15510
207740 15511
207750 15512
207756 15513
207788 15514
207812 15515
207837 15516
207849 15517
207865 15518
208067 15519
208188 15520
208194 15521
208268 15522
208279 15523
208292 15524
208347 15525
208352 15526
208380 15527
208389 15528
208425 15529
208446 15530
208478 15531
208488 15532
208501 15533
208544 15534
208554 15535
208565 15536
208590 15537
208603 15538
208618 15539
208638 15540
208639 15541
208671 15542
208686 15543
208696 15544
208703 15545
208723 15546
208727 15547
208753 15548
208764 15549
208808 15550
208809 15551
208821 15552
208836 15553
208839 15554
208840 15555
208855 15556
208871 15557
208888 15558
208890 15559
208892 15560
208893 15561
208897 15562
208900 15563
208906 15564
208914 15565
208933 15566
208981 15567
208982 15568
208986 15569
208991 15570
209028 15571
209120 15572
209276 15573
209301 15574
209327 15575
209337 15576
209355 15577
209362 15578
209419 15579
209440 15580
209493 15581
209500 15582
209539 15583
209542 15584
209546 15585
209622 15586
209639 15587
209663 15588
209697 15589
209708 15590
209749 15591
209780 15592
209782 15593
209803 15594
209811 15595
209825 15596
209833 15597
209844 15598
209903 15599
209905 15600
209910 15601
209917 15602
209935 15603
210009 15604
210149 15605
210165 15606
210239 15607
210246 15608
210301 15609
210354 15610
210359 15611
210425 15612
210482 15613
210517 15614
210539 15615
210544 15616
210550 15617
210557 15618
210559 15619
210571 15620
210602 15621
210620 15622
210700 15623
210708 15624
210715 15625
210722 15626
210734 15627
210742 15628
210755 15629
210769 15630
210794 15631
210803 15632
210804 15633
210815 15634
210869 15635
210886 15636
211001 15637
211011 15638
211021 15639
211023 15640
211062 15641
211064 15642
211074 15643
211081 15644
211087 15645
211141 15646
211179 15647
211183 15648
211193 15649
211208 15650
211218 15651
211222 15652
211263 15653
211272 15654
211274 15655
211285 15656
211287 15657
211381 15658
211389 15659
211443 15660
211486 15661
211504 15662
211529 15663
211535 15664
211555 15665
211579 15666
211606 15667
211607 15668
211678 15669
211682 15670
211690 15671
211706 15672
211732 15673
211735 15674
211738 15675
211740 15676
211742 15677
211752 15678
211808 15679
211833 15680
211837 15681
211894 15682
211964 15683
212001 15684
212004 15685
212022 15686
212062 15687
212102 15688
212112 15689
212113 15690
212119 15691
212143 15692
212147 15693
212188 15694
212239 15695
212247 15696
212265 15697
212281 15698
212285 15699
212292 15700
212306 15701
212314 15702
212334 15703
212335 15704
212341 15705
212342 15706
212347 15707
212366 15708
212378 15709
212384 15710
212419 15711
212429 15712
212455 15713
212513 15714
212517 15715
212519 15716
212523 15717
212528 15718
212535 15719
212562 15720
212585 15721
212598 15722
212610 15723
212614 15724
212634 15725
212635 15726
212655 15727
212668 15728
212672 15729
212674 15730
212700 15731
212721 15732
212725 15733
212735 15734
212739 15735
212743 15736
212776 15737
212780 15738
212796 15739
212811 15740
212812 15741
212883 15742
212917 15743
213220 15744
213310 15745
213324 15746
213350 15747
213359 15748
213369 15749
213405 15750
213410 15751
213466 15752
213494 15753
213510 15754
213514 15755
213530 15756
213544 15757
213545 15758
213559 15759
213596 15760
213610 15761
213624 15762
213678 15763
213722 15764
213779 15765
213820 15766
213998 15767
214085 15768
214094 15769
214101 15770
214109 15771
214111 15772
214137 15773
214162 15774
214204 15775
214229 15776
214233 15777
214355 15778
214371 15779
214471 15780
214485 15781
214495 15782
214520 15783
214526 15784
214542 15785
214545 15786
214561 15787
214591 15788
214595 15789
214696 15790
214698 15791
214705 15792
214841 15793
214858 15794
214891 15795
214900 15796
214901 15797
214906 15798
214910 15799
214973 15800
214980 15801
215007 15802
215014 15803
215021 15804
215064 15805
215066 15806
215072 15807
215085 15808
215087 15809
215088 15810
215093 15811
215103 15812
215110 15813
215157 15814
215162 15815
215211 15816
215214 15817
215217 15818
215245 15819
215252 15820
215274 15821
215283 15822
215289 15823
215294 15824
215297 15825
215323 15826
215353 15827
215357 15828
215367 15829
215374 15830
215376 15831
215394 15832
215403 15833
215431 15834
215436 15835
215460 15836
215500 15837
215504 15838
215515 15839
215529 15840
215553 15841
215592 15842
215593 15843
215598 15844
215602 15845
215625 15846
215637 15847
215655 15848
215691 15849
215719 15850
215729 15851
215732 15852
215733 15853
215742 15854
215751 15855
215756 15856
215774 15857
215827 15858
215843 15859
216015 15860
216019 15861
216059 15862
216145 15863
216153 15864
216163 15865
216176 15866
216186 15867
216200 15868
216202 15869
216214 15870
216244 15871
216270 15872
216290 15873
216314 15874
216341 15875
216343 15876
216345 15877
216348 15878
216385 15879
216395 15880
216401 15881
216416 15882
216442 15883
216499 15884
216502 15885
216605 15886
216607 15887
216608 15888
216662 15889
216682 15890
216688 15891
216707 15892
216736 15893
216737 15894
216754 15895
216761 15896
216764 15897
216792 15898
216793 15899
216813 15900
216861 15901
216906 15902
216915 15903
216933 15904
216949 15905
216954 15906
216955 15907
216970 15908
216985 15909
216997 15910
217024 15911
217053 15912
217087 15913
217188 15914
217191 15915
217218 15916
217223 15917
217224 15918
217254 15919
217272 15920
217299 15921
217330 15922
217338 15923
217370 15924
217405 15925
217425 15926
217476 15927
217498 15928
217502 15929
217507 15930
217543 15931
217560 15932
217589 15933
217615 15934
217641 15935
217668 15936
217676 15937
217697 15938
217712 15939
217718 15940
217760 15941
217777 15942
217786 15943
217818 15944
217824 15945
217843 15946
217855 15947
217872 15948
217894 15949
217920 15950
217927 15951
217937 15952
217956 15953
218003 15954
218022 15955
218053 15956
218064 15957
218068 15958
218106 15959
218108 15960
218135 15961
218210 15962
218242 15963
218243 15964
218253 15965
218259 15966
218263 15967
218265 15968
218278 15969
218303 15970
218328 15971
218335 15972
218352 15973
218383 15974
218391 15975
218393 15976
218411 15977
218419 15978
218486 15979
218499 15980
218514 15981
218535 15982
218539 15983
218556 15984
218568 15985
218597 15986
218608 15987
218611 15988
218649 15989
218669 15990
218685 15991
218697 15992
218701 15993
218708 15994
218716 15995
218722 15996
218727 15997
218767 15998
218840 15999
218847 16000
218848 16001
218854 16002
218858 16003
218876 16004
218907 16005
218955 16006
218991 16007
218996 16008
218998 16009
219016 16010
219021 16011
219022 16012
219028 16013
219055 16014
219059 16015
219068 16016
219074 16017
219075 16018
219092 16019
219095 16020
219109 16021
219111 16022
219166 16023
219169 16024
219173 16025
219180 16026
219202 16027
219234 16028
219251 16029
219252 16030
219264 16031
219274 16032
219290 16033
219301 16034
219372 16035
219403 16036
219410 16037
219488 16038
219490 16039
219499 16040
219503 16041
219510 16042
219513 16043
219529 16044
219539 16045
219547 16046
219564 16047
219606 16048
219652 16049
219673 16050
219701 16051
219743 16052
219771 16053
219781 16054
219842 16055
219872 16056
219874 16057
219887 16058
219906 16059
219981 16060
220007 16061
220103 16062
220136 16063
220143 16064
220169 16065
220234 16066
220287 16067
220368 16068
220399 16069
220440 16070
220586 16071
220621 16072
220636 16073
220637 16074
220643 16075
220644 16076
220658 16077
220670 16078
220682 16079
220719 16080
220720 16081
220727 16082
220737 16083
220741 16084
220756 16085
220757 16086
220762 16087
220766 16088
220767 16089
220780 16090
220787 16091
220788 16092
220793 16093
220807 16094
220809 16095
220819 16096
220822 16097
220825 16098
220857 16099
220873 16100
220954 16101
220974 16102
220985 16103
220992 16104
220993 16105
221006 16106
221010 16107
221011 16108
221016 16109
221017 16110
221037 16111
221047 16112
221077 16113
221081 16114
221096 16115
221103 16116
221150 16117
221157 16118
221166 16119
221180 16120
221192 16121
221211 16122
221213 16123
221237 16124
221269 16125
221272 16126
221280 16127
221304 16128
221364 16129
221375 16130
221399 16131
221401 16132
221438 16133
221450 16134
221482 16135
221516 16136
221574 16137
221605 16138
221617 16139
221643 16140
221681 16141
221692 16142
221761 16143
221772 16144
221783 16145
221814 16146
221835 16147
221876 16148
221884 16149
221891 16150
221895 16151
221902 16152
221960 16153
221993 16154
222003 16155
222005 16156
222033 16157
222114 16158
222141 16159
222157 16160
222181 16161
222184 16162
222194 16163
222218 16164
222223 16165
222231 16166
222239 16167
222257 16168
222297 16169
222298 16170
222299 16171
222345 16172
222347 16173
222369 16174
222398 16175
222424 16176
222430 16177
222435 16178
222452 16179
222513 16180
222523 16181
222548 16182
222579 16183
222587 16184
222588 16185
222648 16186
222657 16187
222701 16188
222806 16189
223065 16190
223473 16191
223890 16192
223899 16193
