org_id remap_id
0 0
1 1
2 2
3 3
4 4
5 5
6 6
7 7
8 8
10 9
11 10
12 11
13 12
14 13
16 14
17 15
19 16
21 17
23 18
24 19
25 20
27 21
28 22
29 23
30 24
31 25
32 26
33 27
34 28
35 29
37 30
39 31
40 32
41 33
42 34
45 35
47 36
48 37
50 38
51 39
52 40
53 41
54 42
56 43
57 44
58 45
59 46
60 47
61 48
63 49
64 50
65 51
67 52
68 53
70 54
73 55
74 56
75 57
76 58
77 59
79 60
81 61
82 62
83 63
86 64
87 65
88 66
89 67
90 68
91 69
92 70
94 71
95 72
96 73
97 74
98 75
99 76
101 77
103 78
104 79
105 80
106 81
107 82
109 83
110 84
111 85
112 86
113 87
114 88
116 89
117 90
118 91
119 92
120 93
122 94
123 95
124 96
125 97
126 98
127 99
129 100
130 101
132 102
133 103
134 104
137 105
140 106
141 107
142 108
144 109
146 110
147 111
148 112
149 113
151 114
154 115
156 116
157 117
158 118
159 119
160 120
161 121
163 122
164 123
166 124
167 125
168 126
169 127
170 128
172 129
173 130
174 131
175 132
176 133
179 134
181 135
182 136
183 137
184 138
185 139
188 140
191 141
194 142
196 143
197 144
198 145
199 146
200 147
202 148
203 149
205 150
206 151
207 152
208 153
209 154
210 155
212 156
214 157
215 158
216 159
217 160
218 161
219 162
220 163
222 164
223 165
224 166
225 167
226 168
227 169
228 170
230 171
231 172
232 173
234 174
237 175
238 176
239 177
241 178
242 179
244 180
245 181
246 182
247 183
248 184
249 185
250 186
251 187
252 188
254 189
255 190
257 191
258 192
259 193
260 194
261 195
263 196
265 197
266 198
268 199
270 200
271 201
272 202
273 203
274 204
275 205
276 206
277 207
278 208
279 209
281 210
282 211
284 212
286 213
287 214
289 215
290 216
291 217
294 218
295 219
298 220
300 221
303 222
304 223
305 224
306 225
309 226
310 227
313 228
314 229
316 230
317 231
318 232
319 233
321 234
322 235
325 236
327 237
328 238
329 239
330 240
332 241
334 242
336 243
337 244
338 245
339 246
340 247
342 248
343 249
344 250
345 251
347 252
348 253
349 254
351 255
352 256
354 257
355 258
356 259
357 260
360 261
362 262
363 263
364 264
365 265
368 266
370 267
371 268
373 269
374 270
375 271
376 272
380 273
381 274
382 275
383 276
385 277
386 278
388 279
389 280
390 281
391 282
392 283
393 284
394 285
395 286
396 287
397 288
398 289
399 290
402 291
404 292
405 293
406 294
407 295
408 296
409 297
411 298
412 299
413 300
416 301
417 302
418 303
419 304
420 305
421 306
423 307
424 308
426 309
427 310
428 311
430 312
431 313
432 314
434 315
435 316
436 317
437 318
438 319
439 320
440 321
441 322
442 323
443 324
444 325
445 326
446 327
447 328
450 329
452 330
454 331
455 332
456 333
457 334
458 335
459 336
460 337
463 338
464 339
465 340
466 341
467 342
468 343
469 344
470 345
471 346
472 347
473 348
474 349
475 350
476 351
478 352
479 353
480 354
481 355
482 356
483 357
485 358
486 359
488 360
490 361
491 362
493 363
494 364
495 365
496 366
497 367
498 368
499 369
500 370
501 371
502 372
504 373
507 374
508 375
509 376
510 377
511 378
515 379
517 380
518 381
519 382
520 383
521 384
522 385
523 386
527 387
528 388
529 389
530 390
532 391
533 392
534 393
535 394
538 395
539 396
540 397
541 398
542 399
544 400
545 401
546 402
547 403
548 404
549 405
550 406
551 407
552 408
553 409
557 410
558 411
559 412
560 413
562 414
563 415
565 416
566 417
569 418
572 419
573 420
576 421
578 422
579 423
580 424
581 425
583 426
584 427
586 428
587 429
588 430
589 431
590 432
595 433
596 434
597 435
598 436
600 437
601 438
602 439
603 440
604 441
605 442
606 443
607 444
608 445
609 446
610 447
611 448
612 449
613 450
614 451
615 452
616 453
617 454
619 455
620 456
622 457
623 458
624 459
626 460
628 461
629 462
630 463
632 464
633 465
634 466
635 467
636 468
637 469
640 470
642 471
643 472
645 473
646 474
647 475
648 476
649 477
650 478
651 479
652 480
653 481
654 482
655 483
656 484
657 485
659 486
660 487
661 488
662 489
665 490
666 491
668 492
669 493
670 494
671 495
672 496
673 497
675 498
677 499
678 500
680 501
681 502
683 503
685 504
688 505
690 506
691 507
692 508
694 509
695 510
696 511
697 512
698 513
699 514
702 515
704 516
705 517
707 518
708 519
710 520
711 521
712 522
715 523
716 524
717 525
719 526
720 527
721 528
724 529
725 530
726 531
727 532
728 533
729 534
730 535
731 536
732 537
733 538
734 539
735 540
737 541
738 542
739 543
740 544
741 545
742 546
743 547
744 548
746 549
747 550
749 551
750 552
751 553
752 554
753 555
754 556
755 557
756 558
758 559
760 560
761 561
763 562
764 563
765 564
766 565
767 566
768 567
769 568
770 569
771 570
773 571
774 572
775 573
776 574
777 575
778 576
780 577
781 578
783 579
784 580
785 581
786 582
787 583
788 584
789 585
790 586
792 587
793 588
794 589
795 590
796 591
799 592
802 593
803 594
804 595
805 596
806 597
807 598
808 599
809 600
810 601
811 602
812 603
813 604
814 605
815 606
819 607
821 608
822 609
824 610
825 611
827 612
828 613
829 614
830 615
831 616
834 617
836 618
837 619
838 620
839 621
841 622
842 623
844 624
845 625
846 626
847 627
850 628
853 629
855 630
858 631
859 632
860 633
861 634
862 635
863 636
865 637
866 638
867 639
868 640
869 641
872 642
873 643
874 644
875 645
876 646
877 647
878 648
880 649
881 650
882 651
883 652
884 653
886 654
887 655
889 656
894 657
895 658
896 659
897 660
898 661
900 662
901 663
902 664
904 665
905 666
906 667
907 668
908 669
909 670
910 671
911 672
912 673
913 674
915 675
916 676
919 677
920 678
921 679
922 680
927 681
928 682
929 683
930 684
932 685
933 686
934 687
935 688
936 689
937 690
938 691
939 692
940 693
941 694
943 695
944 696
945 697
946 698
948 699
949 700
950 701
951 702
953 703
954 704
956 705
957 706
958 707
960 708
961 709
962 710
963 711
964 712
965 713
968 714
970 715
971 716
972 717
974 718
977 719
978 720
979 721
980 722
981 723
982 724
983 725
984 726
985 727
986 728
987 729
989 730
990 731
991 732
992 733
994 734
995 735
997 736
999 737
1000 738
1001 739
1002 740
1003 741
1004 742
1006 743
1008 744
1010 745
1011 746
1012 747
1013 748
1015 749
1016 750
1018 751
1019 752
1020 753
1023 754
1025 755
1026 756
1027 757
1028 758
1029 759
1030 760
1031 761
1032 762
1033 763
1038 764
1039 765
1040 766
1041 767
1043 768
1045 769
1046 770
1048 771
1049 772
1050 773
1052 774
1053 775
1054 776
1056 777
1057 778
1058 779
1059 780
1060 781
1061 782
1062 783
1064 784
1065 785
1066 786
1067 787
1068 788
1069 789
1071 790
1072 791
1073 792
1074 793
1077 794
1081 795
1082 796
1083 797
1084 798
1085 799
1086 800
1087 801
1088 802
1090 803
1091 804
1093 805
1094 806
1095 807
1098 808
1100 809
1101 810
1102 811
1104 812
1105 813
1109 814
1111 815
1112 816
1115 817
1117 818
1118 819
1119 820
1120 821
1121 822
1122 823
1123 824
1124 825
1126 826
1128 827
1129 828
1130 829
1131 830
1132 831
1133 832
1134 833
1135 834
1136 835
1137 836
1138 837
1139 838
1140 839
1142 840
1143 841
1145 842
1146 843
1147 844
1148 845
1149 846
1150 847
1152 848
1153 849
1155 850
1156 851
1158 852
1159 853
1160 854
1161 855
1162 856
1164 857
1165 858
1166 859
1167 860
1168 861
1172 862
1173 863
1174 864
1175 865
1177 866
1178 867
1180 868
1181 869
1182 870
1183 871
1185 872
1187 873
1188 874
1189 875
1191 876
1192 877
1196 878
1197 879
1198 880
1199 881
1200 882
1201 883
1202 884
1204 885
1205 886
1206 887
1207 888
1209 889
1211 890
1213 891
1214 892
1216 893
1217 894
1219 895
1220 896
1221 897
1222 898
1223 899
1224 900
1226 901
1227 902
1228 903
1229 904
1231 905
1232 906
1233 907
1236 908
1240 909
1241 910
1242 911
1243 912
1244 913
1245 914
1246 915
1247 916
1249 917
1250 918
1252 919
1253 920
1254 921
1255 922
1256 923
1257 924
1259 925
1262 926
1263 927
1264 928
1265 929
1266 930
1267 931
1269 932
1270 933
1271 934
1273 935
1274 936
1275 937
1277 938
1278 939
1279 940
1281 941
1282 942
1283 943
1285 944
1286 945
1287 946
1288 947
1289 948
1290 949
1291 950
1292 951
1293 952
1294 953
1295 954
1296 955
1297 956
1301 957
1302 958
1303 959
1304 960
1305 961
1306 962
1307 963
1308 964
1311 965
1316 966
1317 967
1318 968
1319 969
1320 970
1321 971
1322 972
1323 973
1324 974
1326 975
1327 976
1329 977
1330 978
1333 979
1334 980
1336 981
1338 982
1340 983
1341 984
1342 985
1343 986
1344 987
1345 988
1346 989
1347 990
1348 991
1349 992
1350 993
1351 994
1352 995
1353 996
1354 997
1355 998
1356 999
1357 1000
1359 1001
1362 1002
1366 1003
1367 1004
1369 1005
1371 1006
1373 1007
1374 1008
1375 1009
1376 1010
1377 1011
1379 1012
1381 1013
1382 1014
1384 1015
1385 1016
1387 1017
1390 1018
1391 1019
1392 1020
1393 1021
1394 1022
1395 1023
1396 1024
1397 1025
1398 1026
1399 1027
1400 1028
1401 1029
1402 1030
1406 1031
1407 1032
1408 1033
1409 1034
1410 1035
1412 1036
1413 1037
1414 1038
1415 1039
1417 1040
1418 1041
1419 1042
1421 1043
1423 1044
1424 1045
1425 1046
1426 1047
1427 1048
1429 1049
1431 1050
1432 1051
1434 1052
1436 1053
1437 1054
1440 1055
1441 1056
1442 1057
1443 1058
1444 1059
1445 1060
1447 1061
1448 1062
1450 1063
1451 1064
1452 1065
1454 1066
1455 1067
1458 1068
1459 1069
1460 1070
1461 1071
1462 1072
1463 1073
1464 1074
1465 1075
1466 1076
1467 1077
1469 1078
1471 1079
1474 1080
1475 1081
1476 1082
1477 1083
1478 1084
1480 1085
1481 1086
1482 1087
1483 1088
1484 1089
1486 1090
1487 1091
1489 1092
1490 1093
1491 1094
1492 1095
1493 1096
1494 1097
1495 1098
1497 1099
1498 1100
1499 1101
1500 1102
1502 1103
1504 1104
1507 1105
1508 1106
1510 1107
1511 1108
1514 1109
1516 1110
1518 1111
1519 1112
1521 1113
1522 1114
1524 1115
1525 1116
1526 1117
1527 1118
1528 1119
1529 1120
1531 1121
1534 1122
1535 1123
1536 1124
1538 1125
1539 1126
1540 1127
1542 1128
1543 1129
1544 1130
1545 1131
1546 1132
1547 1133
1548 1134
1550 1135
1551 1136
1552 1137
1553 1138
1554 1139
1555 1140
1556 1141
1557 1142
1558 1143
1560 1144
1563 1145
1564 1146
1565 1147
1567 1148
1568 1149
1570 1150
1572 1151
1573 1152
1575 1153
1576 1154
1577 1155
1578 1156
1579 1157
1580 1158
1581 1159
1583 1160
1585 1161
1586 1162
1587 1163
1589 1164
1590 1165
1591 1166
1592 1167
1593 1168
1594 1169
1595 1170
1596 1171
1599 1172
1600 1173
1602 1174
1603 1175
1605 1176
1606 1177
1607 1178
1608 1179
1609 1180
1610 1181
1611 1182
1612 1183
1613 1184
1614 1185
1615 1186
1617 1187
1618 1188
1619 1189
1620 1190
1623 1191
1624 1192
1625 1193
1626 1194
1627 1195
1628 1196
1629 1197
1630 1198
1631 1199
1632 1200
1633 1201
1634 1202
1635 1203
1636 1204
1637 1205
1638 1206
1639 1207
1641 1208
1642 1209
1643 1210
1644 1211
1648 1212
1649 1213
1650 1214
1653 1215
1654 1216
1655 1217
1656 1218
1658 1219
1660 1220
1662 1221
1664 1222
1665 1223
1666 1224
1667 1225
1669 1226
1671 1227
1673 1228
1674 1229
1675 1230
1676 1231
1677 1232
1678 1233
1681 1234
1682 1235
1683 1236
1685 1237
1686 1238
1688 1239
1689 1240
1690 1241
1691 1242
1692 1243
1695 1244
1698 1245
1699 1246
1700 1247
1701 1248
1702 1249
1704 1250
1705 1251
1706 1252
1707 1253
1709 1254
1711 1255
1713 1256
1714 1257
1715 1258
1716 1259
1717 1260
1718 1261
1719 1262
1720 1263
1721 1264
1723 1265
1724 1266
1726 1267
1731 1268
1732 1269
1733 1270
1734 1271
1735 1272
1736 1273
1738 1274
1740 1275
1741 1276
1742 1277
1745 1278
1746 1279
1747 1280
1749 1281
1750 1282
1751 1283
1752 1284
1753 1285
1754 1286
1758 1287
1759 1288
1760 1289
1761 1290
1762 1291
1764 1292
1766 1293
1768 1294
1769 1295
1772 1296
1773 1297
1774 1298
1775 1299
1777 1300
1779 1301
1780 1302
1781 1303
1782 1304
1783 1305
1784 1306
1785 1307
1788 1308
1789 1309
1790 1310
1793 1311
1794 1312
1796 1313
1797 1314
1798 1315
1799 1316
1801 1317
1802 1318
1805 1319
1806 1320
1807 1321
1808 1322
1809 1323
1813 1324
1816 1325
1817 1326
1819 1327
1820 1328
1821 1329
1824 1330
1826 1331
1827 1332
1829 1333
1830 1334
1831 1335
1832 1336
1833 1337
1834 1338
1835 1339
1836 1340
1837 1341
1838 1342
1840 1343
1842 1344
1845 1345
1846 1346
1847 1347
1848 1348
1851 1349
1852 1350
1853 1351
1854 1352
1856 1353
1858 1354
1859 1355
1860 1356
1861 1357
1864 1358
1865 1359
1866 1360
1867 1361
1870 1362
1872 1363
1873 1364
1875 1365
1876 1366
1877 1367
1879 1368
1880 1369
1881 1370
1883 1371
1884 1372
1885 1373
1886 1374
1887 1375
1889 1376
1890 1377
1892 1378
1893 1379
1894 1380
1895 1381
1896 1382
1898 1383
1900 1384
1901 1385
1902 1386
1903 1387
1904 1388
1905 1389
1906 1390
1908 1391
1909 1392
1912 1393
1913 1394
1914 1395
1915 1396
1916 1397
1918 1398
1919 1399
1920 1400
1921 1401
1922 1402
1923 1403
1924 1404
1925 1405
1926 1406
1928 1407
1929 1408
1931 1409
1934 1410
1935 1411
1936 1412
1937 1413
1938 1414
1939 1415
1941 1416
1942 1417
1943 1418
1944 1419
1949 1420
1950 1421
1952 1422
1953 1423
1954 1424
1955 1425
1956 1426
1958 1427
1962 1428
1963 1429
1964 1430
1965 1431
1967 1432
1968 1433
1969 1434
1970 1435
1971 1436
1973 1437
1974 1438
1975 1439
1976 1440
1977 1441
1978 1442
1979 1443
1980 1444
1981 1445
1982 1446
1984 1447
1985 1448
1986 1449
1987 1450
1988 1451
1989 1452
1990 1453
1991 1454
1996 1455
1997 1456
1998 1457
1999 1458
2000 1459
2001 1460
2002 1461
2003 1462
2005 1463
2006 1464
2011 1465
2012 1466
2013 1467
2014 1468
2015 1469
2016 1470
2018 1471
2019 1472
2022 1473
2023 1474
2024 1475
2025 1476
2029 1477
2030 1478
2031 1479
2032 1480
2034 1481
2035 1482
2036 1483
2037 1484
2039 1485
2040 1486
2042 1487
2043 1488
2044 1489
2045 1490
2046 1491
2048 1492
2049 1493
2050 1494
2051 1495
2052 1496
2053 1497
2054 1498
2056 1499
2059 1500
2060 1501
2062 1502
2063 1503
2064 1504
2065 1505
2066 1506
2067 1507
2068 1508
2069 1509
2071 1510
2072 1511
2074 1512
2075 1513
2078 1514
2079 1515
2080 1516
2081 1517
2082 1518
2083 1519
2084 1520
2085 1521
2086 1522
2087 1523
2088 1524
2089 1525
2090 1526
2092 1527
2093 1528
2094 1529
2095 1530
2097 1531
2098 1532
2100 1533
2104 1534
2105 1535
2106 1536
2108 1537
2110 1538
2111 1539
2112 1540
2114 1541
2115 1542
2118 1543
2120 1544
2121 1545
2122 1546
2123 1547
2124 1548
2125 1549
2127 1550
2128 1551
2131 1552
2132 1553
2133 1554
2134 1555
2135 1556
2137 1557
2138 1558
2140 1559
2141 1560
2142 1561
2143 1562
2144 1563
2146 1564
2147 1565
2148 1566
2149 1567
2150 1568
2151 1569
2152 1570
2155 1571
2156 1572
2157 1573
2158 1574
2159 1575
2160 1576
2161 1577
2164 1578
2165 1579
2166 1580
2167 1581
2168 1582
2170 1583
2171 1584
2172 1585
2173 1586
2174 1587
2175 1588
2176 1589
2178 1590
2179 1591
2180 1592
2181 1593
2182 1594
2185 1595
2186 1596
2188 1597
2190 1598
2191 1599
2192 1600
2194 1601
2196 1602
2200 1603
2202 1604
2204 1605
2205 1606
2206 1607
2207 1608
2209 1609
2211 1610
2212 1611
2214 1612
2215 1613
2216 1614
2217 1615
2218 1616
2221 1617
2223 1618
2224 1619
2225 1620
2226 1621
2227 1622
2228 1623
2230 1624
2231 1625
2232 1626
2234 1627
2235 1628
2236 1629
2239 1630
2240 1631
2243 1632
2245 1633
2246 1634
2247 1635
2249 1636
2250 1637
2251 1638
2252 1639
2255 1640
2256 1641
2258 1642
2260 1643
2261 1644
2262 1645
2263 1646
2265 1647
2267 1648
2269 1649
2272 1650
2273 1651
2274 1652
2275 1653
2276 1654
2277 1655
2279 1656
2280 1657
2281 1658
2284 1659
2285 1660
2287 1661
2289 1662
2290 1663
2291 1664
2292 1665
2294 1666
2296 1667
2297 1668
2298 1669
2300 1670
2301 1671
2302 1672
2303 1673
2304 1674
2306 1675
2307 1676
2308 1677
2310 1678
2311 1679
2312 1680
2313 1681
2314 1682
2315 1683
2316 1684
2317 1685
2319 1686
2320 1687
2321 1688
2322 1689
2325 1690
2326 1691
2327 1692
2328 1693
2329 1694
2330 1695
2331 1696
2332 1697
2333 1698
2335 1699
2338 1700
2339 1701
2340 1702
2341 1703
2342 1704
2343 1705
2344 1706
2345 1707
2346 1708
2347 1709
2349 1710
2350 1711
2352 1712
2353 1713
2354 1714
2356 1715
2357 1716
2358 1717
2359 1718
2360 1719
2361 1720
2362 1721
2367 1722
2368 1723
2369 1724
2371 1725
2372 1726
2373 1727
2374 1728
2377 1729
2379 1730
2380 1731
2381 1732
2382 1733
2384 1734
2387 1735
2388 1736
2389 1737
2391 1738
2392 1739
2393 1740
2395 1741
2397 1742
2398 1743
2399 1744
2400 1745
2401 1746
2402 1747
2408 1748
2409 1749
2410 1750
2411 1751
2413 1752
2414 1753
2415 1754
2417 1755
2418 1756
2419 1757
2420 1758
2421 1759
2422 1760
2423 1761
2424 1762
2425 1763
2426 1764
2427 1765
2429 1766
2430 1767
2432 1768
2434 1769
2435 1770
2436 1771
2438 1772
2440 1773
2441 1774
2443 1775
2444 1776
2446 1777
2447 1778
2448 1779
2449 1780
2451 1781
2452 1782
2453 1783
2454 1784
2455 1785
2457 1786
2458 1787
2460 1788
2462 1789
2463 1790
2464 1791
2465 1792
2467 1793
2469 1794
2470 1795
2471 1796
2472 1797
2473 1798
2474 1799
2475 1800
2476 1801
2477 1802
2478 1803
2479 1804
2480 1805
2481 1806
2482 1807
2483 1808
2484 1809
2485 1810
2486 1811
2487 1812
2488 1813
2489 1814
2490 1815
2492 1816
2494 1817
2495 1818
2496 1819
2497 1820
2498 1821
2500 1822
2501 1823
2502 1824
2503 1825
2504 1826
2505 1827
2506 1828
2508 1829
2509 1830
2511 1831
2512 1832
2513 1833
2514 1834
2515 1835
2517 1836
2518 1837
2520 1838
2521 1839
2522 1840
2524 1841
2525 1842
2527 1843
2528 1844
2529 1845
2530 1846
2532 1847
2533 1848
2535 1849
2536 1850
2538 1851
2539 1852
2540 1853
2541 1854
2543 1855
2544 1856
2547 1857
2548 1858
2549 1859
2554 1860
2555 1861
2556 1862
2560 1863
2561 1864
2563 1865
2564 1866
2565 1867
2566 1868
2567 1869
2568 1870
2570 1871
2571 1872
2572 1873
2573 1874
2574 1875
2575 1876
2576 1877
2577 1878
2579 1879
2580 1880
2581 1881
2584 1882
2585 1883
2586 1884
2587 1885
2588 1886
2589 1887
2590 1888
2591 1889
2592 1890
2595 1891
2596 1892
2597 1893
2598 1894
2600 1895
2602 1896
2603 1897
2604 1898
2605 1899
2607 1900
2608 1901
2609 1902
2610 1903
2611 1904
2612 1905
2616 1906
2617 1907
2619 1908
2620 1909
2623 1910
2624 1911
2625 1912
2627 1913
2628 1914
2630 1915
2634 1916
2635 1917
2637 1918
2639 1919
2640 1920
2641 1921
2642 1922
2643 1923
2644 1924
2645 1925
2646 1926
2648 1927
2649 1928
2650 1929
2652 1930
2655 1931
2656 1932
2659 1933
2661 1934
2662 1935
2663 1936
2664 1937
2665 1938
2668 1939
2669 1940
2671 1941
2672 1942
2673 1943
2674 1944
2675 1945
2676 1946
2678 1947
2679 1948
2680 1949
2681 1950
2682 1951
2683 1952
2684 1953
2685 1954
2687 1955
2688 1956
2689 1957
2690 1958
2692 1959
2693 1960
2694 1961
2695 1962
2696 1963
2698 1964
2699 1965
2700 1966
2701 1967
2702 1968
2703 1969
2704 1970
2706 1971
2707 1972
2708 1973
2709 1974
2710 1975
2711 1976
2712 1977
2713 1978
2714 1979
2715 1980
2716 1981
2717 1982
2718 1983
2720 1984
2721 1985
2722 1986
2723 1987
2725 1988
2728 1989
2730 1990
2731 1991
2734 1992
2735 1993
2736 1994
2738 1995
2739 1996
2740 1997
2741 1998
2742 1999
2743 2000
2745 2001
2746 2002
2747 2003
2748 2004
2749 2005
2750 2006
2752 2007
2753 2008
2754 2009
2755 2010
2757 2011
2758 2012
2759 2013
2760 2014
2762 2015
2763 2016
2764 2017
2765 2018
2766 2019
2767 2020
2768 2021
2770 2022
2771 2023
2772 2024
2773 2025
2774 2026
2776 2027
2777 2028
2778 2029
2779 2030
2780 2031
2781 2032
2783 2033
2785 2034
2786 2035
2787 2036
2788 2037
2789 2038
2790 2039
2791 2040
2792 2041
2795 2042
2798 2043
2799 2044
2800 2045
2801 2046
2804 2047
2805 2048
2806 2049
2808 2050
2809 2051
2810 2052
2811 2053
2813 2054
2815 2055
2817 2056
2818 2057
2819 2058
2821 2059
2822 2060
2823 2061
2824 2062
2825 2063
2827 2064
2828 2065
2830 2066
2831 2067
2833 2068
2834 2069
2835 2070
2836 2071
2837 2072
2838 2073
2839 2074
2842 2075
2843 2076
2844 2077
2845 2078
2846 2079
2847 2080
2848 2081
2849 2082
2851 2083
2852 2084
2854 2085
2855 2086
2856 2087
2858 2088
2859 2089
2860 2090
2861 2091
2862 2092
2863 2093
2864 2094
2865 2095
2867 2096
2869 2097
2871 2098
2872 2099
2873 2100
2874 2101
2876 2102
2878 2103
2879 2104
2881 2105
2882 2106
2883 2107
2886 2108
2887 2109
2888 2110
2889 2111
2890 2112
2891 2113
2892 2114
2895 2115
2896 2116
2897 2117
2900 2118
2901 2119
2902 2120
2903 2121
2904 2122
2905 2123
2906 2124
2908 2125
2909 2126
2910 2127
2911 2128
2912 2129
2913 2130
2914 2131
2915 2132
2917 2133
2918 2134
2919 2135
2920 2136
2922 2137
2923 2138
2925 2139
2927 2140
2928 2141
2930 2142
2931 2143
2932 2144
2933 2145
2935 2146
2937 2147
2939 2148
2940 2149
2942 2150
2943 2151
2945 2152
2946 2153
2947 2154
2948 2155
2950 2156
2951 2157
2953 2158
2955 2159
2956 2160
2957 2161
2958 2162
2959 2163
2960 2164
2961 2165
2963 2166
2965 2167
2966 2168
2967 2169
2970 2170
2972 2171
2973 2172
2975 2173
2977 2174
2979 2175
2981 2176
2982 2177
2983 2178
2984 2179
2986 2180
2987 2181
2988 2182
2991 2183
2992 2184
2993 2185
2996 2186
2997 2187
3000 2188
3001 2189
3002 2190
3004 2191
3005 2192
3008 2193
3009 2194
3010 2195
3011 2196
3012 2197
3014 2198
3015 2199
3016 2200
3017 2201
3019 2202
3021 2203
3022 2204
3024 2205
3025 2206
3028 2207
3029 2208
3030 2209
3031 2210
3033 2211
3035 2212
3036 2213
3037 2214
3038 2215
3039 2216
3041 2217
3042 2218
3043 2219
3046 2220
3047 2221
3048 2222
3049 2223
3050 2224
3051 2225
3052 2226
3053 2227
3055 2228
3056 2229
3058 2230
3059 2231
3062 2232
3063 2233
3065 2234
3066 2235
3069 2236
3070 2237
3071 2238
3072 2239
3073 2240
3074 2241
3075 2242
3076 2243
3077 2244
3079 2245
3080 2246
3081 2247
3082 2248
3083 2249
3085 2250
3086 2251
3087 2252
3088 2253
3089 2254
3091 2255
3092 2256
3094 2257
3095 2258
3096 2259
3097 2260
3100 2261
3104 2262
3106 2263
3107 2264
3108 2265
3109 2266
3110 2267
3111 2268
3112 2269
3113 2270
3114 2271
3115 2272
3121 2273
3123 2274
3125 2275
3126 2276
3127 2277
3128 2278
3129 2279
3130 2280
3132 2281
3134 2282
3136 2283
3137 2284
3138 2285
3139 2286
3140 2287
3142 2288
3143 2289
3144 2290
3147 2291
3148 2292
3149 2293
3151 2294
3152 2295
3153 2296
3154 2297
3155 2298
3156 2299
3157 2300
3158 2301
3159 2302
3160 2303
3162 2304
3164 2305
3165 2306
3167 2307
3168 2308
3170 2309
3171 2310
3175 2311
3176 2312
3177 2313
3178 2314
3179 2315
3180 2316
3182 2317
3183 2318
3184 2319
3186 2320
3188 2321
3189 2322
3190 2323
3192 2324
3193 2325
3194 2326
3195 2327
3196 2328
3197 2329
3198 2330
3199 2331
3200 2332
3202 2333
3203 2334
3205 2335
3207 2336
3208 2337
3211 2338
3213 2339
3214 2340
3215 2341
3218 2342
3219 2343
3222 2344
3223 2345
3224 2346
3225 2347
3227 2348
3228 2349
3229 2350
3230 2351
3231 2352
3232 2353
3233 2354
3234 2355
3235 2356
3236 2357
3237 2358
3238 2359
3240 2360
3241 2361
3243 2362
3244 2363
3245 2364
3246 2365
3247 2366
3250 2367
3252 2368
3254 2369
3257 2370
3258 2371
3259 2372
3261 2373
3262 2374
3263 2375
3264 2376
3269 2377
3270 2378
3271 2379
3272 2380
3273 2381
3274 2382
3275 2383
3276 2384
3278 2385
3280 2386
3281 2387
3283 2388
3285 2389
3287 2390
3288 2391
3289 2392
3290 2393
3291 2394
3292 2395
3293 2396
3296 2397
3297 2398
3298 2399
3300 2400
3301 2401
3303 2402
3305 2403
3306 2404
3307 2405
3308 2406
3309 2407
3312 2408
3313 2409
3314 2410
3315 2411
3316 2412
3318 2413
3321 2414
3322 2415
3323 2416
3324 2417
3325 2418
3327 2419
3328 2420
3329 2421
3330 2422
3332 2423
3333 2424
3334 2425
3335 2426
3337 2427
3339 2428
3340 2429
3341 2430
3342 2431
3343 2432
3344 2433
3345 2434
3349 2435
3350 2436
3352 2437
3353 2438
3354 2439
3355 2440
3356 2441
3357 2442
3359 2443
3360 2444
3361 2445
3362 2446
3364 2447
3365 2448
3366 2449
3367 2450
3369 2451
3370 2452
3371 2453
3373 2454
3375 2455
3376 2456
3377 2457
3379 2458
3380 2459
3381 2460
3384 2461
3385 2462
3386 2463
3387 2464
3388 2465
3389 2466
3392 2467
3395 2468
3397 2469
3398 2470
3399 2471
3400 2472
3401 2473
3402 2474
3403 2475
3405 2476
3406 2477
3408 2478
3409 2479
3410 2480
3411 2481
3413 2482
3416 2483
3417 2484
3418 2485
3420 2486
3421 2487
3422 2488
3423 2489
3424 2490
3425 2491
3427 2492
3430 2493
3431 2494
3433 2495
3434 2496
3435 2497
3437 2498
3438 2499
3439 2500
3441 2501
3443 2502
3445 2503
3446 2504
3447 2505
3448 2506
3449 2507
3452 2508
3453 2509
3456 2510
3457 2511
3458 2512
3459 2513
3460 2514
3461 2515
3462 2516
3464 2517
3466 2518
3467 2519
3468 2520
3470 2521
3472 2522
3474 2523
3475 2524
3477 2525
3478 2526
3479 2527
3481 2528
3482 2529
3483 2530
3487 2531
3488 2532
3489 2533
3491 2534
3492 2535
3493 2536
3494 2537
3495 2538
3500 2539
3501 2540
3502 2541
3503 2542
3504 2543
3505 2544
3507 2545
3509 2546
3510 2547
3511 2548
3512 2549
3514 2550
3516 2551
3517 2552
3518 2553
3519 2554
3521 2555
3522 2556
3523 2557
3524 2558
3526 2559
3528 2560
3531 2561
3532 2562
3534 2563
3535 2564
3540 2565
3543 2566
3545 2567
3546 2568
3547 2569
3549 2570
3553 2571
3554 2572
3556 2573
3557 2574
3558 2575
3559 2576
3560 2577
3562 2578
3564 2579
3565 2580
3566 2581
3567 2582
3568 2583
3569 2584
3570 2585
3576 2586
3577 2587
3579 2588
3580 2589
3582 2590
3583 2591
3584 2592
3586 2593
3587 2594
3588 2595
3593 2596
3594 2597
3595 2598
3596 2599
3597 2600
3599 2601
3600 2602
3601 2603
3602 2604
3603 2605
3604 2606
3606 2607
3609 2608
3610 2609
3611 2610
3612 2611
3613 2612
3614 2613
3615 2614
3616 2615
3617 2616
3618 2617
3620 2618
3621 2619
3622 2620
3624 2621
3625 2622
3626 2623
3628 2624
3629 2625
3630 2626
3631 2627
3634 2628
3635 2629
3636 2630
3637 2631
3638 2632
3639 2633
3641 2634
3643 2635
3644 2636
3645 2637
3646 2638
3647 2639
3648 2640
3649 2641
3650 2642
3655 2643
3657 2644
3658 2645
3659 2646
3660 2647
3661 2648
3662 2649
3665 2650
3666 2651
3667 2652
3668 2653
3670 2654
3671 2655
3672 2656
3673 2657
3675 2658
3677 2659
3678 2660
3680 2661
3681 2662
3682 2663
3684 2664
3685 2665
3687 2666
3688 2667
3689 2668
3690 2669
3692 2670
3693 2671
3694 2672
3695 2673
3697 2674
3698 2675
3699 2676
3700 2677
3701 2678
3702 2679
3703 2680
3704 2681
3705 2682
3706 2683
3707 2684
3709 2685
3710 2686
3713 2687
3714 2688
3716 2689
3717 2690
3718 2691
3721 2692
3723 2693
3727 2694
3728 2695
3729 2696
3730 2697
3731 2698
3732 2699
3733 2700
3734 2701
3735 2702
3736 2703
3737 2704
3738 2705
3739 2706
3740 2707
3741 2708
3742 2709
3743 2710
3744 2711
3745 2712
3747 2713
3748 2714
3751 2715
3752 2716
3753 2717
3754 2718
3755 2719
3756 2720
3757 2721
3760 2722
3761 2723
3763 2724
3767 2725
3769 2726
3772 2727
3773 2728
3774 2729
3775 2730
3777 2731
3778 2732
3779 2733
3780 2734
3782 2735
3783 2736
3784 2737
3785 2738
3786 2739
3787 2740
3789 2741
3790 2742
3791 2743
3792 2744
3793 2745
3794 2746
3795 2747
3796 2748
3797 2749
3798 2750
3799 2751
3800 2752
3802 2753
3804 2754
3805 2755
3806 2756
3807 2757
3808 2758
3809 2759
3810 2760
3812 2761
3813 2762
3814 2763
3815 2764
3816 2765
3817 2766
3818 2767
3821 2768
3822 2769
3823 2770
3825 2771
3827 2772
3828 2773
3829 2774
3831 2775
3832 2776
3833 2777
3834 2778
3835 2779
3836 2780
3837 2781
3838 2782
3839 2783
3840 2784
3841 2785
3842 2786
3844 2787
3845 2788
3847 2789
3849 2790
3850 2791
3853 2792
3854 2793
3857 2794
3858 2795
3859 2796
3861 2797
3862 2798
3863 2799
3865 2800
3866 2801
3867 2802
3868 2803
3869 2804
3870 2805
3871 2806
3872 2807
3874 2808
3877 2809
3878 2810
3881 2811
3882 2812
3883 2813
3884 2814
3888 2815
3889 2816
3891 2817
3893 2818
3895 2819
3896 2820
3897 2821
3898 2822
3900 2823
3902 2824
3904 2825
3905 2826
3906 2827
3907 2828
3909 2829
3910 2830
3911 2831
3912 2832
3914 2833
3915 2834
3916 2835
3917 2836
3918 2837
3920 2838
3921 2839
3922 2840
3923 2841
3924 2842
3925 2843
3928 2844
3929 2845
3930 2846
3931 2847
3932 2848
3934 2849
3935 2850
3936 2851
3938 2852
3940 2853
3941 2854
3942 2855
3944 2856
3945 2857
3946 2858
3948 2859
3950 2860
3951 2861
3952 2862
3953 2863
3954 2864
3956 2865
3957 2866
3958 2867
3959 2868
3960 2869
3961 2870
3963 2871
3964 2872
3965 2873
3967 2874
3968 2875
3969 2876
3970 2877
3971 2878
3972 2879
3974 2880
3976 2881
3977 2882
3978 2883
3980 2884
3981 2885
3983 2886
3984 2887
3985 2888
3987 2889
3988 2890
3990 2891
3991 2892
3992 2893
3993 2894
3994 2895
3995 2896
3998 2897
4000 2898
4001 2899
4002 2900
4004 2901
4005 2902
4008 2903
4009 2904
4011 2905
4012 2906
4013 2907
4014 2908
4015 2909
4016 2910
4017 2911
4018 2912
4019 2913
4020 2914
4021 2915
4022 2916
4023 2917
4026 2918
4027 2919
4028 2920
4029 2921
4030 2922
4032 2923
4033 2924
4034 2925
4035 2926
4036 2927
4038 2928
4040 2929
4041 2930
4042 2931
4043 2932
4045 2933
4046 2934
4047 2935
4048 2936
4050 2937
4051 2938
4052 2939
4055 2940
4056 2941
4057 2942
4060 2943
4061 2944
4062 2945
4063 2946
4064 2947
4065 2948
4066 2949
4067 2950
4068 2951
4069 2952
4070 2953
4071 2954
4073 2955
4074 2956
4075 2957
4076 2958
4077 2959
4079 2960
4080 2961
4081 2962
4083 2963
4085 2964
4086 2965
4088 2966
4089 2967
4091 2968
4093 2969
4095 2970
4097 2971
4098 2972
4099 2973
4100 2974
4102 2975
4103 2976
4104 2977
4105 2978
4106 2979
4107 2980
4109 2981
4110 2982
4112 2983
4113 2984
4114 2985
4115 2986
4117 2987
4118 2988
4119 2989
4120 2990
4121 2991
4122 2992
4123 2993
4125 2994
4126 2995
4128 2996
4129 2997
4130 2998
4131 2999
4132 3000
4134 3001
4136 3002
4137 3003
4138 3004
4140 3005
4142 3006
4143 3007
4144 3008
4145 3009
4146 3010
4148 3011
4149 3012
4153 3013
4154 3014
4155 3015
4156 3016
4157 3017
4159 3018
4160 3019
4162 3020
4163 3021
4164 3022
4165 3023
4166 3024
4167 3025
4170 3026
4171 3027
4172 3028
4174 3029
4175 3030
4180 3031
4181 3032
4183 3033
4184 3034
4185 3035
4186 3036
4189 3037
4192 3038
4193 3039
4195 3040
4198 3041
4199 3042
4200 3043
4201 3044
4202 3045
4204 3046
4205 3047
4206 3048
4207 3049
4208 3050
4210 3051
4211 3052
4212 3053
4215 3054
4217 3055
4223 3056
4224 3057
4226 3058
4227 3059
4228 3060
4229 3061
4230 3062
4233 3063
4234 3064
4235 3065
4236 3066
4238 3067
4239 3068
4240 3069
4241 3070
4242 3071
4244 3072
4246 3073
4247 3074
4248 3075
4249 3076
4250 3077
4251 3078
4252 3079
4253 3080
4254 3081
4255 3082
4256 3083
4257 3084
4259 3085
4260 3086
4261 3087
4263 3088
4264 3089
4267 3090
4268 3091
4269 3092
4271 3093
4272 3094
4273 3095
4274 3096
4276 3097
4277 3098
4279 3099
4280 3100
4281 3101
4282 3102
4283 3103
4285 3104
4286 3105
4288 3106
4289 3107
4290 3108
4292 3109
4293 3110
4294 3111
4295 3112
4296 3113
4297 3114
4298 3115
4299 3116
4300 3117
4301 3118
4303 3119
4304 3120
4305 3121
4306 3122
4307 3123
4308 3124
4309 3125
4310 3126
4311 3127
4312 3128
4313 3129
4314 3130
4315 3131
4316 3132
4318 3133
4319 3134
4321 3135
4322 3136
4323 3137
4324 3138
4325 3139
4328 3140
4329 3141
4330 3142
4332 3143
4333 3144
4334 3145
4335 3146
4336 3147
4338 3148
4339 3149
4340 3150
4341 3151
4343 3152
4344 3153
4345 3154
4349 3155
4352 3156
4353 3157
4354 3158
4357 3159
4359 3160
4360 3161
4361 3162
4362 3163
4366 3164
4368 3165
4369 3166
4372 3167
4373 3168
4375 3169
4377 3170
4378 3171
4380 3172
4381 3173
4382 3174
4383 3175
4385 3176
4386 3177
4387 3178
4388 3179
4390 3180
4391 3181
4392 3182
4394 3183
4395 3184
4398 3185
4399 3186
4400 3187
4402 3188
4403 3189
4405 3190
4407 3191
4408 3192
4410 3193
4411 3194
4414 3195
4416 3196
4417 3197
4418 3198
4419 3199
4421 3200
4422 3201
4428 3202
4429 3203
4431 3204
4432 3205
4433 3206
4434 3207
4435 3208
4437 3209
4438 3210
4440 3211
4441 3212
4442 3213
4443 3214
4447 3215
4448 3216
4450 3217
4451 3218
4452 3219
4453 3220
4454 3221
4455 3222
4456 3223
4457 3224
4458 3225
4459 3226
4461 3227
4462 3228
4463 3229
4464 3230
4467 3231
4468 3232
4469 3233
4470 3234
4472 3235
4473 3236
4474 3237
4475 3238
4476 3239
4477 3240
4479 3241
4480 3242
4481 3243
4482 3244
4483 3245
4484 3246
4485 3247
4486 3248
4490 3249
4491 3250
4493 3251
4494 3252
4498 3253
4502 3254
4504 3255
4508 3256
4510 3257
4511 3258
4512 3259
4513 3260
4514 3261
4515 3262
4516 3263
4519 3264
4521 3265
4524 3266
4526 3267
4527 3268
4528 3269
4530 3270
4531 3271
4532 3272
4533 3273
4534 3274
4535 3275
4536 3276
4538 3277
4539 3278
4540 3279
4541 3280
4542 3281
4544 3282
4545 3283
4546 3284
4547 3285
4548 3286
4549 3287
4551 3288
4552 3289
4553 3290
4555 3291
4558 3292
4560 3293
4561 3294
4564 3295
4565 3296
4566 3297
4567 3298
4568 3299
4569 3300
4571 3301
4572 3302
4573 3303
4574 3304
4575 3305
4576 3306
4577 3307
4578 3308
4579 3309
4582 3310
4583 3311
4584 3312
4585 3313
4586 3314
4587 3315
4589 3316
4591 3317
4592 3318
4593 3319
4594 3320
4595 3321
4596 3322
4599 3323
4601 3324
4602 3325
4603 3326
4604 3327
4606 3328
4607 3329
4608 3330
4609 3331
4611 3332
4615 3333
4616 3334
4617 3335
4618 3336
4619 3337
4622 3338
4624 3339
4625 3340
4626 3341
4627 3342
4631 3343
4632 3344
4633 3345
4635 3346
4636 3347
4637 3348
4638 3349
4639 3350
4640 3351
4643 3352
4645 3353
4646 3354
4647 3355
4648 3356
4649 3357
4652 3358
4654 3359
4655 3360
4656 3361
4658 3362
4659 3363
4660 3364
4661 3365
4662 3366
4663 3367
4665 3368
4671 3369
4673 3370
4674 3371
4675 3372
4676 3373
4677 3374
4678 3375
4679 3376
4680 3377
4681 3378
4682 3379
4683 3380
4684 3381
4685 3382
4686 3383
4687 3384
4688 3385
4689 3386
4690 3387
4692 3388
4693 3389
4694 3390
4695 3391
4696 3392
4697 3393
4699 3394
4700 3395
4701 3396
4703 3397
4704 3398
4705 3399
4707 3400
4708 3401
4709 3402
4710 3403
4712 3404
4714 3405
4717 3406
4718 3407
4719 3408
4720 3409
4722 3410
4724 3411
4725 3412
4727 3413
4729 3414
4730 3415
4731 3416
4732 3417
4734 3418
4735 3419
4736 3420
4737 3421
4738 3422
4740 3423
4741 3424
4742 3425
4743 3426
4744 3427
4746 3428
4749 3429
4750 3430
4752 3431
4753 3432
4754 3433
4755 3434
4756 3435
4760 3436
4762 3437
4763 3438
4764 3439
4766 3440
4767 3441
4769 3442
4771 3443
4772 3444
4773 3445
4775 3446
4776 3447
4777 3448
4778 3449
4779 3450
4782 3451
4783 3452
4784 3453
4785 3454
4787 3455
4789 3456
4790 3457
4792 3458
4794 3459
4795 3460
4796 3461
4798 3462
4801 3463
4802 3464
4804 3465
4807 3466
4809 3467
4810 3468
4811 3469
4812 3470
4813 3471
4814 3472
4815 3473
4816 3474
4817 3475
4818 3476
4819 3477
4820 3478
4822 3479
4823 3480
4824 3481
4825 3482
4826 3483
4828 3484
4829 3485
4830 3486
4831 3487
4833 3488
4834 3489
4835 3490
4837 3491
4838 3492
4839 3493
4840 3494
4842 3495
4843 3496
4844 3497
4846 3498
4847 3499
4849 3500
4850 3501
4851 3502
4852 3503
4854 3504
4855 3505
4856 3506
4857 3507
4859 3508
4860 3509
4861 3510
4863 3511
4866 3512
4868 3513
4870 3514
4874 3515
4875 3516
4876 3517
4877 3518
4880 3519
4881 3520
4882 3521
4884 3522
4885 3523
4886 3524
4887 3525
4889 3526
4890 3527
4892 3528
4893 3529
4895 3530
4897 3531
4899 3532
4900 3533
4902 3534
4903 3535
4904 3536
4905 3537
4906 3538
4908 3539
4909 3540
4910 3541
4911 3542
4913 3543
4915 3544
4916 3545
4920 3546
4921 3547
4922 3548
4923 3549
4924 3550
4926 3551
4927 3552
4928 3553
4929 3554
4930 3555
4932 3556
4935 3557
4936 3558
4937 3559
4939 3560
4940 3561
4941 3562
4943 3563
4944 3564
4945 3565
4946 3566
4947 3567
4948 3568
4949 3569
4951 3570
4953 3571
4957 3572
4958 3573
4959 3574
4960 3575
4961 3576
4963 3577
4964 3578
4965 3579
4966 3580
4967 3581
4969 3582
4970 3583
4972 3584
4973 3585
4974 3586
4975 3587
4977 3588
4978 3589
4980 3590
4982 3591
4984 3592
4985 3593
4986 3594
4987 3595
4988 3596
4990 3597
4991 3598
4993 3599
4994 3600
4995 3601
4996 3602
4997 3603
4999 3604
5000 3605
5002 3606
5003 3607
5004 3608
5005 3609
5006 3610
5007 3611
5008 3612
5010 3613
5011 3614
5012 3615
5013 3616
5014 3617
5015 3618
5016 3619
5017 3620
5019 3621
5020 3622
5021 3623
5024 3624
5025 3625
5027 3626
5028 3627
5031 3628
5035 3629
5036 3630
5039 3631
5040 3632
5041 3633
5042 3634
5044 3635
5045 3636
5046 3637
5047 3638
5049 3639
5050 3640
5053 3641
5054 3642
5056 3643
5058 3644
5059 3645
5060 3646
5061 3647
5062 3648
5063 3649
5064 3650
5066 3651
5068 3652
5069 3653
5070 3654
5071 3655
5073 3656
5074 3657
5075 3658
5076 3659
5077 3660
5078 3661
5079 3662
5080 3663
5081 3664
5082 3665
5084 3666
5086 3667
5087 3668
5088 3669
5089 3670
5091 3671
5092 3672
5093 3673
5095 3674
5096 3675
5097 3676
5098 3677
5100 3678
5102 3679
5103 3680
5105 3681
5106 3682
5107 3683
5108 3684
5109 3685
5110 3686
5111 3687
5112 3688
5113 3689
5114 3690
5115 3691
5116 3692
5117 3693
5118 3694
5119 3695
5120 3696
5123 3697
5124 3698
5125 3699
5126 3700
5127 3701
5128 3702
5129 3703
5130 3704
5131 3705
5132 3706
5133 3707
5135 3708
5136 3709
5137 3710
5138 3711
5140 3712
5141 3713
5142 3714
5143 3715
5144 3716
5146 3717
5147 3718
5148 3719
5151 3720
5152 3721
5153 3722
5154 3723
5155 3724
5156 3725
5157 3726
5158 3727
5159 3728
5161 3729
5166 3730
5167 3731
5168 3732
5170 3733
5171 3734
5172 3735
5173 3736
5174 3737
5175 3738
5178 3739
5181 3740
5182 3741
5184 3742
5185 3743
5186 3744
5188 3745
5189 3746
5190 3747
5191 3748
5192 3749
5193 3750
5195 3751
5196 3752
5197 3753
5198 3754
5202 3755
5203 3756
5204 3757
5205 3758
5206 3759
5207 3760
5208 3761
5210 3762
5211 3763
5212 3764
5213 3765
5216 3766
5217 3767
5218 3768
5220 3769
5222 3770
5225 3771
5227 3772
5228 3773
5231 3774
5232 3775
5233 3776
5235 3777
5236 3778
5237 3779
5238 3780
5239 3781
5240 3782
5243 3783
5244 3784
5245 3785
5246 3786
5247 3787
5248 3788
5249 3789
5251 3790
5255 3791
5256 3792
5257 3793
5258 3794
5259 3795
5260 3796
5261 3797
5262 3798
5263 3799
5264 3800
5265 3801
5266 3802
5267 3803
5268 3804
5272 3805
5273 3806
5275 3807
5276 3808
5277 3809
5279 3810
5281 3811
5282 3812
5283 3813
5284 3814
5285 3815
5286 3816
5287 3817
5288 3818
5289 3819
5290 3820
5291 3821
5292 3822
5293 3823
5294 3824
5296 3825
5297 3826
5298 3827
5299 3828
5300 3829
5301 3830
5302 3831
5304 3832
5305 3833
5307 3834
5308 3835
5309 3836
5310 3837
5311 3838
5312 3839
5313 3840
5315 3841
5317 3842
5318 3843
5319 3844
5320 3845
5321 3846
5322 3847
5323 3848
5327 3849
5332 3850
5333 3851
5335 3852
5336 3853
5337 3854
5338 3855
5339 3856
5340 3857
5341 3858
5342 3859
5343 3860
5344 3861
5345 3862
5347 3863
5348 3864
5349 3865
5350 3866
5352 3867
5353 3868
5354 3869
5358 3870
5362 3871
5363 3872
5364 3873
5365 3874
5366 3875
5367 3876
5368 3877
5370 3878
5373 3879
5375 3880
5376 3881
5378 3882
5380 3883
5381 3884
5383 3885
5385 3886
5387 3887
5388 3888
5389 3889
5391 3890
5392 3891
5394 3892
5395 3893
5396 3894
5398 3895
5399 3896
5401 3897
5402 3898
5404 3899
5405 3900
5406 3901
5407 3902
5408 3903
5411 3904
5412 3905
5414 3906
5415 3907
5417 3908
5419 3909
5421 3910
5422 3911
5423 3912
5424 3913
5425 3914
5426 3915
5428 3916
5429 3917
5430 3918
5431 3919
5432 3920
5433 3921
5437 3922
5438 3923
5439 3924
5443 3925
5444 3926
5446 3927
5447 3928
5448 3929
5449 3930
5450 3931
5451 3932
5454 3933
5456 3934
5457 3935
5458 3936
5461 3937
5462 3938
5464 3939
5465 3940
5467 3941
5468 3942
5469 3943
5470 3944
5471 3945
5472 3946
5473 3947
5474 3948
5475 3949
5476 3950
5477 3951
5478 3952
5481 3953
5482 3954
5484 3955
5486 3956
5489 3957
5490 3958
5493 3959
5494 3960
5495 3961
5496 3962
5497 3963
5498 3964
5499 3965
5500 3966
5501 3967
5502 3968
5503 3969
5504 3970
5505 3971
5506 3972
5507 3973
5509 3974
5511 3975
5512 3976
5513 3977
5514 3978
5515 3979
5516 3980
5517 3981
5518 3982
5519 3983
5520 3984
5521 3985
5522 3986
5523 3987
5524 3988
5525 3989
5526 3990
5527 3991
5528 3992
5529 3993
5531 3994
5533 3995
5534 3996
5535 3997
5537 3998
5538 3999
5539 4000
5541 4001
5543 4002
5545 4003
5547 4004
5548 4005
5549 4006
5550 4007
5551 4008
5552 4009
5553 4010
5555 4011
5557 4012
5558 4013
5559 4014
5560 4015
5563 4016
5564 4017
5565 4018
5568 4019
5569 4020
5570 4021
5572 4022
5573 4023
5574 4024
5575 4025
5577 4026
5578 4027
5579 4028
5580 4029
5582 4030
5583 4031
5585 4032
5586 4033
5588 4034
5590 4035
5592 4036
5593 4037
5594 4038
5595 4039
5596 4040
5597 4041
5599 4042
5600 4043
5601 4044
5602 4045
5603 4046
5604 4047
5605 4048
5606 4049
5608 4050
5609 4051
5610 4052
5612 4053
5613 4054
5614 4055
5615 4056
5616 4057
5617 4058
5619 4059
5620 4060
5622 4061
5623 4062
5625 4063
5628 4064
5629 4065
5630 4066
5631 4067
5632 4068
5633 4069
5634 4070
5635 4071
5636 4072
5638 4073
5641 4074
5643 4075
5647 4076
5648 4077
5649 4078
5650 4079
5651 4080
5654 4081
5655 4082
5657 4083
5658 4084
5659 4085
5661 4086
5662 4087
5663 4088
5664 4089
5665 4090
5667 4091
5668 4092
5669 4093
5670 4094
5671 4095
5674 4096
5675 4097
5680 4098
5683 4099
5685 4100
5686 4101
5687 4102
5688 4103
5690 4104
5691 4105
5693 4106
5694 4107
5695 4108
5696 4109
5697 4110
5698 4111
5700 4112
5701 4113
5702 4114
5703 4115
5704 4116
5706 4117
5707 4118
5709 4119
5710 4120
5712 4121
5713 4122
5714 4123
5715 4124
5716 4125
5717 4126
5718 4127
5720 4128
5723 4129
5724 4130
5725 4131
5727 4132
5728 4133
5729 4134
5730 4135
5731 4136
5733 4137
5734 4138
5735 4139
5736 4140
5737 4141
5739 4142
5740 4143
5741 4144
5742 4145
5743 4146
5744 4147
5745 4148
5747 4149
5748 4150
5749 4151
5750 4152
5752 4153
5754 4154
5755 4155
5756 4156
5758 4157
5759 4158
5760 4159
5761 4160
5762 4161
5763 4162
5765 4163
5766 4164
5768 4165
5770 4166
5771 4167
5772 4168
5773 4169
5775 4170
5777 4171
5778 4172
5779 4173
5780 4174
5781 4175
5783 4176
5784 4177
5785 4178
5786 4179
5792 4180
5794 4181
5795 4182
5796 4183
5797 4184
5798 4185
5799 4186
5800 4187
5801 4188
5804 4189
5805 4190
5806 4191
5807 4192
5810 4193
5811 4194
5814 4195
5816 4196
5817 4197
5818 4198
5819 4199
5820 4200
5821 4201
5824 4202
5825 4203
5826 4204
5828 4205
5829 4206
5830 4207
5831 4208
5832 4209
5833 4210
5834 4211
5836 4212
5837 4213
5838 4214
5839 4215
5841 4216
5842 4217
5843 4218
5846 4219
5847 4220
5848 4221
5849 4222
5851 4223
5852 4224
5853 4225
5854 4226
5855 4227
5857 4228
5858 4229
5859 4230
5860 4231
5862 4232
5863 4233
5864 4234
5865 4235
5866 4236
5867 4237
5868 4238
5870 4239
5872 4240
5874 4241
5875 4242
5877 4243
5878 4244
5879 4245
5880 4246
5881 4247
5882 4248
5885 4249
5886 4250
5887 4251
5891 4252
5892 4253
5893 4254
5894 4255
5895 4256
5896 4257
5897 4258
5898 4259
5899 4260
5900 4261
5901 4262
5902 4263
5903 4264
5904 4265
5905 4266
5906 4267
5908 4268
5909 4269
5911 4270
5912 4271
5913 4272
5914 4273
5915 4274
5917 4275
5919 4276
5920 4277
5921 4278
5922 4279
5923 4280
5924 4281
5925 4282
5926 4283
5929 4284
5930 4285
5931 4286
5933 4287
5934 4288
5935 4289
5936 4290
5937 4291
5939 4292
5940 4293
5942 4294
5943 4295
5945 4296
5946 4297
5947 4298
5948 4299
5949 4300
5950 4301
5953 4302
5955 4303
5956 4304
5957 4305
5958 4306
5961 4307
5962 4308
5963 4309
5964 4310
5965 4311
5967 4312
5969 4313
5971 4314
5972 4315
5973 4316
5974 4317
5976 4318
5978 4319
5979 4320
5981 4321
5984 4322
5985 4323
5987 4324
5988 4325
5989 4326
5990 4327
5991 4328
5992 4329
5994 4330
5995 4331
5997 4332
5998 4333
5999 4334
6000 4335
6001 4336
6002 4337
6003 4338
6004 4339
6005 4340
6006 4341
6007 4342
6008 4343
6009 4344
6010 4345
6011 4346
6012 4347
6013 4348
6015 4349
6016 4350
6017 4351
6018 4352
6019 4353
6020 4354
6021 4355
6022 4356
6024 4357
6025 4358
6026 4359
6027 4360
6028 4361
6029 4362
6030 4363
6031 4364
6032 4365
6033 4366
6034 4367
6035 4368
6039 4369
6040 4370
6041 4371
6042 4372
6044 4373
6045 4374
6046 4375
6047 4376
6048 4377
6049 4378
6051 4379
6052 4380
6053 4381
6055 4382
6056 4383
6057 4384
6058 4385
6059 4386
6060 4387
6061 4388
6062 4389
6064 4390
6066 4391
6067 4392
6069 4393
6070 4394
6072 4395
6073 4396
6074 4397
6076 4398
6077 4399
6080 4400
6081 4401
6083 4402
6084 4403
6085 4404
6086 4405
6087 4406
6088 4407
6090 4408
6092 4409
6093 4410
6095 4411
6096 4412
6097 4413
6098 4414
6099 4415
6101 4416
6102 4417
6103 4418
6104 4419
6107 4420
6108 4421
6109 4422
6110 4423
6111 4424
6112 4425
6114 4426
6115 4427
6117 4428
6119 4429
6120 4430
6121 4431
6124 4432
6125 4433
6126 4434
6127 4435
6128 4436
6129 4437
6131 4438
6132 4439
6133 4440
6134 4441
6137 4442
6138 4443
6139 4444
6140 4445
6141 4446
6142 4447
6147 4448
6148 4449
6149 4450
6150 4451
6151 4452
6153 4453
6154 4454
6155 4455
6156 4456
6158 4457
6160 4458
6161 4459
6163 4460
6164 4461
6165 4462
6166 4463
6169 4464
6170 4465
6172 4466
6173 4467
6176 4468
6177 4469
6180 4470
6181 4471
6184 4472
6185 4473
6186 4474
6187 4475
6189 4476
6190 4477
6192 4478
6193 4479
6194 4480
6195 4481
6196 4482
6197 4483
6198 4484
6199 4485
6200 4486
6201 4487
6202 4488
6203 4489
6205 4490
6207 4491
6208 4492
6209 4493
6210 4494
6211 4495
6213 4496
6214 4497
6215 4498
6216 4499
6218 4500
6219 4501
6220 4502
6221 4503
6222 4504
6224 4505
6225 4506
6226 4507
6227 4508
6228 4509
6230 4510
6231 4511
6232 4512
6233 4513
6235 4514
6236 4515
6237 4516
6238 4517
6240 4518
6241 4519
6243 4520
6244 4521
6245 4522
6246 4523
6247 4524
6248 4525
6250 4526
6252 4527
6253 4528
6254 4529
6255 4530
6256 4531
6258 4532
6259 4533
6260 4534
6261 4535
6263 4536
6265 4537
6267 4538
6268 4539
6269 4540
6272 4541
6273 4542
6274 4543
6275 4544
6276 4545
6277 4546
6278 4547
6279 4548
6280 4549
6281 4550
6282 4551
6284 4552
6285 4553
6286 4554
6288 4555
6290 4556
6291 4557
6292 4558
6293 4559
6294 4560
6295 4561
6297 4562
6298 4563
6300 4564
6301 4565
6303 4566
6304 4567
6305 4568
6306 4569
6310 4570
6311 4571
6312 4572
6313 4573
6314 4574
6316 4575
6317 4576
6318 4577
6319 4578
6320 4579
6321 4580
6322 4581
6323 4582
6324 4583
6328 4584
6329 4585
6330 4586
6331 4587
6332 4588
6334 4589
6335 4590
6336 4591
6337 4592
6338 4593
6339 4594
6341 4595
6342 4596
6344 4597
6345 4598
6346 4599
6347 4600
6349 4601
6350 4602
6351 4603
6352 4604
6353 4605
6354 4606
6355 4607
6356 4608
6357 4609
6358 4610
6360 4611
6361 4612
6362 4613
6365 4614
6366 4615
6367 4616
6368 4617
6369 4618
6370 4619
6373 4620
6375 4621
6376 4622
6377 4623
6378 4624
6379 4625
6382 4626
6383 4627
6384 4628
6386 4629
6388 4630
6389 4631
6390 4632
6391 4633
6392 4634
6393 4635
6394 4636
6395 4637
6397 4638
6398 4639
6400 4640
6402 4641
6404 4642
6405 4643
6407 4644
6408 4645
6409 4646
6412 4647
6414 4648
6416 4649
6417 4650
6418 4651
6419 4652
6420 4653
6421 4654
6422 4655
6423 4656
6424 4657
6425 4658
6426 4659
6427 4660
6428 4661
6429 4662
6430 4663
6431 4664
6432 4665
6433 4666
6434 4667
6438 4668
6440 4669
6442 4670
6444 4671
6446 4672
6447 4673
6448 4674
6449 4675
6450 4676
6452 4677
6453 4678
6454 4679
6455 4680
6456 4681
6457 4682
6459 4683
6460 4684
6462 4685
6464 4686
6465 4687
6466 4688
6469 4689
6471 4690
6472 4691
6475 4692
6477 4693
6478 4694
6479 4695
6481 4696
6482 4697
6483 4698
6486 4699
6487 4700
6488 4701
6489 4702
6490 4703
6491 4704
6494 4705
6495 4706
6496 4707
6497 4708
6498 4709
6500 4710
6501 4711
6504 4712
6505 4713
6507 4714
6508 4715
6510 4716
6511 4717
6512 4718
6513 4719
6517 4720
6518 4721
6519 4722
6520 4723
6522 4724
6523 4725
6524 4726
6525 4727
6526 4728
6527 4729
6528 4730
6529 4731
6530 4732
6531 4733
6535 4734
6538 4735
6539 4736
6540 4737
6542 4738
6543 4739
6545 4740
6548 4741
6549 4742
6551 4743
6552 4744
6553 4745
6554 4746
6555 4747
6556 4748
6557 4749
6559 4750
6560 4751
6561 4752
6562 4753
6563 4754
6564 4755
6565 4756
6566 4757
6571 4758
6573 4759
6574 4760
6575 4761
6576 4762
6578 4763
6579 4764
6580 4765
6581 4766
6584 4767
6585 4768
6586 4769
6587 4770
6590 4771
6592 4772
6593 4773
6594 4774
6595 4775
6596 4776
6597 4777
6599 4778
6600 4779
6602 4780
6604 4781
6605 4782
6607 4783
6610 4784
6612 4785
6613 4786
6616 4787
6617 4788
6619 4789
6620 4790
6621 4791
6622 4792
6624 4793
6628 4794
6629 4795
6631 4796
6632 4797
6633 4798
6634 4799
6636 4800
6638 4801
6640 4802
6641 4803
6643 4804
6644 4805
6645 4806
6646 4807
6650 4808
6652 4809
6653 4810
6654 4811
6655 4812
6656 4813
6658 4814
6659 4815
6660 4816
6661 4817
6662 4818
6664 4819
6666 4820
6667 4821
6668 4822
6669 4823
6671 4824
6672 4825
6673 4826
6674 4827
6675 4828
6676 4829
6679 4830
6680 4831
6681 4832
6682 4833
6683 4834
6684 4835
6685 4836
6686 4837
6687 4838
6688 4839
6689 4840
6690 4841
6693 4842
6694 4843
6695 4844
6696 4845
6697 4846
6699 4847
6700 4848
6704 4849
6706 4850
6707 4851
6708 4852
6709 4853
6710 4854
6711 4855
6712 4856
6714 4857
6715 4858
6716 4859
6717 4860
6718 4861
6719 4862
6722 4863
6723 4864
6724 4865
6725 4866
6726 4867
6727 4868
6728 4869
6729 4870
6730 4871
6732 4872
6733 4873
6734 4874
6736 4875
6737 4876
6738 4877
6739 4878
6740 4879
6743 4880
6744 4881
6746 4882
6747 4883
6748 4884
6749 4885
6750 4886
6751 4887
6754 4888
6755 4889
6758 4890
6759 4891
6761 4892
6763 4893
6764 4894
6766 4895
6767 4896
6768 4897
6769 4898
6770 4899
6772 4900
6773 4901
6775 4902
6776 4903
6777 4904
6778 4905
6779 4906
6780 4907
6781 4908
6782 4909
6783 4910
6784 4911
6785 4912
6787 4913
6789 4914
6790 4915
6793 4916
6794 4917
6795 4918
6796 4919
6797 4920
6798 4921
6799 4922
6801 4923
6802 4924
6803 4925
6805 4926
6807 4927
6808 4928
6809 4929
6810 4930
6811 4931
6813 4932
6814 4933
6816 4934
6819 4935
6820 4936
6821 4937
6822 4938
6823 4939
6824 4940
6828 4941
6830 4942
6831 4943
6832 4944
6833 4945
6834 4946
6835 4947
6836 4948
6837 4949
6838 4950
6841 4951
6842 4952
6844 4953
6845 4954
6847 4955
6848 4956
6849 4957
6850 4958
6851 4959
6852 4960
6853 4961
6854 4962
6855 4963
6856 4964
6857 4965
6859 4966
6860 4967
6861 4968
6862 4969
6863 4970
6864 4971
6865 4972
6866 4973
6867 4974
6868 4975
6869 4976
6873 4977
6878 4978
6880 4979
6882 4980
6883 4981
6884 4982
6885 4983
6886 4984
6888 4985
6889 4986
6890 4987
6891 4988
6892 4989
6893 4990
6894 4991
6896 4992
6897 4993
6898 4994
6899 4995
6900 4996
6901 4997
6902 4998
6903 4999
6905 5000
6906 5001
6909 5002
6910 5003
6911 5004
6912 5005
6913 5006
6918 5007
6919 5008
6920 5009
6921 5010
6922 5011
6923 5012
6924 5013
6925 5014
6927 5015
6928 5016
6929 5017
6930 5018
6931 5019
6934 5020
6935 5021
6936 5022
6937 5023
6938 5024
6939 5025
6940 5026
6941 5027
6942 5028
6944 5029
6949 5030
6952 5031
6953 5032
6955 5033
6956 5034
6957 5035
6959 5036
6961 5037
6962 5038
6963 5039
6964 5040
6965 5041
6966 5042
6967 5043
6968 5044
6969 5045
6970 5046
6972 5047
6973 5048
6977 5049
6978 5050
6979 5051
6980 5052
6981 5053
6982 5054
6983 5055
6985 5056
6986 5057
6987 5058
6988 5059
6989 5060
6991 5061
6992 5062
6994 5063
6997 5064
6998 5065
6999 5066
7000 5067
7004 5068
7005 5069
7006 5070
7009 5071
7011 5072
7012 5073
7013 5074
7015 5075
7016 5076
7020 5077
7024 5078
7025 5079
7026 5080
7027 5081
7028 5082
7029 5083
7030 5084
7031 5085
7032 5086
7033 5087
7035 5088
7036 5089
7037 5090
7038 5091
7039 5092
7040 5093
7041 5094
7043 5095
7044 5096
7045 5097
7046 5098
7047 5099
7049 5100
7050 5101
7051 5102
7054 5103
7055 5104
7056 5105
7057 5106
7058 5107
7059 5108
7064 5109
7065 5110
7067 5111
7068 5112
7069 5113
7070 5114
7072 5115
7073 5116
7074 5117
7075 5118
7076 5119
7077 5120
7078 5121
7079 5122
7080 5123
7081 5124
7082 5125
7083 5126
7084 5127
7085 5128
7086 5129
7087 5130
7088 5131
7089 5132
7090 5133
7093 5134
7094 5135
7096 5136
7097 5137
7098 5138
7099 5139
7100 5140
7102 5141
7103 5142
7104 5143
7105 5144
7106 5145
7108 5146
7109 5147
7113 5148
7114 5149
7115 5150
7116 5151
7117 5152
7119 5153
7120 5154
7121 5155
7122 5156
7123 5157
7124 5158
7128 5159
7129 5160
7130 5161
7131 5162
7132 5163
7133 5164
7134 5165
7135 5166
7136 5167
7138 5168
7140 5169
7143 5170
7146 5171
7147 5172
7148 5173
7149 5174
7150 5175
7157 5176
7158 5177
7159 5178
7160 5179
7161 5180
7162 5181
7163 5182
7164 5183
7165 5184
7167 5185
7168 5186
7169 5187
7170 5188
7171 5189
7173 5190
7175 5191
7176 5192
7178 5193
7179 5194
7180 5195
7181 5196
7182 5197
7183 5198
7185 5199
7186 5200
7188 5201
7189 5202
7190 5203
7191 5204
7192 5205
7193 5206
7194 5207
7197 5208
7198 5209
7199 5210
7200 5211
7201 5212
7203 5213
7204 5214
7205 5215
7207 5216
7208 5217
7209 5218
7210 5219
7212 5220
7213 5221
7214 5222
7216 5223
7217 5224
7218 5225
7221 5226
7222 5227
7223 5228
7225 5229
7226 5230
7227 5231
7229 5232
7230 5233
7232 5234
7234 5235
7235 5236
7236 5237
7238 5238
7239 5239
7240 5240
7242 5241
7243 5242
7244 5243
7247 5244
7248 5245
7250 5246
7251 5247
7252 5248
7253 5249
7257 5250
7258 5251
7259 5252
7260 5253
7261 5254
7262 5255
7263 5256
7264 5257
7266 5258
7267 5259
7269 5260
7270 5261
7271 5262
7272 5263
7275 5264
7276 5265
7277 5266
7278 5267
7279 5268
7283 5269
7285 5270
7286 5271
7287 5272
7288 5273
7289 5274
7290 5275
7291 5276
7292 5277
7293 5278
7294 5279
7295 5280
7297 5281
7298 5282
7299 5283
7301 5284
7302 5285
7304 5286
7305 5287
7307 5288
7308 5289
7309 5290
7310 5291
7312 5292
7313 5293
7316 5294
7317 5295
7318 5296
7319 5297
7324 5298
7325 5299
7326 5300
7327 5301
7328 5302
7329 5303
7330 5304
7331 5305
7332 5306
7335 5307
7337 5308
7338 5309
7339 5310
7340 5311
7341 5312
7344 5313
7345 5314
7347 5315
7349 5316
7350 5317
7351 5318
7352 5319
7353 5320
7354 5321
7355 5322
7356 5323
7357 5324
7358 5325
7359 5326
7360 5327
7361 5328
7362 5329
7363 5330
7364 5331
7365 5332
7366 5333
7367 5334
7368 5335
7369 5336
7370 5337
7371 5338
7372 5339
7375 5340
7376 5341
7377 5342
7378 5343
7379 5344
7380 5345
7381 5346
7383 5347
7384 5348
7387 5349
7388 5350
7390 5351
7391 5352
7392 5353
7393 5354
7394 5355
7395 5356
7396 5357
7397 5358
7398 5359
7400 5360
7401 5361
7402 5362
7405 5363
7406 5364
7407 5365
7409 5366
7410 5367
7413 5368
7414 5369
7415 5370
7416 5371
7417 5372
7418 5373
7419 5374
7420 5375
7423 5376
7425 5377
7426 5378
7427 5379
7428 5380
7429 5381
7430 5382
7435 5383
7437 5384
7438 5385
7439 5386
7441 5387
7443 5388
7444 5389
7447 5390
7449 5391
7450 5392
7451 5393
7454 5394
7455 5395
7456 5396
7458 5397
7459 5398
7460 5399
7461 5400
7464 5401
7465 5402
7466 5403
7467 5404
7468 5405
7470 5406
7471 5407
7472 5408
7473 5409
7474 5410
7475 5411
7476 5412
7477 5413
7479 5414
7481 5415
7484 5416
7485 5417
7486 5418
7487 5419
7488 5420
7489 5421
7490 5422
7491 5423
7493 5424
7494 5425
7495 5426
7496 5427
7497 5428
7499 5429
7501 5430
7502 5431
7504 5432
7505 5433
7507 5434
7508 5435
7509 5436
7511 5437
7512 5438
7513 5439
7514 5440
7515 5441
7517 5442
7519 5443
7521 5444
7523 5445
7524 5446
7525 5447
7527 5448
7528 5449
7529 5450
7530 5451
7531 5452
7532 5453
7533 5454
7534 5455
7535 5456
7536 5457
7537 5458
7540 5459
7541 5460
7542 5461
7543 5462
7544 5463
7546 5464
7547 5465
7548 5466
7549 5467
7550 5468
7551 5469
7553 5470
7554 5471
7556 5472
7557 5473
7558 5474
7559 5475
7561 5476
7563 5477
7564 5478
7565 5479
7566 5480
7567 5481
7568 5482
7570 5483
7572 5484
7573 5485
7574 5486
7575 5487
7576 5488
7577 5489
7578 5490
7579 5491
7585 5492
7587 5493
7588 5494
7589 5495
7590 5496
7591 5497
7592 5498
7593 5499
7594 5500
7595 5501
7596 5502
7598 5503
7600 5504
7601 5505
7602 5506
7604 5507
7605 5508
7606 5509
7607 5510
7608 5511
7609 5512
7611 5513
7613 5514
7614 5515
7615 5516
7616 5517
7620 5518
7621 5519
7622 5520
7623 5521
7624 5522
7626 5523
7627 5524
7628 5525
7629 5526
7630 5527
7631 5528
7632 5529
7635 5530
7636 5531
7637 5532
7641 5533
7642 5534
7643 5535
7644 5536
7645 5537
7646 5538
7647 5539
7649 5540
7650 5541
7652 5542
7654 5543
7656 5544
7657 5545
7658 5546
7659 5547
7660 5548
7661 5549
7662 5550
7663 5551
7664 5552
7665 5553
7668 5554
7670 5555
7672 5556
7674 5557
7675 5558
7676 5559
7677 5560
7678 5561
7679 5562
7680 5563
7681 5564
7684 5565
7685 5566
7686 5567
7687 5568
7688 5569
7689 5570
7690 5571
7691 5572
7692 5573
7694 5574
7695 5575
7697 5576
7698 5577
7699 5578
7700 5579
7701 5580
7702 5581
7703 5582
7704 5583
7705 5584
7706 5585
7708 5586
7710 5587
7711 5588
7712 5589
7716 5590
7718 5591
7720 5592
7722 5593
7723 5594
7724 5595
7726 5596
7727 5597
7728 5598
7729 5599
7730 5600
7732 5601
7733 5602
7734 5603
7735 5604
7736 5605
7737 5606
7738 5607
7740 5608
7741 5609
7742 5610
7743 5611
7746 5612
7747 5613
7748 5614
7751 5615
7752 5616
7755 5617
7756 5618
7757 5619
7758 5620
7759 5621
7762 5622
7765 5623
7766 5624
7768 5625
7769 5626
7770 5627
7771 5628
7772 5629
7773 5630
7774 5631
7775 5632
7776 5633
7777 5634
7778 5635
7779 5636
7780 5637
7783 5638
7784 5639
7785 5640
7787 5641
7788 5642
7789 5643
7790 5644
7791 5645
7792 5646
7795 5647
7796 5648
7797 5649
7798 5650
7800 5651
7802 5652
7804 5653
7805 5654
7806 5655
7808 5656
7809 5657
7810 5658
7811 5659
7813 5660
7814 5661
7815 5662
7817 5663
7818 5664
7819 5665
7820 5666
7821 5667
7822 5668
7823 5669
7825 5670
7826 5671
7828 5672
7829 5673
7831 5674
7832 5675
7833 5676
7834 5677
7835 5678
7836 5679
7837 5680
7838 5681
7839 5682
7841 5683
7842 5684
7843 5685
7845 5686
7846 5687
7848 5688
7850 5689
7851 5690
7852 5691
7854 5692
7855 5693
7857 5694
7859 5695
7861 5696
7863 5697
7864 5698
7866 5699
7867 5700
7868 5701
7869 5702
7871 5703
7873 5704
7875 5705
7876 5706
7880 5707
7882 5708
7884 5709
7888 5710
7890 5711
7891 5712
7893 5713
7894 5714
7895 5715
7896 5716
7897 5717
7898 5718
7899 5719
7900 5720
7902 5721
7903 5722
7904 5723
7907 5724
7908 5725
7909 5726
7910 5727
7912 5728
7913 5729
7914 5730
7915 5731
7916 5732
7917 5733
7918 5734
7919 5735
7920 5736
7921 5737
7923 5738
7924 5739
7926 5740
7927 5741
7928 5742
7929 5743
7930 5744
7932 5745
7933 5746
7938 5747
7940 5748
7941 5749
7942 5750
7944 5751
7946 5752
7947 5753
7948 5754
7949 5755
7952 5756
7953 5757
7955 5758
7956 5759
7957 5760
7959 5761
7960 5762
7964 5763
7965 5764
7966 5765
7969 5766
7970 5767
7972 5768
7973 5769
7976 5770
7977 5771
7979 5772
7981 5773
7982 5774
7984 5775
7985 5776
7986 5777
7987 5778
7988 5779
7990 5780
7991 5781
7992 5782
7994 5783
7997 5784
8000 5785
8002 5786
8003 5787
8004 5788
8005 5789
8006 5790
8007 5791
8008 5792
8009 5793
8010 5794
8014 5795
8017 5796
8019 5797
8020 5798
8021 5799
8024 5800
8026 5801
8027 5802
8028 5803
8029 5804
8030 5805
8032 5806
8033 5807
8034 5808
8035 5809
8036 5810
8037 5811
8038 5812
8039 5813
8040 5814
8041 5815
8042 5816
8043 5817
8044 5818
8045 5819
8046 5820
8052 5821
8053 5822
8055 5823
8057 5824
8058 5825
8059 5826
8060 5827
8061 5828
8062 5829
8063 5830
8065 5831
8067 5832
8068 5833
8069 5834
8071 5835
8072 5836
8074 5837
8076 5838
8077 5839
8078 5840
8079 5841
8081 5842
8083 5843
8085 5844
8086 5845
8087 5846
8088 5847
8089 5848
8090 5849
8091 5850
8092 5851
8093 5852
8094 5853
8095 5854
8096 5855
8098 5856
8099 5857
8100 5858
8101 5859
8102 5860
8103 5861
8104 5862
8105 5863
8107 5864
8108 5865
8109 5866
8111 5867
8112 5868
8116 5869
8117 5870
8118 5871
8120 5872
8121 5873
8122 5874
8123 5875
8124 5876
8125 5877
8126 5878
8128 5879
8129 5880
8130 5881
8132 5882
8133 5883
8136 5884
8137 5885
8138 5886
8139 5887
8140 5888
8141 5889
8142 5890
8143 5891
8144 5892
8145 5893
8147 5894
8148 5895
8149 5896
8150 5897
8151 5898
8152 5899
8154 5900
8155 5901
8157 5902
8159 5903
8160 5904
8162 5905
8163 5906
8164 5907
8166 5908
8167 5909
8168 5910
8169 5911
8170 5912
8171 5913
8172 5914
8173 5915
8174 5916
8175 5917
8176 5918
8178 5919
8183 5920
8184 5921
8186 5922
8188 5923
8190 5924
8191 5925
8195 5926
8196 5927
8197 5928
8198 5929
8199 5930
8201 5931
8203 5932
8204 5933
8205 5934
8206 5935
8207 5936
8209 5937
8211 5938
8212 5939
8213 5940
8214 5941
8216 5942
8217 5943
8218 5944
8219 5945
8220 5946
8222 5947
8225 5948
8226 5949
8229 5950
8230 5951
8231 5952
8232 5953
8234 5954
8236 5955
8237 5956
8238 5957
8239 5958
8240 5959
8241 5960
8242 5961
8243 5962
8245 5963
8246 5964
8247 5965
8251 5966
8252 5967
8253 5968
8255 5969
8256 5970
8258 5971
8259 5972
8264 5973
8265 5974
8266 5975
8267 5976
8268 5977
8269 5978
8270 5979
8271 5980
8272 5981
8273 5982
8274 5983
8275 5984
8276 5985
8277 5986
8278 5987
8279 5988
8281 5989
8282 5990
8284 5991
8285 5992
8287 5993
8288 5994
8289 5995
8290 5996
8291 5997
8292 5998
8293 5999
8294 6000
8295 6001
8296 6002
8297 6003
8300 6004
8305 6005
8306 6006
8307 6007
8308 6008
8310 6009
8312 6010
8313 6011
8314 6012
8315 6013
8316 6014
8318 6015
8319 6016
8320 6017
8322 6018
8323 6019
8325 6020
8327 6021
8328 6022
8329 6023
8332 6024
8334 6025
8337 6026
8339 6027
8340 6028
8342 6029
8343 6030
8344 6031
8347 6032
8348 6033
8350 6034
8351 6035
8352 6036
8353 6037
8355 6038
8356 6039
8357 6040
8358 6041
8359 6042
8360 6043
8361 6044
8362 6045
8363 6046
8364 6047
8365 6048
8366 6049
8367 6050
8368 6051
8369 6052
8370 6053
8371 6054
8372 6055
8373 6056
8374 6057
8375 6058
8376 6059
8379 6060
8381 6061
8382 6062
8388 6063
8389 6064
8390 6065
8392 6066
8393 6067
8394 6068
8397 6069
8399 6070
8400 6071
8401 6072
8402 6073
8404 6074
8407 6075
8408 6076
8409 6077
8410 6078
8413 6079
8415 6080
8416 6081
8418 6082
8419 6083
8420 6084
8422 6085
8423 6086
8424 6087
8426 6088
8429 6089
8430 6090
8431 6091
8432 6092
8433 6093
8435 6094
8436 6095
8437 6096
8438 6097
8439 6098
8440 6099
8442 6100
8443 6101
8444 6102
8447 6103
8448 6104
8449 6105
8450 6106
8451 6107
8452 6108
8453 6109
8454 6110
8456 6111
8457 6112
8461 6113
8462 6114
8463 6115
8465 6116
8467 6117
8468 6118
8469 6119
8470 6120
8471 6121
8472 6122
8473 6123
8475 6124
8476 6125
8477 6126
8478 6127
8479 6128
8480 6129
8484 6130
8485 6131
8486 6132
8487 6133
8488 6134
8490 6135
8491 6136
8492 6137
8493 6138
8494 6139
8496 6140
8497 6141
8498 6142
8499 6143
8500 6144
8501 6145
8502 6146
8503 6147
8504 6148
8510 6149
8513 6150
8514 6151
8515 6152
8516 6153
8518 6154
8520 6155
8524 6156
8526 6157
8528 6158
8529 6159
8530 6160
8532 6161
8533 6162
8535 6163
8536 6164
8537 6165
8538 6166
8539 6167
8540 6168
8542 6169
8543 6170
8544 6171
8545 6172
8547 6173
8548 6174
8549 6175
8550 6176
8554 6177
8557 6178
8559 6179
8560 6180
8561 6181
8563 6182
8564 6183
8565 6184
8566 6185
8568 6186
8569 6187
8570 6188
8571 6189
8573 6190
8574 6191
8576 6192
8577 6193
8582 6194
8583 6195
8584 6196
8585 6197
8586 6198
8587 6199
8591 6200
8592 6201
8593 6202
8595 6203
8596 6204
8598 6205
8599 6206
8600 6207
8601 6208
8603 6209
8605 6210
8607 6211
8608 6212
8609 6213
8611 6214
8613 6215
8614 6216
8616 6217
8618 6218
8621 6219
8622 6220
8625 6221
8626 6222
8628 6223
8629 6224
8630 6225
8631 6226
8633 6227
8634 6228
8635 6229
8641 6230
8643 6231
8645 6232
8649 6233
8651 6234
8652 6235
8653 6236
8654 6237
8655 6238
8657 6239
8658 6240
8659 6241
8660 6242
8662 6243
8663 6244
8665 6245
8666 6246
8667 6247
8668 6248
8670 6249
8672 6250
8673 6251
8674 6252
8675 6253
8676 6254
8678 6255
8679 6256
8680 6257
8681 6258
8682 6259
8683 6260
8684 6261
8685 6262
8687 6263
8688 6264
8689 6265
8690 6266
8692 6267
8694 6268
8696 6269
8697 6270
8701 6271
8702 6272
8703 6273
8704 6274
8705 6275
8707 6276
8708 6277
8709 6278
8710 6279
8712 6280
8714 6281
8716 6282
8717 6283
8718 6284
8720 6285
8724 6286
8725 6287
8727 6288
8728 6289
8729 6290
8731 6291
8732 6292
8733 6293
8734 6294
8735 6295
8736 6296
8737 6297
8738 6298
8739 6299
8740 6300
8741 6301
8742 6302
8743 6303
8744 6304
8745 6305
8747 6306
8748 6307
8749 6308
8751 6309
8752 6310
8753 6311
8754 6312
8755 6313
8756 6314
8757 6315
8758 6316
8760 6317
8761 6318
8764 6319
8768 6320
8769 6321
8772 6322
8773 6323
8776 6324
8777 6325
8778 6326
8780 6327
8781 6328
8783 6329
8784 6330
8785 6331
8786 6332
8788 6333
8789 6334
8791 6335
8792 6336
8793 6337
8794 6338
8796 6339
8798 6340
8799 6341
8800 6342
8802 6343
8803 6344
8804 6345
8806 6346
8808 6347
8809 6348
8810 6349
8812 6350
8814 6351
8815 6352
8816 6353
8818 6354
8819 6355
8820 6356
8821 6357
8822 6358
8824 6359
8825 6360
8826 6361
8827 6362
8828 6363
8829 6364
8831 6365
8832 6366
8833 6367
8834 6368
8837 6369
8838 6370
8840 6371
8841 6372
8842 6373
8844 6374
8848 6375
8851 6376
8852 6377
8854 6378
8858 6379
8862 6380
8864 6381
8865 6382
8866 6383
8867 6384
8868 6385
8869 6386
8870 6387
8871 6388
8872 6389
8873 6390
8874 6391
8875 6392
8876 6393
8878 6394
8879 6395
8880 6396
8882 6397
8883 6398
8885 6399
8886 6400
8888 6401
8889 6402
8891 6403
8892 6404
8893 6405
8894 6406
8896 6407
8897 6408
8899 6409
8900 6410
8902 6411
8903 6412
8904 6413
8905 6414
8906 6415
8907 6416
8908 6417
8910 6418
8911 6419
8912 6420
8913 6421
8915 6422
8917 6423
8918 6424
8919 6425
8921 6426
8923 6427
8925 6428
8927 6429
8928 6430
8929 6431
8932 6432
8933 6433
8935 6434
8936 6435
8937 6436
8938 6437
8939 6438
8941 6439
8942 6440
8943 6441
8944 6442
8945 6443
8946 6444
8948 6445
8949 6446
8950 6447
8951 6448
8952 6449
8953 6450
8955 6451
8956 6452
8958 6453
8959 6454
8961 6455
8962 6456
8963 6457
8964 6458
8965 6459
8966 6460
8967 6461
8968 6462
8971 6463
8972 6464
8973 6465
8974 6466
8976 6467
8977 6468
8978 6469
8979 6470
8981 6471
8982 6472
8983 6473
8985 6474
8986 6475
8987 6476
8988 6477
8989 6478
8990 6479
8991 6480
8992 6481
8993 6482
8995 6483
8997 6484
8999 6485
9000 6486
9001 6487
9002 6488
9003 6489
9004 6490
9006 6491
9007 6492
9008 6493
9010 6494
9011 6495
9013 6496
9014 6497
9015 6498
9017 6499
9018 6500
9019 6501
9020 6502
9021 6503
9022 6504
9024 6505
9026 6506
9027 6507
9028 6508
9029 6509
9030 6510
9031 6511
9033 6512
9035 6513
9037 6514
9038 6515
9039 6516
9040 6517
9041 6518
9042 6519
9043 6520
9044 6521
9045 6522
9046 6523
9047 6524
9051 6525
9052 6526
9054 6527
9056 6528
9057 6529
9058 6530
9059 6531
9060 6532
9062 6533
9066 6534
9067 6535
9068 6536
9070 6537
9071 6538
9072 6539
9073 6540
9074 6541
9076 6542
9077 6543
9078 6544
9080 6545
9081 6546
9084 6547
9088 6548
9089 6549
9091 6550
9092 6551
9094 6552
9096 6553
9098 6554
9099 6555
9100 6556
9103 6557
9104 6558
9105 6559
9106 6560
9107 6561
9108 6562
9109 6563
9110 6564
9111 6565
9112 6566
9114 6567
9115 6568
9117 6569
9118 6570
9123 6571
9125 6572
9126 6573
9127 6574
9128 6575
9129 6576
9130 6577
9132 6578
9134 6579
9135 6580
9136 6581
9137 6582
9138 6583
9141 6584
9142 6585
9143 6586
9144 6587
9146 6588
9148 6589
9149 6590
9150 6591
9151 6592
9152 6593
9153 6594
9155 6595
9157 6596
9158 6597
9160 6598
9161 6599
9163 6600
9164 6601
9165 6602
9166 6603
9167 6604
9168 6605
9170 6606
9171 6607
9172 6608
9173 6609
9175 6610
9176 6611
9177 6612
9180 6613
9182 6614
9184 6615
9185 6616
9186 6617
9187 6618
9188 6619
9192 6620
9194 6621
9195 6622
9196 6623
9197 6624
9198 6625
9199 6626
9200 6627
9201 6628
9202 6629
9204 6630
9207 6631
9209 6632
9212 6633
9213 6634
9214 6635
9215 6636
9216 6637
9218 6638
9219 6639
9220 6640
9223 6641
9224 6642
9225 6643
9226 6644
9227 6645
9228 6646
9233 6647
9234 6648
9235 6649
9238 6650
9239 6651
9240 6652
9241 6653
9242 6654
9243 6655
9244 6656
9245 6657
9246 6658
9247 6659
9248 6660
9250 6661
9251 6662
9252 6663
9253 6664
9255 6665
9257 6666
9258 6667
9259 6668
9260 6669
9262 6670
9263 6671
9264 6672
9265 6673
9266 6674
9267 6675
9268 6676
9269 6677
9271 6678
9272 6679
9273 6680
9274 6681
9276 6682
9277 6683
9278 6684
9279 6685
9281 6686
9282 6687
9284 6688
9286 6689
9287 6690
9288 6691
9289 6692
9290 6693
9291 6694
9292 6695
9293 6696
9294 6697
9295 6698
9296 6699
9298 6700
9299 6701
9300 6702
9302 6703
9303 6704
9304 6705
9305 6706
9306 6707
9307 6708
9309 6709
9310 6710
9311 6711
9313 6712
9314 6713
9315 6714
9317 6715
9318 6716
9319 6717
9321 6718
9324 6719
9326 6720
9327 6721
9328 6722
9329 6723
9330 6724
9333 6725
9336 6726
9337 6727
9338 6728
9340 6729
9341 6730
9345 6731
9346 6732
9347 6733
9348 6734
9349 6735
9350 6736
9351 6737
9353 6738
9354 6739
9355 6740
9356 6741
9359 6742
9362 6743
9365 6744
9366 6745
9367 6746
9368 6747
9369 6748
9370 6749
9372 6750
9373 6751
9374 6752
9375 6753
9376 6754
9377 6755
9378 6756
9379 6757
9380 6758
9381 6759
9382 6760
9383 6761
9384 6762
9385 6763
9387 6764
9388 6765
9389 6766
9392 6767
9394 6768
9395 6769
9397 6770
9398 6771
9399 6772
9400 6773
9402 6774
9403 6775
9405 6776
9406 6777
9407 6778
9408 6779
9409 6780
9411 6781
9412 6782
9413 6783
9414 6784
9415 6785
9416 6786
9417 6787
9418 6788
9419 6789
9420 6790
9423 6791
9424 6792
9425 6793
9426 6794
9427 6795
9429 6796
9430 6797
9431 6798
9432 6799
9433 6800
9436 6801
9437 6802
9439 6803
9440 6804
9441 6805
9442 6806
9443 6807
9445 6808
9446 6809
9447 6810
9449 6811
9450 6812
9451 6813
9452 6814
9453 6815
9455 6816
9456 6817
9457 6818
9458 6819
9460 6820
9461 6821
9462 6822
9463 6823
9464 6824
9465 6825
9468 6826
9469 6827
9470 6828
9471 6829
9472 6830
9473 6831
9476 6832
9478 6833
9479 6834
9481 6835
9482 6836
9483 6837
9484 6838
9485 6839
9486 6840
9487 6841
9490 6842
9491 6843
9492 6844
9493 6845
9494 6846
9497 6847
9498 6848
9501 6849
9502 6850
9503 6851
9506 6852
9507 6853
9509 6854
9510 6855
9511 6856
9512 6857
9515 6858
9516 6859
9517 6860
9518 6861
9519 6862
9520 6863
9521 6864
9525 6865
9526 6866
9529 6867
9531 6868
9532 6869
9533 6870
9534 6871
9535 6872
9536 6873
9537 6874
9538 6875
9539 6876
9540 6877
9541 6878
9543 6879
9544 6880
9545 6881
9546 6882
9547 6883
9550 6884
9551 6885
9552 6886
9553 6887
9554 6888
9555 6889
9556 6890
9558 6891
9560 6892
9561 6893
9562 6894
9563 6895
9564 6896
9565 6897
9566 6898
9567 6899
9568 6900
9570 6901
9571 6902
9572 6903
9573 6904
9577 6905
9578 6906
9579 6907
9582 6908
9585 6909
9586 6910
9587 6911
9588 6912
9589 6913
9591 6914
9592 6915
9594 6916
9596 6917
9597 6918
9598 6919
9599 6920
9600 6921
9601 6922
9602 6923
9603 6924
9604 6925
9605 6926
9606 6927
9607 6928
9610 6929
9611 6930
9612 6931
9613 6932
9616 6933
9617 6934
9618 6935
9620 6936
9621 6937
9622 6938
9625 6939
9626 6940
9627 6941
9628 6942
9629 6943
9632 6944
9633 6945
9635 6946
9636 6947
9637 6948
9638 6949
9640 6950
9641 6951
9643 6952
9644 6953
9647 6954
9648 6955
9650 6956
9652 6957
9654 6958
9655 6959
9656 6960
9659 6961
9660 6962
9662 6963
9663 6964
9664 6965
9666 6966
9668 6967
9669 6968
9670 6969
9671 6970
9672 6971
9673 6972
9674 6973
9675 6974
9676 6975
9677 6976
9679 6977
9681 6978
9682 6979
9683 6980
9685 6981
9686 6982
9687 6983
9688 6984
9689 6985
9690 6986
9691 6987
9693 6988
9695 6989
9696 6990
9697 6991
9698 6992
9700 6993
9702 6994
9703 6995
9704 6996
9705 6997
9708 6998
9709 6999
9711 7000
9712 7001
9713 7002
9714 7003
9715 7004
9716 7005
9717 7006
9719 7007
9720 7008
9721 7009
9722 7010
9723 7011
9724 7012
9725 7013
9728 7014
9729 7015
9731 7016
9732 7017
9736 7018
9737 7019
9738 7020
9740 7021
9742 7022
9743 7023
9745 7024
9746 7025
9747 7026
9748 7027
9749 7028
9750 7029
9751 7030
9752 7031
9753 7032
9755 7033
9756 7034
9757 7035
9759 7036
9762 7037
9764 7038
9765 7039
9766 7040
9768 7041
9769 7042
9770 7043
9771 7044
9773 7045
9774 7046
9776 7047
9778 7048
9779 7049
9781 7050
9783 7051
9788 7052
9790 7053
9791 7054
9792 7055
9793 7056
9794 7057
9795 7058
9796 7059
9797 7060
9799 7061
9800 7062
9802 7063
9803 7064
9804 7065
9805 7066
9807 7067
9808 7068
9809 7069
9810 7070
9812 7071
9814 7072
9816 7073
9817 7074
9819 7075
9820 7076
9822 7077
9824 7078
9825 7079
9826 7080
9827 7081
9828 7082
9829 7083
9830 7084
9831 7085
9832 7086
9834 7087
9836 7088
9838 7089
9839 7090
9841 7091
9842 7092
9843 7093
9844 7094
9845 7095
9846 7096
9847 7097
9848 7098
9849 7099
9850 7100
9851 7101
9852 7102
9853 7103
9854 7104
9855 7105
9856 7106
9858 7107
9859 7108
9861 7109
9862 7110
9863 7111
9864 7112
9865 7113
9866 7114
9868 7115
9869 7116
9870 7117
9871 7118
9873 7119
9874 7120
9876 7121
9877 7122
9878 7123
9880 7124
9881 7125
9882 7126
9883 7127
9884 7128
9885 7129
9889 7130
9890 7131
9891 7132
9892 7133
9893 7134
9895 7135
9896 7136
9897 7137
9899 7138
9901 7139
9902 7140
9903 7141
9904 7142
9905 7143
9906 7144
9908 7145
9909 7146
9910 7147
9911 7148
9912 7149
9913 7150
9914 7151
9915 7152
9916 7153
9917 7154
9918 7155
9920 7156
9923 7157
9926 7158
9927 7159
9932 7160
9933 7161
9934 7162
9935 7163
9936 7164
9937 7165
9940 7166
9941 7167
9943 7168
9944 7169
9947 7170
9949 7171
9950 7172
9951 7173
9952 7174
9953 7175
9955 7176
9956 7177
9957 7178
9958 7179
9959 7180
9961 7181
9963 7182
9964 7183
9966 7184
9967 7185
9968 7186
9969 7187
9971 7188
9972 7189
9973 7190
9974 7191
9975 7192
9976 7193
9978 7194
9979 7195
9981 7196
9983 7197
9984 7198
9986 7199
9987 7200
9989 7201
9991 7202
9992 7203
9993 7204
9994 7205
9996 7206
9997 7207
10001 7208
10003 7209
10004 7210
10005 7211
10006 7212
10007 7213
10008 7214
10009 7215
10010 7216
10011 7217
10013 7218
10014 7219
10017 7220
10018 7221
10020 7222
10021 7223
10022 7224
10024 7225
10028 7226
10029 7227
10030 7228
10031 7229
10032 7230
10033 7231
10034 7232
10035 7233
10036 7234
10038 7235
10039 7236
10040 7237
10041 7238
10042 7239
10044 7240
10046 7241
10047 7242
10048 7243
10049 7244
10050 7245
10051 7246
10052 7247
10053 7248
10054 7249
10055 7250
10056 7251
10057 7252
10058 7253
10060 7254
10061 7255
10062 7256
10063 7257
10064 7258
10066 7259
10067 7260
10068 7261
10069 7262
10071 7263
10074 7264
10076 7265
10077 7266
10078 7267
10079 7268
10080 7269
10081 7270
10082 7271
10083 7272
10084 7273
10085 7274
10086 7275
10087 7276
10089 7277
10090 7278
10092 7279
10094 7280
10095 7281
10096 7282
10097 7283
10098 7284
10099 7285
10100 7286
10101 7287
10102 7288
10103 7289
10104 7290
10107 7291
10109 7292
10110 7293
10111 7294
10112 7295
10115 7296
10116 7297
10119 7298
10120 7299
10121 7300
10122 7301
10123 7302
10125 7303
10126 7304
10127 7305
10129 7306
10130 7307
10132 7308
10133 7309
10134 7310
10135 7311
10136 7312
10137 7313
10139 7314
10140 7315
10141 7316
10143 7317
10144 7318
10147 7319
10149 7320
10150 7321
10152 7322
10153 7323
10155 7324
10156 7325
10157 7326
10158 7327
10159 7328
10160 7329
10162 7330
10163 7331
10165 7332
10166 7333
10167 7334
10170 7335
10171 7336
10172 7337
10173 7338
10174 7339
10175 7340
10176 7341
10179 7342
10180 7343
10181 7344
10182 7345
10183 7346
10186 7347
10189 7348
10190 7349
10191 7350
10194 7351
10199 7352
10201 7353
10202 7354
10204 7355
10205 7356
10206 7357
10207 7358
10208 7359
10209 7360
10211 7361
10212 7362
10213 7363
10214 7364
10215 7365
10217 7366
10219 7367
10221 7368
10222 7369
10223 7370
10225 7371
10226 7372
10227 7373
10228 7374
10230 7375
10231 7376
10232 7377
10233 7378
10236 7379
10237 7380
10240 7381
10241 7382
10242 7383
10243 7384
10244 7385
10245 7386
10249 7387
10250 7388
10252 7389
10253 7390
10254 7391
10255 7392
10256 7393
10257 7394
10258 7395
10259 7396
10261 7397
10262 7398
10264 7399
10265 7400
10266 7401
10269 7402
10270 7403
10271 7404
10272 7405
10273 7406
10274 7407
10276 7408
10277 7409
10278 7410
10279 7411
10280 7412
10281 7413
10283 7414
10284 7415
10285 7416
10286 7417
10287 7418
10290 7419
10291 7420
10294 7421
10295 7422
10296 7423
10297 7424
10298 7425
10299 7426
10300 7427
10304 7428
10305 7429
10306 7430
10308 7431
10310 7432
10312 7433
10313 7434
10314 7435
10315 7436
10317 7437
10319 7438
10322 7439
10323 7440
10324 7441
10328 7442
10330 7443
10331 7444
10332 7445
10334 7446
10335 7447
10336 7448
10337 7449
10338 7450
10339 7451
10340 7452
10341 7453
10342 7454
10344 7455
10345 7456
10346 7457
10348 7458
10349 7459
10350 7460
10352 7461
10353 7462
10354 7463
10355 7464
10356 7465
10357 7466
10359 7467
10362 7468
10363 7469
10366 7470
10367 7471
10369 7472
10370 7473
10371 7474
10372 7475
10377 7476
10378 7477
10379 7478
10381 7479
10382 7480
10383 7481
10385 7482
10386 7483
10387 7484
10389 7485
10392 7486
10393 7487
10395 7488
10396 7489
10397 7490
10398 7491
10399 7492
10400 7493
10401 7494
10402 7495
10403 7496
10404 7497
10407 7498
10408 7499
10409 7500
10410 7501
10411 7502
10412 7503
10413 7504
10414 7505
10415 7506
10416 7507
10418 7508
10419 7509
10421 7510
10422 7511
10423 7512
10424 7513
10425 7514
10426 7515
10427 7516
10428 7517
10431 7518
10432 7519
10433 7520
10434 7521
10436 7522
10438 7523
10439 7524
10440 7525
10441 7526
10442 7527
10443 7528
10444 7529
10445 7530
10446 7531
10448 7532
10450 7533
10451 7534
10452 7535
10453 7536
10454 7537
10455 7538
10456 7539
10457 7540
10459 7541
10460 7542
10462 7543
10463 7544
10464 7545
10465 7546
10466 7547
10467 7548
10468 7549
10469 7550
10471 7551
10472 7552
10473 7553
10474 7554
10475 7555
10476 7556
10477 7557
10478 7558
10479 7559
10480 7560
10481 7561
10482 7562
10484 7563
10486 7564
10487 7565
10488 7566
10489 7567
10491 7568
10492 7569
10495 7570
10496 7571
10497 7572
10498 7573
10499 7574
10500 7575
10501 7576
10502 7577
10503 7578
10505 7579
10506 7580
10508 7581
10509 7582
10510 7583
10511 7584
10512 7585
10513 7586
10514 7587
10517 7588
10519 7589
10520 7590
10521 7591
10522 7592
10523 7593
10524 7594
10525 7595
10527 7596
10528 7597
10529 7598
10530 7599
10531 7600
10532 7601
10534 7602
10536 7603
10538 7604
10540 7605
10541 7606
10542 7607
10545 7608
10546 7609
10547 7610
10548 7611
10550 7612
10552 7613
10554 7614
10556 7615
10557 7616
10558 7617
10559 7618
10560 7619
10561 7620
10562 7621
10563 7622
10564 7623
10565 7624
10566 7625
10567 7626
10568 7627
10569 7628
10570 7629
10571 7630
10572 7631
10573 7632
10574 7633
10575 7634
10576 7635
10578 7636
10579 7637
10581 7638
10582 7639
10584 7640
10585 7641
10587 7642
10588 7643
10589 7644
10590 7645
10591 7646
10592 7647
10593 7648
10594 7649
10595 7650
10596 7651
10607 7652
10608 7653
10609 7654
10610 7655
10612 7656
10614 7657
10615 7658
10616 7659
10617 7660
10618 7661
10619 7662
10620 7663
10622 7664
10623 7665
10624 7666
10627 7667
10630 7668
10631 7669
10632 7670
10634 7671
10636 7672
10637 7673
10638 7674
10639 7675
10640 7676
10641 7677
10642 7678
10643 7679
10644 7680
10645 7681
10647 7682
10648 7683
10649 7684
10650 7685
10651 7686
10654 7687
10656 7688
10658 7689
10661 7690
10662 7691
10664 7692
10665 7693
10666 7694
10667 7695
10668 7696
10669 7697
10670 7698
10672 7699
10674 7700
10675 7701
10678 7702
10680 7703
10682 7704
10683 7705
10684 7706
10685 7707
10687 7708
10688 7709
10690 7710
10691 7711
10692 7712
10696 7713
10697 7714
10700 7715
10701 7716
10702 7717
10703 7718
10704 7719
10705 7720
10706 7721
10707 7722
10708 7723
10709 7724
10710 7725
10711 7726
10712 7727
10713 7728
10714 7729
10719 7730
10720 7731
10721 7732
10724 7733
10725 7734
10726 7735
10727 7736
10729 7737
10730 7738
10732 7739
10734 7740
10735 7741
10736 7742
10738 7743
10739 7744
10740 7745
10742 7746
10743 7747
10744 7748
10745 7749
10746 7750
10747 7751
10748 7752
10749 7753
10750 7754
10751 7755
10752 7756
10753 7757
10754 7758
10757 7759
10759 7760
10760 7761
10761 7762
10764 7763
10766 7764
10767 7765
10768 7766
10769 7767
10770 7768
10771 7769
10772 7770
10773 7771
10775 7772
10776 7773
10777 7774
10780 7775
10782 7776
10783 7777
10784 7778
10785 7779
10786 7780
10788 7781
10789 7782
10790 7783
10792 7784
10793 7785
10794 7786
10795 7787
10799 7788
10802 7789
10803 7790
10804 7791
10805 7792
10806 7793
10807 7794
10808 7795
10809 7796
10810 7797
10811 7798
10812 7799
10813 7800
10814 7801
10816 7802
10817 7803
10818 7804
10819 7805
10821 7806
10824 7807
10825 7808
10826 7809
10827 7810
10828 7811
10829 7812
10830 7813
10831 7814
10832 7815
10833 7816
10835 7817
10836 7818
10837 7819
10838 7820
10841 7821
10842 7822
10843 7823
10844 7824
10846 7825
10847 7826
10849 7827
10850 7828
10851 7829
10852 7830
10855 7831
10856 7832
10857 7833
10859 7834
10860 7835
10863 7836
10865 7837
10866 7838
10867 7839
10868 7840
10869 7841
10871 7842
10873 7843
10874 7844
10875 7845
10876 7846
10877 7847
10879 7848
10880 7849
10881 7850
10882 7851
10884 7852
10885 7853
10886 7854
10887 7855
10888 7856
10889 7857
10890 7858
10894 7859
10896 7860
10897 7861
10898 7862
10899 7863
10900 7864
10904 7865
10905 7866
10907 7867
10908 7868
10909 7869
10912 7870
10913 7871
10915 7872
10916 7873
10917 7874
10918 7875
10919 7876
10920 7877
10924 7878
10925 7879
10926 7880
10927 7881
10929 7882
10930 7883
10932 7884
10933 7885
10934 7886
10935 7887
10937 7888
10938 7889
10940 7890
10942 7891
10944 7892
10945 7893
10946 7894
10948 7895
10949 7896
10950 7897
10954 7898
10955 7899
10956 7900
10959 7901
10961 7902
10962 7903
10963 7904
10964 7905
10965 7906
10967 7907
10968 7908
10969 7909
10971 7910
10972 7911
10973 7912
10974 7913
10975 7914
10977 7915
10978 7916
10980 7917
10981 7918
10982 7919
10983 7920
10985 7921
10986 7922
10987 7923
10988 7924
10989 7925
10991 7926
10992 7927
10995 7928
10996 7929
10999 7930
11000 7931
11001 7932
11002 7933
11003 7934
11005 7935
11006 7936
11007 7937
11008 7938
11009 7939
11010 7940
11011 7941
11012 7942
11013 7943
11014 7944
11015 7945
11016 7946
11017 7947
11018 7948
11019 7949
11020 7950
11021 7951
11024 7952
11026 7953
11027 7954
11028 7955
11029 7956
11032 7957
11033 7958
11035 7959
11036 7960
11037 7961
11038 7962
11039 7963
11040 7964
11041 7965
11042 7966
11044 7967
11046 7968
11048 7969
11053 7970
11055 7971
11056 7972
11057 7973
11058 7974
11060 7975
11061 7976
11062 7977
11063 7978
11064 7979
11065 7980
11066 7981
11068 7982
11069 7983
11070 7984
11072 7985
11073 7986
11075 7987
11077 7988
11079 7989
11080 7990
11081 7991
11082 7992
11083 7993
11084 7994
11085 7995
11086 7996
11088 7997
11089 7998
11091 7999
11092 8000
11093 8001
11094 8002
11095 8003
11096 8004
11097 8005
11098 8006
11099 8007
11101 8008
11103 8009
11104 8010
11105 8011
11106 8012
11107 8013
11108 8014
11109 8015
11110 8016
11111 8017
11112 8018
11113 8019
11114 8020
11116 8021
11118 8022
11119 8023
11120 8024
11123 8025
11124 8026
11126 8027
11127 8028
11128 8029
11131 8030
11134 8031
11136 8032
11137 8033
11138 8034
11139 8035
11140 8036
11141 8037
11143 8038
11145 8039
11147 8040
11148 8041
11149 8042
11150 8043
11152 8044
11153 8045
11154 8046
11155 8047
11156 8048
11157 8049
11158 8050
11159 8051
11160 8052
11162 8053
11163 8054
11165 8055
11169 8056
11170 8057
11172 8058
11174 8059
11175 8060
11177 8061
11178 8062
11180 8063
11181 8064
11183 8065
11185 8066
11187 8067
11188 8068
11189 8069
11191 8070
11193 8071
11194 8072
11195 8073
11196 8074
11197 8075
11198 8076
11199 8077
11200 8078
11201 8079
11202 8080
11203 8081
11204 8082
11206 8083
11207 8084
11208 8085
11209 8086
11213 8087
11214 8088
11215 8089
11216 8090
11219 8091
11220 8092
11221 8093
11222 8094
11223 8095
11224 8096
11225 8097
11226 8098
11228 8099
11229 8100
11231 8101
11232 8102
11233 8103
11234 8104
11235 8105
11236 8106
11237 8107
11238 8108
11239 8109
11241 8110
11242 8111
11244 8112
11247 8113
11248 8114
11249 8115
11250 8116
11252 8117
11254 8118
11255 8119
11256 8120
11259 8121
11260 8122
11261 8123
11262 8124
11263 8125
11264 8126
11265 8127
11266 8128
11267 8129
11268 8130
11269 8131
11270 8132
11271 8133
11272 8134
11273 8135
11275 8136
11276 8137
11277 8138
11279 8139
11280 8140
11282 8141
11283 8142
11285 8143
11288 8144
11289 8145
11291 8146
11292 8147
11293 8148
11294 8149
11296 8150
11297 8151
11300 8152
11301 8153
11302 8154
11303 8155
11304 8156
11305 8157
11306 8158
11307 8159
11308 8160
11309 8161
11312 8162
11313 8163
11314 8164
11315 8165
11316 8166
11317 8167
11318 8168
11320 8169
11321 8170
11322 8171
11323 8172
11325 8173
11327 8174
11328 8175
11329 8176
11330 8177
11331 8178
11332 8179
11333 8180
11337 8181
11338 8182
11340 8183
11342 8184
11343 8185
11344 8186
11345 8187
11348 8188
11349 8189
11351 8190
11352 8191
11353 8192
11354 8193
11355 8194
11357 8195
11358 8196
11359 8197
11360 8198
11361 8199
11362 8200
11363 8201
11365 8202
11366 8203
11367 8204
11368 8205
11371 8206
11372 8207
11373 8208
11374 8209
11376 8210
11377 8211
11378 8212
11379 8213
11380 8214
11381 8215
11383 8216
11384 8217
11385 8218
11387 8219
11388 8220
11389 8221
11390 8222
11391 8223
11393 8224
11394 8225
11395 8226
11397 8227
11399 8228
11400 8229
11402 8230
11403 8231
11404 8232
11405 8233
11406 8234
11407 8235
11408 8236
11409 8237
11411 8238
11412 8239
11413 8240
11415 8241
11416 8242
11417 8243
11418 8244
11419 8245
11420 8246
11422 8247
11426 8248
11427 8249
11428 8250
11429 8251
11430 8252
11431 8253
11432 8254
11433 8255
11434 8256
11437 8257
11438 8258
11439 8259
11443 8260
11444 8261
11445 8262
11446 8263
11448 8264
11449 8265
11450 8266
11451 8267
11452 8268
11453 8269
11454 8270
11455 8271
11456 8272
11457 8273
11458 8274
11460 8275
11463 8276
11464 8277
11467 8278
11468 8279
11469 8280
11472 8281
11475 8282
11476 8283
11477 8284
11478 8285
11479 8286
11480 8287
11481 8288
11482 8289
11483 8290
11484 8291
11485 8292
11486 8293
11487 8294
11489 8295
11490 8296
11491 8297
11492 8298
11493 8299
11494 8300
11495 8301
11496 8302
11497 8303
11498 8304
11499 8305
11500 8306
11503 8307
11504 8308
11506 8309
11508 8310
11509 8311
11510 8312
11511 8313
11512 8314
11513 8315
11514 8316
11515 8317
11517 8318
11518 8319
11520 8320
11524 8321
11525 8322
11526 8323
11527 8324
11529 8325
11530 8326
11531 8327
11532 8328
11534 8329
11535 8330
11536 8331
11539 8332
11540 8333
11544 8334
11546 8335
11547 8336
11548 8337
11550 8338
11551 8339
11552 8340
11553 8341
11554 8342
11558 8343
11559 8344
11560 8345
11561 8346
11562 8347
11563 8348
11564 8349
11566 8350
11569 8351
11570 8352
11571 8353
11572 8354
11574 8355
11575 8356
11579 8357
11580 8358
11581 8359
11582 8360
11584 8361
11585 8362
11586 8363
11588 8364
11589 8365
11590 8366
11591 8367
11593 8368
11594 8369
11595 8370
11596 8371
11598 8372
11603 8373
11604 8374
11605 8375
11606 8376
11608 8377
11609 8378
11611 8379
11613 8380
11614 8381
11616 8382
11617 8383
11618 8384
11619 8385
11621 8386
11622 8387
11623 8388
11624 8389
11625 8390
11626 8391
11627 8392
11628 8393
11629 8394
11630 8395
11631 8396
11632 8397
11633 8398
11634 8399
11635 8400
11636 8401
11637 8402
11638 8403
11639 8404
11640 8405
11641 8406
11642 8407
11644 8408
11645 8409
11646 8410
11647 8411
11649 8412
11651 8413
11652 8414
11653 8415
11654 8416
11655 8417
11656 8418
11657 8419
11658 8420
11659 8421
11660 8422
11662 8423
11663 8424
11665 8425
11666 8426
11667 8427
11668 8428
11669 8429
11670 8430
11671 8431
11672 8432
11673 8433
11674 8434
11675 8435
11678 8436
11679 8437
11681 8438
11682 8439
11684 8440
11685 8441
11687 8442
11688 8443
11689 8444
11690 8445
11691 8446
11693 8447
11694 8448
11695 8449
11696 8450
11697 8451
11698 8452
11699 8453
11700 8454
11702 8455
11703 8456
11705 8457
11707 8458
11708 8459
11709 8460
11713 8461
11714 8462
11716 8463
11717 8464
11718 8465
11719 8466
11720 8467
11721 8468
11722 8469
11723 8470
11724 8471
11726 8472
11729 8473
11730 8474
11731 8475
11733 8476
11735 8477
11736 8478
11738 8479
11739 8480
11740 8481
11741 8482
11742 8483
11744 8484
11745 8485
11746 8486
11749 8487
11750 8488
11751 8489
11752 8490
11753 8491
11754 8492
11755 8493
11756 8494
11757 8495
11758 8496
11760 8497
11763 8498
11764 8499
11765 8500
11768 8501
11769 8502
11770 8503
11772 8504
11774 8505
11775 8506
11778 8507
11780 8508
11781 8509
11782 8510
11784 8511
11785 8512
11786 8513
11787 8514
11792 8515
11795 8516
11796 8517
11797 8518
11799 8519
11800 8520
11802 8521
11804 8522
11806 8523
11808 8524
11809 8525
11811 8526
11812 8527
11813 8528
11814 8529
11815 8530
11820 8531
11821 8532
11823 8533
11825 8534
11827 8535
11828 8536
11829 8537
11830 8538
11831 8539
11832 8540
11833 8541
11834 8542
11835 8543
11836 8544
11838 8545
11839 8546
11840 8547
11841 8548
11843 8549
11844 8550
11846 8551
11847 8552
11848 8553
11849 8554
11850 8555
11851 8556
11852 8557
11853 8558
11854 8559
11855 8560
11856 8561
11858 8562
11859 8563
11861 8564
11862 8565
11865 8566
11868 8567
11870 8568
11872 8569
11874 8570
11875 8571
11876 8572
11877 8573
11878 8574
11879 8575
11881 8576
11883 8577
11884 8578
11885 8579
11886 8580
11888 8581
11889 8582
11891 8583
11892 8584
11893 8585
11894 8586
11895 8587
11898 8588
11899 8589
11901 8590
11902 8591
11905 8592
11906 8593
11907 8594
11908 8595
11909 8596
11910 8597
11914 8598
11915 8599
11916 8600
11917 8601
11918 8602
11919 8603
11920 8604
11921 8605
11922 8606
11923 8607
11927 8608
11928 8609
11929 8610
11931 8611
11932 8612
11933 8613
11934 8614
11935 8615
11937 8616
11938 8617
11940 8618
11941 8619
11942 8620
11943 8621
11944 8622
11945 8623
11946 8624
11949 8625
11950 8626
11951 8627
11952 8628
11954 8629
11955 8630
11959 8631
11960 8632
11961 8633
11962 8634
11963 8635
11965 8636
11966 8637
11967 8638
11968 8639
11969 8640
11970 8641
11971 8642
11972 8643
11973 8644
11975 8645
11976 8646
11977 8647
11978 8648
11979 8649
11982 8650
11983 8651
11984 8652
11985 8653
11986 8654
11987 8655
11988 8656
11989 8657
11990 8658
11991 8659
11992 8660
11993 8661
11994 8662
11995 8663
11996 8664
11997 8665
11998 8666
11999 8667
12000 8668
12001 8669
12002 8670
12003 8671
12006 8672
12007 8673
12008 8674
12009 8675
12013 8676
12014 8677
12016 8678
12017 8679
12018 8680
12019 8681
12020 8682
12021 8683
12022 8684
12024 8685
12025 8686
12026 8687
12027 8688
12028 8689
12029 8690
12030 8691
12031 8692
12032 8693
12033 8694
12034 8695
12035 8696
12036 8697
12040 8698
12041 8699
12044 8700
12045 8701
12046 8702
12048 8703
12049 8704
12050 8705
12051 8706
12052 8707
12053 8708
12054 8709
12056 8710
12057 8711
12058 8712
12059 8713
12060 8714
12061 8715
12062 8716
12063 8717
12064 8718
12065 8719
12066 8720
12067 8721
12068 8722
12071 8723
12072 8724
12073 8725
12074 8726
12075 8727
12076 8728
12077 8729
12078 8730
12079 8731
12080 8732
12081 8733
12083 8734
12084 8735
12085 8736
12087 8737
12088 8738
12089 8739
12090 8740
12091 8741
12092 8742
12093 8743
12094 8744
12095 8745
12097 8746
12098 8747
12099 8748
12103 8749
12104 8750
12105 8751
12107 8752
12108 8753
12109 8754
12110 8755
12111 8756
12112 8757
12113 8758
12114 8759
12115 8760
12116 8761
12117 8762
12118 8763
12121 8764
12122 8765
12123 8766
12124 8767
12127 8768
12131 8769
12132 8770
12133 8771
12134 8772
12136 8773
12137 8774
12138 8775
12140 8776
12141 8777
12144 8778
12145 8779
12147 8780
12148 8781
12149 8782
12150 8783
12152 8784
12153 8785
12154 8786
12157 8787
12158 8788
12161 8789
12162 8790
12163 8791
12164 8792
12165 8793
12167 8794
12168 8795
12169 8796
12172 8797
12173 8798
12174 8799
12175 8800
12176 8801
12180 8802
12181 8803
12184 8804
12186 8805
12187 8806
12188 8807
12189 8808
12190 8809
12191 8810
12193 8811
12195 8812
12197 8813
12198 8814
12201 8815
12202 8816
12203 8817
12204 8818
12205 8819
12206 8820
12207 8821
12209 8822
12210 8823
12211 8824
12214 8825
12215 8826
12216 8827
12218 8828
12219 8829
12220 8830
12221 8831
12222 8832
12224 8833
12225 8834
12226 8835
12227 8836
12228 8837
12229 8838
12230 8839
12233 8840
12234 8841
12235 8842
12236 8843
12237 8844
12239 8845
12240 8846
12241 8847
12246 8848
12247 8849
12248 8850
12249 8851
12250 8852
12251 8853
12253 8854
12255 8855
12256 8856
12257 8857
12258 8858
12259 8859
12260 8860
12262 8861
12264 8862
12265 8863
12266 8864
12267 8865
12269 8866
12270 8867
12271 8868
12272 8869
12273 8870
12274 8871
12275 8872
12278 8873
12279 8874
12281 8875
12282 8876
12283 8877
12284 8878
12285 8879
12286 8880
12287 8881
12289 8882
12290 8883
12291 8884
12292 8885
12295 8886
12298 8887
12299 8888
12300 8889
12301 8890
12303 8891
12305 8892
12306 8893
12307 8894
12308 8895
12311 8896
12312 8897
12313 8898
12317 8899
12318 8900
12320 8901
12321 8902
12325 8903
12327 8904
12328 8905
12329 8906
12330 8907
12331 8908
12332 8909
12333 8910
12334 8911
12336 8912
12337 8913
12338 8914
12340 8915
12341 8916
12343 8917
12344 8918
12345 8919
12348 8920
12349 8921
12350 8922
12351 8923
12352 8924
12353 8925
12355 8926
12356 8927
12357 8928
12358 8929
12359 8930
12360 8931
12361 8932
12362 8933
12363 8934
12364 8935
12365 8936
12366 8937
12369 8938
12371 8939
12372 8940
12373 8941
12374 8942
12375 8943
12378 8944
12379 8945
12380 8946
12382 8947
12383 8948
12386 8949
12387 8950
12388 8951
12389 8952
12390 8953
12391 8954
12392 8955
12393 8956
12394 8957
12395 8958
12396 8959
12397 8960
12398 8961
12400 8962
12401 8963
12402 8964
12404 8965
12405 8966
12406 8967
12407 8968
12408 8969
12412 8970
12414 8971
12415 8972
12419 8973
12420 8974
12421 8975
12422 8976
12424 8977
12425 8978
12426 8979
12427 8980
12429 8981
12430 8982
12432 8983
12433 8984
12434 8985
12435 8986
12436 8987
12438 8988
12440 8989
12443 8990
12447 8991
12448 8992
12449 8993
12450 8994
12451 8995
12452 8996
12453 8997
12454 8998
12455 8999
12456 9000
12458 9001
12459 9002
12460 9003
12462 9004
12463 9005
12465 9006
12467 9007
12468 9008
12469 9009
12470 9010
12472 9011
12474 9012
12475 9013
12476 9014
12477 9015
12478 9016
12479 9017
12480 9018
12481 9019
12483 9020
12484 9021
12486 9022
12487 9023
12489 9024
12492 9025
12493 9026
12494 9027
12496 9028
12498 9029
12499 9030
12501 9031
12502 9032
12503 9033
12504 9034
12505 9035
12506 9036
12507 9037
12508 9038
12509 9039
12510 9040
12513 9041
12514 9042
12516 9043
12517 9044
12518 9045
12519 9046
12520 9047
12521 9048
12522 9049
12523 9050
12524 9051
12525 9052
12526 9053
12528 9054
12530 9055
12531 9056
12532 9057
12533 9058
12534 9059
12535 9060
12536 9061
12537 9062
12538 9063
12539 9064
12541 9065
12542 9066
12543 9067
12546 9068
12547 9069
12548 9070
12550 9071
12551 9072
12552 9073
12553 9074
12554 9075
12555 9076
12556 9077
12557 9078
12560 9079
12561 9080
12562 9081
12563 9082
12564 9083
12566 9084
12567 9085
12568 9086
12569 9087
12570 9088
12571 9089
12572 9090
12573 9091
12575 9092
12576 9093
12578 9094
12581 9095
12582 9096
12584 9097
12586 9098
12587 9099
12588 9100
12590 9101
12591 9102
12593 9103
12597 9104
12598 9105
12599 9106
12600 9107
12603 9108
12605 9109
12607 9110
12608 9111
12609 9112
12610 9113
12612 9114
12614 9115
12617 9116
12618 9117
12619 9118
12620 9119
12621 9120
12624 9121
12626 9122
12628 9123
12629 9124
12630 9125
12634 9126
12635 9127
12636 9128
12637 9129
12640 9130
12644 9131
12645 9132
12647 9133
12650 9134
12652 9135
12653 9136
12655 9137
12656 9138
12657 9139
12659 9140
12661 9141
12662 9142
12663 9143
12665 9144
12668 9145
12669 9146
12670 9147
12671 9148
12673 9149
12675 9150
12676 9151
12678 9152
12680 9153
12683 9154
12684 9155
12685 9156
12687 9157
12688 9158
12689 9159
12690 9160
12691 9161
12692 9162
12694 9163
12695 9164
12696 9165
12697 9166
12699 9167
12700 9168
12702 9169
12703 9170
12704 9171
12705 9172
12706 9173
12707 9174
12708 9175
12709 9176
12710 9177
12711 9178
12713 9179
12716 9180
12718 9181
12720 9182
12721 9183
12722 9184
12723 9185
12724 9186
12725 9187
12726 9188
12727 9189
12728 9190
12731 9191
12732 9192
12733 9193
12736 9194
12738 9195
12739 9196
12740 9197
12741 9198
12743 9199
12744 9200
12745 9201
12746 9202
12747 9203
12751 9204
12752 9205
12754 9206
12756 9207
12757 9208
12758 9209
12759 9210
12762 9211
12763 9212
12764 9213
12765 9214
12766 9215
12767 9216
12768 9217
12771 9218
12772 9219
12773 9220
12775 9221
12776 9222
12777 9223
12778 9224
12780 9225
12783 9226
12785 9227
12786 9228
12787 9229
12789 9230
12790 9231
12791 9232
12792 9233
12793 9234
12796 9235
12798 9236
12799 9237
12800 9238
12802 9239
12803 9240
12804 9241
12805 9242
12806 9243
12807 9244
12810 9245
12811 9246
12812 9247
12815 9248
12817 9249
12820 9250
12821 9251
12825 9252
12827 9253
12828 9254
12831 9255
12832 9256
12833 9257
12834 9258
12835 9259
12836 9260
12838 9261
12839 9262
12840 9263
12841 9264
12842 9265
12843 9266
12844 9267
12845 9268
12846 9269
12847 9270
12849 9271
12850 9272
12853 9273
12854 9274
12856 9275
12857 9276
12858 9277
12859 9278
12860 9279
12862 9280
12863 9281
12864 9282
12865 9283
12867 9284
12868 9285
12870 9286
12872 9287
12873 9288
12874 9289
12875 9290
12878 9291
12881 9292
12883 9293
12884 9294
12885 9295
12886 9296
12887 9297
12888 9298
12889 9299
12890 9300
12892 9301
12894 9302
12895 9303
12896 9304
12897 9305
12898 9306
12901 9307
12902 9308
12903 9309
12907 9310
12908 9311
12909 9312
12911 9313
12912 9314
12913 9315
12914 9316
12915 9317
12916 9318
12917 9319
12918 9320
12919 9321
12920 9322
12922 9323
12923 9324
12924 9325
12925 9326
12926 9327
12928 9328
12931 9329
12932 9330
12933 9331
12935 9332
12936 9333
12937 9334
12938 9335
12939 9336
12940 9337
12941 9338
12942 9339
12943 9340
12944 9341
12946 9342
12947 9343
12948 9344
12949 9345
12953 9346
12957 9347
12958 9348
12959 9349
12961 9350
12962 9351
12963 9352
12964 9353
12967 9354
12968 9355
12969 9356
12970 9357
12973 9358
12974 9359
12976 9360
12979 9361
12980 9362
12982 9363
12983 9364
12984 9365
12985 9366
12986 9367
12987 9368
12988 9369
12989 9370
12991 9371
12992 9372
12993 9373
12994 9374
12999 9375
13000 9376
13001 9377
13003 9378
13004 9379
13005 9380
13006 9381
13007 9382
13008 9383
13009 9384
13010 9385
13011 9386
13012 9387
13013 9388
13014 9389
13015 9390
13017 9391
13019 9392
13020 9393
13021 9394
13023 9395
13024 9396
13025 9397
13026 9398
13027 9399
13028 9400
13032 9401
13033 9402
13034 9403
13035 9404
13036 9405
13037 9406
13039 9407
13040 9408
13041 9409
13042 9410
13043 9411
13044 9412
13045 9413
13047 9414
13048 9415
13049 9416
13050 9417
13051 9418
13053 9419
13056 9420
13057 9421
13060 9422
13061 9423
13062 9424
13063 9425
13064 9426
13066 9427
13067 9428
13068 9429
13073 9430
13074 9431
13075 9432
13076 9433
13077 9434
13078 9435
13079 9436
13080 9437
13081 9438
13082 9439
13083 9440
13084 9441
13086 9442
13087 9443
13090 9444
13091 9445
13092 9446
13094 9447
13095 9448
13096 9449
13097 9450
13099 9451
13100 9452
13101 9453
13102 9454
13105 9455
13106 9456
13108 9457
13109 9458
13110 9459
13112 9460
13113 9461
13115 9462
13116 9463
13117 9464
13119 9465
13120 9466
13121 9467
13122 9468
13124 9469
13125 9470
13126 9471
13127 9472
13129 9473
13131 9474
13132 9475
13133 9476
13134 9477
13137 9478
13138 9479
13142 9480
13143 9481
13144 9482
13145 9483
13146 9484
13148 9485
13149 9486
13150 9487
13151 9488
13152 9489
13153 9490
13154 9491
13155 9492
13156 9493
13157 9494
13159 9495
13160 9496
13161 9497
13163 9498
13167 9499
13168 9500
13169 9501
13171 9502
13174 9503
13175 9504
13176 9505
13177 9506
13178 9507
13180 9508
13182 9509
13184 9510
13187 9511
13188 9512
13189 9513
13191 9514
13192 9515
13193 9516
13194 9517
13198 9518
13199 9519
13200 9520
13205 9521
13207 9522
13210 9523
13211 9524
13212 9525
13215 9526
13216 9527
13217 9528
13219 9529
13220 9530
13222 9531
13223 9532
13224 9533
13226 9534
13227 9535
13228 9536
13229 9537
13230 9538
13232 9539
13235 9540
13236 9541
13238 9542
13240 9543
13242 9544
13243 9545
13244 9546
13245 9547
13246 9548
13247 9549
13251 9550
13252 9551
13255 9552
13258 9553
13259 9554
13261 9555
13262 9556
13263 9557
13265 9558
13266 9559
13267 9560
13268 9561
13269 9562
13270 9563
13271 9564
13272 9565
13273 9566
13274 9567
13276 9568
13277 9569
13278 9570
13280 9571
13282 9572
13283 9573
13285 9574
13286 9575
13287 9576
13288 9577
13294 9578
13297 9579
13298 9580
13299 9581
13300 9582
13301 9583
13302 9584
13303 9585
13304 9586
13305 9587
13306 9588
13307 9589
13308 9590
13309 9591
13310 9592
13311 9593
13313 9594
13314 9595
13315 9596
13316 9597
13318 9598
13319 9599
13320 9600
13321 9601
13323 9602
13324 9603
13325 9604
13326 9605
13327 9606
13328 9607
13329 9608
13330 9609
13331 9610
13332 9611
13333 9612
13335 9613
13336 9614
13338 9615
13339 9616
13340 9617
13341 9618
13344 9619
13345 9620
13346 9621
13348 9622
13349 9623
13350 9624
13352 9625
13353 9626
13354 9627
13356 9628
13357 9629
13358 9630
13360 9631
13361 9632
13362 9633
13363 9634
13365 9635
13367 9636
13368 9637
13369 9638
13370 9639
13371 9640
13372 9641
13373 9642
13374 9643
13375 9644
13376 9645
13377 9646
13379 9647
13381 9648
13385 9649
13387 9650
13388 9651
13389 9652
13390 9653
13391 9654
13392 9655
13393 9656
13394 9657
13395 9658
13397 9659
13398 9660
13399 9661
13400 9662
13402 9663
13405 9664
13406 9665
13409 9666
13410 9667
13411 9668
13412 9669
13413 9670
13415 9671
13416 9672
13417 9673
13418 9674
13419 9675
13421 9676
13422 9677
13423 9678
13424 9679
13427 9680
13428 9681
13429 9682
13431 9683
13432 9684
13433 9685
13435 9686
13436 9687
13437 9688
13438 9689
13439 9690
13440 9691
13441 9692
13442 9693
13443 9694
13444 9695
13446 9696
13447 9697
13448 9698
13449 9699
13450 9700
13451 9701
13452 9702
13454 9703
13455 9704
13458 9705
13459 9706
13460 9707
13463 9708
13464 9709
13465 9710
13467 9711
13468 9712
13469 9713
13470 9714
13471 9715
13472 9716
13473 9717
13477 9718
13481 9719
13482 9720
13483 9721
13484 9722
13485 9723
13487 9724
13490 9725
13491 9726
13492 9727
13495 9728
13496 9729
13499 9730
13500 9731
13503 9732
13506 9733
13507 9734
13508 9735
13509 9736
13510 9737
13512 9738
13513 9739
13514 9740
13515 9741
13516 9742
13517 9743
13520 9744
13521 9745
13522 9746
13523 9747
13524 9748
13525 9749
13527 9750
13529 9751
13530 9752
13531 9753
13533 9754
13534 9755
13536 9756
13538 9757
13541 9758
13542 9759
13544 9760
13545 9761
13546 9762
13547 9763
13548 9764
13549 9765
13550 9766
13551 9767
13553 9768
13556 9769
13557 9770
13558 9771
13560 9772
13563 9773
13564 9774
13565 9775
13566 9776
13567 9777
13569 9778
13570 9779
13571 9780
13572 9781
13573 9782
13575 9783
13577 9784
13579 9785
13580 9786
13581 9787
13582 9788
13583 9789
13584 9790
13586 9791
13587 9792
13589 9793
13590 9794
13591 9795
13592 9796
13595 9797
13597 9798
13598 9799
13600 9800
13601 9801
13602 9802
13605 9803
13608 9804
13609 9805
13610 9806
13611 9807
13612 9808
13613 9809
13614 9810
13617 9811
13618 9812
13620 9813
13622 9814
13623 9815
13624 9816
13626 9817
13628 9818
13629 9819
13630 9820
13631 9821
13632 9822
13633 9823
13634 9824
13635 9825
13636 9826
13638 9827
13639 9828
13640 9829
13642 9830
13644 9831
13645 9832
13646 9833
13647 9834
13648 9835
13649 9836
13650 9837
13651 9838
13652 9839
13653 9840
13654 9841
13656 9842
13657 9843
13658 9844
13660 9845
13661 9846
13663 9847
13664 9848
13665 9849
13666 9850
13669 9851
13671 9852
13672 9853
13673 9854
13674 9855
13675 9856
13676 9857
13678 9858
13679 9859
13680 9860
13681 9861
13682 9862
13683 9863
13684 9864
13685 9865
13688 9866
13690 9867
13691 9868
13692 9869
13694 9870
13696 9871
13697 9872
13698 9873
13699 9874
13700 9875
13702 9876
13703 9877
13704 9878
13705 9879
13706 9880
13708 9881
13709 9882
13710 9883
13711 9884
13712 9885
13715 9886
13716 9887
13717 9888
13718 9889
13719 9890
13720 9891
13721 9892
13722 9893
13723 9894
13724 9895
13725 9896
13726 9897
13728 9898
13729 9899
13730 9900
13731 9901
13735 9902
13736 9903
13737 9904
13738 9905
13739 9906
13740 9907
13741 9908
13742 9909
13743 9910
13744 9911
13745 9912
13746 9913
13747 9914
13748 9915
13749 9916
13750 9917
13751 9918
13753 9919
13754 9920
13755 9921
13756 9922
13757 9923
13758 9924
13759 9925
13760 9926
13761 9927
13763 9928
13764 9929
13766 9930
13767 9931
13768 9932
13769 9933
13770 9934
13772 9935
13773 9936
13774 9937
13775 9938
13776 9939
13778 9940
13779 9941
13780 9942
13781 9943
13783 9944
13784 9945
13786 9946
13787 9947
13788 9948
13790 9949
13792 9950
13796 9951
13797 9952
13798 9953
13799 9954
13801 9955
13804 9956
13807 9957
13808 9958
13809 9959
13811 9960
13813 9961
13815 9962
13816 9963
13817 9964
13819 9965
13820 9966
13821 9967
13823 9968
13826 9969
13828 9970
13829 9971
13830 9972
13831 9973
13832 9974
13833 9975
13834 9976
13837 9977
13840 9978
13841 9979
13842 9980
13844 9981
13845 9982
13846 9983
13847 9984
13850 9985
13852 9986
13853 9987
13856 9988
13858 9989
13859 9990
13862 9991
13864 9992
13866 9993
13867 9994
13869 9995
13870 9996
13872 9997
13874 9998
13875 9999
13877 10000
13878 10001
13879 10002
13882 10003
13883 10004
13884 10005
13886 10006
13887 10007
13888 10008
13889 10009
13890 10010
13891 10011
13893 10012
13896 10013
13897 10014
13898 10015
13899 10016
13901 10017
13903 10018
13904 10019
13905 10020
13906 10021
13907 10022
13908 10023
13910 10024
13911 10025
13912 10026
13913 10027
13915 10028
13916 10029
13917 10030
13918 10031
13920 10032
13921 10033
13922 10034
13923 10035
13926 10036
13928 10037
13930 10038
13931 10039
13933 10040
13934 10041
13938 10042
13942 10043
13945 10044
13946 10045
13947 10046
13949 10047
13950 10048
13951 10049
13952 10050
13953 10051
13954 10052
13955 10053
13957 10054
13958 10055
13961 10056
13963 10057
13966 10058
13968 10059
13969 10060
13972 10061
13973 10062
13975 10063
13976 10064
13977 10065
13980 10066
13981 10067
13982 10068
13983 10069
13986 10070
13987 10071
13988 10072
13989 10073
13990 10074
13992 10075
13993 10076
13994 10077
13995 10078
13999 10079
14000 10080
14001 10081
14002 10082
14004 10083
14005 10084
14006 10085
14008 10086
14010 10087
14011 10088
14012 10089
14014 10090
14018 10091
14019 10092
14020 10093
14024 10094
14026 10095
14027 10096
14030 10097
14032 10098
14033 10099
14034 10100
14035 10101
14036 10102
14037 10103
14038 10104
14039 10105
14041 10106
14044 10107
14045 10108
14047 10109
14048 10110
14049 10111
14050 10112
14051 10113
14054 10114
14055 10115
14056 10116
14057 10117
14058 10118
14059 10119
14060 10120
14061 10121
14063 10122
14065 10123
14066 10124
14068 10125
14069 10126
14070 10127
14071 10128
14072 10129
14073 10130
14074 10131
14076 10132
14078 10133
14079 10134
14081 10135
14083 10136
14086 10137
14093 10138
14095 10139
14096 10140
14098 10141
14099 10142
14100 10143
14102 10144
14104 10145
14105 10146
14106 10147
14107 10148
14108 10149
14109 10150
14111 10151
14112 10152
14114 10153
14115 10154
14116 10155
14117 10156
14118 10157
14119 10158
14120 10159
14122 10160
14123 10161
14125 10162
14127 10163
14129 10164
14131 10165
14132 10166
14134 10167
14135 10168
14136 10169
14137 10170
14138 10171
14139 10172
14141 10173
14142 10174
14143 10175
14144 10176
14145 10177
14147 10178
14149 10179
14150 10180
14151 10181
14152 10182
14153 10183
14154 10184
14159 10185
14160 10186
14161 10187
14162 10188
14165 10189
14166 10190
14168 10191
14169 10192
14170 10193
14171 10194
14174 10195
14176 10196
14177 10197
14180 10198
14183 10199
14184 10200
14185 10201
14186 10202
14188 10203
14189 10204
14190 10205
14192 10206
14193 10207
14194 10208
14195 10209
14196 10210
14201 10211
14202 10212
14203 10213
14204 10214
14205 10215
14208 10216
14209 10217
14210 10218
14211 10219
14212 10220
14214 10221
14216 10222
14221 10223
14222 10224
14223 10225
14224 10226
14225 10227
14226 10228
14228 10229
14230 10230
14232 10231
14234 10232
14235 10233
14237 10234
14240 10235
14241 10236
14243 10237
14244 10238
14246 10239
14247 10240
14248 10241
14249 10242
14250 10243
14251 10244
14253 10245
14255 10246
14256 10247
14258 10248
14259 10249
14261 10250
14262 10251
14263 10252
14265 10253
14267 10254
14269 10255
14271 10256
14272 10257
14273 10258
14274 10259
14275 10260
14276 10261
14278 10262
14281 10263
14282 10264
14283 10265
14284 10266
14286 10267
14289 10268
14290 10269
14293 10270
14296 10271
14297 10272
14299 10273
14301 10274
14302 10275
14303 10276
14304 10277
14305 10278
14307 10279
14309 10280
14310 10281
14311 10282
14315 10283
14320 10284
14323 10285
14325 10286
14327 10287
14328 10288
14329 10289
14330 10290
14332 10291
14333 10292
14334 10293
14335 10294
14336 10295
14337 10296
14338 10297
14339 10298
14340 10299
14341 10300
14342 10301
14343 10302
14344 10303
14345 10304
14346 10305
14348 10306
14349 10307
14351 10308
14353 10309
14354 10310
14356 10311
14357 10312
14358 10313
14360 10314
14361 10315
14362 10316
14363 10317
14364 10318
14365 10319
14366 10320
14367 10321
14368 10322
14370 10323
14371 10324
14372 10325
14373 10326
14376 10327
14377 10328
14378 10329
14379 10330
14381 10331
14383 10332
14385 10333
14386 10334
14388 10335
14390 10336
14391 10337
14393 10338
14394 10339
14395 10340
14396 10341
14398 10342
14399 10343
14402 10344
14403 10345
14404 10346
14405 10347
14406 10348
14407 10349
14408 10350
14409 10351
14410 10352
14412 10353
14414 10354
14415 10355
14416 10356
14418 10357
14419 10358
14420 10359
14422 10360
14423 10361
14425 10362
14426 10363
14427 10364
14428 10365
14429 10366
14430 10367
14432 10368
14433 10369
14434 10370
14435 10371
14436 10372
14437 10373
14438 10374
14439 10375
14441 10376
14443 10377
14445 10378
14446 10379
14447 10380
14448 10381
14451 10382
14453 10383
14454 10384
14455 10385
14456 10386
14457 10387
14459 10388
14461 10389
14463 10390
14464 10391
14465 10392
14467 10393
14468 10394
14470 10395
14471 10396
14474 10397
14475 10398
14476 10399
14478 10400
14479 10401
14481 10402
14482 10403
14483 10404
14484 10405
14485 10406
14486 10407
14487 10408
14489 10409
14490 10410
14491 10411
14492 10412
14493 10413
14494 10414
14495 10415
14497 10416
14498 10417
14499 10418
14501 10419
14503 10420
14504 10421
14505 10422
14506 10423
14507 10424
14508 10425
14510 10426
14511 10427
14512 10428
14513 10429
14515 10430
14516 10431
14520 10432
14521 10433
14523 10434
14524 10435
14525 10436
14526 10437
14527 10438
14528 10439
14529 10440
14530 10441
14533 10442
14534 10443
14535 10444
14536 10445
14537 10446
14538 10447
14540 10448
14541 10449
14542 10450
14543 10451
14544 10452
14546 10453
14547 10454
14548 10455
14550 10456
14551 10457
14552 10458
14553 10459
14554 10460
14555 10461
14559 10462
14560 10463
14561 10464
14562 10465
14563 10466
14565 10467
14566 10468
14567 10469
14570 10470
14571 10471
14572 10472
14573 10473
14574 10474
14577 10475
14578 10476
14579 10477
14580 10478
14581 10479
14582 10480
14583 10481
14584 10482
14585 10483
14588 10484
14589 10485
14590 10486
14591 10487
14595 10488
14597 10489
14598 10490
14599 10491
14601 10492
14603 10493
14606 10494
14607 10495
14609 10496
14610 10497
14611 10498
14614 10499
14615 10500
14616 10501
14617 10502
14618 10503
14620 10504
14621 10505
14622 10506
14624 10507
14625 10508
14626 10509
14627 10510
14629 10511
14631 10512
14632 10513
14633 10514
14634 10515
14635 10516
14636 10517
14637 10518
14638 10519
14639 10520
14642 10521
14643 10522
14648 10523
14649 10524
14650 10525
14652 10526
14654 10527
14658 10528
14659 10529
14660 10530
14661 10531
14662 10532
14663 10533
14664 10534
14665 10535
14667 10536
14669 10537
14670 10538
14671 10539
14673 10540
14674 10541
14676 10542
14677 10543
14679 10544
14680 10545
14681 10546
14682 10547
14684 10548
14685 10549
14687 10550
14689 10551
14690 10552
14691 10553
14692 10554
14693 10555
14694 10556
14695 10557
14696 10558
14699 10559
14701 10560
14702 10561
14704 10562
14705 10563
14706 10564
14710 10565
14711 10566
14712 10567
14713 10568
14714 10569
14715 10570
14717 10571
14718 10572
14719 10573
14720 10574
14721 10575
14723 10576
14725 10577
14726 10578
14727 10579
14731 10580
14733 10581
14734 10582
14735 10583
14736 10584
14737 10585
14738 10586
14739 10587
14742 10588
14743 10589
14744 10590
14746 10591
14748 10592
14749 10593
14750 10594
14751 10595
14752 10596
14755 10597
14756 10598
14758 10599
14759 10600
14763 10601
14765 10602
14766 10603
14767 10604
14768 10605
14769 10606
14771 10607
14772 10608
14773 10609
14774 10610
14775 10611
14777 10612
14778 10613
14779 10614
14780 10615
14781 10616
14783 10617
14784 10618
14785 10619
14786 10620
14787 10621
14788 10622
14789 10623
14791 10624
14792 10625
14793 10626
14794 10627
14795 10628
14799 10629
14800 10630
14802 10631
14803 10632
14805 10633
14806 10634
14807 10635
14808 10636
14809 10637
14810 10638
14814 10639
14816 10640
14817 10641
14818 10642
14819 10643
14820 10644
14821 10645
14822 10646
14823 10647
14824 10648
14825 10649
14827 10650
14828 10651
14829 10652
14830 10653
14833 10654
14834 10655
14835 10656
14837 10657
14839 10658
14840 10659
14841 10660
14842 10661
14843 10662
14844 10663
14845 10664
14847 10665
14848 10666
14849 10667
14850 10668
14851 10669
14852 10670
14854 10671
14855 10672
14857 10673
14859 10674
14860 10675
14861 10676
14862 10677
14863 10678
14864 10679
14865 10680
14866 10681
14870 10682
14871 10683
14872 10684
14874 10685
14875 10686
14876 10687
14877 10688
14878 10689
14880 10690
14881 10691
14882 10692
14885 10693
14886 10694
14887 10695
14888 10696
14889 10697
14890 10698
14891 10699
14892 10700
14894 10701
14895 10702
14896 10703
14897 10704
14900 10705
14901 10706
14903 10707
14909 10708
14910 10709
14911 10710
14914 10711
14916 10712
14918 10713
14921 10714
14923 10715
14925 10716
14926 10717
14927 10718
14929 10719
14930 10720
14931 10721
14932 10722
14934 10723
14935 10724
14936 10725
14937 10726
14938 10727
14939 10728
14940 10729
14942 10730
14943 10731
14945 10732
14946 10733
14949 10734
14950 10735
14951 10736
14953 10737
14955 10738
14960 10739
14962 10740
14963 10741
14964 10742
14967 10743
14968 10744
14969 10745
14970 10746
14971 10747
14972 10748
14974 10749
14976 10750
14977 10751
14978 10752
14979 10753
14980 10754
14982 10755
14984 10756
14985 10757
14986 10758
14987 10759
14990 10760
14991 10761
14992 10762
14993 10763
14994 10764
14997 10765
14998 10766
15000 10767
15001 10768
15002 10769
15003 10770
15004 10771
15007 10772
15011 10773
15012 10774
15014 10775
15017 10776
15018 10777
15019 10778
15020 10779
15021 10780
15022 10781
15023 10782
15024 10783
15027 10784
15028 10785
15029 10786
15030 10787
15031 10788
15032 10789
15033 10790
15034 10791
15035 10792
15037 10793
15038 10794
15039 10795
15041 10796
15042 10797
15043 10798
15045 10799
15046 10800
15047 10801
15048 10802
15049 10803
15050 10804
15052 10805
15054 10806
15055 10807
15056 10808
15057 10809
15058 10810
15059 10811
15060 10812
15061 10813
15062 10814
15063 10815
15064 10816
15066 10817
15067 10818
15069 10819
15070 10820
15071 10821
15072 10822
15073 10823
15075 10824
15076 10825
15077 10826
15078 10827
15079 10828
15081 10829
15083 10830
15087 10831
15088 10832
15089 10833
15091 10834
15092 10835
15093 10836
15095 10837
15097 10838
15100 10839
15101 10840
15102 10841
15103 10842
15106 10843
15107 10844
15108 10845
15110 10846
15111 10847
15113 10848
15114 10849
15116 10850
15117 10851
15120 10852
15121 10853
15122 10854
15123 10855
15124 10856
15126 10857
15128 10858
15129 10859
15130 10860
15131 10861
15132 10862
15133 10863
15134 10864
15136 10865
15138 10866
15139 10867
15140 10868
15142 10869
15145 10870
15147 10871
15148 10872
15150 10873
15154 10874
15155 10875
15156 10876
15158 10877
15159 10878
15160 10879
15161 10880
15162 10881
15163 10882
15165 10883
15166 10884
15167 10885
15168 10886
15169 10887
15171 10888
15172 10889
15174 10890
15175 10891
15176 10892
15177 10893
15178 10894
15180 10895
15181 10896
15183 10897
15184 10898
15186 10899
15188 10900
15192 10901
15193 10902
15195 10903
15196 10904
15197 10905
15198 10906
15199 10907
15201 10908
15203 10909
15204 10910
15205 10911
15206 10912
15208 10913
15209 10914
15210 10915
15211 10916
15212 10917
15214 10918
15215 10919
15216 10920
15217 10921
15219 10922
15220 10923
15221 10924
15222 10925
15224 10926
15226 10927
15227 10928
15228 10929
15230 10930
15233 10931
15234 10932
15235 10933
15237 10934
15238 10935
15241 10936
15242 10937
15244 10938
15245 10939
15246 10940
15247 10941
15249 10942
15250 10943
15251 10944
15254 10945
15255 10946
15256 10947
15259 10948
15260 10949
15261 10950
15263 10951
15266 10952
15267 10953
15268 10954
15269 10955
15270 10956
15271 10957
15272 10958
15274 10959
15275 10960
15276 10961
15279 10962
15280 10963
15281 10964
15282 10965
15283 10966
15285 10967
15286 10968
15287 10969
15288 10970
15289 10971
15292 10972
15293 10973
15295 10974
15296 10975
15297 10976
15298 10977
15301 10978
15302 10979
15303 10980
15305 10981
15308 10982
15310 10983
15311 10984
15312 10985
15313 10986
15314 10987
15315 10988
15316 10989
15317 10990
15318 10991
15320 10992
15322 10993
15323 10994
15325 10995
15328 10996
15329 10997
15332 10998
15333 10999
15334 11000
15335 11001
15336 11002
15338 11003
15339 11004
15342 11005
15345 11006
15348 11007
15349 11008
15350 11009
15351 11010
15355 11011
15356 11012
15357 11013
15358 11014
15359 11015
15362 11016
15364 11017
15371 11018
15372 11019
15373 11020
15376 11021
15377 11022
15380 11023
15381 11024
15384 11025
15385 11026
15386 11027
15387 11028
15388 11029
15392 11030
15393 11031
15394 11032
15395 11033
15397 11034
15399 11035
15400 11036
15401 11037
15402 11038
15403 11039
15404 11040
15405 11041
15406 11042
15408 11043
15409 11044
15410 11045
15412 11046
15414 11047
15415 11048
15417 11049
15418 11050
15421 11051
15422 11052
15423 11053
15424 11054
15425 11055
15426 11056
15427 11057
15429 11058
15432 11059
15434 11060
15435 11061
15436 11062
15437 11063
15438 11064
15439 11065
15440 11066
15441 11067
15443 11068
15444 11069
15447 11070
15448 11071
15449 11072
15450 11073
15451 11074
15452 11075
15453 11076
15454 11077
15455 11078
15457 11079
15458 11080
15459 11081
15460 11082
15461 11083
15462 11084
15463 11085
15464 11086
15465 11087
15466 11088
15467 11089
15468 11090
15469 11091
15470 11092
15471 11093
15472 11094
15473 11095
15474 11096
15475 11097
15477 11098
15478 11099
15480 11100
15481 11101
15482 11102
15484 11103
15485 11104
15486 11105
15487 11106
15489 11107
15490 11108
15491 11109
15492 11110
15493 11111
15494 11112
15495 11113
15496 11114
15497 11115
15500 11116
15502 11117
15504 11118
15506 11119
15508 11120
15509 11121
15510 11122
15511 11123
15512 11124
15513 11125
15514 11126
15516 11127
15517 11128
15518 11129
15519 11130
15521 11131
15522 11132
15523 11133
15525 11134
15527 11135
15528 11136
15529 11137
15530 11138
15531 11139
15532 11140
15533 11141
15534 11142
15535 11143
15539 11144
15542 11145
15545 11146
15547 11147
15548 11148
15550 11149
15551 11150
15552 11151
15554 11152
15555 11153
15556 11154
15557 11155
15558 11156
15559 11157
15561 11158
15562 11159
15563 11160
15564 11161
15565 11162
15567 11163
15568 11164
15569 11165
15570 11166
15571 11167
15572 11168
15575 11169
15576 11170
15577 11171
15578 11172
15580 11173
15582 11174
15584 11175
15585 11176
15586 11177
15587 11178
15589 11179
15590 11180
15591 11181
15593 11182
15594 11183
15595 11184
15596 11185
15597 11186
15598 11187
15599 11188
15601 11189
15602 11190
15603 11191
15604 11192
15605 11193
15606 11194
15608 11195
15609 11196
15610 11197
15611 11198
15612 11199
15613 11200
15614 11201
15615 11202
15616 11203
15617 11204
15620 11205
15621 11206
15622 11207
15623 11208
15624 11209
15625 11210
15627 11211
15628 11212
15629 11213
15630 11214
15632 11215
15633 11216
15634 11217
15635 11218
15636 11219
15637 11220
15638 11221
15639 11222
15640 11223
15641 11224
15642 11225
15645 11226
15646 11227
15647 11228
15648 11229
15649 11230
15650 11231
15651 11232
15653 11233
15654 11234
15655 11235
15656 11236
15659 11237
15660 11238
15661 11239
15662 11240
15664 11241
15665 11242
15666 11243
15667 11244
15668 11245
15669 11246
15670 11247
15671 11248
15672 11249
15674 11250
15675 11251
15676 11252
15677 11253
15678 11254
15679 11255
15682 11256
15683 11257
15685 11258
15686 11259
15687 11260
15690 11261
15691 11262
15692 11263
15693 11264
15694 11265
15695 11266
15696 11267
15698 11268
15700 11269
15701 11270
15704 11271
15705 11272
15706 11273
15707 11274
15708 11275
15709 11276
15711 11277
15713 11278
15714 11279
15715 11280
15717 11281
15718 11282
15720 11283
15721 11284
15722 11285
15723 11286
15724 11287
15725 11288
15726 11289
15727 11290
15728 11291
15729 11292
15730 11293
15731 11294
15732 11295
15733 11296
15734 11297
15735 11298
15736 11299
15737 11300
15738 11301
15739 11302
15740 11303
15742 11304
15745 11305
15747 11306
15749 11307
15751 11308
15754 11309
15755 11310
15757 11311
15758 11312
15760 11313
15762 11314
15764 11315
15765 11316
15766 11317
15768 11318
15769 11319
15770 11320
15771 11321
15772 11322
15773 11323
15774 11324
15775 11325
15776 11326
15777 11327
15780 11328
15783 11329
15784 11330
15787 11331
15788 11332
15789 11333
15790 11334
15791 11335
15792 11336
15793 11337
15794 11338
15795 11339
15797 11340
15798 11341
15799 11342
15801 11343
15803 11344
15804 11345
15805 11346
15806 11347
15808 11348
15810 11349
15811 11350
15812 11351
15813 11352
15814 11353
15815 11354
15816 11355
15817 11356
15818 11357
15819 11358
15820 11359
15821 11360
15822 11361
15823 11362
15824 11363
15825 11364
15827 11365
15828 11366
15830 11367
15831 11368
15832 11369
15833 11370
15834 11371
15835 11372
15836 11373
15837 11374
15838 11375
15841 11376
15843 11377
15844 11378
15845 11379
15850 11380
15851 11381
15855 11382
15858 11383
15859 11384
15861 11385
15862 11386
15864 11387
15865 11388
15866 11389
15867 11390
15868 11391
15869 11392
15871 11393
15872 11394
15873 11395
15875 11396
15876 11397
15877 11398
15879 11399
15880 11400
15882 11401
15883 11402
15884 11403
15885 11404
15886 11405
15887 11406
15888 11407
15889 11408
15890 11409
15891 11410
15893 11411
15894 11412
15895 11413
15896 11414
15899 11415
15900 11416
15902 11417
15903 11418
15904 11419
15905 11420
15906 11421
15907 11422
15908 11423
15909 11424
15911 11425
15912 11426
15913 11427
15914 11428
15915 11429
15916 11430
15917 11431
15921 11432
15924 11433
15925 11434
15926 11435
15927 11436
15929 11437
15930 11438
15931 11439
15932 11440
15934 11441
15935 11442
15937 11443
15938 11444
15941 11445
15943 11446
15944 11447
15946 11448
15947 11449
15948 11450
15950 11451
15952 11452
15953 11453
15955 11454
15956 11455
15957 11456
15958 11457
15959 11458
15961 11459
15964 11460
15968 11461
15969 11462
15971 11463
15972 11464
15973 11465
15974 11466
15978 11467
15979 11468
15982 11469
15984 11470
15985 11471
15986 11472
15987 11473
15988 11474
15989 11475
15990 11476
15991 11477
15992 11478
15993 11479
15996 11480
15999 11481
16001 11482
16003 11483
16004 11484
16005 11485
16008 11486
16009 11487
16010 11488
16013 11489
16014 11490
16015 11491
16016 11492
16018 11493
16019 11494
16020 11495
16021 11496
16022 11497
16023 11498
16024 11499
16025 11500
16026 11501
16027 11502
16028 11503
16029 11504
16031 11505
16032 11506
16033 11507
16034 11508
16035 11509
16038 11510
16040 11511
16041 11512
16045 11513
16046 11514
16047 11515
16048 11516
16049 11517
16050 11518
16051 11519
16055 11520
16057 11521
16058 11522
16059 11523
16060 11524
16063 11525
16064 11526
16065 11527
16067 11528
16068 11529
16071 11530
16072 11531
16073 11532
16078 11533
16079 11534
16080 11535
16081 11536
16084 11537
16085 11538
16087 11539
16088 11540
16089 11541
16091 11542
16092 11543
16094 11544
16095 11545
16096 11546
16097 11547
16098 11548
16099 11549
16100 11550
16101 11551
16102 11552
16103 11553
16104 11554
16106 11555
16109 11556
16111 11557
16112 11558
16113 11559
16114 11560
16115 11561
16116 11562
16117 11563
16118 11564
16119 11565
16120 11566
16122 11567
16123 11568
16124 11569
16126 11570
16127 11571
16129 11572
16130 11573
16131 11574
16132 11575
16133 11576
16134 11577
16135 11578
16136 11579
16140 11580
16144 11581
16145 11582
16146 11583
16147 11584
16148 11585
16149 11586
16151 11587
16153 11588
16154 11589
16155 11590
16156 11591
16157 11592
16158 11593
16159 11594
16160 11595
16162 11596
16163 11597
16164 11598
16165 11599
16166 11600
16167 11601
16169 11602
16170 11603
16171 11604
16172 11605
16173 11606
16174 11607
16176 11608
16177 11609
16180 11610
16181 11611
16182 11612
16184 11613
16185 11614
16186 11615
16187 11616
16189 11617
16190 11618
16191 11619
16192 11620
16193 11621
16195 11622
16197 11623
16200 11624
16202 11625
16204 11626
16205 11627
16206 11628
16207 11629
16209 11630
16210 11631
16211 11632
16212 11633
16213 11634
16214 11635
16215 11636
16217 11637
16218 11638
16219 11639
16221 11640
16223 11641
16224 11642
16225 11643
16226 11644
16227 11645
16228 11646
16229 11647
16230 11648
16231 11649
16232 11650
16233 11651
16237 11652
16238 11653
16239 11654
16240 11655
16241 11656
16242 11657
16243 11658
16244 11659
16245 11660
16247 11661
16250 11662
16251 11663
16252 11664
16253 11665
16254 11666
16256 11667
16257 11668
16258 11669
16259 11670
16261 11671
16262 11672
16265 11673
16266 11674
16267 11675
16268 11676
16269 11677
16271 11678
16272 11679
16273 11680
16274 11681
16275 11682
16276 11683
16277 11684
16278 11685
16280 11686
16283 11687
16284 11688
16286 11689
16287 11690
16288 11691
16289 11692
16290 11693
16292 11694
16295 11695
16296 11696
16297 11697
16298 11698
16299 11699
16301 11700
16302 11701
16306 11702
16307 11703
16309 11704
16310 11705
16311 11706
16312 11707
16313 11708
16314 11709
16315 11710
16316 11711
16321 11712
16322 11713
16325 11714
16327 11715
16328 11716
16330 11717
16333 11718
16334 11719
16336 11720
16338 11721
16339 11722
16340 11723
16341 11724
16342 11725
16343 11726
16344 11727
16345 11728
16346 11729
16348 11730
16349 11731
16350 11732
16351 11733
16352 11734
16353 11735
16354 11736
16355 11737
16356 11738
16358 11739
16359 11740
16360 11741
16361 11742
16363 11743
16364 11744
16365 11745
16366 11746
16369 11747
16373 11748
16376 11749
16377 11750
16378 11751
16379 11752
16381 11753
16382 11754
16385 11755
16386 11756
16387 11757
16388 11758
16389 11759
16392 11760
16393 11761
16394 11762
16395 11763
16396 11764
16397 11765
16398 11766
16399 11767
16403 11768
16405 11769
16406 11770
16407 11771
16408 11772
16409 11773
16411 11774
16413 11775
16415 11776
16417 11777
16418 11778
16419 11779
16422 11780
16424 11781
16425 11782
16426 11783
16428 11784
16429 11785
16433 11786
16434 11787
16435 11788
16436 11789
16438 11790
16439 11791
16442 11792
16443 11793
16444 11794
16446 11795
16447 11796
16449 11797
16451 11798
16452 11799
16453 11800
16454 11801
16457 11802
16459 11803
16460 11804
16461 11805
16463 11806
16465 11807
16466 11808
16467 11809
16468 11810
16469 11811
16470 11812
16471 11813
16472 11814
16475 11815
16476 11816
16477 11817
16478 11818
16479 11819
16481 11820
16484 11821
16485 11822
16487 11823
16490 11824
16491 11825
16494 11826
16495 11827
16496 11828
16499 11829
16500 11830
16503 11831
16504 11832
16505 11833
16506 11834
16507 11835
16509 11836
16513 11837
16515 11838
16516 11839
16518 11840
16519 11841
16520 11842
16522 11843
16523 11844
16524 11845
16525 11846
16526 11847
16529 11848
16532 11849
16533 11850
16534 11851
16535 11852
16536 11853
16537 11854
16538 11855
16539 11856
16541 11857
16542 11858
16543 11859
16545 11860
16547 11861
16550 11862
16551 11863
16552 11864
16554 11865
16555 11866
16556 11867
16558 11868
16559 11869
16560 11870
16561 11871
16562 11872
16563 11873
16564 11874
16565 11875
16567 11876
16568 11877
16569 11878
16572 11879
16573 11880
16575 11881
16576 11882
16577 11883
16578 11884
16579 11885
16580 11886
16581 11887
16582 11888
16583 11889
16585 11890
16586 11891
16587 11892
16588 11893
16589 11894
16590 11895
16591 11896
16592 11897
16596 11898
16597 11899
16598 11900
16600 11901
16601 11902
16603 11903
16604 11904
16605 11905
16607 11906
16608 11907
16609 11908
16610 11909
16611 11910
16612 11911
16614 11912
16615 11913
16616 11914
16619 11915
16620 11916
16622 11917
16624 11918
16625 11919
16627 11920
16629 11921
16630 11922
16632 11923
16633 11924
16635 11925
16636 11926
16637 11927
16638 11928
16640 11929
16642 11930
16643 11931
16645 11932
16646 11933
16649 11934
16650 11935
16651 11936
16653 11937
16654 11938
16656 11939
16658 11940
16659 11941
16660 11942
16661 11943
16663 11944
16664 11945
16665 11946
16666 11947
16667 11948
16670 11949
16672 11950
16673 11951
16674 11952
16675 11953
16676 11954
16677 11955
16679 11956
16680 11957
16681 11958
16682 11959
16684 11960
16685 11961
16686 11962
16687 11963
16688 11964
16689 11965
16690 11966
16691 11967
16694 11968
16696 11969
16697 11970
16698 11971
16699 11972
16703 11973
16704 11974
16705 11975
16706 11976
16707 11977
16708 11978
16709 11979
16710 11980
16711 11981
16712 11982
16713 11983
16715 11984
16716 11985
16717 11986
16718 11987
16719 11988
16721 11989
16722 11990
16723 11991
16724 11992
16726 11993
16728 11994
16729 11995
16730 11996
16731 11997
16733 11998
16734 11999
16735 12000
16737 12001
16740 12002
16741 12003
16742 12004
16743 12005
16746 12006
16747 12007
16749 12008
16750 12009
16752 12010
16755 12011
16756 12012
16757 12013
16759 12014
16760 12015
16761 12016
16762 12017
16763 12018
16764 12019
16765 12020
16766 12021
16767 12022
16768 12023
16770 12024
16771 12025
16773 12026
16774 12027
16775 12028
16776 12029
16777 12030
16778 12031
16779 12032
16780 12033
16781 12034
16783 12035
16784 12036
16785 12037
16786 12038
16787 12039
16791 12040
16792 12041
16793 12042
16794 12043
16795 12044
16796 12045
16797 12046
16798 12047
16800 12048
16801 12049
16802 12050
16803 12051
16804 12052
16805 12053
16808 12054
16809 12055
16810 12056
16811 12057
16813 12058
16814 12059
16815 12060
16816 12061
16817 12062
16819 12063
16820 12064
16821 12065
16822 12066
16823 12067
16824 12068
16826 12069
16828 12070
16830 12071
16831 12072
16834 12073
16835 12074
16837 12075
16839 12076
16841 12077
16842 12078
16844 12079
16845 12080
16847 12081
16849 12082
16850 12083
16851 12084
16854 12085
16855 12086
16856 12087
16858 12088
16859 12089
16862 12090
16864 12091
16865 12092
16866 12093
16867 12094
16868 12095
16869 12096
16870 12097
16872 12098
16873 12099
16874 12100
16875 12101
16876 12102
16877 12103
16878 12104
16879 12105
16880 12106
16881 12107
16882 12108
16883 12109
16884 12110
16886 12111
16887 12112
16889 12113
16890 12114
16892 12115
16893 12116
16894 12117
16895 12118
16896 12119
16897 12120
16898 12121
16899 12122
16900 12123
16902 12124
16903 12125
16906 12126
16908 12127
16909 12128
16910 12129
16911 12130
16913 12131
16915 12132
16916 12133
16918 12134
16919 12135
16922 12136
16923 12137
16924 12138
16925 12139
16927 12140
16928 12141
16930 12142
16931 12143
16932 12144
16933 12145
16934 12146
16935 12147
16936 12148
16938 12149
16939 12150
16941 12151
16944 12152
16945 12153
16946 12154
16947 12155
16948 12156
16955 12157
16957 12158
16958 12159
16959 12160
16960 12161
16961 12162
16962 12163
16963 12164
16964 12165
16967 12166
16969 12167
16971 12168
16973 12169
16974 12170
16975 12171
16978 12172
16980 12173
16981 12174
16982 12175
16983 12176
16984 12177
16986 12178
16987 12179
16988 12180
16989 12181
16992 12182
16994 12183
16995 12184
16996 12185
16997 12186
17000 12187
17002 12188
17004 12189
17005 12190
17006 12191
17009 12192
17010 12193
17011 12194
17013 12195
17014 12196
17015 12197
17016 12198
17018 12199
17021 12200
17023 12201
17024 12202
17025 12203
17026 12204
17029 12205
17030 12206
17031 12207
17032 12208
17033 12209
17034 12210
17035 12211
17036 12212
17037 12213
17038 12214
17039 12215
17040 12216
17041 12217
17044 12218
17045 12219
17046 12220
17047 12221
17048 12222
17049 12223
17050 12224
17051 12225
17052 12226
17053 12227
17054 12228
17055 12229
17057 12230
17058 12231
17059 12232
17060 12233
17063 12234
17066 12235
17067 12236
17068 12237
17069 12238
17070 12239
17071 12240
17076 12241
17077 12242
17078 12243
17079 12244
17081 12245
17082 12246
17083 12247
17084 12248
17085 12249
17087 12250
17088 12251
17090 12252
17091 12253
17092 12254
17093 12255
17094 12256
17095 12257
17098 12258
17100 12259
17101 12260
17103 12261
17104 12262
17105 12263
17106 12264
17111 12265
17112 12266
17113 12267
17114 12268
17117 12269
17118 12270
17119 12271
17120 12272
17121 12273
17122 12274
17123 12275
17124 12276
17125 12277
17126 12278
17127 12279
17129 12280
17131 12281
17136 12282
17137 12283
17139 12284
17140 12285
17141 12286
17142 12287
17144 12288
17145 12289
17146 12290
17147 12291
17148 12292
17149 12293
17150 12294
17151 12295
17152 12296
17153 12297
17154 12298
17156 12299
17159 12300
17161 12301
17162 12302
17163 12303
17164 12304
17165 12305
17166 12306
17167 12307
17169 12308
17170 12309
17171 12310
17173 12311
17175 12312
17177 12313
17178 12314
17180 12315
17182 12316
17183 12317
17184 12318
17185 12319
17186 12320
17187 12321
17188 12322
17191 12323
17192 12324
17193 12325
17194 12326
17195 12327
17196 12328
17197 12329
17198 12330
17199 12331
17205 12332
17207 12333
17209 12334
17210 12335
17212 12336
17214 12337
17215 12338
17216 12339
17217 12340
17218 12341
17220 12342
17222 12343
17223 12344
17224 12345
17225 12346
17226 12347
17228 12348
17229 12349
17230 12350
17231 12351
17233 12352
17234 12353
17235 12354
17237 12355
17242 12356
17244 12357
17246 12358
17247 12359
17250 12360
17251 12361
17252 12362
17253 12363
17255 12364
17256 12365
17257 12366
17258 12367
17259 12368
17260 12369
17261 12370
17263 12371
17264 12372
17265 12373
17266 12374
17268 12375
17269 12376
17270 12377
17271 12378
17272 12379
17273 12380
17274 12381
17275 12382
17276 12383
17277 12384
17278 12385
17280 12386
17281 12387
17282 12388
17283 12389
17286 12390
17287 12391
17288 12392
17289 12393
17292 12394
17293 12395
17294 12396
17295 12397
17297 12398
17298 12399
17301 12400
17303 12401
17304 12402
17305 12403
17306 12404
17307 12405
17308 12406
17310 12407
17311 12408
17312 12409
17313 12410
17314 12411
17315 12412
17316 12413
17318 12414
17319 12415
17320 12416
17321 12417
17323 12418
17324 12419
17325 12420
17326 12421
17329 12422
17330 12423
17331 12424
17332 12425
17335 12426
17336 12427
17338 12428
17340 12429
17341 12430
17342 12431
17345 12432
17346 12433
17347 12434
17348 12435
17349 12436
17350 12437
17351 12438
17352 12439
17353 12440
17354 12441
17355 12442
17357 12443
17358 12444
17360 12445
17361 12446
17362 12447
17363 12448
17365 12449
17366 12450
17368 12451
17369 12452
17371 12453
17372 12454
17374 12455
17375 12456
17376 12457
17380 12458
17382 12459
17383 12460
17384 12461
17387 12462
17388 12463
17389 12464
17390 12465
17392 12466
17393 12467
17394 12468
17395 12469
17396 12470
17397 12471
17398 12472
17399 12473
17401 12474
17402 12475
17403 12476
17405 12477
17408 12478
17410 12479
17411 12480
17412 12481
17413 12482
17414 12483
17415 12484
17416 12485
17417 12486
17418 12487
17419 12488
17420 12489
17422 12490
17423 12491
17424 12492
17425 12493
17426 12494
17427 12495
17428 12496
17431 12497
17433 12498
17434 12499
17435 12500
17436 12501
17437 12502
17438 12503
17439 12504
17440 12505
17441 12506
17442 12507
17443 12508
17445 12509
17446 12510
17447 12511
17449 12512
17450 12513
17451 12514
17453 12515
17455 12516
17456 12517
17457 12518
17459 12519
17460 12520
17461 12521
17466 12522
17468 12523
17470 12524
17472 12525
17473 12526
17474 12527
17475 12528
17479 12529
17480 12530
17481 12531
17483 12532
17484 12533
17486 12534
17487 12535
17489 12536
17490 12537
17491 12538
17492 12539
17494 12540
17495 12541
17497 12542
17498 12543
17500 12544
17501 12545
17502 12546
17505 12547
17506 12548
17507 12549
17509 12550
17510 12551
17512 12552
17513 12553
17515 12554
17516 12555
17518 12556
17519 12557
17521 12558
17522 12559
17523 12560
17525 12561
17526 12562
17527 12563
17528 12564
17530 12565
17531 12566
17533 12567
17536 12568
17537 12569
17538 12570
17541 12571
17542 12572
17543 12573
17545 12574
17546 12575
17547 12576
17548 12577
17549 12578
17551 12579
17552 12580
17554 12581
17555 12582
17557 12583
17558 12584
17560 12585
17561 12586
17562 12587
17563 12588
17564 12589
17565 12590
17566 12591
17567 12592
17568 12593
17569 12594
17570 12595
17571 12596
17572 12597
17573 12598
17574 12599
17576 12600
17577 12601
17578 12602
17579 12603
17580 12604
17581 12605
17582 12606
17584 12607
17586 12608
17588 12609
17589 12610
17590 12611
17592 12612
17593 12613
17595 12614
17596 12615
17598 12616
17601 12617
17602 12618
17603 12619
17604 12620
17605 12621
17606 12622
17607 12623
17609 12624
17611 12625
17612 12626
17613 12627
17614 12628
17615 12629
17616 12630
17617 12631
17619 12632
17620 12633
17622 12634
17624 12635
17625 12636
17626 12637
17627 12638
17628 12639
17630 12640
17631 12641
17632 12642
17635 12643
17636 12644
17637 12645
17638 12646
17639 12647
17640 12648
17641 12649
17642 12650
17643 12651
17644 12652
17645 12653
17646 12654
17649 12655
17651 12656
17652 12657
17653 12658
17654 12659
17658 12660
17661 12661
17662 12662
17663 12663
17666 12664
17667 12665
17668 12666
17669 12667
17670 12668
17671 12669
17672 12670
17674 12671
17677 12672
17678 12673
17679 12674
17680 12675
17682 12676
17684 12677
17686 12678
17687 12679
17689 12680
17691 12681
17692 12682
17694 12683
17696 12684
17697 12685
17698 12686
17700 12687
17702 12688
17703 12689
17704 12690
17706 12691
17707 12692
17708 12693
17709 12694
17710 12695
17711 12696
17713 12697
17714 12698
17715 12699
17716 12700
17717 12701
17718 12702
17719 12703
17721 12704
17722 12705
17724 12706
17725 12707
17726 12708
17727 12709
17728 12710
17730 12711
17732 12712
17733 12713
17734 12714
17736 12715
17737 12716
17738 12717
17739 12718
17741 12719
17742 12720
17745 12721
17746 12722
17748 12723
17749 12724
17750 12725
17751 12726
17752 12727
17755 12728
17756 12729
17757 12730
17759 12731
17760 12732
17762 12733
17764 12734
17765 12735
17768 12736
17769 12737
17770 12738
17771 12739
17772 12740
17774 12741
17775 12742
17776 12743
17777 12744
17778 12745
17779 12746
17780 12747
17781 12748
17782 12749
17783 12750
17784 12751
17787 12752
17788 12753
17790 12754
17791 12755
17792 12756
17794 12757
17795 12758
17796 12759
17797 12760
17798 12761
17800 12762
17801 12763
17802 12764
17804 12765
17805 12766
17807 12767
17808 12768
17810 12769
17812 12770
17813 12771
17814 12772
17815 12773
17816 12774
17817 12775
17818 12776
17819 12777
17820 12778
17821 12779
17822 12780
17826 12781
17827 12782
17828 12783
17829 12784
17830 12785
17832 12786
17834 12787
17835 12788
17837 12789
17838 12790
17839 12791
17840 12792
17841 12793
17843 12794
17845 12795
17850 12796
17854 12797
17855 12798
17856 12799
17857 12800
17858 12801
17861 12802
17862 12803
17863 12804
17865 12805
17866 12806
17867 12807
17869 12808
17870 12809
17871 12810
17872 12811
17873 12812
17877 12813
17878 12814
17879 12815
17880 12816
17881 12817
17882 12818
17883 12819
17884 12820
17885 12821
17886 12822
17887 12823
17888 12824
17889 12825
17890 12826
17891 12827
17892 12828
17894 12829
17895 12830
17898 12831
17899 12832
17901 12833
17902 12834
17903 12835
17904 12836
17905 12837
17906 12838
17908 12839
17909 12840
17910 12841
17911 12842
17912 12843
17915 12844
17916 12845
17917 12846
17919 12847
17920 12848
17921 12849
17922 12850
17924 12851
17925 12852
17926 12853
17927 12854
17928 12855
17930 12856
17931 12857
17932 12858
17933 12859
17934 12860
17935 12861
17937 12862
17938 12863
17939 12864
17940 12865
17941 12866
17942 12867
17944 12868
17945 12869
17946 12870
17947 12871
17949 12872
17950 12873
17951 12874
17952 12875
17953 12876
17954 12877
17955 12878
17956 12879
17957 12880
17958 12881
17959 12882
17960 12883
17961 12884
17962 12885
17963 12886
17966 12887
17971 12888
17972 12889
17976 12890
17979 12891
17981 12892
17983 12893
17984 12894
17988 12895
17989 12896
17990 12897
17991 12898
17993 12899
17994 12900
17995 12901
17996 12902
17997 12903
17998 12904
17999 12905
18000 12906
18001 12907
18002 12908
18003 12909
18004 12910
18005 12911
18007 12912
18008 12913
18009 12914
18010 12915
18011 12916
18014 12917
18017 12918
18022 12919
18024 12920
18025 12921
18026 12922
18027 12923
18029 12924
18030 12925
18031 12926
18032 12927
18033 12928
18034 12929
18035 12930
18036 12931
18039 12932
18041 12933
18043 12934
18045 12935
18046 12936
18048 12937
18049 12938
18050 12939
18053 12940
18054 12941
18056 12942
18059 12943
18062 12944
18063 12945
18065 12946
18066 12947
18067 12948
18068 12949
18069 12950
18070 12951
18071 12952
18075 12953
18076 12954
18077 12955
18079 12956
18080 12957
18081 12958
18082 12959
18083 12960
18084 12961
18085 12962
18087 12963
18088 12964
18090 12965
18091 12966
18093 12967
18097 12968
18098 12969
18099 12970
18100 12971
18101 12972
18108 12973
18109 12974
18111 12975
18112 12976
18114 12977
18115 12978
18116 12979
18117 12980
18118 12981
18119 12982
18120 12983
18121 12984
18124 12985
18125 12986
18126 12987
18127 12988
18129 12989
18131 12990
18132 12991
18134 12992
18135 12993
18136 12994
18137 12995
18138 12996
18139 12997
18140 12998
18141 12999
18143 13000
18144 13001
18145 13002
18146 13003
18148 13004
18150 13005
18154 13006
18155 13007
18160 13008
18161 13009
18162 13010
18166 13011
18167 13012
18171 13013
18172 13014
18173 13015
18174 13016
18176 13017
18177 13018
18178 13019
18179 13020
18181 13021
18182 13022
18183 13023
18184 13024
18185 13025
18186 13026
18187 13027
18188 13028
18190 13029
18191 13030
18193 13031
18195 13032
18196 13033
18198 13034
18199 13035
18200 13036
18202 13037
18203 13038
18204 13039
18205 13040
18206 13041
18207 13042
18209 13043
18210 13044
18212 13045
18213 13046
18214 13047
18216 13048
18217 13049
18221 13050
18225 13051
18226 13052
18227 13053
18228 13054
18229 13055
18230 13056
18231 13057
18233 13058
18235 13059
18236 13060
18237 13061
18238 13062
18243 13063
18244 13064
18245 13065
18247 13066
18248 13067
18249 13068
18250 13069
18251 13070
18252 13071
18253 13072
18254 13073
18255 13074
18257 13075
18259 13076
18260 13077
18261 13078
18263 13079
18264 13080
18265 13081
18268 13082
18269 13083
18270 13084
18271 13085
18273 13086
18275 13087
18277 13088
18278 13089
18280 13090
18282 13091
18283 13092
18284 13093
18285 13094
18287 13095
18289 13096
18290 13097
18291 13098
18294 13099
18295 13100
18296 13101
18297 13102
18299 13103
18302 13104
18303 13105
18306 13106
18307 13107
18310 13108
18311 13109
18313 13110
18314 13111
18315 13112
18316 13113
18317 13114
18318 13115
18319 13116
18320 13117
18321 13118
18324 13119
18325 13120
18326 13121
18327 13122
18329 13123
18330 13124
18331 13125
18334 13126
18335 13127
18336 13128
18337 13129
18338 13130
18340 13131
18341 13132
18342 13133
18346 13134
18347 13135
18349 13136
18350 13137
18351 13138
18352 13139
18353 13140
18354 13141
18358 13142
18359 13143
18360 13144
18361 13145
18363 13146
18364 13147
18365 13148
18366 13149
18367 13150
18368 13151
18371 13152
18373 13153
18374 13154
18376 13155
18379 13156
18380 13157
18381 13158
18383 13159
18384 13160
18385 13161
18388 13162
18389 13163
18391 13164
18392 13165
18396 13166
18397 13167
18398 13168
18399 13169
18400 13170
18401 13171
18402 13172
18403 13173
18404 13174
18405 13175
18406 13176
18407 13177
18408 13178
18409 13179
18410 13180
18412 13181
18413 13182
18415 13183
18416 13184
18417 13185
18418 13186
18419 13187
18420 13188
18422 13189
18423 13190
18424 13191
18425 13192
18427 13193
18428 13194
18430 13195
18431 13196
18432 13197
18433 13198
18434 13199
18435 13200
18438 13201
18439 13202
18440 13203
18441 13204
18442 13205
18444 13206
18445 13207
18446 13208
18448 13209
18449 13210
18450 13211
18451 13212
18452 13213
18453 13214
18454 13215
18455 13216
18456 13217
18457 13218
18458 13219
18459 13220
18460 13221
18462 13222
18463 13223
18464 13224
18465 13225
18466 13226
18468 13227
18470 13228
18471 13229
18472 13230
18473 13231
18475 13232
18476 13233
18477 13234
18478 13235
18479 13236
18481 13237
18482 13238
18483 13239
18484 13240
18485 13241
18486 13242
18488 13243
18489 13244
18490 13245
18491 13246
18493 13247
18494 13248
18495 13249
18496 13250
18497 13251
18498 13252
18499 13253
18500 13254
18501 13255
18502 13256
18503 13257
18504 13258
18505 13259
18506 13260
18507 13261
18508 13262
18509 13263
18510 13264
18511 13265
18512 13266
18513 13267
18514 13268
18515 13269
18516 13270
18517 13271
18518 13272
18519 13273
18521 13274
18522 13275
18523 13276
18525 13277
18526 13278
18527 13279
18528 13280
18529 13281
18530 13282
18533 13283
18534 13284
18537 13285
18538 13286
18539 13287
18540 13288
18542 13289
18543 13290
18544 13291
18545 13292
18547 13293
18548 13294
18550 13295
18551 13296
18552 13297
18553 13298
18554 13299
18557 13300
18562 13301
18563 13302
18564 13303
18565 13304
18566 13305
18567 13306
18568 13307
18569 13308
18570 13309
18572 13310
18573 13311
18575 13312
18576 13313
18578 13314
18579 13315
18580 13316
18581 13317
18582 13318
18586 13319
18588 13320
18589 13321
18591 13322
18592 13323
18593 13324
18594 13325
18596 13326
18599 13327
18600 13328
18601 13329
18604 13330
18605 13331
18606 13332
18607 13333
18608 13334
18610 13335
18615 13336
18616 13337
18617 13338
18620 13339
18621 13340
18622 13341
18623 13342
18624 13343
18627 13344
18629 13345
18630 13346
18632 13347
18633 13348
18635 13349
18636 13350
18637 13351
18638 13352
18639 13353
18640 13354
18641 13355
18642 13356
18643 13357
18645 13358
18648 13359
18649 13360
18650 13361
18652 13362
18653 13363
18655 13364
18657 13365
18658 13366
18659 13367
18660 13368
18661 13369
18662 13370
18664 13371
18666 13372
18667 13373
18670 13374
18671 13375
18672 13376
18673 13377
18674 13378
18676 13379
18677 13380
18678 13381
18679 13382
18680 13383
18681 13384
18682 13385
18683 13386
18684 13387
18685 13388
18686 13389
18687 13390
18689 13391
18692 13392
18693 13393
18694 13394
18695 13395
18696 13396
18697 13397
18698 13398
18699 13399
18700 13400
18701 13401
18702 13402
18703 13403
18704 13404
18706 13405
18707 13406
18711 13407
18712 13408
18713 13409
18715 13410
18718 13411
18721 13412
18722 13413
18723 13414
18724 13415
18725 13416
18726 13417
18727 13418
18728 13419
18729 13420
18731 13421
18732 13422
18733 13423
18734 13424
18737 13425
18738 13426
18739 13427
18740 13428
18741 13429
18742 13430
18743 13431
18745 13432
18747 13433
18748 13434
18752 13435
18753 13436
18754 13437
18755 13438
18756 13439
18757 13440
18759 13441
18760 13442
18761 13443
18763 13444
18764 13445
18765 13446
18766 13447
18767 13448
18769 13449
18771 13450
18772 13451
18773 13452
18774 13453
18776 13454
18778 13455
18780 13456
18781 13457
18782 13458
18783 13459
18785 13460
18786 13461
18788 13462
18789 13463
18791 13464
18793 13465
18794 13466
18795 13467
18796 13468
18797 13469
18799 13470
18801 13471
18802 13472
18804 13473
18805 13474
18806 13475
18807 13476
18808 13477
18809 13478
18810 13479
18811 13480
18812 13481
18813 13482
18814 13483
18815 13484
18816 13485
18818 13486
18819 13487
18821 13488
18822 13489
18823 13490
18825 13491
18828 13492
18829 13493
18831 13494
18835 13495
18837 13496
18838 13497
18839 13498
18842 13499
18843 13500
18844 13501
18845 13502
18846 13503
18848 13504
18850 13505
18852 13506
18853 13507
18854 13508
18855 13509
18857 13510
18858 13511
18859 13512
18861 13513
18862 13514
18863 13515
18867 13516
18868 13517
18869 13518
18871 13519
18874 13520
18875 13521
18876 13522
18877 13523
18879 13524
18880 13525
18883 13526
18884 13527
18885 13528
18886 13529
18887 13530
18888 13531
18889 13532
18890 13533
18894 13534
18896 13535
18897 13536
18899 13537
18901 13538
18902 13539
18903 13540
18904 13541
18908 13542
18909 13543
18910 13544
18911 13545
18912 13546
18914 13547
18915 13548
18916 13549
18917 13550
18918 13551
18921 13552
18922 13553
18923 13554
18924 13555
18926 13556
18928 13557
18929 13558
18931 13559
18932 13560
18933 13561
18934 13562
18935 13563
18936 13564
18938 13565
18939 13566
18941 13567
18943 13568
18946 13569
18947 13570
18949 13571
18950 13572
18951 13573
18952 13574
18953 13575
18954 13576
18956 13577
18957 13578
18958 13579
18959 13580
18960 13581
18961 13582
18962 13583
18964 13584
18966 13585
18967 13586
18968 13587
18969 13588
18970 13589
18971 13590
18974 13591
18975 13592
18976 13593
18977 13594
18979 13595
18980 13596
18981 13597
18983 13598
18984 13599
18986 13600
18987 13601
18988 13602
18990 13603
18992 13604
18993 13605
18994 13606
18995 13607
18998 13608
18999 13609
19000 13610
19002 13611
19003 13612
19005 13613
19006 13614
19007 13615
19009 13616
19010 13617
19011 13618
19012 13619
19013 13620
19014 13621
19015 13622
19016 13623
19018 13624
19019 13625
19020 13626
19022 13627
19023 13628
19024 13629
19025 13630
19026 13631
19027 13632
19028 13633
19030 13634
19031 13635
19032 13636
19033 13637
19034 13638
19035 13639
19036 13640
19037 13641
19039 13642
19040 13643
19041 13644
19043 13645
19044 13646
19045 13647
19046 13648
19047 13649
19048 13650
19049 13651
19050 13652
19051 13653
19052 13654
19053 13655
19054 13656
19055 13657
19057 13658
19058 13659
19059 13660
19061 13661
19062 13662
19064 13663
19065 13664
19066 13665
19067 13666
19068 13667
19069 13668
19070 13669
19071 13670
19072 13671
19073 13672
19074 13673
19076 13674
19077 13675
19078 13676
19079 13677
19080 13678
19081 13679
19082 13680
19083 13681
19084 13682
19085 13683
19086 13684
19088 13685
19090 13686
19092 13687
19093 13688
19094 13689
19096 13690
19098 13691
19099 13692
19100 13693
19101 13694
19102 13695
19104 13696
19105 13697
19106 13698
19107 13699
19108 13700
19109 13701
19111 13702
19113 13703
19114 13704
19115 13705
19119 13706
19120 13707
19121 13708
19122 13709
19123 13710
19124 13711
19126 13712
19127 13713
19128 13714
19129 13715
19131 13716
19132 13717
19133 13718
19135 13719
19136 13720
19137 13721
19138 13722
19139 13723
19140 13724
19141 13725
19143 13726
19145 13727
19147 13728
19149 13729
19150 13730
19151 13731
19152 13732
19153 13733
19154 13734
19156 13735
19159 13736
19160 13737
19161 13738
19162 13739
19163 13740
19164 13741
19165 13742
19166 13743
19167 13744
19169 13745
19170 13746
19171 13747
19172 13748
19173 13749
19175 13750
19177 13751
19178 13752
19180 13753
19181 13754
19183 13755
19184 13756
19185 13757
19186 13758
19187 13759
19189 13760
19190 13761
19191 13762
19193 13763
19194 13764
19196 13765
19197 13766
19200 13767
19201 13768
19203 13769
19204 13770
19205 13771
19206 13772
19207 13773
19209 13774
19210 13775
19211 13776
19212 13777
19214 13778
19216 13779
19218 13780
19219 13781
19223 13782
19224 13783
19226 13784
19230 13785
19231 13786
19232 13787
19233 13788
19237 13789
19238 13790
19239 13791
19240 13792
19241 13793
19242 13794
19243 13795
19244 13796
19246 13797
19247 13798
19249 13799
19253 13800
19254 13801
19255 13802
19256 13803
19257 13804
19258 13805
19259 13806
19260 13807
19261 13808
19262 13809
19264 13810
19265 13811
19266 13812
19268 13813
19269 13814
19270 13815
19273 13816
19274 13817
19275 13818
19276 13819
19277 13820
19278 13821
19279 13822
19280 13823
19281 13824
19282 13825
19285 13826
19287 13827
19288 13828
19289 13829
19294 13830
19295 13831
19296 13832
19300 13833
19301 13834
19302 13835
19304 13836
19305 13837
19308 13838
19309 13839
19311 13840
19312 13841
19313 13842
19315 13843
19316 13844
19318 13845
19320 13846
19323 13847
19326 13848
19327 13849
19329 13850
19330 13851
19331 13852
19334 13853
19338 13854
19339 13855
19340 13856
19341 13857
19342 13858
19343 13859
19345 13860
19347 13861
19348 13862
19349 13863
19352 13864
19354 13865
19355 13866
19356 13867
19357 13868
19359 13869
19360 13870
19361 13871
19362 13872
19363 13873
19364 13874
19365 13875
19366 13876
19368 13877
19370 13878
19373 13879
19376 13880
19377 13881
19378 13882
19379 13883
19380 13884
19383 13885
19384 13886
19386 13887
19387 13888
19388 13889
19389 13890
19391 13891
19392 13892
19393 13893
19395 13894
19396 13895
19397 13896
19398 13897
19399 13898
19400 13899
19401 13900
19402 13901
19404 13902
19406 13903
19407 13904
19408 13905
19409 13906
19410 13907
19411 13908
19412 13909
19414 13910
19416 13911
19417 13912
19418 13913
19419 13914
19422 13915
19424 13916
19425 13917
19426 13918
19428 13919
19429 13920
19430 13921
19432 13922
19435 13923
19439 13924
19441 13925
19442 13926
19445 13927
19446 13928
19447 13929
19448 13930
19449 13931
19451 13932
19452 13933
19454 13934
19455 13935
19456 13936
19458 13937
19460 13938
19462 13939
19465 13940
19466 13941
19467 13942
19468 13943
19470 13944
19471 13945
19472 13946
19474 13947
19475 13948
19476 13949
19477 13950
19478 13951
19479 13952
19480 13953
19481 13954
19482 13955
19483 13956
19487 13957
19488 13958
19490 13959
19491 13960
19492 13961
19493 13962
19495 13963
19496 13964
19497 13965
19498 13966
19502 13967
19503 13968
19506 13969
19508 13970
19511 13971
19512 13972
19513 13973
19514 13974
19515 13975
19516 13976
19517 13977
19518 13978
19520 13979
19523 13980
19525 13981
19526 13982
19527 13983
19528 13984
19529 13985
19530 13986
19531 13987
19532 13988
19533 13989
19534 13990
19536 13991
19539 13992
19540 13993
19541 13994
19542 13995
19543 13996
19545 13997
19546 13998
19548 13999
19549 14000
19550 14001
19551 14002
19552 14003
19554 14004
19556 14005
19557 14006
19558 14007
19559 14008
19561 14009
19562 14010
19563 14011
19564 14012
19566 14013
19567 14014
19568 14015
19569 14016
19570 14017
19571 14018
19572 14019
19574 14020
19575 14021
19576 14022
19577 14023
19580 14024
19581 14025
19582 14026
19583 14027
19584 14028
19585 14029
19586 14030
19587 14031
19588 14032
19589 14033
19592 14034
19593 14035
19594 14036
19596 14037
19597 14038
19598 14039
19599 14040
19600 14041
19601 14042
19602 14043
19604 14044
19605 14045
19606 14046
19607 14047
19608 14048
19609 14049
19610 14050
19611 14051
19612 14052
19613 14053
19614 14054
19616 14055
19617 14056
19618 14057
19619 14058
19620 14059
19623 14060
19624 14061
19625 14062
19626 14063
19627 14064
19628 14065
19632 14066
19634 14067
19636 14068
19638 14069
19639 14070
19640 14071
19642 14072
19644 14073
19645 14074
19646 14075
19647 14076
19648 14077
19649 14078
19650 14079
19651 14080
19652 14081
19655 14082
19656 14083
19657 14084
19658 14085
19660 14086
19661 14087
19662 14088
19663 14089
19664 14090
19665 14091
19666 14092
19667 14093
19668 14094
19669 14095
19670 14096
19671 14097
19672 14098
19675 14099
19678 14100
19679 14101
19681 14102
19682 14103
19685 14104
19686 14105
19688 14106
19690 14107
19691 14108
19693 14109
19694 14110
19696 14111
19699 14112
19700 14113
19701 14114
19703 14115
19704 14116
19705 14117
19706 14118
19707 14119
19708 14120
19709 14121
19711 14122
19712 14123
19713 14124
19715 14125
19717 14126
19718 14127
19719 14128
19720 14129
19721 14130
19722 14131
19723 14132
19725 14133
19726 14134
19729 14135
19730 14136
19731 14137
19732 14138
19733 14139
19734 14140
19736 14141
19737 14142
19738 14143
19739 14144
19742 14145
19743 14146
19745 14147
19746 14148
19747 14149
19748 14150
19749 14151
19750 14152
19752 14153
19753 14154
19754 14155
19755 14156
19756 14157
19757 14158
19758 14159
19761 14160
19762 14161
19763 14162
19764 14163
19765 14164
19766 14165
19771 14166
19772 14167
19773 14168
19774 14169
19776 14170
19778 14171
19779 14172
19781 14173
19782 14174
19784 14175
19785 14176
19787 14177
19790 14178
19791 14179
19792 14180
19794 14181
19795 14182
19796 14183
19798 14184
19800 14185
19801 14186
19803 14187
19804 14188
19805 14189
19806 14190
19807 14191
19808 14192
19809 14193
19810 14194
19811 14195
19813 14196
19815 14197
19816 14198
19819 14199
19820 14200
19821 14201
19822 14202
19824 14203
19826 14204
19827 14205
19829 14206
19830 14207
19831 14208
19832 14209
19833 14210
19834 14211
19835 14212
19836 14213
19837 14214
19838 14215
19839 14216
19840 14217
19841 14218
19842 14219
19843 14220
19845 14221
19846 14222
19847 14223
19849 14224
19850 14225
19852 14226
19855 14227
19856 14228
19857 14229
19858 14230
19859 14231
19860 14232
19861 14233
19862 14234
19863 14235
19864 14236
19865 14237
19866 14238
19867 14239
19869 14240
19870 14241
19871 14242
19872 14243
19873 14244
19874 14245
19875 14246
19876 14247
19878 14248
19879 14249
19880 14250
19881 14251
19885 14252
19886 14253
19887 14254
19888 14255
19889 14256
19891 14257
19892 14258
19893 14259
19900 14260
19902 14261
19903 14262
19904 14263
19905 14264
19906 14265
19907 14266
19908 14267
19909 14268
19910 14269
19911 14270
19915 14271
19917 14272
19919 14273
19921 14274
19922 14275
19923 14276
19925 14277
19926 14278
19928 14279
19929 14280
19930 14281
19931 14282
19933 14283
19934 14284
19936 14285
19937 14286
19938 14287
19939 14288
19940 14289
19941 14290
19942 14291
19943 14292
19945 14293
19946 14294
19950 14295
19951 14296
19952 14297
19953 14298
19954 14299
19955 14300
19956 14301
19958 14302
19959 14303
19960 14304
19961 14305
19962 14306
19965 14307
19967 14308
19968 14309
19969 14310
19972 14311
19976 14312
19977 14313
19978 14314
19979 14315
19980 14316
19981 14317
19983 14318
19984 14319
19986 14320
19987 14321
19988 14322
19990 14323
19992 14324
19994 14325
19995 14326
19996 14327
19997 14328
19998 14329
19999 14330
20000 14331
20001 14332
20002 14333
20003 14334
20004 14335
20005 14336
20006 14337
20007 14338
20008 14339
20009 14340
20010 14341
20011 14342
20012 14343
20014 14344
20015 14345
20016 14346
20017 14347
20018 14348
20019 14349
20020 14350
20021 14351
20022 14352
20023 14353
20024 14354
20025 14355
20026 14356
20028 14357
20029 14358
20030 14359
20031 14360
20034 14361
20036 14362
20037 14363
20039 14364
20040 14365
20041 14366
20042 14367
20043 14368
20044 14369
20045 14370
20047 14371
20049 14372
20050 14373
20051 14374
20052 14375
20053 14376
20054 14377
20056 14378
20057 14379
20058 14380
20059 14381
20061 14382
20062 14383
20063 14384
20064 14385
20066 14386
20067 14387
20069 14388
20072 14389
20077 14390
20079 14391
20081 14392
20084 14393
20085 14394
20087 14395
20089 14396
20090 14397
20091 14398
20092 14399
20093 14400
20095 14401
20096 14402
20098 14403
20099 14404
20100 14405
20101 14406
20102 14407
20103 14408
20104 14409
20110 14410
20111 14411
20112 14412
20113 14413
20116 14414
20118 14415
20120 14416
20121 14417
20122 14418
20123 14419
20124 14420
20125 14421
20126 14422
20128 14423
20129 14424
20131 14425
20132 14426
20133 14427
20134 14428
20135 14429
20136 14430
20138 14431
20139 14432
20140 14433
20141 14434
20143 14435
20144 14436
20146 14437
20147 14438
20148 14439
20149 14440
20151 14441
20152 14442
20154 14443
20156 14444
20157 14445
20158 14446
20160 14447
20161 14448
20163 14449
20164 14450
20165 14451
20168 14452
20169 14453
20170 14454
20172 14455
20173 14456
20174 14457
20175 14458
20176 14459
20178 14460
20179 14461
20184 14462
20186 14463
20188 14464
20191 14465
20193 14466
20194 14467
20195 14468
20196 14469
20198 14470
20200 14471
20201 14472
20202 14473
20204 14474
20205 14475
20207 14476
20208 14477
20209 14478
20210 14479
20211 14480
20213 14481
20214 14482
20215 14483
20216 14484
20217 14485
20218 14486
20219 14487
20224 14488
20225 14489
20227 14490
20230 14491
20232 14492
20234 14493
20235 14494
20236 14495
20237 14496
20238 14497
20239 14498
20241 14499
20242 14500
20243 14501
20244 14502
20245 14503
20248 14504
20250 14505
20252 14506
20253 14507
20254 14508
20256 14509
20257 14510
20258 14511
20260 14512
20263 14513
20264 14514
20265 14515
20266 14516
20267 14517
20268 14518
20269 14519
20270 14520
20271 14521
20272 14522
20273 14523
20274 14524
20276 14525
20277 14526
20278 14527
20279 14528
20280 14529
20281 14530
20283 14531
20284 14532
20290 14533
20291 14534
20292 14535
20293 14536
20294 14537
20296 14538
20297 14539
20298 14540
20300 14541
20301 14542
20303 14543
20304 14544
20305 14545
20308 14546
20309 14547
20310 14548
20311 14549
20312 14550
20313 14551
20314 14552
20315 14553
20316 14554
20317 14555
20318 14556
20319 14557
20320 14558
20322 14559
20323 14560
20324 14561
20326 14562
20327 14563
20328 14564
20330 14565
20331 14566
20332 14567
20334 14568
20337 14569
20338 14570
20340 14571
20341 14572
20342 14573
20344 14574
20345 14575
20346 14576
20348 14577
20350 14578
20351 14579
20352 14580
20354 14581
20355 14582
20356 14583
20357 14584
20358 14585
20359 14586
20360 14587
20361 14588
20365 14589
20367 14590
20369 14591
20370 14592
20371 14593
20373 14594
20374 14595
20376 14596
20377 14597
20378 14598
20379 14599
20380 14600
20381 14601
20382 14602
20383 14603
20384 14604
20385 14605
20386 14606
20387 14607
20388 14608
20390 14609
20391 14610
20392 14611
20393 14612
20394 14613
20397 14614
20399 14615
20400 14616
20401 14617
20402 14618
20403 14619
20404 14620
20405 14621
20406 14622
20407 14623
20408 14624
20409 14625
20410 14626
20412 14627
20413 14628
20415 14629
20416 14630
20417 14631
20419 14632
20420 14633
20422 14634
20423 14635
20424 14636
20425 14637
20426 14638
20428 14639
20429 14640
20431 14641
20432 14642
20433 14643
20434 14644
20435 14645
20436 14646
20437 14647
20438 14648
20439 14649
20441 14650
20443 14651
20445 14652
20447 14653
20448 14654
20449 14655
20450 14656
20451 14657
20452 14658
20453 14659
20454 14660
20455 14661
20457 14662
20459 14663
20460 14664
20461 14665
20462 14666
20463 14667
20465 14668
20466 14669
20467 14670
20469 14671
20470 14672
20471 14673
20472 14674
20473 14675
20475 14676
20478 14677
20479 14678
20480 14679
20481 14680
20482 14681
20483 14682
20484 14683
20486 14684
20487 14685
20489 14686
20490 14687
20491 14688
20492 14689
20495 14690
20496 14691
20497 14692
20498 14693
20500 14694
20501 14695
20503 14696
20504 14697
20505 14698
20506 14699
20507 14700
20508 14701
20510 14702
20511 14703
20513 14704
20514 14705
20515 14706
20517 14707
20518 14708
20519 14709
20520 14710
20521 14711
20522 14712
20526 14713
20527 14714
20528 14715
20529 14716
20531 14717
20533 14718
20534 14719
20535 14720
20536 14721
20537 14722
20538 14723
20539 14724
20540 14725
20541 14726
20547 14727
20548 14728
20550 14729
20551 14730
20552 14731
20553 14732
20554 14733
20556 14734
20557 14735
20558 14736
20559 14737
20561 14738
20563 14739
20564 14740
20565 14741
20567 14742
20570 14743
20571 14744
20572 14745
20573 14746
20575 14747
20582 14748
20583 14749
20584 14750
20585 14751
20587 14752
20588 14753
20589 14754
20590 14755
20592 14756
20593 14757
20594 14758
20595 14759
20596 14760
20599 14761
20600 14762
20603 14763
20604 14764
20605 14765
20606 14766
20607 14767
20608 14768
20609 14769
20610 14770
20611 14771
20612 14772
20613 14773
20614 14774
20618 14775
20619 14776
20620 14777
20621 14778
20622 14779
20623 14780
20626 14781
20627 14782
20629 14783
20630 14784
20631 14785
20632 14786
20633 14787
20634 14788
20635 14789
20636 14790
20638 14791
20639 14792
20642 14793
20643 14794
20645 14795
20647 14796
20648 14797
20649 14798
20650 14799
20651 14800
20652 14801
20655 14802
20656 14803
20657 14804
20658 14805
20659 14806
20662 14807
20663 14808
20665 14809
20666 14810
20667 14811
20668 14812
20669 14813
20671 14814
20672 14815
20673 14816
20674 14817
20675 14818
20676 14819
20677 14820
20678 14821
20679 14822
20683 14823
20684 14824
20685 14825
20686 14826
20687 14827
20689 14828
20690 14829
20693 14830
20695 14831
20697 14832
20700 14833
20701 14834
20702 14835
20703 14836
20705 14837
20706 14838
20707 14839
20709 14840
20710 14841
20711 14842
20714 14843
20715 14844
20716 14845
20717 14846
20718 14847
20719 14848
20720 14849
20721 14850
20723 14851
20724 14852
20725 14853
20726 14854
20727 14855
20728 14856
20729 14857
20730 14858
20731 14859
20732 14860
20734 14861
20735 14862
20736 14863
20738 14864
20740 14865
20742 14866
20743 14867
20744 14868
20745 14869
20747 14870
20748 14871
20749 14872
20750 14873
20752 14874
20753 14875
20754 14876
20755 14877
20756 14878
20757 14879
20758 14880
20759 14881
20760 14882
20761 14883
20763 14884
20764 14885
20765 14886
20766 14887
20767 14888
20769 14889
20773 14890
20774 14891
20775 14892
20777 14893
20778 14894
20781 14895
20784 14896
20785 14897
20786 14898
20787 14899
20788 14900
20789 14901
20790 14902
20792 14903
20793 14904
20795 14905
20796 14906
20797 14907
20798 14908
20801 14909
20802 14910
20804 14911
20806 14912
20807 14913
20809 14914
20811 14915
20812 14916
20814 14917
20815 14918
20816 14919
20817 14920
20823 14921
20824 14922
20825 14923
20826 14924
20827 14925
20828 14926
20830 14927
20831 14928
20832 14929
20834 14930
20835 14931
20838 14932
20839 14933
20841 14934
20842 14935
20844 14936
20845 14937
20846 14938
20847 14939
20848 14940
20850 14941
20851 14942
20852 14943
20853 14944
20854 14945
20855 14946
20856 14947
20857 14948
20858 14949
20859 14950
20860 14951
20861 14952
20862 14953
20864 14954
20866 14955
20867 14956
20868 14957
20869 14958
20870 14959
20871 14960
20872 14961
20873 14962
20875 14963
20879 14964
20881 14965
20882 14966
20883 14967
20884 14968
20885 14969
20887 14970
20889 14971
20890 14972
20891 14973
20892 14974
20893 14975
20894 14976
20895 14977
20896 14978
20898 14979
20899 14980
20900 14981
20901 14982
20902 14983
20903 14984
20904 14985
20905 14986
20906 14987
20908 14988
20909 14989
20910 14990
20911 14991
20914 14992
20917 14993
20918 14994
20921 14995
20922 14996
20924 14997
20925 14998
20927 14999
20928 15000
20930 15001
20932 15002
20933 15003
20934 15004
20935 15005
20937 15006
20938 15007
20940 15008
20941 15009
20942 15010
20943 15011
20944 15012
20945 15013
20946 15014
20947 15015
20948 15016
20949 15017
20953 15018
20954 15019
20955 15020
20956 15021
20959 15022
20961 15023
20962 15024
20963 15025
20964 15026
20965 15027
20966 15028
20967 15029
20968 15030
20971 15031
20972 15032
20973 15033
20974 15034
20975 15035
20976 15036
20978 15037
20980 15038
20981 15039
20982 15040
20983 15041
20984 15042
20986 15043
20987 15044
20988 15045
20989 15046
20991 15047
20992 15048
20993 15049
20994 15050
20995 15051
20996 15052
20997 15053
20998 15054
20999 15055
21001 15056
21002 15057
21003 15058
21004 15059
21006 15060
21009 15061
21010 15062
21011 15063
21012 15064
21013 15065
21014 15066
21015 15067
21017 15068
21022 15069
21023 15070
21024 15071
21026 15072
21028 15073
21030 15074
21031 15075
21034 15076
21035 15077
21036 15078
21037 15079
21038 15080
21040 15081
21041 15082
21042 15083
21043 15084
21044 15085
21045 15086
21046 15087
21047 15088
21048 15089
21049 15090
21051 15091
21052 15092
21053 15093
21054 15094
21056 15095
21057 15096
21058 15097
21059 15098
21060 15099
21062 15100
21063 15101
21064 15102
21065 15103
21066 15104
21067 15105
21068 15106
21069 15107
21071 15108
21072 15109
21073 15110
21074 15111
21075 15112
21077 15113
21078 15114
21082 15115
21084 15116
21087 15117
21092 15118
21093 15119
21094 15120
21095 15121
21096 15122
21098 15123
21099 15124
21100 15125
21102 15126
21103 15127
21106 15128
21109 15129
21112 15130
21114 15131
21115 15132
21116 15133
21117 15134
21118 15135
21120 15136
21121 15137
21122 15138
21123 15139
21124 15140
21125 15141
21126 15142
21127 15143
21128 15144
21129 15145
21130 15146
21131 15147
21133 15148
21134 15149
21135 15150
21136 15151
21138 15152
21139 15153
21141 15154
21142 15155
21144 15156
21146 15157
21147 15158
21149 15159
21150 15160
21151 15161
21152 15162
21154 15163
21156 15164
21158 15165
21159 15166
21160 15167
21163 15168
21164 15169
21166 15170
21170 15171
21171 15172
21172 15173
21173 15174
21174 15175
21176 15176
21178 15177
21182 15178
21184 15179
21185 15180
21187 15181
21188 15182
21189 15183
21190 15184
21191 15185
21194 15186
21195 15187
21196 15188
21199 15189
21200 15190
21203 15191
21204 15192
21205 15193
21206 15194
21208 15195
21209 15196
21210 15197
21211 15198
21212 15199
21213 15200
21215 15201
21216 15202
21218 15203
21222 15204
21223 15205
21224 15206
21225 15207
21227 15208
21228 15209
21229 15210
21230 15211
21233 15212
21234 15213
21235 15214
21237 15215
21239 15216
21241 15217
21243 15218
21244 15219
21245 15220
21247 15221
21248 15222
21251 15223
21252 15224
21253 15225
21254 15226
21255 15227
21256 15228
21257 15229
21258 15230
21259 15231
21260 15232
21261 15233
21263 15234
21264 15235
21265 15236
21266 15237
21267 15238
21268 15239
21269 15240
21270 15241
21272 15242
21273 15243
21274 15244
21276 15245
21277 15246
21278 15247
21280 15248
21281 15249
21282 15250
21284 15251
21285 15252
21287 15253
21288 15254
21289 15255
21291 15256
21294 15257
21295 15258
21298 15259
21299 15260
21300 15261
21301 15262
21302 15263
21303 15264
21304 15265
21306 15266
21307 15267
21309 15268
21310 15269
21312 15270
21313 15271
21315 15272
21316 15273
21317 15274
21320 15275
21322 15276
21323 15277
21325 15278
21326 15279
21327 15280
21329 15281
21331 15282
21332 15283
21333 15284
21336 15285
21338 15286
21339 15287
21341 15288
21342 15289
21343 15290
21344 15291
21345 15292
21347 15293
21348 15294
21349 15295
21350 15296
21351 15297
21352 15298
21353 15299
21355 15300
21356 15301
21357 15302
21358 15303
21359 15304
21360 15305
21361 15306
21362 15307
21363 15308
21365 15309
21366 15310
21367 15311
21368 15312
21369 15313
21370 15314
21371 15315
21372 15316
21373 15317
21374 15318
21377 15319
21379 15320
21381 15321
21382 15322
21384 15323
21385 15324
21388 15325
21390 15326
21394 15327
21395 15328
21396 15329
21397 15330
21398 15331
21400 15332
21401 15333
21402 15334
21403 15335
21404 15336
21406 15337
21407 15338
21413 15339
21414 15340
21419 15341
21420 15342
21421 15343
21423 15344
21426 15345
21427 15346
21428 15347
21430 15348
21432 15349
21433 15350
21435 15351
21436 15352
21437 15353
21439 15354
21441 15355
21442 15356
21444 15357
21446 15358
21447 15359
21448 15360
21449 15361
21450 15362
21451 15363
21452 15364
21453 15365
21455 15366
21456 15367
21457 15368
21458 15369
21459 15370
21460 15371
21463 15372
21464 15373
21466 15374
21468 15375
21469 15376
21470 15377
21471 15378
21473 15379
21474 15380
21476 15381
21477 15382
21478 15383
21479 15384
21480 15385
21481 15386
21482 15387
21484 15388
21485 15389
21486 15390
21487 15391
21489 15392
21490 15393
21492 15394
21493 15395
21494 15396
21495 15397
21496 15398
21497 15399
21499 15400
21500 15401
21501 15402
21503 15403
21504 15404
21505 15405
21507 15406
21508 15407
21509 15408
21510 15409
21511 15410
21514 15411
21515 15412
21516 15413
21517 15414
21518 15415
21519 15416
21520 15417
21521 15418
21523 15419
21525 15420
21526 15421
21527 15422
21528 15423
21529 15424
21530 15425
21531 15426
21532 15427
21533 15428
21534 15429
21535 15430
21537 15431
21538 15432
21540 15433
21541 15434
21543 15435
21544 15436
21546 15437
21547 15438
21548 15439
21549 15440
21550 15441
21551 15442
21552 15443
21553 15444
21554 15445
21556 15446
21557 15447
21558 15448
21560 15449
21563 15450
21564 15451
21566 15452
21567 15453
21569 15454
21571 15455
21573 15456
21577 15457
21578 15458
21581 15459
21582 15460
21583 15461
21586 15462
21587 15463
21589 15464
21590 15465
21591 15466
21592 15467
21593 15468
21595 15469
21596 15470
21599 15471
21600 15472
21601 15473
21602 15474
21604 15475
21605 15476
21607 15477
21609 15478
21611 15479
21614 15480
21615 15481
21616 15482
21617 15483
21619 15484
21622 15485
21623 15486
21625 15487
21626 15488
21627 15489
21628 15490
21629 15491
21630 15492
21633 15493
21634 15494
21639 15495
21640 15496
21641 15497
21642 15498
21643 15499
21644 15500
21649 15501
21650 15502
21651 15503
21652 15504
21653 15505
21654 15506
21655 15507
21656 15508
21657 15509
21658 15510
21660 15511
21661 15512
21662 15513
21664 15514
21666 15515
21667 15516
21668 15517
21669 15518
21670 15519
21671 15520
21672 15521
21675 15522
21676 15523
21677 15524
21678 15525
21679 15526
21680 15527
21681 15528
21682 15529
21683 15530
21684 15531
21685 15532
21688 15533
21689 15534
21690 15535
21691 15536
21692 15537
21693 15538
21694 15539
21695 15540
21696 15541
21697 15542
21699 15543
21700 15544
21701 15545
21702 15546
21703 15547
21704 15548
21705 15549
21706 15550
21707 15551
21710 15552
21711 15553
21712 15554
21713 15555
21714 15556
21718 15557
21720 15558
21721 15559
21722 15560
21723 15561
21725 15562
21726 15563
21729 15564
21730 15565
21731 15566
21732 15567
21733 15568
21735 15569
21738 15570
21741 15571
21742 15572
21743 15573
21744 15574
21745 15575
21746 15576
21747 15577
21748 15578
21750 15579
21751 15580
21753 15581
21754 15582
21757 15583
21758 15584
21759 15585
21760 15586
21762 15587
21763 15588
21764 15589
21770 15590
21772 15591
21773 15592
21776 15593
21777 15594
21778 15595
21779 15596
21780 15597
21781 15598
21786 15599
21789 15600
21790 15601
21791 15602
21792 15603
21793 15604
21794 15605
21798 15606
21799 15607
21803 15608
21804 15609
21805 15610
21806 15611
21807 15612
21810 15613
21811 15614
21812 15615
21814 15616
21817 15617
21818 15618
21819 15619
21820 15620
21821 15621
21822 15622
21823 15623
21824 15624
21825 15625
21826 15626
21827 15627
21829 15628
21830 15629
21834 15630
21835 15631
21836 15632
21837 15633
21839 15634
21840 15635
21842 15636
21843 15637
21844 15638
21845 15639
21846 15640
21848 15641
21849 15642
21850 15643
21851 15644
21852 15645
21854 15646
21855 15647
21856 15648
21857 15649
21859 15650
21860 15651
21861 15652
21862 15653
21863 15654
21864 15655
21865 15656
21866 15657
21868 15658
21869 15659
21870 15660
21871 15661
21872 15662
21873 15663
21876 15664
21877 15665
21879 15666
21880 15667
21882 15668
21884 15669
21885 15670
21886 15671
21887 15672
21888 15673
21889 15674
21890 15675
21891 15676
21892 15677
21893 15678
21894 15679
21895 15680
21896 15681
21897 15682
21898 15683
21899 15684
21900 15685
21901 15686
21902 15687
21903 15688
21905 15689
21906 15690
21908 15691
21910 15692
21911 15693
21912 15694
21913 15695
21914 15696
21915 15697
21917 15698
21918 15699
21920 15700
21921 15701
21922 15702
21923 15703
21924 15704
21926 15705
21927 15706
21928 15707
21930 15708
21932 15709
21934 15710
21935 15711
21936 15712
21937 15713
21938 15714
21941 15715
21942 15716
21945 15717
21946 15718
21947 15719
21948 15720
21951 15721
21952 15722
21953 15723
21954 15724
21955 15725
21956 15726
21958 15727
21959 15728
21960 15729
21961 15730
21962 15731
21964 15732
21965 15733
21966 15734
21969 15735
21971 15736
21972 15737
21973 15738
21974 15739
21977 15740
21978 15741
21979 15742
21981 15743
21982 15744
21983 15745
21988 15746
21989 15747
21990 15748
21991 15749
21993 15750
21997 15751
21998 15752
21999 15753
22000 15754
22002 15755
22003 15756
22004 15757
22005 15758
22006 15759
22008 15760
22011 15761
22012 15762
22014 15763
22015 15764
22016 15765
22017 15766
22018 15767
22020 15768
22022 15769
22023 15770
22024 15771
22025 15772
22028 15773
22030 15774
22031 15775
22032 15776
22033 15777
22035 15778
22036 15779
22037 15780
22038 15781
22041 15782
22043 15783
22046 15784
22048 15785
22049 15786
22051 15787
22052 15788
22053 15789
22054 15790
22059 15791
22060 15792
22061 15793
22062 15794
22064 15795
22067 15796
22068 15797
22070 15798
22072 15799
22073 15800
22074 15801
22075 15802
22077 15803
22082 15804
22084 15805
22087 15806
22088 15807
22089 15808
22090 15809
22091 15810
22092 15811
22095 15812
22096 15813
22098 15814
22099 15815
22100 15816
22102 15817
22103 15818
22104 15819
22105 15820
22106 15821
22107 15822
22108 15823
22110 15824
22111 15825
22112 15826
22114 15827
22115 15828
22117 15829
22119 15830
22120 15831
22121 15832
22123 15833
22126 15834
22127 15835
22128 15836
22129 15837
22130 15838
22132 15839
22134 15840
22136 15841
22137 15842
22140 15843
22141 15844
22142 15845
22145 15846
22146 15847
22147 15848
22148 15849
22149 15850
22151 15851
22154 15852
22155 15853
22156 15854
22158 15855
22159 15856
22160 15857
22163 15858
22164 15859
22165 15860
22166 15861
22167 15862
22168 15863
22169 15864
22170 15865
22171 15866
22172 15867
22173 15868
22174 15869
22177 15870
22178 15871
22179 15872
22180 15873
22181 15874
22182 15875
22186 15876
22188 15877
22189 15878
22190 15879
22191 15880
22193 15881
22194 15882
22196 15883
22198 15884
22199 15885
22200 15886
22201 15887
22203 15888
22205 15889
22207 15890
22208 15891
22209 15892
22210 15893
22211 15894
22212 15895
22213 15896
22217 15897
22218 15898
22220 15899
22222 15900
22223 15901
22224 15902
22225 15903
22226 15904
22227 15905
22228 15906
22229 15907
22230 15908
22232 15909
22233 15910
22234 15911
22235 15912
22236 15913
22237 15914
22238 15915
22239 15916
22241 15917
22242 15918
22243 15919
22244 15920
22245 15921
22246 15922
22248 15923
22249 15924
22250 15925
22251 15926
22255 15927
22256 15928
22258 15929
22259 15930
22262 15931
22263 15932
22264 15933
22266 15934
22267 15935
22270 15936
22271 15937
22272 15938
22273 15939
22276 15940
22277 15941
22279 15942
22282 15943
22283 15944
22284 15945
22285 15946
22286 15947
22287 15948
22288 15949
22289 15950
22290 15951
22291 15952
22292 15953
22296 15954
22297 15955
22301 15956
22302 15957
22303 15958
22310 15959
22311 15960
22312 15961
22313 15962
22316 15963
22317 15964
22318 15965
22319 15966
22320 15967
22321 15968
22322 15969
22323 15970
22324 15971
22325 15972
22326 15973
22327 15974
22328 15975
22329 15976
22330 15977
22331 15978
22332 15979
22333 15980
22335 15981
22338 15982
22340 15983
22341 15984
22342 15985
22343 15986
22344 15987
22345 15988
22347 15989
22348 15990
22350 15991
22351 15992
22352 15993
22353 15994
22354 15995
22355 15996
22356 15997
22357 15998
22358 15999
22360 16000
22361 16001
22362 16002
22365 16003
22366 16004
22368 16005
22369 16006
22371 16007
22372 16008
22374 16009
22375 16010
22376 16011
22377 16012
22378 16013
22379 16014
22381 16015
22382 16016
22383 16017
22384 16018
22385 16019
22387 16020
22388 16021
22389 16022
22390 16023
22392 16024
22393 16025
22394 16026
22395 16027
22396 16028
22397 16029
22400 16030
22401 16031
22403 16032
22404 16033
22405 16034
22409 16035
22410 16036
22412 16037
22413 16038
22414 16039
22415 16040
22416 16041
22417 16042
22418 16043
22421 16044
22422 16045
22424 16046
22425 16047
22428 16048
22431 16049
22432 16050
22433 16051
22434 16052
22436 16053
22437 16054
22438 16055
22439 16056
22440 16057
22441 16058
22442 16059
22443 16060
22444 16061
22445 16062
22447 16063
22448 16064
22450 16065
22453 16066
22454 16067
22455 16068
22456 16069
22457 16070
22458 16071
22459 16072
22463 16073
22464 16074
22465 16075
22467 16076
22468 16077
22472 16078
22474 16079
22475 16080
22478 16081
22479 16082
22480 16083
22482 16084
22483 16085
22484 16086
22485 16087
22488 16088
22489 16089
22490 16090
22491 16091
22492 16092
22493 16093
22494 16094
22497 16095
22498 16096
22499 16097
22500 16098
22502 16099
22504 16100
22505 16101
22506 16102
22507 16103
22509 16104
22511 16105
22513 16106
22514 16107
22516 16108
22517 16109
22518 16110
22520 16111
22521 16112
22522 16113
22523 16114
22525 16115
22528 16116
22529 16117
22531 16118
22533 16119
22534 16120
22535 16121
22537 16122
22538 16123
22539 16124
22542 16125
22543 16126
22544 16127
22545 16128
22546 16129
22548 16130
22551 16131
22553 16132
22554 16133
22555 16134
22556 16135
22557 16136
22558 16137
22559 16138
22561 16139
22562 16140
22563 16141
22564 16142
22565 16143
22566 16144
22567 16145
22569 16146
22570 16147
22571 16148
22572 16149
22573 16150
22575 16151
22576 16152
22577 16153
22579 16154
22580 16155
22582 16156
22583 16157
22584 16158
22586 16159
22587 16160
22588 16161
22589 16162
22590 16163
22592 16164
22593 16165
22594 16166
22595 16167
22596 16168
22597 16169
22599 16170
22600 16171
22601 16172
22602 16173
22603 16174
22604 16175
22606 16176
22607 16177
22609 16178
22610 16179
22612 16180
22613 16181
22614 16182
22615 16183
22617 16184
22619 16185
22622 16186
22624 16187
22626 16188
22627 16189
22628 16190
22630 16191
22631 16192
22633 16193
22634 16194
22635 16195
22636 16196
22637 16197
22638 16198
22639 16199
22641 16200
22643 16201
22644 16202
22645 16203
22646 16204
22648 16205
22649 16206
22651 16207
22652 16208
22653 16209
22654 16210
22655 16211
22656 16212
22657 16213
22659 16214
22660 16215
22663 16216
22664 16217
22665 16218
22666 16219
22667 16220
22670 16221
22674 16222
22675 16223
22677 16224
22678 16225
22679 16226
22680 16227
22682 16228
22683 16229
22684 16230
22685 16231
22686 16232
22687 16233
22691 16234
22692 16235
22695 16236
22696 16237
22697 16238
22699 16239
22700 16240
22701 16241
22702 16242
22703 16243
22704 16244
22705 16245
22707 16246
22708 16247
22709 16248
22710 16249
22711 16250
22712 16251
22713 16252
22714 16253
22716 16254
22717 16255
22718 16256
22719 16257
22722 16258
22724 16259
22726 16260
22727 16261
22728 16262
22729 16263
22730 16264
22732 16265
22733 16266
22734 16267
22735 16268
22736 16269
22737 16270
22738 16271
22739 16272
22740 16273
22741 16274
22742 16275
22744 16276
22745 16277
22747 16278
22750 16279
22751 16280
22754 16281
22756 16282
22758 16283
22760 16284
22761 16285
22762 16286
22763 16287
22764 16288
22767 16289
22768 16290
22769 16291
22770 16292
22771 16293
22772 16294
22773 16295
22774 16296
22775 16297
22776 16298
22778 16299
22779 16300
22780 16301
22782 16302
22783 16303
22784 16304
22785 16305
22786 16306
22788 16307
22790 16308
22791 16309
22794 16310
22795 16311
22796 16312
22797 16313
22798 16314
22799 16315
22800 16316
22803 16317
22804 16318
22805 16319
22806 16320
22807 16321
22808 16322
22809 16323
22810 16324
22812 16325
22813 16326
22816 16327
22817 16328
22818 16329
22819 16330
22820 16331
22821 16332
22822 16333
22823 16334
22824 16335
22825 16336
22826 16337
22827 16338
22828 16339
22830 16340
22831 16341
22832 16342
22833 16343
22836 16344
22837 16345
22838 16346
22839 16347
22841 16348
22842 16349
22845 16350
22846 16351
22847 16352
22848 16353
22849 16354
22850 16355
22851 16356
22852 16357
22853 16358
22856 16359
22857 16360
22858 16361
22860 16362
22861 16363
22862 16364
22863 16365
22865 16366
22866 16367
22867 16368
22868 16369
22869 16370
22870 16371
22872 16372
22873 16373
22874 16374
22877 16375
22879 16376
22880 16377
22881 16378
22882 16379
22883 16380
22884 16381
22885 16382
22886 16383
22887 16384
22888 16385
22889 16386
22890 16387
22892 16388
22893 16389
22895 16390
22896 16391
22898 16392
22899 16393
22900 16394
22901 16395
22904 16396
22905 16397
22906 16398
22910 16399
22911 16400
22912 16401
22913 16402
22915 16403
22916 16404
22917 16405
22918 16406
22919 16407
22924 16408
22925 16409
22926 16410
22927 16411
22929 16412
22930 16413
22931 16414
22932 16415
22933 16416
22935 16417
22936 16418
22938 16419
22939 16420
22940 16421
22943 16422
22944 16423
22946 16424
22947 16425
22948 16426
22949 16427
22950 16428
22951 16429
22953 16430
22957 16431
22958 16432
22959 16433
22960 16434
22961 16435
22964 16436
22965 16437
22966 16438
22967 16439
22968 16440
22969 16441
22970 16442
22971 16443
22972 16444
22974 16445
22975 16446
22976 16447
22977 16448
22980 16449
22981 16450
22982 16451
22984 16452
22985 16453
22987 16454
22988 16455
22989 16456
22990 16457
22991 16458
22993 16459
22994 16460
22995 16461
22997 16462
23001 16463
23002 16464
23003 16465
23004 16466
23007 16467
23009 16468
23010 16469
23011 16470
23013 16471
23015 16472
23017 16473
23018 16474
23019 16475
23021 16476
23022 16477
23023 16478
23024 16479
23026 16480
23027 16481
23028 16482
23029 16483
23032 16484
23033 16485
23034 16486
23036 16487
23037 16488
23038 16489
23039 16490
23040 16491
23041 16492
23042 16493
23043 16494
23044 16495
23045 16496
23046 16497
23047 16498
23048 16499
23049 16500
23050 16501
23052 16502
23053 16503
23054 16504
23055 16505
23056 16506
23057 16507
23058 16508
23059 16509
23060 16510
23061 16511
23062 16512
23064 16513
23065 16514
23066 16515
23067 16516
23068 16517
23074 16518
23077 16519
23079 16520
23080 16521
23083 16522
23085 16523
23086 16524
23087 16525
23088 16526
23090 16527
23091 16528
23092 16529
23093 16530
23095 16531
23096 16532
23097 16533
23098 16534
23099 16535
23101 16536
23102 16537
23103 16538
23105 16539
23106 16540
23107 16541
23108 16542
23109 16543
23110 16544
23111 16545
23112 16546
23115 16547
23117 16548
23118 16549
23119 16550
23120 16551
23123 16552
23124 16553
23125 16554
23127 16555
23130 16556
23131 16557
23132 16558
23133 16559
23134 16560
23135 16561
23136 16562
23137 16563
23138 16564
23139 16565
23141 16566
23143 16567
23145 16568
23149 16569
23150 16570
23151 16571
23152 16572
23154 16573
23155 16574
23156 16575
23157 16576
23158 16577
23159 16578
23160 16579
23161 16580
23163 16581
23167 16582
23168 16583
23171 16584
23172 16585
23173 16586
23174 16587
23175 16588
23176 16589
23178 16590
23179 16591
23180 16592
23181 16593
23182 16594
23183 16595
23184 16596
23185 16597
23186 16598
23187 16599
23188 16600
23190 16601
23193 16602
23196 16603
23197 16604
23199 16605
23200 16606
23201 16607
23202 16608
23204 16609
23207 16610
23208 16611
23209 16612
23210 16613
23211 16614
23213 16615
23216 16616
23218 16617
23220 16618
23221 16619
23222 16620
23224 16621
23225 16622
23226 16623
23228 16624
23229 16625
23231 16626
23233 16627
23234 16628
23235 16629
23236 16630
23238 16631
23240 16632
23242 16633
23244 16634
23247 16635
23248 16636
23249 16637
23253 16638
23254 16639
23255 16640
23256 16641
23257 16642
23258 16643
23259 16644
23260 16645
23261 16646
23262 16647
23263 16648
23265 16649
23267 16650
23268 16651
23269 16652
23270 16653
23271 16654
23273 16655
23275 16656
23276 16657
23284 16658
23285 16659
23286 16660
23287 16661
23288 16662
23290 16663
23291 16664
23292 16665
23296 16666
23297 16667
23298 16668
23299 16669
23300 16670
23303 16671
23304 16672
23305 16673
23308 16674
23309 16675
23310 16676
23311 16677
23312 16678
23313 16679
23314 16680
23315 16681
23317 16682
23321 16683
23322 16684
23323 16685
23324 16686
23327 16687
23328 16688
23329 16689
23330 16690
23332 16691
23334 16692
23337 16693
23339 16694
23340 16695
23341 16696
23342 16697
23344 16698
23346 16699
23347 16700
23348 16701
23349 16702
23350 16703
23351 16704
23352 16705
23353 16706
23354 16707
23355 16708
23357 16709
23358 16710
23359 16711
23360 16712
23361 16713
23364 16714
23365 16715
23366 16716
23367 16717
23368 16718
23370 16719
23371 16720
23372 16721
23373 16722
23377 16723
23379 16724
23380 16725
23381 16726
23382 16727
23384 16728
23385 16729
23387 16730
23388 16731
23389 16732
23391 16733
23394 16734
23395 16735
23396 16736
23397 16737
23399 16738
23400 16739
23402 16740
23404 16741
23405 16742
23406 16743
23407 16744
23408 16745
23410 16746
23412 16747
23413 16748
23415 16749
23416 16750
23417 16751
23418 16752
23420 16753
23421 16754
23423 16755
23424 16756
23425 16757
23427 16758
23428 16759
23430 16760
23431 16761
23432 16762
23434 16763
23435 16764
23436 16765
23440 16766
23442 16767
23446 16768
23447 16769
23448 16770
23452 16771
23453 16772
23454 16773
23455 16774
23456 16775
23457 16776
23458 16777
23459 16778
23460 16779
23462 16780
23463 16781
23466 16782
23468 16783
23469 16784
23471 16785
23473 16786
23474 16787
23478 16788
23479 16789
23480 16790
23481 16791
23484 16792
23486 16793
23488 16794
23489 16795
23490 16796
23492 16797
23494 16798
23495 16799
23496 16800
23498 16801
23499 16802
23500 16803
23501 16804
23502 16805
23503 16806
23506 16807
23507 16808
23508 16809
23510 16810
23512 16811
23514 16812
23515 16813
23516 16814
23517 16815
23518 16816
23519 16817
23520 16818
23522 16819
23523 16820
23524 16821
23525 16822
23527 16823
23528 16824
23529 16825
23530 16826
23531 16827
23533 16828
23535 16829
23536 16830
23538 16831
23539 16832
23540 16833
23544 16834
23547 16835
23548 16836
23549 16837
23550 16838
23551 16839
23552 16840
23553 16841
23554 16842
23557 16843
23558 16844
23559 16845
23560 16846
23562 16847
23563 16848
23564 16849
23565 16850
23566 16851
23567 16852
23568 16853
23571 16854
23573 16855
23574 16856
23578 16857
23581 16858
23583 16859
23584 16860
23586 16861
23587 16862
23590 16863
23593 16864
23594 16865
23596 16866
23597 16867
23599 16868
23604 16869
23605 16870
23608 16871
23609 16872
23610 16873
23612 16874
23614 16875
23617 16876
23619 16877
23620 16878
23621 16879
23622 16880
23624 16881
23625 16882
23626 16883
23627 16884
23630 16885
23632 16886
23633 16887
23634 16888
23636 16889
23637 16890
23638 16891
23641 16892
23642 16893
23643 16894
23644 16895
23646 16896
23647 16897
23648 16898
23649 16899
23650 16900
23651 16901
23652 16902
23653 16903
23654 16904
23655 16905
23656 16906
23657 16907
23658 16908
23661 16909
23662 16910
23664 16911
23665 16912
23666 16913
23669 16914
23670 16915
23671 16916
23673 16917
23674 16918
23675 16919
23677 16920
23678 16921
23680 16922
23681 16923
23682 16924
23684 16925
23685 16926
23686 16927
23687 16928
23688 16929
23689 16930
23690 16931
23691 16932
23692 16933
23693 16934
23694 16935
23695 16936
23696 16937
23697 16938
23698 16939
23699 16940
23700 16941
23701 16942
23702 16943
23705 16944
23706 16945
23707 16946
23709 16947
23711 16948
23713 16949
23714 16950
23715 16951
23716 16952
23717 16953
23718 16954
23720 16955
23724 16956
23726 16957
23732 16958
23734 16959
23735 16960
23736 16961
23737 16962
23740 16963
23741 16964
23744 16965
23745 16966
23746 16967
23747 16968
23748 16969
23751 16970
23755 16971
23756 16972
23757 16973
23758 16974
23761 16975
23762 16976
23763 16977
23764 16978
23765 16979
23768 16980
23769 16981
23770 16982
23771 16983
23773 16984
23774 16985
23775 16986
23776 16987
23778 16988
23779 16989
23780 16990
23781 16991
23782 16992
23783 16993
23784 16994
23785 16995
23786 16996
23787 16997
23789 16998
23791 16999
23792 17000
23793 17001
23796 17002
23800 17003
23801 17004
23802 17005
23803 17006
23804 17007
23809 17008
23810 17009
23811 17010
23812 17011
23813 17012
23815 17013
23816 17014
23817 17015
23818 17016
23820 17017
23821 17018
23824 17019
23825 17020
23826 17021
23830 17022
23831 17023
23833 17024
23835 17025
23837 17026
23840 17027
23841 17028
23844 17029
23845 17030
23846 17031
23847 17032
23849 17033
23851 17034
23852 17035
23854 17036
23855 17037
23856 17038
23857 17039
23858 17040
23859 17041
23861 17042
23862 17043
23863 17044
23864 17045
23865 17046
23866 17047
23868 17048
23870 17049
23871 17050
23872 17051
23873 17052
23875 17053
23876 17054
23878 17055
23880 17056
23881 17057
23882 17058
23883 17059
23886 17060
23888 17061
23889 17062
23890 17063
23891 17064
23892 17065
23894 17066
23896 17067
23897 17068
23900 17069
23903 17070
23904 17071
23905 17072
23906 17073
23907 17074
23908 17075
23909 17076
23911 17077
23912 17078
23918 17079
23919 17080
23920 17081
23921 17082
23923 17083
23925 17084
23926 17085
23927 17086
23928 17087
23930 17088
23932 17089
23933 17090
23934 17091
23935 17092
23937 17093
23938 17094
23939 17095
23940 17096
23941 17097
23942 17098
23945 17099
23946 17100
23947 17101
23948 17102
23951 17103
23952 17104
23954 17105
23955 17106
23956 17107
23957 17108
23960 17109
23961 17110
23962 17111
23963 17112
23964 17113
23968 17114
23969 17115
23970 17116
23972 17117
23973 17118
23974 17119
23975 17120
23977 17121
23978 17122
23979 17123
23980 17124
23981 17125
23985 17126
23986 17127
23987 17128
23989 17129
23990 17130
23991 17131
23992 17132
23994 17133
23995 17134
23997 17135
23998 17136
23999 17137
24000 17138
24001 17139
24002 17140
24005 17141
24006 17142
24007 17143
24008 17144
24009 17145
24011 17146
24012 17147
24013 17148
24015 17149
24016 17150
24020 17151
24021 17152
24022 17153
24023 17154
24026 17155
24027 17156
24029 17157
24030 17158
24032 17159
24033 17160
24035 17161
24036 17162
24037 17163
24038 17164
24040 17165
24041 17166
24042 17167
24043 17168
24044 17169
24045 17170
24047 17171
24049 17172
24050 17173
24054 17174
24059 17175
24060 17176
24061 17177
24062 17178
24063 17179
24064 17180
24065 17181
24066 17182
24067 17183
24069 17184
24071 17185
24072 17186
24073 17187
24074 17188
24075 17189
24076 17190
24077 17191
24081 17192
24082 17193
24083 17194
24085 17195
24087 17196
24088 17197
24090 17198
24091 17199
24092 17200
24094 17201
24096 17202
24097 17203
24098 17204
24099 17205
24100 17206
24102 17207
24103 17208
24105 17209
24107 17210
24108 17211
24109 17212
24111 17213
24112 17214
24113 17215
24114 17216
24116 17217
24118 17218
24120 17219
24121 17220
24122 17221
24123 17222
24127 17223
24128 17224
24129 17225
24131 17226
24132 17227
24133 17228
24134 17229
24135 17230
24136 17231
24137 17232
24138 17233
24139 17234
24140 17235
24141 17236
24143 17237
24144 17238
24145 17239
24148 17240
24149 17241
24150 17242
24151 17243
24152 17244
24153 17245
24155 17246
24157 17247
24159 17248
24161 17249
24162 17250
24163 17251
24165 17252
24166 17253
24168 17254
24169 17255
24170 17256
24173 17257
24174 17258
24175 17259
24177 17260
24178 17261
24179 17262
24180 17263
24183 17264
24184 17265
24185 17266
24186 17267
24188 17268
24190 17269
24191 17270
24192 17271
24193 17272
24194 17273
24195 17274
24196 17275
24198 17276
24199 17277
24202 17278
24203 17279
24204 17280
24205 17281
24206 17282
24208 17283
24209 17284
24212 17285
24213 17286
24214 17287
24215 17288
24216 17289
24217 17290
24219 17291
24220 17292
24221 17293
24222 17294
24223 17295
24224 17296
24225 17297
24227 17298
24228 17299
24229 17300
24230 17301
24231 17302
24232 17303
24233 17304
24234 17305
24235 17306
24237 17307
24238 17308
24239 17309
24240 17310
24243 17311
24244 17312
24245 17313
24246 17314
24249 17315
24250 17316
24251 17317
24252 17318
24254 17319
24256 17320
24257 17321
24258 17322
24259 17323
24260 17324
24262 17325
24263 17326
24265 17327
24266 17328
24267 17329
24268 17330
24269 17331
24270 17332
24271 17333
24272 17334
24274 17335
24275 17336
24278 17337
24279 17338
24281 17339
24282 17340
24285 17341
24286 17342
24287 17343
24288 17344
24290 17345
24291 17346
24292 17347
24293 17348
24294 17349
24295 17350
24296 17351
24297 17352
24298 17353
24300 17354
24301 17355
24302 17356
24303 17357
24304 17358
24305 17359
24306 17360
24307 17361
24310 17362
24311 17363
24312 17364
24313 17365
24314 17366
24315 17367
24317 17368
24318 17369
24319 17370
24320 17371
24321 17372
24322 17373
24325 17374
24326 17375
24327 17376
24328 17377
24329 17378
24331 17379
24333 17380
24334 17381
24335 17382
24336 17383
24337 17384
24340 17385
24342 17386
24343 17387
24344 17388
24345 17389
24346 17390
24347 17391
24348 17392
24349 17393
24350 17394
24351 17395
24352 17396
24354 17397
24356 17398
24357 17399
24359 17400
24360 17401
24361 17402
24362 17403
24363 17404
24365 17405
24366 17406
24367 17407
24368 17408
24369 17409
24370 17410
24371 17411
24372 17412
24373 17413
24374 17414
24375 17415
24376 17416
24377 17417
24379 17418
24380 17419
24384 17420
24385 17421
24386 17422
24387 17423
24388 17424
24389 17425
24390 17426
24392 17427
24393 17428
24394 17429
24395 17430
24396 17431
24398 17432
24399 17433
24401 17434
24404 17435
24405 17436
24406 17437
24409 17438
24410 17439
24411 17440
24413 17441
24416 17442
24418 17443
24419 17444
24420 17445
24421 17446
24422 17447
24423 17448
24425 17449
24426 17450
24427 17451
24428 17452
24429 17453
24430 17454
24431 17455
24432 17456
24433 17457
24435 17458
24436 17459
24437 17460
24438 17461
24439 17462
24440 17463
24441 17464
24442 17465
24443 17466
24445 17467
24448 17468
24449 17469
24450 17470
24451 17471
24453 17472
24454 17473
24455 17474
24458 17475
24459 17476
24462 17477
24463 17478
24464 17479
24465 17480
24466 17481
24467 17482
24468 17483
24469 17484
24470 17485
24471 17486
24472 17487
24473 17488
24474 17489
24476 17490
24478 17491
24479 17492
24480 17493
24481 17494
24482 17495
24483 17496
24486 17497
24487 17498
24488 17499
24489 17500
24490 17501
24491 17502
24492 17503
24493 17504
24494 17505
24495 17506
24496 17507
24497 17508
24498 17509
24499 17510
24501 17511
24502 17512
24504 17513
24506 17514
24507 17515
24508 17516
24509 17517
24510 17518
24513 17519
24515 17520
24516 17521
24517 17522
24518 17523
24519 17524
24520 17525
24521 17526
24523 17527
24524 17528
24525 17529
24526 17530
24527 17531
24528 17532
24530 17533
24532 17534
24533 17535
24534 17536
24535 17537
24536 17538
24537 17539
24538 17540
24539 17541
24540 17542
24541 17543
24544 17544
24548 17545
24549 17546
24550 17547
24551 17548
24554 17549
24555 17550
24556 17551
24557 17552
24558 17553
24561 17554
24562 17555
24563 17556
24564 17557
24565 17558
24566 17559
24567 17560
24570 17561
24571 17562
24572 17563
24573 17564
24574 17565
24575 17566
24576 17567
24577 17568
24578 17569
24579 17570
24580 17571
24583 17572
24584 17573
24585 17574
24586 17575
24589 17576
24590 17577
24591 17578
24592 17579
24593 17580
24594 17581
24595 17582
24599 17583
24600 17584
24601 17585
24602 17586
24603 17587
24604 17588
24609 17589
24610 17590
24612 17591
24613 17592
24615 17593
24616 17594
24619 17595
24621 17596
24622 17597
24623 17598
24625 17599
24626 17600
24630 17601
24631 17602
24633 17603
24634 17604
24635 17605
24636 17606
24639 17607
24640 17608
24641 17609
24642 17610
24643 17611
24644 17612
24645 17613
24646 17614
24647 17615
24649 17616
24650 17617
24652 17618
24654 17619
24657 17620
24659 17621
24660 17622
24663 17623
24664 17624
24665 17625
24666 17626
24667 17627
24668 17628
24669 17629
24670 17630
24671 17631
24672 17632
24673 17633
24674 17634
24676 17635
24677 17636
24679 17637
24680 17638
24681 17639
24682 17640
24684 17641
24685 17642
24688 17643
24692 17644
24693 17645
24694 17646
24695 17647
24699 17648
24700 17649
24701 17650
24702 17651
24703 17652
24704 17653
24705 17654
24708 17655
24709 17656
24710 17657
24714 17658
24715 17659
24716 17660
24717 17661
24718 17662
24720 17663
24724 17664
24725 17665
24726 17666
24727 17667
24728 17668
24729 17669
24730 17670
24732 17671
24734 17672
24735 17673
24737 17674
24738 17675
24739 17676
24741 17677
24742 17678
24743 17679
24744 17680
24745 17681
24748 17682
24749 17683
24751 17684
24752 17685
24753 17686
24754 17687
24755 17688
24758 17689
24759 17690
24760 17691
24761 17692
24762 17693
24763 17694
24764 17695
24765 17696
24766 17697
24768 17698
24769 17699
24770 17700
24773 17701
24774 17702
24775 17703
24776 17704
24778 17705
24779 17706
24781 17707
24782 17708
24784 17709
24785 17710
24788 17711
24789 17712
24790 17713
24791 17714
24793 17715
24795 17716
24796 17717
24797 17718
24798 17719
24802 17720
24803 17721
24804 17722
24807 17723
24808 17724
24810 17725
24811 17726
24814 17727
24815 17728
24816 17729
24818 17730
24819 17731
24820 17732
24821 17733
24822 17734
24823 17735
24824 17736
24825 17737
24826 17738
24827 17739
24828 17740
24829 17741
24831 17742
24832 17743
24833 17744
24834 17745
24835 17746
24837 17747
24838 17748
24839 17749
24842 17750
24843 17751
24844 17752
24845 17753
24846 17754
24847 17755
24848 17756
24850 17757
24851 17758
24852 17759
24853 17760
24856 17761
24857 17762
24860 17763
24861 17764
24864 17765
24865 17766
24867 17767
24870 17768
24871 17769
24872 17770
24873 17771
24874 17772
24875 17773
24876 17774
24877 17775
24878 17776
24880 17777
24881 17778
24883 17779
24884 17780
24885 17781
24888 17782
24889 17783
24890 17784
24891 17785
24892 17786
24894 17787
24895 17788
24896 17789
24897 17790
24898 17791
24900 17792
24901 17793
24902 17794
24903 17795
24905 17796
24906 17797
24907 17798
24908 17799
24909 17800
24910 17801
24912 17802
24913 17803
24914 17804
24915 17805
24916 17806
24917 17807
24918 17808
24919 17809
24920 17810
24921 17811
24922 17812
24923 17813
24924 17814
24926 17815
24927 17816
24930 17817
24932 17818
24933 17819
24934 17820
24935 17821
24937 17822
24938 17823
24940 17824
24941 17825
24942 17826
24943 17827
24944 17828
24945 17829
24946 17830
24949 17831
24950 17832
24951 17833
24953 17834
24957 17835
24961 17836
24962 17837
24964 17838
24965 17839
24966 17840
24967 17841
24968 17842
24969 17843
24971 17844
24972 17845
24973 17846
24974 17847
24977 17848
24979 17849
24982 17850
24983 17851
24984 17852
24985 17853
24986 17854
24988 17855
24990 17856
24991 17857
24993 17858
24994 17859
24995 17860
24996 17861
24997 17862
24998 17863
24999 17864
25000 17865
25001 17866
25002 17867
25003 17868
25004 17869
25005 17870
25006 17871
25009 17872
25010 17873
25011 17874
25013 17875
25015 17876
25016 17877
25018 17878
25020 17879
25021 17880
25022 17881
25023 17882
25024 17883
25025 17884
25026 17885
25028 17886
25029 17887
25030 17888
25031 17889
25032 17890
25033 17891
25034 17892
25035 17893
25037 17894
25038 17895
25039 17896
25040 17897
25042 17898
25046 17899
25048 17900
25049 17901
25050 17902
25051 17903
25052 17904
25053 17905
25055 17906
25056 17907
25057 17908
25058 17909
25059 17910
25060 17911
25061 17912
25062 17913
25063 17914
25064 17915
25065 17916
25066 17917
25069 17918
25071 17919
25072 17920
25074 17921
25075 17922
25076 17923
25077 17924
25079 17925
25081 17926
25082 17927
25083 17928
25084 17929
25085 17930
25088 17931
25093 17932
25094 17933
25095 17934
25096 17935
25097 17936
25098 17937
25099 17938
25100 17939
25101 17940
25102 17941
25105 17942
25106 17943
25107 17944
25109 17945
25115 17946
25116 17947
25117 17948
25118 17949
25119 17950
25120 17951
25121 17952
25122 17953
25125 17954
25126 17955
25127 17956
25128 17957
25129 17958
25130 17959
25131 17960
25133 17961
25136 17962
25139 17963
25140 17964
25141 17965
25142 17966
25144 17967
25145 17968
25146 17969
25147 17970
25148 17971
25149 17972
25150 17973
25151 17974
25152 17975
25154 17976
25155 17977
25157 17978
25158 17979
25159 17980
25160 17981
25162 17982
25163 17983
25164 17984
25165 17985
25166 17986
25168 17987
25169 17988
25170 17989
25171 17990
25172 17991
25174 17992
25176 17993
25179 17994
25183 17995
25184 17996
25185 17997
25186 17998
25187 17999
25188 18000
25189 18001
25190 18002
25193 18003
25194 18004
25196 18005
25197 18006
25198 18007
25199 18008
25202 18009
25203 18010
25204 18011
25205 18012
25206 18013
25209 18014
25210 18015
25212 18016
25213 18017
25214 18018
25215 18019
25217 18020
25218 18021
25219 18022
25222 18023
25223 18024
25224 18025
25225 18026
25227 18027
25228 18028
25231 18029
25234 18030
25235 18031
25236 18032
25237 18033
25239 18034
25240 18035
25242 18036
25243 18037
25244 18038
25245 18039
25246 18040
25247 18041
25248 18042
25250 18043
25251 18044
25252 18045
25253 18046
25254 18047
25256 18048
25258 18049
25260 18050
25262 18051
25263 18052
25265 18053
25266 18054
25267 18055
25269 18056
25270 18057
25272 18058
25273 18059
25274 18060
25275 18061
25276 18062
25278 18063
25279 18064
25280 18065
25281 18066
25282 18067
25286 18068
25287 18069
25288 18070
25291 18071
25292 18072
25293 18073
25294 18074
25295 18075
25298 18076
25300 18077
25301 18078
25304 18079
25306 18080
25307 18081
25308 18082
25309 18083
25312 18084
25313 18085
25314 18086
25315 18087
25316 18088
25318 18089
25322 18090
25323 18091
25324 18092
25325 18093
25327 18094
25328 18095
25331 18096
25332 18097
25333 18098
25334 18099
25335 18100
25336 18101
25337 18102
25338 18103
25339 18104
25340 18105
25341 18106
25342 18107
25343 18108
25344 18109
25348 18110
25349 18111
25350 18112
25351 18113
25352 18114
25353 18115
25354 18116
25355 18117
25356 18118
25357 18119
25360 18120
25361 18121
25362 18122
25363 18123
25365 18124
25367 18125
25369 18126
25370 18127
25371 18128
25372 18129
25374 18130
25375 18131
25376 18132
25377 18133
25378 18134
25379 18135
25380 18136
25382 18137
25383 18138
25384 18139
25385 18140
25388 18141
25389 18142
25390 18143
25391 18144
25392 18145
25393 18146
25396 18147
25399 18148
25400 18149
25401 18150
25402 18151
25403 18152
25404 18153
25405 18154
25406 18155
25407 18156
25408 18157
25410 18158
25412 18159
25415 18160
25419 18161
25420 18162
25421 18163
25422 18164
25423 18165
25424 18166
25425 18167
25426 18168
25429 18169
25430 18170
25432 18171
25433 18172
25437 18173
25440 18174
25442 18175
25444 18176
25445 18177
25446 18178
25447 18179
25448 18180
25449 18181
25450 18182
25453 18183
25454 18184
25455 18185
25456 18186
25458 18187
25459 18188
25460 18189
25461 18190
25462 18191
25463 18192
25464 18193
25465 18194
25468 18195
25469 18196
25470 18197
25473 18198
25475 18199
25476 18200
25477 18201
25478 18202
25479 18203
25480 18204
25481 18205
25482 18206
25483 18207
25484 18208
25486 18209
25487 18210
25488 18211
25489 18212
25490 18213
25495 18214
25496 18215
25497 18216
25498 18217
25499 18218
25501 18219
25504 18220
25505 18221
25506 18222
25507 18223
25508 18224
25509 18225
25511 18226
25512 18227
25513 18228
25515 18229
25516 18230
25519 18231
25522 18232
25524 18233
25526 18234
25529 18235
25531 18236
25532 18237
25535 18238
25536 18239
25537 18240
25538 18241
25539 18242
25540 18243
25541 18244
25542 18245
25543 18246
25544 18247
25546 18248
25547 18249
25548 18250
25549 18251
25552 18252
25555 18253
25556 18254
25557 18255
25558 18256
25559 18257
25561 18258
25562 18259
25563 18260
25565 18261
25566 18262
25567 18263
25568 18264
25569 18265
25570 18266
25571 18267
25574 18268
25576 18269
25577 18270
25578 18271
25579 18272
25580 18273
25581 18274
25582 18275
25583 18276
25585 18277
25586 18278
25589 18279
25590 18280
25591 18281
25592 18282
25593 18283
25595 18284
25597 18285
25598 18286
25600 18287
25601 18288
25603 18289
25606 18290
25607 18291
25608 18292
25609 18293
25610 18294
25611 18295
25612 18296
25613 18297
25615 18298
25618 18299
25619 18300
25620 18301
25622 18302
25623 18303
25624 18304
25625 18305
25626 18306
25628 18307
25630 18308
25631 18309
25636 18310
25637 18311
25638 18312
25639 18313
25640 18314
25641 18315
25643 18316
25644 18317
25647 18318
25648 18319
25651 18320
25652 18321
25653 18322
25654 18323
25655 18324
25656 18325
25657 18326
25658 18327
25661 18328
25662 18329
25663 18330
25666 18331
25670 18332
25672 18333
25673 18334
25674 18335
25675 18336
25676 18337
25677 18338
25678 18339
25680 18340
25681 18341
25682 18342
25683 18343
25684 18344
25685 18345
25686 18346
25687 18347
25688 18348
25689 18349
25690 18350
25692 18351
25696 18352
25698 18353
25699 18354
25700 18355
25701 18356
25702 18357
25703 18358
25704 18359
25705 18360
25707 18361
25710 18362
25711 18363
25714 18364
25715 18365
25716 18366
25717 18367
25718 18368
25719 18369
25720 18370
25721 18371
25723 18372
25724 18373
25725 18374
25728 18375
25729 18376
25730 18377
25731 18378
25732 18379
25733 18380
25734 18381
25735 18382
25736 18383
25738 18384
25741 18385
25742 18386
25743 18387
25744 18388
25746 18389
25748 18390
25749 18391
25750 18392
25752 18393
25754 18394
25755 18395
25756 18396
25758 18397
25759 18398
25760 18399
25761 18400
25762 18401
25763 18402
25764 18403
25765 18404
25766 18405
25768 18406
25769 18407
25770 18408
25771 18409
25772 18410
25773 18411
25774 18412
25775 18413
25776 18414
25777 18415
25779 18416
25780 18417
25782 18418
25783 18419
25784 18420
25785 18421
25786 18422
25787 18423
25788 18424
25789 18425
25790 18426
25792 18427
25793 18428
25795 18429
25797 18430
25798 18431
25799 18432
25800 18433
25802 18434
25805 18435
25806 18436
25807 18437
25808 18438
25811 18439
25812 18440
25813 18441
25814 18442
25815 18443
25816 18444
25817 18445
25819 18446
25821 18447
25824 18448
25825 18449
25828 18450
25829 18451
25830 18452
25831 18453
25832 18454
25833 18455
25834 18456
25835 18457
25837 18458
25838 18459
25839 18460
25840 18461
25841 18462
25842 18463
25843 18464
25844 18465
25845 18466
25846 18467
25847 18468
25848 18469
25849 18470
25850 18471
25853 18472
25854 18473
25855 18474
25856 18475
25858 18476
25859 18477
25861 18478
25862 18479
25863 18480
25864 18481
25865 18482
25866 18483
25868 18484
25869 18485
25870 18486
25871 18487
25872 18488
25873 18489
25874 18490
25875 18491
25876 18492
25878 18493
25881 18494
25882 18495
25883 18496
25884 18497
25885 18498
25886 18499
25887 18500
25888 18501
25889 18502
25892 18503
25896 18504
25898 18505
25901 18506
25903 18507
25905 18508
25906 18509
25907 18510
25908 18511
25909 18512
25910 18513
25912 18514
25915 18515
25917 18516
25918 18517
25919 18518
25922 18519
25923 18520
25925 18521
25926 18522
25927 18523
25928 18524
25929 18525
25930 18526
25931 18527
25932 18528
25933 18529
25934 18530
25937 18531
25938 18532
25939 18533
25940 18534
25941 18535
25943 18536
25944 18537
25946 18538
25947 18539
25949 18540
25950 18541
25951 18542
25954 18543
25955 18544
25956 18545
25957 18546
25961 18547
25962 18548
25966 18549
25967 18550
25968 18551
25971 18552
25972 18553
25973 18554
25974 18555
25977 18556
25978 18557
25979 18558
25981 18559
25982 18560
25984 18561
25986 18562
25989 18563
25992 18564
25993 18565
25994 18566
25995 18567
25996 18568
25997 18569
25999 18570
26000 18571
26001 18572
26002 18573
26003 18574
26004 18575
26005 18576
26006 18577
26007 18578
26010 18579
26011 18580
26012 18581
26013 18582
26021 18583
26022 18584
26026 18585
26028 18586
26029 18587
26030 18588
26031 18589
26033 18590
26034 18591
26036 18592
26037 18593
26038 18594
26039 18595
26040 18596
26042 18597
26043 18598
26044 18599
26045 18600
26046 18601
26047 18602
26049 18603
26052 18604
26053 18605
26054 18606
26056 18607
26057 18608
26058 18609
26061 18610
26062 18611
26063 18612
26065 18613
26068 18614
26069 18615
26070 18616
26071 18617
26072 18618
26073 18619
26074 18620
26076 18621
26078 18622
26079 18623
26080 18624
26083 18625
26085 18626
26086 18627
26087 18628
26088 18629
26090 18630
26091 18631
26092 18632
26093 18633
26094 18634
26098 18635
26100 18636
26101 18637
26102 18638
26104 18639
26105 18640
26106 18641
26108 18642
26109 18643
26111 18644
26113 18645
26114 18646
26115 18647
26117 18648
26118 18649
26119 18650
26120 18651
26121 18652
26122 18653
26123 18654
26124 18655
26125 18656
26126 18657
26128 18658
26129 18659
26130 18660
26131 18661
26135 18662
26136 18663
26137 18664
26139 18665
26140 18666
26142 18667
26143 18668
26144 18669
26146 18670
26147 18671
26150 18672
26151 18673
26152 18674
26153 18675
26154 18676
26155 18677
26159 18678
26160 18679
26161 18680
26162 18681
26163 18682
26164 18683
26165 18684
26168 18685
26172 18686
26177 18687
26178 18688
26179 18689
26181 18690
26182 18691
26183 18692
26185 18693
26186 18694
26187 18695
26189 18696
26190 18697
26191 18698
26193 18699
26194 18700
26195 18701
26196 18702
26197 18703
26199 18704
26200 18705
26201 18706
26202 18707
26203 18708
26205 18709
26206 18710
26207 18711
26208 18712
26209 18713
26210 18714
26213 18715
26215 18716
26216 18717
26217 18718
26218 18719
26219 18720
26221 18721
26223 18722
26225 18723
26226 18724
26227 18725
26229 18726
26230 18727
26232 18728
26233 18729
26234 18730
26235 18731
26236 18732
26239 18733
26240 18734
26242 18735
26243 18736
26245 18737
26246 18738
26247 18739
26248 18740
26249 18741
26250 18742
26251 18743
26254 18744
26255 18745
26256 18746
26257 18747
26258 18748
26259 18749
26262 18750
26263 18751
26264 18752
26265 18753
26266 18754
26268 18755
26269 18756
26270 18757
26271 18758
26273 18759
26274 18760
26275 18761
26276 18762
26277 18763
26278 18764
26279 18765
26280 18766
26281 18767
26283 18768
26284 18769
26285 18770
26288 18771
26290 18772
26292 18773
26293 18774
26294 18775
26298 18776
26300 18777
26301 18778
26302 18779
26303 18780
26305 18781
26306 18782
26308 18783
26309 18784
26310 18785
26311 18786
26312 18787
26313 18788
26315 18789
26316 18790
26317 18791
26318 18792
26319 18793
26320 18794
26323 18795
26324 18796
26325 18797
26327 18798
26328 18799
26329 18800
26330 18801
26331 18802
26332 18803
26334 18804
26339 18805
26340 18806
26346 18807
26347 18808
26348 18809
26349 18810
26350 18811
26351 18812
26352 18813
26355 18814
26356 18815
26357 18816
26358 18817
26359 18818
26360 18819
26361 18820
26362 18821
26366 18822
26367 18823
26368 18824
26369 18825
26370 18826
26371 18827
26372 18828
26373 18829
26374 18830
26375 18831
26376 18832
26379 18833
26380 18834
26381 18835
26384 18836
26385 18837
26386 18838
26389 18839
26390 18840
26391 18841
26392 18842
26393 18843
26394 18844
26395 18845
26396 18846
26397 18847
26398 18848
26399 18849
26400 18850
26402 18851
26403 18852
26404 18853
26406 18854
26408 18855
26410 18856
26413 18857
26414 18858
26416 18859
26417 18860
26418 18861
26419 18862
26420 18863
26422 18864
26423 18865
26424 18866
26425 18867
26426 18868
26428 18869
26429 18870
26430 18871
26431 18872
26432 18873
26434 18874
26437 18875
26438 18876
26439 18877
26440 18878
26442 18879
26443 18880
26444 18881
26446 18882
26447 18883
26448 18884
26450 18885
26453 18886
26456 18887
26457 18888
26460 18889
26461 18890
26462 18891
26466 18892
26467 18893
26468 18894
26469 18895
26471 18896
26474 18897
26475 18898
26476 18899
26478 18900
26479 18901
26480 18902
26482 18903
26483 18904
26484 18905
26485 18906
26486 18907
26487 18908
26488 18909
26489 18910
26490 18911
26491 18912
26492 18913
26494 18914
26495 18915
26496 18916
26497 18917
26499 18918
26500 18919
26502 18920
26505 18921
26506 18922
26507 18923
26508 18924
26509 18925
26510 18926
26511 18927
26512 18928
26514 18929
26517 18930
26518 18931
26519 18932
26522 18933
26523 18934
26525 18935
26526 18936
26527 18937
26528 18938
26531 18939
26533 18940
26536 18941
26537 18942
26538 18943
26539 18944
26541 18945
26543 18946
26544 18947
26545 18948
26546 18949
26547 18950
26548 18951
26549 18952
26550 18953
26551 18954
26552 18955
26553 18956
26554 18957
26557 18958
26558 18959
26559 18960
26560 18961
26561 18962
26562 18963
26563 18964
26564 18965
26566 18966
26568 18967
26570 18968
26572 18969
26573 18970
26574 18971
26577 18972
26578 18973
26580 18974
26582 18975
26583 18976
26584 18977
26585 18978
26587 18979
26588 18980
26589 18981
26590 18982
26591 18983
26592 18984
26593 18985
26594 18986
26595 18987
26596 18988
26597 18989
26598 18990
26600 18991
26601 18992
26602 18993
26603 18994
26604 18995
26606 18996
26607 18997
26608 18998
26610 18999
26611 19000
26612 19001
26613 19002
26614 19003
26616 19004
26617 19005
26618 19006
26619 19007
26621 19008
26622 19009
26624 19010
26625 19011
26626 19012
26627 19013
26628 19014
26629 19015
26630 19016
26632 19017
26634 19018
26635 19019
26636 19020
26639 19021
26640 19022
26641 19023
26642 19024
26644 19025
26645 19026
26646 19027
26648 19028
26649 19029
26650 19030
26651 19031
26654 19032
26657 19033
26658 19034
26659 19035
26660 19036
26661 19037
26663 19038
26664 19039
26666 19040
26667 19041
26668 19042
26669 19043
26670 19044
26671 19045
26672 19046
26674 19047
26675 19048
26676 19049
26678 19050
26679 19051
26681 19052
26682 19053
26683 19054
26684 19055
26686 19056
26688 19057
26690 19058
26691 19059
26692 19060
26693 19061
26694 19062
26697 19063
26699 19064
26700 19065
26701 19066
26702 19067
26704 19068
26706 19069
26707 19070
26709 19071
26710 19072
26712 19073
26713 19074
26714 19075
26715 19076
26716 19077
26717 19078
26719 19079
26721 19080
26723 19081
26727 19082
26728 19083
26729 19084
26730 19085
26732 19086
26733 19087
26734 19088
26735 19089
26736 19090
26737 19091
26738 19092
26740 19093
26742 19094
26743 19095
26746 19096
26749 19097
26751 19098
26752 19099
26754 19100
26755 19101
26756 19102
26757 19103
26759 19104
26760 19105
26762 19106
26763 19107
26764 19108
26765 19109
26768 19110
26769 19111
26770 19112
26773 19113
26774 19114
26775 19115
26776 19116
26778 19117
26780 19118
26781 19119
26782 19120
26783 19121
26784 19122
26785 19123
26786 19124
26788 19125
26790 19126
26791 19127
26792 19128
26793 19129
26795 19130
26798 19131
26799 19132
26800 19133
26801 19134
26804 19135
26805 19136
26806 19137
26808 19138
26809 19139
26810 19140
26811 19141
26813 19142
26814 19143
26815 19144
26816 19145
26817 19146
26818 19147
26819 19148
26820 19149
26821 19150
26822 19151
26823 19152
26824 19153
26825 19154
26826 19155
26827 19156
26828 19157
26829 19158
26830 19159
26831 19160
26832 19161
26834 19162
26835 19163
26838 19164
26839 19165
26842 19166
26843 19167
26844 19168
26846 19169
26847 19170
26848 19171
26849 19172
26852 19173
26853 19174
26854 19175
26855 19176
26856 19177
26857 19178
26858 19179
26860 19180
26861 19181
26862 19182
26867 19183
26868 19184
26870 19185
26872 19186
26873 19187
26874 19188
26877 19189
26878 19190
26879 19191
26881 19192
26882 19193
26884 19194
26886 19195
26887 19196
26888 19197
26889 19198
26890 19199
26892 19200
26893 19201
26894 19202
26895 19203
26896 19204
26897 19205
26898 19206
26899 19207
26901 19208
26902 19209
26904 19210
26905 19211
26906 19212
26907 19213
26908 19214
26909 19215
26911 19216
26913 19217
26914 19218
26915 19219
26916 19220
26917 19221
26918 19222
26919 19223
26920 19224
26921 19225
26922 19226
26923 19227
26924 19228
26925 19229
26926 19230
26927 19231
26929 19232
26931 19233
26933 19234
26934 19235
26935 19236
26936 19237
26937 19238
26938 19239
26939 19240
26940 19241
26943 19242
26944 19243
26945 19244
26947 19245
26948 19246
26950 19247
26952 19248
26953 19249
26955 19250
26956 19251
26957 19252
26958 19253
26961 19254
26963 19255
26964 19256
26965 19257
26966 19258
26967 19259
26969 19260
26970 19261
26971 19262
26972 19263
26974 19264
26975 19265
26977 19266
26979 19267
26981 19268
26982 19269
26983 19270
26984 19271
26985 19272
26988 19273
26990 19274
26991 19275
26992 19276
26993 19277
26994 19278
26995 19279
26997 19280
26998 19281
27000 19282
27001 19283
27002 19284
27004 19285
27005 19286
27006 19287
27007 19288
27008 19289
27009 19290
27010 19291
27011 19292
27013 19293
27014 19294
27015 19295
27016 19296
27017 19297
27018 19298
27019 19299
27020 19300
27021 19301
27022 19302
27024 19303
27025 19304
27026 19305
27027 19306
27029 19307
27032 19308
27033 19309
27034 19310
27035 19311
27036 19312
27039 19313
27040 19314
27041 19315
27043 19316
27044 19317
27045 19318
27047 19319
27048 19320
27049 19321
27050 19322
27051 19323
27052 19324
27054 19325
27056 19326
27057 19327
27058 19328
27059 19329
27061 19330
27062 19331
27063 19332
27066 19333
27067 19334
27068 19335
27069 19336
27070 19337
27071 19338
27074 19339
27075 19340
27076 19341
27077 19342
27079 19343
27080 19344
27081 19345
27082 19346
27083 19347
27088 19348
27089 19349
27090 19350
27092 19351
27093 19352
27094 19353
27097 19354
27098 19355
27101 19356
27103 19357
27104 19358
27105 19359
27106 19360
27107 19361
27110 19362
27111 19363
27113 19364
27116 19365
27117 19366
27119 19367
27121 19368
27122 19369
27124 19370
27125 19371
27126 19372
27128 19373
27129 19374
27130 19375
27131 19376
27132 19377
27133 19378
27135 19379
27136 19380
27137 19381
27138 19382
27139 19383
27140 19384
27141 19385
27142 19386
27145 19387
27146 19388
27148 19389
27149 19390
27150 19391
27151 19392
27152 19393
27153 19394
27154 19395
27155 19396
27156 19397
27157 19398
27159 19399
27160 19400
27161 19401
27162 19402
27163 19403
27164 19404
27165 19405
27166 19406
27167 19407
27168 19408
27169 19409
27173 19410
27174 19411
27175 19412
27176 19413
27178 19414
27180 19415
27182 19416
27183 19417
27184 19418
27186 19419
27187 19420
27189 19421
27190 19422
27192 19423
27193 19424
27194 19425
27196 19426
27197 19427
27198 19428
27200 19429
27201 19430
27202 19431
27203 19432
27206 19433
27207 19434
27208 19435
27209 19436
27211 19437
27212 19438
27213 19439
27214 19440
27215 19441
27216 19442
27217 19443
27218 19444
27220 19445
27221 19446
27223 19447
27224 19448
27225 19449
27227 19450
27228 19451
27229 19452
27230 19453
27231 19454
27232 19455
27233 19456
27234 19457
27235 19458
27236 19459
27239 19460
27243 19461
27245 19462
27247 19463
27248 19464
27250 19465
27251 19466
27252 19467
27256 19468
27257 19469
27258 19470
27259 19471
27260 19472
27263 19473
27264 19474
27265 19475
27267 19476
27269 19477
27274 19478
27275 19479
27276 19480
27277 19481
27278 19482
27279 19483
27280 19484
27281 19485
27284 19486
27286 19487
27287 19488
27288 19489
27289 19490
27291 19491
27292 19492
27293 19493
27294 19494
27295 19495
27296 19496
27297 19497
27299 19498
27301 19499
27303 19500
27304 19501
27305 19502
27307 19503
27308 19504
27309 19505
27310 19506
27311 19507
27312 19508
27313 19509
27314 19510
27315 19511
27316 19512
27319 19513
27320 19514
27322 19515
27323 19516
27324 19517
27326 19518
27327 19519
27328 19520
27329 19521
27330 19522
27331 19523
27332 19524
27334 19525
27337 19526
27338 19527
27340 19528
27343 19529
27344 19530
27346 19531
27347 19532
27348 19533
27349 19534
27350 19535
27351 19536
27353 19537
27355 19538
27356 19539
27357 19540
27358 19541
27359 19542
27360 19543
27361 19544
27362 19545
27363 19546
27364 19547
27365 19548
27369 19549
27370 19550
27371 19551
27372 19552
27373 19553
27375 19554
27376 19555
27377 19556
27378 19557
27379 19558
27383 19559
27384 19560
27385 19561
27387 19562
27388 19563
27389 19564
27390 19565
27392 19566
27394 19567
27396 19568
27397 19569
27398 19570
27400 19571
27404 19572
27405 19573
27407 19574
27408 19575
27410 19576
27411 19577
27412 19578
27413 19579
27414 19580
27415 19581
27416 19582
27417 19583
27419 19584
27421 19585
27422 19586
27424 19587
27425 19588
27426 19589
27428 19590
27429 19591
27430 19592
27431 19593
27432 19594
27435 19595
27436 19596
27437 19597
27440 19598
27444 19599
27446 19600
27447 19601
27448 19602
27449 19603
27450 19604
27451 19605
27453 19606
27454 19607
27455 19608
27456 19609
27457 19610
27458 19611
27459 19612
27460 19613
27461 19614
27463 19615
27464 19616
27465 19617
27468 19618
27469 19619
27470 19620
27471 19621
27472 19622
27473 19623
27475 19624
27476 19625
27477 19626
27478 19627
27479 19628
27482 19629
27483 19630
27485 19631
27486 19632
27487 19633
27489 19634
27490 19635
27491 19636
27492 19637
27494 19638
27495 19639
27496 19640
27497 19641
27499 19642
27500 19643
27502 19644
27503 19645
27505 19646
27506 19647
27507 19648
27510 19649
27511 19650
27512 19651
27513 19652
27516 19653
27517 19654
27518 19655
27519 19656
27520 19657
27521 19658
27522 19659
27523 19660
27524 19661
27526 19662
27527 19663
27528 19664
27529 19665
27531 19666
27532 19667
27533 19668
27534 19669
27535 19670
27537 19671
27538 19672
27540 19673
27541 19674
27543 19675
27545 19676
27546 19677
27547 19678
27548 19679
27549 19680
27550 19681
27551 19682
27552 19683
27555 19684
27557 19685
27558 19686
27559 19687
27560 19688
27561 19689
27563 19690
27566 19691
27567 19692
27568 19693
27569 19694
27570 19695
27571 19696
27572 19697
27573 19698
27575 19699
27579 19700
27580 19701
27581 19702
27582 19703
27584 19704
27586 19705
27587 19706
27588 19707
27590 19708
27591 19709
27592 19710
27594 19711
27595 19712
27596 19713
27599 19714
27600 19715
27601 19716
27603 19717
27604 19718
27605 19719
27606 19720
27609 19721
27611 19722
27612 19723
27614 19724
27615 19725
27619 19726
27620 19727
27622 19728
27623 19729
27625 19730
27627 19731
27628 19732
27632 19733
27633 19734
27634 19735
27637 19736
27638 19737
27639 19738
27640 19739
27641 19740
27642 19741
27643 19742
27644 19743
27645 19744
27646 19745
27647 19746
27648 19747
27649 19748
27651 19749
27652 19750
27653 19751
27654 19752
27655 19753
27657 19754
27658 19755
27659 19756
27660 19757
27661 19758
27664 19759
27667 19760
27669 19761
27671 19762
27672 19763
27673 19764
27674 19765
27676 19766
27677 19767
27679 19768
27682 19769
27683 19770
27684 19771
27685 19772
27686 19773
27688 19774
27689 19775
27691 19776
27692 19777
27693 19778
27694 19779
27695 19780
27696 19781
27697 19782
27698 19783
27699 19784
27700 19785
27701 19786
27702 19787
27703 19788
27704 19789
27705 19790
27708 19791
27709 19792
27710 19793
27711 19794
27712 19795
27713 19796
27714 19797
27715 19798
27716 19799
27718 19800
27720 19801
27722 19802
27724 19803
27725 19804
27726 19805
27728 19806
27729 19807
27730 19808
27731 19809
27732 19810
27733 19811
27734 19812
27735 19813
27736 19814
27737 19815
27738 19816
27740 19817
27741 19818
27742 19819
27743 19820
27744 19821
27746 19822
27747 19823
27748 19824
27750 19825
27751 19826
27752 19827
27753 19828
27755 19829
27756 19830
27757 19831
27760 19832
27761 19833
27762 19834
27763 19835
27766 19836
27767 19837
27769 19838
27770 19839
27771 19840
27772 19841
27773 19842
27774 19843
27776 19844
27777 19845
27779 19846
27780 19847
27783 19848
27784 19849
27785 19850
27786 19851
27787 19852
27788 19853
27790 19854
27792 19855
27793 19856
27794 19857
27795 19858
27797 19859
27798 19860
27799 19861
27801 19862
27802 19863
27803 19864
27805 19865
27808 19866
27809 19867
27810 19868
27812 19869
27813 19870
27814 19871
27815 19872
27817 19873
27820 19874
27821 19875
27822 19876
27823 19877
27826 19878
27832 19879
27834 19880
27835 19881
27836 19882
27837 19883
27838 19884
27839 19885
27840 19886
27841 19887
27843 19888
27846 19889
27847 19890
27848 19891
27849 19892
27850 19893
27852 19894
27853 19895
27855 19896
27856 19897
27857 19898
27858 19899
27859 19900
27860 19901
27861 19902
27862 19903
27863 19904
27864 19905
27866 19906
27867 19907
27869 19908
27870 19909
27872 19910
27873 19911
27876 19912
27878 19913
27879 19914
27880 19915
27883 19916
27886 19917
27887 19918
27888 19919
27889 19920
27890 19921
27892 19922
27893 19923
27896 19924
27898 19925
27899 19926
27901 19927
27902 19928
27903 19929
27905 19930
27906 19931
27907 19932
27908 19933
27909 19934
27911 19935
27914 19936
27915 19937
27917 19938
27918 19939
27920 19940
27921 19941
27922 19942
27923 19943
27925 19944
27927 19945
27928 19946
27929 19947
27930 19948
27932 19949
27933 19950
27938 19951
27939 19952
27940 19953
27941 19954
27942 19955
27944 19956
27945 19957
27946 19958
27949 19959
27950 19960
27952 19961
27953 19962
27955 19963
27956 19964
27957 19965
27958 19966
27959 19967
27960 19968
27961 19969
27962 19970
27963 19971
27964 19972
27966 19973
27967 19974
27968 19975
27969 19976
27970 19977
27973 19978
27974 19979
27976 19980
27979 19981
27980 19982
27981 19983
27983 19984
27985 19985
27986 19986
27988 19987
27990 19988
27991 19989
27992 19990
27993 19991
27996 19992
27999 19993
28000 19994
28001 19995
28002 19996
28003 19997
28004 19998
28006 19999
28007 20000
28008 20001
28009 20002
28010 20003
28011 20004
28012 20005
28013 20006
28014 20007
28015 20008
28016 20009
28017 20010
28018 20011
28019 20012
28021 20013
28022 20014
28023 20015
28024 20016
28026 20017
28027 20018
28029 20019
28030 20020
28031 20021
28032 20022
28033 20023
28034 20024
28036 20025
28037 20026
28038 20027
28042 20028
28043 20029
28046 20030
28047 20031
28048 20032
28050 20033
28051 20034
28052 20035
28054 20036
28055 20037
28056 20038
28058 20039
28063 20040
28065 20041
28066 20042
28068 20043
28069 20044
28070 20045
28071 20046
28076 20047
28077 20048
28079 20049
28080 20050
28081 20051
28083 20052
28084 20053
28086 20054
28087 20055
28089 20056
28090 20057
28092 20058
28093 20059
28094 20060
28096 20061
28097 20062
28098 20063
28099 20064
28101 20065
28102 20066
28106 20067
28107 20068
28110 20069
28111 20070
28112 20071
28113 20072
28114 20073
28115 20074
28116 20075
28117 20076
28118 20077
28120 20078
28122 20079
28125 20080
28127 20081
28128 20082
28129 20083
28130 20084
28131 20085
28132 20086
28133 20087
28134 20088
28135 20089
28136 20090
28137 20091
28139 20092
28140 20093
28141 20094
28142 20095
28143 20096
28144 20097
28146 20098
28150 20099
28152 20100
28153 20101
28155 20102
28156 20103
28157 20104
28158 20105
28159 20106
28161 20107
28162 20108
28163 20109
28165 20110
28166 20111
28168 20112
28169 20113
28170 20114
28171 20115
28172 20116
28174 20117
28175 20118
28177 20119
28178 20120
28180 20121
28182 20122
28184 20123
28185 20124
28186 20125
28187 20126
28190 20127
28191 20128
28192 20129
28193 20130
28194 20131
28196 20132
28198 20133
28199 20134
28200 20135
28202 20136
28203 20137
28204 20138
28206 20139
28208 20140
28209 20141
28211 20142
28213 20143
28215 20144
28216 20145
28217 20146
28218 20147
28219 20148
28221 20149
28222 20150
28224 20151
28225 20152
28226 20153
28229 20154
28230 20155
28231 20156
28232 20157
28237 20158
28238 20159
28239 20160
28242 20161
28243 20162
28244 20163
28245 20164
28246 20165
28249 20166
28250 20167
28251 20168
28252 20169
28253 20170
28254 20171
28255 20172
28256 20173
28258 20174
28259 20175
28262 20176
28264 20177
28265 20178
28266 20179
28267 20180
28268 20181
28270 20182
28271 20183
28272 20184
28273 20185
28274 20186
28277 20187
28279 20188
28282 20189
28283 20190
28284 20191
28285 20192
28286 20193
28288 20194
28289 20195
28290 20196
28291 20197
28292 20198
28293 20199
28296 20200
28297 20201
28298 20202
28299 20203
28300 20204
28301 20205
28302 20206
28303 20207
28305 20208
28309 20209
28310 20210
28312 20211
28313 20212
28314 20213
28315 20214
28316 20215
28318 20216
28320 20217
28323 20218
28326 20219
28327 20220
28329 20221
28330 20222
28333 20223
28334 20224
28335 20225
28336 20226
28338 20227
28339 20228
28341 20229
28342 20230
28344 20231
28345 20232
28346 20233
28347 20234
28348 20235
28349 20236
28351 20237
28352 20238
28353 20239
28354 20240
28355 20241
28356 20242
28357 20243
28358 20244
28359 20245
28360 20246
28362 20247
28363 20248
28364 20249
28365 20250
28366 20251
28367 20252
28370 20253
28371 20254
28373 20255
28376 20256
28379 20257
28380 20258
28381 20259
28382 20260
28384 20261
28386 20262
28387 20263
28388 20264
28389 20265
28390 20266
28391 20267
28392 20268
28393 20269
28394 20270
28395 20271
28396 20272
28398 20273
28399 20274
28400 20275
28401 20276
28403 20277
28405 20278
28406 20279
28407 20280
28409 20281
28410 20282
28411 20283
28412 20284
28413 20285
28414 20286
28415 20287
28416 20288
28417 20289
28418 20290
28419 20291
28420 20292
28421 20293
28423 20294
28424 20295
28425 20296
28427 20297
28430 20298
28432 20299
28434 20300
28435 20301
28436 20302
28437 20303
28439 20304
28440 20305
28441 20306
28445 20307
28446 20308
28448 20309
28449 20310
28451 20311
28452 20312
28453 20313
28454 20314
28456 20315
28458 20316
28459 20317
28460 20318
28462 20319
28463 20320
28464 20321
28465 20322
28466 20323
28468 20324
28469 20325
28470 20326
28471 20327
28472 20328
28475 20329
28477 20330
28478 20331
28480 20332
28481 20333
28484 20334
28487 20335
28488 20336
28490 20337
28492 20338
28493 20339
28494 20340
28495 20341
28497 20342
28498 20343
28499 20344
28501 20345
28502 20346
28503 20347
28505 20348
28506 20349
28507 20350
28508 20351
28509 20352
28510 20353
28511 20354
28513 20355
28515 20356
28516 20357
28517 20358
28518 20359
28519 20360
28521 20361
28523 20362
28525 20363
28526 20364
28527 20365
28528 20366
28529 20367
28530 20368
28531 20369
28532 20370
28533 20371
28534 20372
28535 20373
28536 20374
28538 20375
28539 20376
28541 20377
28542 20378
28544 20379
28545 20380
28546 20381
28548 20382
28549 20383
28554 20384
28555 20385
28556 20386
28558 20387
28559 20388
28561 20389
28562 20390
28563 20391
28565 20392
28566 20393
28567 20394
28568 20395
28569 20396
28572 20397
28573 20398
28574 20399
28575 20400
28576 20401
28578 20402
28581 20403
28582 20404
28583 20405
28584 20406
28585 20407
28586 20408
28587 20409
28588 20410
28589 20411
28590 20412
28591 20413
28592 20414
28593 20415
28594 20416
28595 20417
28596 20418
28597 20419
28601 20420
28602 20421
28603 20422
28605 20423
28609 20424
28610 20425
28612 20426
28613 20427
28615 20428
28616 20429
28618 20430
28619 20431
28620 20432
28622 20433
28624 20434
28626 20435
28627 20436
28629 20437
28631 20438
28632 20439
28634 20440
28635 20441
28636 20442
28637 20443
28638 20444
28641 20445
28642 20446
28643 20447
28645 20448
28646 20449
28647 20450
28648 20451
28649 20452
28651 20453
28652 20454
28653 20455
28654 20456
28657 20457
28658 20458
28660 20459
28662 20460
28663 20461
28664 20462
28665 20463
28668 20464
28669 20465
28670 20466
28671 20467
28672 20468
28673 20469
28674 20470
28675 20471
28676 20472
28677 20473
28678 20474
28679 20475
28680 20476
28682 20477
28685 20478
28686 20479
28687 20480
28688 20481
28689 20482
28690 20483
28692 20484
28693 20485
28695 20486
28696 20487
28697 20488
28698 20489
28699 20490
28700 20491
28701 20492
28703 20493
28705 20494
28706 20495
28709 20496
28710 20497
28711 20498
28712 20499
28715 20500
28717 20501
28718 20502
28720 20503
28722 20504
28723 20505
28724 20506
28725 20507
28726 20508
28727 20509
28728 20510
28729 20511
28730 20512
28732 20513
28734 20514
28735 20515
28736 20516
28737 20517
28739 20518
28740 20519
28741 20520
28742 20521
28743 20522
28745 20523
28747 20524
28748 20525
28749 20526
28750 20527
28751 20528
28752 20529
28753 20530
28754 20531
28758 20532
28759 20533
28760 20534
28761 20535
28764 20536
28766 20537
28767 20538
28769 20539
28772 20540
28775 20541
28777 20542
28778 20543
28779 20544
28780 20545
28781 20546
28782 20547
28784 20548
28787 20549
28788 20550
28789 20551
28790 20552
28791 20553
28792 20554
28793 20555
28794 20556
28795 20557
28796 20558
28797 20559
28799 20560
28800 20561
28802 20562
28808 20563
28809 20564
28810 20565
28811 20566
28813 20567
28814 20568
28816 20569
28817 20570
28818 20571
28821 20572
28823 20573
28824 20574
28825 20575
28826 20576
28827 20577
28828 20578
28830 20579
28831 20580
28832 20581
28833 20582
28834 20583
28835 20584
28836 20585
28837 20586
28840 20587
28841 20588
28842 20589
28844 20590
28846 20591
28849 20592
28850 20593
28851 20594
28852 20595
28853 20596
28854 20597
28855 20598
28856 20599
28858 20600
28859 20601
28860 20602
28862 20603
28863 20604
28864 20605
28865 20606
28868 20607
28871 20608
28872 20609
28875 20610
28877 20611
28878 20612
28880 20613
28881 20614
28882 20615
28883 20616
28884 20617
28886 20618
28887 20619
28888 20620
28890 20621
28893 20622
28894 20623
28895 20624
28896 20625
28897 20626
28898 20627
28899 20628
28901 20629
28902 20630
28904 20631
28905 20632
28907 20633
28908 20634
28909 20635
28910 20636
28911 20637
28912 20638
28915 20639
28917 20640
28919 20641
28921 20642
28922 20643
28924 20644
28926 20645
28928 20646
28929 20647
28931 20648
28933 20649
28934 20650
28937 20651
28938 20652
28939 20653
28940 20654
28941 20655
28944 20656
28945 20657
28946 20658
28947 20659
28948 20660
28952 20661
28953 20662
28954 20663
28955 20664
28956 20665
28957 20666
28958 20667
28959 20668
28961 20669
28962 20670
28963 20671
28964 20672
28965 20673
28967 20674
28968 20675
28969 20676
28970 20677
28972 20678
28974 20679
28976 20680
28977 20681
28978 20682
28981 20683
28982 20684
28983 20685
28984 20686
28986 20687
28987 20688
28988 20689
28989 20690
28990 20691
28991 20692
28992 20693
28993 20694
28994 20695
28995 20696
28996 20697
28997 20698
28998 20699
29001 20700
29003 20701
29004 20702
29005 20703
29006 20704
29009 20705
29010 20706
29013 20707
29014 20708
29017 20709
29018 20710
29020 20711
29021 20712
29022 20713
29023 20714
29024 20715
29025 20716
29026 20717
29027 20718
29028 20719
29029 20720
29030 20721
29031 20722
29032 20723
29033 20724
29034 20725
29038 20726
29039 20727
29040 20728
29041 20729
29044 20730
29046 20731
29049 20732
29050 20733
29051 20734
29052 20735
29054 20736
29056 20737
29058 20738
29060 20739
29061 20740
29062 20741
29063 20742
29064 20743
29065 20744
29066 20745
29067 20746
29068 20747
29070 20748
29071 20749
29072 20750
29074 20751
29075 20752
29076 20753
29077 20754
29078 20755
29079 20756
29081 20757
29083 20758
29085 20759
29086 20760
29087 20761
29089 20762
29090 20763
29093 20764
29094 20765
29095 20766
29097 20767
29099 20768
29100 20769
29102 20770
29103 20771
29107 20772
29109 20773
29112 20774
29113 20775
29114 20776
29115 20777
29117 20778
29118 20779
29119 20780
29123 20781
29126 20782
29127 20783
29130 20784
29131 20785
29133 20786
29134 20787
29135 20788
29136 20789
29137 20790
29138 20791
29140 20792
29141 20793
29142 20794
29145 20795
29146 20796
29147 20797
29149 20798
29150 20799
29151 20800
29153 20801
29154 20802
29155 20803
29156 20804
29157 20805
29160 20806
29163 20807
29164 20808
29165 20809
29166 20810
29167 20811
29168 20812
29170 20813
29172 20814
29173 20815
29174 20816
29175 20817
29176 20818
29177 20819
29178 20820
29180 20821
29181 20822
29182 20823
29183 20824
29184 20825
29185 20826
29186 20827
29187 20828
29188 20829
29189 20830
29190 20831
29191 20832
29192 20833
29193 20834
29194 20835
29197 20836
29198 20837
29199 20838
29200 20839
29201 20840
29202 20841
29204 20842
29205 20843
29206 20844
29208 20845
29211 20846
29212 20847
29213 20848
29215 20849
29216 20850
29217 20851
29219 20852
29220 20853
29221 20854
29222 20855
29223 20856
29224 20857
29226 20858
29227 20859
29228 20860
29229 20861
29231 20862
29232 20863
29233 20864
29234 20865
29235 20866
29236 20867
29238 20868
29240 20869
29241 20870
29245 20871
29247 20872
29248 20873
29249 20874
29250 20875
29251 20876
29252 20877
29253 20878
29254 20879
29255 20880
29258 20881
29259 20882
29260 20883
29261 20884
29262 20885
29264 20886
29265 20887
29266 20888
29267 20889
29268 20890
29269 20891
29273 20892
29274 20893
29275 20894
29276 20895
29278 20896
29282 20897
29284 20898
29287 20899
29289 20900
29291 20901
29292 20902
29295 20903
29296 20904
29299 20905
29301 20906
29302 20907
29304 20908
29305 20909
29308 20910
29309 20911
29310 20912
29311 20913
29312 20914
29313 20915
29315 20916
29316 20917
29318 20918
29319 20919
29322 20920
29324 20921
29326 20922
29327 20923
29328 20924
29329 20925
29330 20926
29331 20927
29332 20928
29333 20929
29334 20930
29335 20931
29336 20932
29337 20933
29339 20934
29343 20935
29344 20936
29345 20937
29347 20938
29348 20939
29350 20940
29351 20941
29352 20942
29354 20943
29355 20944
29357 20945
29358 20946
29359 20947
29360 20948
29362 20949
29363 20950
29365 20951
29366 20952
29367 20953
29368 20954
29369 20955
29372 20956
29374 20957
29376 20958
29377 20959
29380 20960
29381 20961
29382 20962
29383 20963
29384 20964
29387 20965
29388 20966
29389 20967
29391 20968
29393 20969
29394 20970
29395 20971
29396 20972
29397 20973
29400 20974
29401 20975
29402 20976
29403 20977
29407 20978
29408 20979
29409 20980
29410 20981
29411 20982
29412 20983
29413 20984
29415 20985
29416 20986
29419 20987
29421 20988
29422 20989
29423 20990
29424 20991
29426 20992
29427 20993
29428 20994
29429 20995
29430 20996
29431 20997
29432 20998
29433 20999
29434 21000
29435 21001
29438 21002
29439 21003
29442 21004
29444 21005
29446 21006
29448 21007
29450 21008
29451 21009
29453 21010
29456 21011
29457 21012
29459 21013
29463 21014
29464 21015
29465 21016
29466 21017
29467 21018
29470 21019
29471 21020
29472 21021
29473 21022
29474 21023
29476 21024
29477 21025
29481 21026
29482 21027
29484 21028
29486 21029
29487 21030
29488 21031
29489 21032
29492 21033
29496 21034
29498 21035
29500 21036
29501 21037
29502 21038
29505 21039
29506 21040
29507 21041
29508 21042
29509 21043
29510 21044
29512 21045
29513 21046
29520 21047
29521 21048
29522 21049
29523 21050
29524 21051
29525 21052
29526 21053
29527 21054
29529 21055
29530 21056
29531 21057
29534 21058
29535 21059
29536 21060
29537 21061
29538 21062
29539 21063
29540 21064
29541 21065
29544 21066
29545 21067
29547 21068
29548 21069
29549 21070
29551 21071
29552 21072
29553 21073
29554 21074
29555 21075
29557 21076
29559 21077
29560 21078
29561 21079
29563 21080
29564 21081
29566 21082
29567 21083
29568 21084
29569 21085
29570 21086
29572 21087
29574 21088
29576 21089
29578 21090
29579 21091
29580 21092
29581 21093
29583 21094
29587 21095
29588 21096
29589 21097
29591 21098
29593 21099
29594 21100
29595 21101
29596 21102
29598 21103
29600 21104
29601 21105
29602 21106
29603 21107
29605 21108
29606 21109
29607 21110
29608 21111
29609 21112
29610 21113
29611 21114
29613 21115
29614 21116
29615 21117
29616 21118
29617 21119
29618 21120
29620 21121
29621 21122
29622 21123
29623 21124
29626 21125
29627 21126
29628 21127
29629 21128
29630 21129
29631 21130
29632 21131
29633 21132
29634 21133
29635 21134
29636 21135
29637 21136
29639 21137
29640 21138
29642 21139
29643 21140
29645 21141
29646 21142
29649 21143
29650 21144
29651 21145
29652 21146
29654 21147
29655 21148
29656 21149
29657 21150
29659 21151
29662 21152
29663 21153
29664 21154
29666 21155
29670 21156
29671 21157
29672 21158
29673 21159
29674 21160
29676 21161
29677 21162
29678 21163
29679 21164
29681 21165
29685 21166
29686 21167
29688 21168
29689 21169
29694 21170
29695 21171
29698 21172
29699 21173
29700 21174
29701 21175
29702 21176
29703 21177
29704 21178
29706 21179
29707 21180
29709 21181
29710 21182
29711 21183
29712 21184
29715 21185
29716 21186
29717 21187
29719 21188
29720 21189
29721 21190
29722 21191
29723 21192
29724 21193
29725 21194
29726 21195
29727 21196
29728 21197
29729 21198
29730 21199
29733 21200
29735 21201
29736 21202
29738 21203
29739 21204
29741 21205
29742 21206
29743 21207
29746 21208
29747 21209
29748 21210
29749 21211
29750 21212
29751 21213
29752 21214
29753 21215
29755 21216
29756 21217
29758 21218
29759 21219
29761 21220
29762 21221
29764 21222
29766 21223
29767 21224
29768 21225
29772 21226
29773 21227
29775 21228
29780 21229
29782 21230
29783 21231
29785 21232
29786 21233
29787 21234
29790 21235
29791 21236
29792 21237
29793 21238
29794 21239
29795 21240
29797 21241
29798 21242
29799 21243
29800 21244
29801 21245
29803 21246
29804 21247
29805 21248
29806 21249
29807 21250
29808 21251
29809 21252
29810 21253
29811 21254
29812 21255
29814 21256
29815 21257
29816 21258
29817 21259
29818 21260
29819 21261
29820 21262
29821 21263
29822 21264
29824 21265
29826 21266
29827 21267
29830 21268
29831 21269
29832 21270
29833 21271
29834 21272
29835 21273
29836 21274
29837 21275
29839 21276
29840 21277
29841 21278
29842 21279
29843 21280
29844 21281
29845 21282
29846 21283
29851 21284
29854 21285
29855 21286
29856 21287
29857 21288
29858 21289
29859 21290
29861 21291
29862 21292
29863 21293
29864 21294
29865 21295
29866 21296
29867 21297
29868 21298
29872 21299
29873 21300
29874 21301
29875 21302
29876 21303
29877 21304
29878 21305
29879 21306
29880 21307
29883 21308
29884 21309
29886 21310
29887 21311
29888 21312
29889 21313
29891 21314
29892 21315
29893 21316
29895 21317
29896 21318
29897 21319
29898 21320
29899 21321
29900 21322
29901 21323
29902 21324
29904 21325
29907 21326
29909 21327
29910 21328
29911 21329
29912 21330
29913 21331
29914 21332
29916 21333
29917 21334
29918 21335
29920 21336
29921 21337
29922 21338
29924 21339
29925 21340
29927 21341
29929 21342
29930 21343
29931 21344
29933 21345
29934 21346
29935 21347
29938 21348
29939 21349
29940 21350
29943 21351
29944 21352
29945 21353
29946 21354
29947 21355
29948 21356
29950 21357
29951 21358
29952 21359
29953 21360
29954 21361
29956 21362
29958 21363
29960 21364
29961 21365
29962 21366
29964 21367
29965 21368
29966 21369
29967 21370
29969 21371
29970 21372
29971 21373
29974 21374
29975 21375
29976 21376
29978 21377
29979 21378
29980 21379
29982 21380
29983 21381
29986 21382
29987 21383
29989 21384
29990 21385
29991 21386
29992 21387
29997 21388
29998 21389
29999 21390
30001 21391
30002 21392
30003 21393
30004 21394
30005 21395
30008 21396
30009 21397
30011 21398
30013 21399
30014 21400
30015 21401
30016 21402
30020 21403
30024 21404
30025 21405
30026 21406
30027 21407
30028 21408
30029 21409
30030 21410
30031 21411
30032 21412
30033 21413
30034 21414
30035 21415
30037 21416
30038 21417
30040 21418
30043 21419
30044 21420
30045 21421
30046 21422
30048 21423
30049 21424
30050 21425
30051 21426
30052 21427
30053 21428
30055 21429
30056 21430
30058 21431
30059 21432
30060 21433
30061 21434
30063 21435
30064 21436
30065 21437
30067 21438
30069 21439
30071 21440
30073 21441
30074 21442
30075 21443
30078 21444
30079 21445
30080 21446
30082 21447
30084 21448
30085 21449
30086 21450
30088 21451
30089 21452
30090 21453
30091 21454
30092 21455
30093 21456
30094 21457
30095 21458
30097 21459
30098 21460
30099 21461
30100 21462
30101 21463
30102 21464
30103 21465
30104 21466
30105 21467
30106 21468
30107 21469
30108 21470
30112 21471
30113 21472
30114 21473
30115 21474
30116 21475
30120 21476
30122 21477
30123 21478
30125 21479
30130 21480
30131 21481
30132 21482
30133 21483
30134 21484
30136 21485
30137 21486
30138 21487
30139 21488
30140 21489
30142 21490
30143 21491
30144 21492
30146 21493
30147 21494
30149 21495
30151 21496
30152 21497
30154 21498
30155 21499
30157 21500
30158 21501
30161 21502
30162 21503
30163 21504
30164 21505
30166 21506
30167 21507
30173 21508
30177 21509
30178 21510
30179 21511
30180 21512
30181 21513
30182 21514
30183 21515
30184 21516
30185 21517
30186 21518
30187 21519
30189 21520
30191 21521
30193 21522
30194 21523
30195 21524
30196 21525
30198 21526
30200 21527
30201 21528
30202 21529
30203 21530
30204 21531
30205 21532
30206 21533
30207 21534
30208 21535
30210 21536
30212 21537
30214 21538
30216 21539
30217 21540
30218 21541
30219 21542
30220 21543
30224 21544
30228 21545
30233 21546
30234 21547
30235 21548
30236 21549
30237 21550
30239 21551
30240 21552
30241 21553
30242 21554
30243 21555
30245 21556
30246 21557
30247 21558
30248 21559
30249 21560
30250 21561
30251 21562
30252 21563
30253 21564
30254 21565
30255 21566
30256 21567
30257 21568
30258 21569
30261 21570
30262 21571
30263 21572
30266 21573
30267 21574
30268 21575
30269 21576
30270 21577
30272 21578
30273 21579
30275 21580
30277 21581
30278 21582
30279 21583
30280 21584
30281 21585
30282 21586
30283 21587
30284 21588
30285 21589
30287 21590
30288 21591
30289 21592
30290 21593
30291 21594
30293 21595
30294 21596
30295 21597
30296 21598
30297 21599
30299 21600
30300 21601
30301 21602
30302 21603
30303 21604
30305 21605
30306 21606
30307 21607
30308 21608
30309 21609
30311 21610
30313 21611
30315 21612
30318 21613
30319 21614
30320 21615
30321 21616
30322 21617
30323 21618
30324 21619
30325 21620
30326 21621
30327 21622
30328 21623
30329 21624
30330 21625
30331 21626
30332 21627
30333 21628
30334 21629
30335 21630
30338 21631
30339 21632
30340 21633
30341 21634
30342 21635
30343 21636
30344 21637
30345 21638
30346 21639
30349 21640
30350 21641
30352 21642
30354 21643
30355 21644
30357 21645
30358 21646
30359 21647
30361 21648
30362 21649
30363 21650
30364 21651
30365 21652
30366 21653
30367 21654
30368 21655
30370 21656
30371 21657
30372 21658
30373 21659
30374 21660
30375 21661
30376 21662
30378 21663
30379 21664
30381 21665
30382 21666
30384 21667
30385 21668
30386 21669
30387 21670
30388 21671
30390 21672
30391 21673
30392 21674
30393 21675
30394 21676
30395 21677
30396 21678
30398 21679
30399 21680
30400 21681
30401 21682
30402 21683
30403 21684
30404 21685
30405 21686
30406 21687
30407 21688
30408 21689
30409 21690
30410 21691
30411 21692
30413 21693
30414 21694
30417 21695
30418 21696
30419 21697
30421 21698
30422 21699
30423 21700
30425 21701
30426 21702
30428 21703
30430 21704
30431 21705
30433 21706
30434 21707
30436 21708
30437 21709
30438 21710
30440 21711
30441 21712
30442 21713
30443 21714
30444 21715
30445 21716
30447 21717
30448 21718
30450 21719
30451 21720
30452 21721
30453 21722
30455 21723
30459 21724
30460 21725
30461 21726
30463 21727
30464 21728
30465 21729
30467 21730
30468 21731
30469 21732
30470 21733
30471 21734
30473 21735
30477 21736
30478 21737
30480 21738
30481 21739
30482 21740
30483 21741
30484 21742
30485 21743
30487 21744
30488 21745
30489 21746
30490 21747
30492 21748
30494 21749
30497 21750
30498 21751
30499 21752
30503 21753
30504 21754
30505 21755
30508 21756
30512 21757
30513 21758
30514 21759
30516 21760
30517 21761
30518 21762
30519 21763
30521 21764
30522 21765
30523 21766
30524 21767
30525 21768
30526 21769
30527 21770
30529 21771
30531 21772
30534 21773
30535 21774
30536 21775
30538 21776
30539 21777
30540 21778
30542 21779
30544 21780
30545 21781
30546 21782
30547 21783
30548 21784
30549 21785
30550 21786
30552 21787
30555 21788
30556 21789
30557 21790
30559 21791
30560 21792
30561 21793
30564 21794
30565 21795
30567 21796
30568 21797
30569 21798
30572 21799
30573 21800
30574 21801
30576 21802
30577 21803
30579 21804
30580 21805
30581 21806
30582 21807
30584 21808
30585 21809
30588 21810
30589 21811
30592 21812
30593 21813
30596 21814
30597 21815
30598 21816
30599 21817
30600 21818
30602 21819
30604 21820
30605 21821
30607 21822
30608 21823
30610 21824
30612 21825
30613 21826
30617 21827
30618 21828
30619 21829
30620 21830
30621 21831
30622 21832
30623 21833
30624 21834
30626 21835
30628 21836
30629 21837
30630 21838
30631 21839
30632 21840
30636 21841
30637 21842
30638 21843
30639 21844
30640 21845
30641 21846
30642 21847
30643 21848
30646 21849
30647 21850
30650 21851
30651 21852
30654 21853
30655 21854
30658 21855
30659 21856
30660 21857
30663 21858
30664 21859
30665 21860
30669 21861
30673 21862
30675 21863
30676 21864
30678 21865
30679 21866
30681 21867
30682 21868
30684 21869
30685 21870
30687 21871
30688 21872
30690 21873
30692 21874
30693 21875
30694 21876
30696 21877
30697 21878
30698 21879
30700 21880
30701 21881
30702 21882
30703 21883
30705 21884
30707 21885
30708 21886
30710 21887
30711 21888
30712 21889
30713 21890
30714 21891
30715 21892
30716 21893
30717 21894
30718 21895
30719 21896
30720 21897
30721 21898
30722 21899
30723 21900
30724 21901
30725 21902
30726 21903
30727 21904
30728 21905
30729 21906
30730 21907
30731 21908
30732 21909
30733 21910
30734 21911
30735 21912
30737 21913
30738 21914
30739 21915
30740 21916
30741 21917
30742 21918
30743 21919
30745 21920
30748 21921
30749 21922
30750 21923
30752 21924
30753 21925
30754 21926
30755 21927
30756 21928
30759 21929
30760 21930
30761 21931
30762 21932
30763 21933
30765 21934
30766 21935
30767 21936
30769 21937
30770 21938
30772 21939
30773 21940
30774 21941
30775 21942
30776 21943
30777 21944
30778 21945
30780 21946
30781 21947
30783 21948
30785 21949
30786 21950
30787 21951
30788 21952
30789 21953
30790 21954
30791 21955
30792 21956
30793 21957
30794 21958
30796 21959
30797 21960
30798 21961
30799 21962
30800 21963
30802 21964
30804 21965
30806 21966
30808 21967
30809 21968
30810 21969
30811 21970
30813 21971
30817 21972
30819 21973
30822 21974
30823 21975
30824 21976
30825 21977
30827 21978
30828 21979
30830 21980
30831 21981
30832 21982
30833 21983
30834 21984
30835 21985
30836 21986
30837 21987
30838 21988
30841 21989
30846 21990
30847 21991
30848 21992
30849 21993
30850 21994
30851 21995
30852 21996
30853 21997
30856 21998
30857 21999
30858 22000
30859 22001
30860 22002
30861 22003
30863 22004
30864 22005
30865 22006
30866 22007
30867 22008
30868 22009
30869 22010
30870 22011
30871 22012
30873 22013
30875 22014
30877 22015
30878 22016
30880 22017
30882 22018
30883 22019
30884 22020
30886 22021
30887 22022
30888 22023
30890 22024
30891 22025
30892 22026
30894 22027
30895 22028
30896 22029
30898 22030
30899 22031
30900 22032
30902 22033
30903 22034
30904 22035
30907 22036
30908 22037
30910 22038
30911 22039
30912 22040
30913 22041
30914 22042
30915 22043
30916 22044
30917 22045
30918 22046
30919 22047
30920 22048
30921 22049
30922 22050
30925 22051
30926 22052
30927 22053
30928 22054
30929 22055
30934 22056
30935 22057
30936 22058
30937 22059
30938 22060
30939 22061
30940 22062
30941 22063
30942 22064
30943 22065
30944 22066
30945 22067
30946 22068
30947 22069
30949 22070
30951 22071
30953 22072
30955 22073
30956 22074
30957 22075
30958 22076
30959 22077
30960 22078
30962 22079
30963 22080
30964 22081
30965 22082
30967 22083
30968 22084
30970 22085
30971 22086
30972 22087
30974 22088
30975 22089
30976 22090
30977 22091
30978 22092
30979 22093
30980 22094
30981 22095
30982 22096
30983 22097
30984 22098
30986 22099
30987 22100
30988 22101
30989 22102
30990 22103
30991 22104
30992 22105
30993 22106
30995 22107
30997 22108
30999 22109
31000 22110
31001 22111
31005 22112
31007 22113
31008 22114
31009 22115
31010 22116
31012 22117
31013 22118
31014 22119
31016 22120
31018 22121
31019 22122
31020 22123
31022 22124
31023 22125
31025 22126
31027 22127
31029 22128
31030 22129
31032 22130
31033 22131
31034 22132
31037 22133
31038 22134
31040 22135
31041 22136
31042 22137
31043 22138
31050 22139
31051 22140
31053 22141
31054 22142
31056 22143
31057 22144
31058 22145
31060 22146
31064 22147
31066 22148
31067 22149
31068 22150
31069 22151
31070 22152
31071 22153
31072 22154
31073 22155
31074 22156
31076 22157
31077 22158
31078 22159
31080 22160
31081 22161
31082 22162
31083 22163
31084 22164
31085 22165
31086 22166
31087 22167
31089 22168
31090 22169
31091 22170
31092 22171
31093 22172
31094 22173
31095 22174
31096 22175
31098 22176
31099 22177
31100 22178
31101 22179
31102 22180
31103 22181
31105 22182
31108 22183
31109 22184
31110 22185
31111 22186
31113 22187
31114 22188
31115 22189
31116 22190
31117 22191
31118 22192
31120 22193
31121 22194
31124 22195
31125 22196
31126 22197
31127 22198
31129 22199
31130 22200
31131 22201
31136 22202
31137 22203
31138 22204
31141 22205
31142 22206
31145 22207
31146 22208
31148 22209
31149 22210
31151 22211
31152 22212
31154 22213
31155 22214
31156 22215
31157 22216
31158 22217
31159 22218
31160 22219
31162 22220
31163 22221
31164 22222
31165 22223
31166 22224
31167 22225
31168 22226
31169 22227
31172 22228
31175 22229
31176 22230
31177 22231
31178 22232
31180 22233
31181 22234
31182 22235
31183 22236
31184 22237
31185 22238
31188 22239
31190 22240
31191 22241
31192 22242
31193 22243
31194 22244
31195 22245
31197 22246
31198 22247
31200 22248
31201 22249
31202 22250
31204 22251
31205 22252
31206 22253
31209 22254
31210 22255
31211 22256
31213 22257
31214 22258
31215 22259
31216 22260
31217 22261
31218 22262
31220 22263
31222 22264
31224 22265
31226 22266
31229 22267
31231 22268
31233 22269
31235 22270
31236 22271
31237 22272
31238 22273
31239 22274
31242 22275
31243 22276
31244 22277
31245 22278
31247 22279
31248 22280
31249 22281
31250 22282
31251 22283
31252 22284
31253 22285
31254 22286
31255 22287
31256 22288
31257 22289
31258 22290
31259 22291
31260 22292
31262 22293
31264 22294
31266 22295
31267 22296
31268 22297
31269 22298
31270 22299
31271 22300
31272 22301
31273 22302
31274 22303
31276 22304
31277 22305
31278 22306
31279 22307
31281 22308
31284 22309
31285 22310
31286 22311
31287 22312
31288 22313
31289 22314
31290 22315
31293 22316
31294 22317
31295 22318
31298 22319
31299 22320
31300 22321
31301 22322
31302 22323
31303 22324
31304 22325
31305 22326
31306 22327
31307 22328
31308 22329
31309 22330
31310 22331
31311 22332
31313 22333
31314 22334
31315 22335
31316 22336
31317 22337
31318 22338
31321 22339
31324 22340
31328 22341
31329 22342
31330 22343
31331 22344
31333 22345
31334 22346
31335 22347
31336 22348
31337 22349
31338 22350
31340 22351
31341 22352
31343 22353
31345 22354
31346 22355
31347 22356
31349 22357
31350 22358
31352 22359
31353 22360
31357 22361
31359 22362
31360 22363
31361 22364
31362 22365
31363 22366
31364 22367
31365 22368
31369 22369
31370 22370
31371 22371
31372 22372
31373 22373
31374 22374
31375 22375
31377 22376
31379 22377
31383 22378
31384 22379
31386 22380
31387 22381
31388 22382
31389 22383
31390 22384
31391 22385
31392 22386
31393 22387
31394 22388
31395 22389
31396 22390
31397 22391
31399 22392
31400 22393
31401 22394
31402 22395
31403 22396
31405 22397
31406 22398
31407 22399
31408 22400
31409 22401
31411 22402
31412 22403
31413 22404
31414 22405
31415 22406
31416 22407
31419 22408
31420 22409
31421 22410
31422 22411
31423 22412
31424 22413
31425 22414
31426 22415
31427 22416
31428 22417
31429 22418
31432 22419
31434 22420
31435 22421
31437 22422
31438 22423
31439 22424
31440 22425
31442 22426
31443 22427
31444 22428
31445 22429
31448 22430
31449 22431
31451 22432
31453 22433
31454 22434
31455 22435
31456 22436
31457 22437
31458 22438
31459 22439
31460 22440
31462 22441
31463 22442
31464 22443
31465 22444
31467 22445
31469 22446
31471 22447
31475 22448
31476 22449
31477 22450
31480 22451
31481 22452
31482 22453
31483 22454
31484 22455
31486 22456
31488 22457
31489 22458
31492 22459
31493 22460
31494 22461
31495 22462
31496 22463
31497 22464
31499 22465
31500 22466
31502 22467
31503 22468
31504 22469
31505 22470
31507 22471
31508 22472
31509 22473
31510 22474
31511 22475
31512 22476
31517 22477
31519 22478
31520 22479
31521 22480
31524 22481
31525 22482
31526 22483
31528 22484
31529 22485
31531 22486
31532 22487
31533 22488
31534 22489
31535 22490
31536 22491
31537 22492
31538 22493
31539 22494
31540 22495
31541 22496
31542 22497
31543 22498
31545 22499
31546 22500
31548 22501
31549 22502
31550 22503
31551 22504
31552 22505
31555 22506
31556 22507
31557 22508
31558 22509
31560 22510
31561 22511
31562 22512
31563 22513
31564 22514
31565 22515
31567 22516
31568 22517
31569 22518
31570 22519
31572 22520
31574 22521
31575 22522
31577 22523
31581 22524
31582 22525
31583 22526
31584 22527
31586 22528
31587 22529
31588 22530
31589 22531
31590 22532
31591 22533
31592 22534
31593 22535
31594 22536
31595 22537
31596 22538
31598 22539
31600 22540
31601 22541
31602 22542
31603 22543
31604 22544
31605 22545
31607 22546
31608 22547
31609 22548
31610 22549
31611 22550
31613 22551
31615 22552
31617 22553
31618 22554
31619 22555
31620 22556
31621 22557
31625 22558
31626 22559
31627 22560
31629 22561
31632 22562
31633 22563
31635 22564
31636 22565
31637 22566
31638 22567
31641 22568
31642 22569
31643 22570
31645 22571
31650 22572
31651 22573
31652 22574
31655 22575
31656 22576
31658 22577
31659 22578
31660 22579
31661 22580
31662 22581
31663 22582
31665 22583
31666 22584
31667 22585
31668 22586
31669 22587
31671 22588
31672 22589
31673 22590
31674 22591
31675 22592
31676 22593
31677 22594
31678 22595
31680 22596
31681 22597
31683 22598
31684 22599
31686 22600
31689 22601
31690 22602
31691 22603
31692 22604
31693 22605
31695 22606
31696 22607
31699 22608
31701 22609
31703 22610
31705 22611
31706 22612
31707 22613
31708 22614
31709 22615
31710 22616
31711 22617
31713 22618
31714 22619
31715 22620
31716 22621
31717 22622
31719 22623
31720 22624
31721 22625
31724 22626
31725 22627
31727 22628
31729 22629
31730 22630
31731 22631
31732 22632
31733 22633
31734 22634
31735 22635
31736 22636
31737 22637
31738 22638
31740 22639
31741 22640
31742 22641
31743 22642
31744 22643
31746 22644
31747 22645
31751 22646
31753 22647
31754 22648
31755 22649
31756 22650
31758 22651
31759 22652
31760 22653
31761 22654
31762 22655
31763 22656
31765 22657
31766 22658
31767 22659
31769 22660
31770 22661
31772 22662
31773 22663
31774 22664
31776 22665
31777 22666
31778 22667
31780 22668
31781 22669
31783 22670
31785 22671
31788 22672
31789 22673
31791 22674
31792 22675
31793 22676
31794 22677
31795 22678
31797 22679
31800 22680
31802 22681
31804 22682
31807 22683
31808 22684
31809 22685
31811 22686
31812 22687
31814 22688
31816 22689
31819 22690
31820 22691
31821 22692
31822 22693
31825 22694
31826 22695
31827 22696
31828 22697
31829 22698
31830 22699
31834 22700
31835 22701
31837 22702
31838 22703
31839 22704
31840 22705
31841 22706
31843 22707
31845 22708
31846 22709
31847 22710
31848 22711
31849 22712
31850 22713
31851 22714
31852 22715
31854 22716
31855 22717
31857 22718
31858 22719
31862 22720
31863 22721
31864 22722
31865 22723
31866 22724
31868 22725
31870 22726
31872 22727
31873 22728
31874 22729
31875 22730
31876 22731
31877 22732
31878 22733
31880 22734
31881 22735
31883 22736
31884 22737
31886 22738
31887 22739
31888 22740
31889 22741
31890 22742
31893 22743
31894 22744
31897 22745
31898 22746
31899 22747
31900 22748
31901 22749
31902 22750
31903 22751
31904 22752
31905 22753
31906 22754
31907 22755
31909 22756
31910 22757
31911 22758
31912 22759
31913 22760
31915 22761
31916 22762
31917 22763
31918 22764
31919 22765
31920 22766
31921 22767
31923 22768
31924 22769
31925 22770
31927 22771
31928 22772
31929 22773
31930 22774
31931 22775
31933 22776
31934 22777
31935 22778
31936 22779
31940 22780
31941 22781
31942 22782
31944 22783
31946 22784
31947 22785
31948 22786
31949 22787
31950 22788
31951 22789
31952 22790
31953 22791
31954 22792
31955 22793
31956 22794
31958 22795
31959 22796
31960 22797
31962 22798
31963 22799
31964 22800
31965 22801
31966 22802
31967 22803
31968 22804
31969 22805
31970 22806
31971 22807
31972 22808
31974 22809
31975 22810
31976 22811
31977 22812
31981 22813
31982 22814
31983 22815
31984 22816
31985 22817
31986 22818
31987 22819
31988 22820
31989 22821
31990 22822
31991 22823
31996 22824
31999 22825
32000 22826
32001 22827
32003 22828
32005 22829
32006 22830
32007 22831
32008 22832
32009 22833
32011 22834
32012 22835
32013 22836
32014 22837
32015 22838
32016 22839
32018 22840
32019 22841
32021 22842
32022 22843
32023 22844
32025 22845
32026 22846
32027 22847
32028 22848
32029 22849
32030 22850
32031 22851
32032 22852
32033 22853
32034 22854
32035 22855
32036 22856
32038 22857
32039 22858
32040 22859
32041 22860
32042 22861
32043 22862
32044 22863
32046 22864
32048 22865
32050 22866
32051 22867
32052 22868
32053 22869
32054 22870
32055 22871
32057 22872
32059 22873
32060 22874
32061 22875
32063 22876
32065 22877
32067 22878
32068 22879
32070 22880
32073 22881
32074 22882
32075 22883
32076 22884
32077 22885
32078 22886
32079 22887
32081 22888
32082 22889
32083 22890
32084 22891
32085 22892
32087 22893
32089 22894
32090 22895
32091 22896
32092 22897
32094 22898
32098 22899
32099 22900
32102 22901
32105 22902
32106 22903
32107 22904
32108 22905
32109 22906
32112 22907
32113 22908
32115 22909
32117 22910
32118 22911
32119 22912
32120 22913
32121 22914
32122 22915
32123 22916
32124 22917
32125 22918
32126 22919
32128 22920
32129 22921
32130 22922
32132 22923
32133 22924
32134 22925
32135 22926
32137 22927
32138 22928
32139 22929
32140 22930
32141 22931
32142 22932
32143 22933
32144 22934
32145 22935
32146 22936
32147 22937
32148 22938
32149 22939
32153 22940
32154 22941
32155 22942
32156 22943
32158 22944
32159 22945
32160 22946
32161 22947
32162 22948
32163 22949
32165 22950
32167 22951
32169 22952
32170 22953
32171 22954
32172 22955
32173 22956
32175 22957
32177 22958
32179 22959
32180 22960
32181 22961
32182 22962
32183 22963
32184 22964
32186 22965
32187 22966
32189 22967
32190 22968
32191 22969
32192 22970
32193 22971
32195 22972
32198 22973
32199 22974
32200 22975
32201 22976
32203 22977
32206 22978
32207 22979
32208 22980
32209 22981
32210 22982
32212 22983
32215 22984
32216 22985
32217 22986
32219 22987
32224 22988
32225 22989
32227 22990
32231 22991
32234 22992
32235 22993
32236 22994
32238 22995
32243 22996
32244 22997
32245 22998
32246 22999
32247 23000
32248 23001
32250 23002
32252 23003
32253 23004
32254 23005
32255 23006
32256 23007
32257 23008
32258 23009
32259 23010
32261 23011
32262 23012
32263 23013
32264 23014
32265 23015
32266 23016
32268 23017
32269 23018
32270 23019
32271 23020
32272 23021
32273 23022
32275 23023
32276 23024
32278 23025
32279 23026
32280 23027
32283 23028
32284 23029
32285 23030
32287 23031
32288 23032
32289 23033
32292 23034
32293 23035
32294 23036
32295 23037
32296 23038
32297 23039
32298 23040
32299 23041
32300 23042
32301 23043
32302 23044
32303 23045
32305 23046
32306 23047
32307 23048
32309 23049
32310 23050
32312 23051
32314 23052
32316 23053
32317 23054
32319 23055
32320 23056
32321 23057
32322 23058
32324 23059
32325 23060
32327 23061
32329 23062
32330 23063
32331 23064
32332 23065
32334 23066
32336 23067
32337 23068
32338 23069
32339 23070
32341 23071
32342 23072
32344 23073
32346 23074
32348 23075
32349 23076
32350 23077
32351 23078
32353 23079
32355 23080
32356 23081
32357 23082
32359 23083
32361 23084
32364 23085
32365 23086
32367 23087
32368 23088
32369 23089
32371 23090
32372 23091
32373 23092
32375 23093
32376 23094
32377 23095
32378 23096
32379 23097
32382 23098
32387 23099
32388 23100
32390 23101
32391 23102
32392 23103
32393 23104
32394 23105
32396 23106
32399 23107
32400 23108
32401 23109
32402 23110
32403 23111
32405 23112
32406 23113
32407 23114
32408 23115
32410 23116
32413 23117
32414 23118
32415 23119
32416 23120
32417 23121
32418 23122
32419 23123
32420 23124
32421 23125
32422 23126
32423 23127
32424 23128
32425 23129
32426 23130
32427 23131
32429 23132
32430 23133
32432 23134
32433 23135
32434 23136
32436 23137
32437 23138
32438 23139
32439 23140
32440 23141
32441 23142
32442 23143
32443 23144
32444 23145
32445 23146
32446 23147
32447 23148
32449 23149
32450 23150
32451 23151
32452 23152
32453 23153
32456 23154
32461 23155
32462 23156
32463 23157
32465 23158
32467 23159
32468 23160
32470 23161
32471 23162
32476 23163
32478 23164
32479 23165
32480 23166
32481 23167
32482 23168
32483 23169
32485 23170
32486 23171
32487 23172
32488 23173
32491 23174
32492 23175
32493 23176
32495 23177
32498 23178
32501 23179
32505 23180
32506 23181
32507 23182
32508 23183
32510 23184
32514 23185
32515 23186
32516 23187
32518 23188
32519 23189
32520 23190
32521 23191
32524 23192
32527 23193
32531 23194
32532 23195
32533 23196
32534 23197
32535 23198
32537 23199
32538 23200
32539 23201
32540 23202
32543 23203
32544 23204
32547 23205
32548 23206
32549 23207
32556 23208
32557 23209
32558 23210
32559 23211
32560 23212
32561 23213
32562 23214
32563 23215
32564 23216
32565 23217
32566 23218
32569 23219
32571 23220
32572 23221
32573 23222
32575 23223
32576 23224
32577 23225
32578 23226
32579 23227
32581 23228
32582 23229
32583 23230
32585 23231
32586 23232
32587 23233
32588 23234
32589 23235
32590 23236
32591 23237
32592 23238
32593 23239
32594 23240
32596 23241
32597 23242
32598 23243
32599 23244
32602 23245
32604 23246
32605 23247
32606 23248
32607 23249
32608 23250
32609 23251
32610 23252
32612 23253
32613 23254
32614 23255
32615 23256
32616 23257
32617 23258
32619 23259
32620 23260
32622 23261
32623 23262
32624 23263
32625 23264
32627 23265
32628 23266
32629 23267
32630 23268
32631 23269
32632 23270
32633 23271
32634 23272
32635 23273
32636 23274
32637 23275
32638 23276
32639 23277
32640 23278
32642 23279
32644 23280
32645 23281
32646 23282
32647 23283
32652 23284
32653 23285
32655 23286
32656 23287
32658 23288
32660 23289
32661 23290
32662 23291
32663 23292
32664 23293
32665 23294
32667 23295
32670 23296
32671 23297
32672 23298
32675 23299
32677 23300
32679 23301
32680 23302
32681 23303
32683 23304
32684 23305
32685 23306
32686 23307
32687 23308
32688 23309
32689 23310
32690 23311
32692 23312
32693 23313
32694 23314
32695 23315
32696 23316
32697 23317
32698 23318
32701 23319
32703 23320
32705 23321
32706 23322
32707 23323
32708 23324
32709 23325
32712 23326
32716 23327
32717 23328
32718 23329
32722 23330
32723 23331
32725 23332
32726 23333
32727 23334
32731 23335
32732 23336
32733 23337
32734 23338
32735 23339
32736 23340
32738 23341
32739 23342
32740 23343
32741 23344
32742 23345
32743 23346
32744 23347
32745 23348
32746 23349
32748 23350
32749 23351
32750 23352
32751 23353
32752 23354
32753 23355
32754 23356
32755 23357
32756 23358
32757 23359
32758 23360
32759 23361
32760 23362
32761 23363
32762 23364
32764 23365
32765 23366
32766 23367
32770 23368
32771 23369
32772 23370
32773 23371
32774 23372
32775 23373
32776 23374
32780 23375
32781 23376
32782 23377
32783 23378
32785 23379
32786 23380
32787 23381
32788 23382
32791 23383
32792 23384
32793 23385
32794 23386
32795 23387
32797 23388
32800 23389
32802 23390
32804 23391
32805 23392
32807 23393
32808 23394
32809 23395
32810 23396
32811 23397
32812 23398
32813 23399
32815 23400
32816 23401
32817 23402
32818 23403
32819 23404
32821 23405
32822 23406
32823 23407
32824 23408
32825 23409
32826 23410
32828 23411
32829 23412
32830 23413
32832 23414
32834 23415
32835 23416
32836 23417
32837 23418
32838 23419
32839 23420
32840 23421
32841 23422
32845 23423
32846 23424
32847 23425
32848 23426
32849 23427
32851 23428
32852 23429
32853 23430
32854 23431
32856 23432
32857 23433
32862 23434
32863 23435
32864 23436
32865 23437
32866 23438
32867 23439
32868 23440
32869 23441
32870 23442
32871 23443
32874 23444
32875 23445
32876 23446
32877 23447
32878 23448
32880 23449
32882 23450
32884 23451
32886 23452
32887 23453
32889 23454
32890 23455
32891 23456
32892 23457
32894 23458
32895 23459
32896 23460
32897 23461
32898 23462
32899 23463
32900 23464
32902 23465
32903 23466
32904 23467
32905 23468
32906 23469
32907 23470
32908 23471
32909 23472
32912 23473
32914 23474
32915 23475
32916 23476
32917 23477
32918 23478
32919 23479
32920 23480
32924 23481
32925 23482
32926 23483
32927 23484
32928 23485
32930 23486
32933 23487
32934 23488
32936 23489
32937 23490
32938 23491
32939 23492
32940 23493
32941 23494
32942 23495
32943 23496
32945 23497
32948 23498
32949 23499
32950 23500
32951 23501
32952 23502
32953 23503
32954 23504
32955 23505
32957 23506
32958 23507
32959 23508
32960 23509
32961 23510
32962 23511
32964 23512
32966 23513
32967 23514
32970 23515
32971 23516
32972 23517
32974 23518
32976 23519
32977 23520
32978 23521
32979 23522
32983 23523
32984 23524
32985 23525
32990 23526
32991 23527
32992 23528
32993 23529
32994 23530
32995 23531
32997 23532
32998 23533
33000 23534
33001 23535
33002 23536
33004 23537
33005 23538
33006 23539
33007 23540
33008 23541
33009 23542
33010 23543
33011 23544
33013 23545
33014 23546
33016 23547
33018 23548
33019 23549
33021 23550
33022 23551
33023 23552
33026 23553
33027 23554
33029 23555
33030 23556
33032 23557
33033 23558
33035 23559
33037 23560
33038 23561
33039 23562
33041 23563
33042 23564
33043 23565
33045 23566
33046 23567
33047 23568
33050 23569
33051 23570
33052 23571
33053 23572
33055 23573
33057 23574
33058 23575
33059 23576
33060 23577
33063 23578
33065 23579
33066 23580
33067 23581
33069 23582
33070 23583
33071 23584
33073 23585
33074 23586
33075 23587
33077 23588
33078 23589
33079 23590
33080 23591
33083 23592
33084 23593
33085 23594
33087 23595
33088 23596
33089 23597
33090 23598
33091 23599
33092 23600
33093 23601
33094 23602
33095 23603
33096 23604
33098 23605
33099 23606
33100 23607
33101 23608
33102 23609
33103 23610
33105 23611
33106 23612
33107 23613
33108 23614
33110 23615
33111 23616
33112 23617
33113 23618
33115 23619
33118 23620
33119 23621
33120 23622
33122 23623
33124 23624
33125 23625
33126 23626
33127 23627
33128 23628
33129 23629
33131 23630
33132 23631
33133 23632
33135 23633
33136 23634
33138 23635
33140 23636
33141 23637
33142 23638
33144 23639
33145 23640
33146 23641
33147 23642
33148 23643
33150 23644
33155 23645
33156 23646
33157 23647
33158 23648
33159 23649
33161 23650
33162 23651
33163 23652
33164 23653
33165 23654
33166 23655
33167 23656
33168 23657
33170 23658
33171 23659
33172 23660
33173 23661
33177 23662
33179 23663
33181 23664
33183 23665
33188 23666
33190 23667
33192 23668
33193 23669
33194 23670
33196 23671
33198 23672
33199 23673
33200 23674
33202 23675
33203 23676
33204 23677
33205 23678
33206 23679
33207 23680
33208 23681
33209 23682
33210 23683
33213 23684
33214 23685
33216 23686
33219 23687
33220 23688
33221 23689
33222 23690
33223 23691
33224 23692
33226 23693
33227 23694
33228 23695
33232 23696
33233 23697
33235 23698
33237 23699
33238 23700
33239 23701
33240 23702
33242 23703
33243 23704
33244 23705
33245 23706
33247 23707
33248 23708
33251 23709
33252 23710
33253 23711
33255 23712
33256 23713
33257 23714
33258 23715
33259 23716
33260 23717
33262 23718
33263 23719
33264 23720
33265 23721
33267 23722
33268 23723
33269 23724
33271 23725
33272 23726
33273 23727
33274 23728
33275 23729
33277 23730
33278 23731
33280 23732
33282 23733
33283 23734
33284 23735
33285 23736
33286 23737
33287 23738
33288 23739
33289 23740
33291 23741
33292 23742
33295 23743
33296 23744
33298 23745
33299 23746
33302 23747
33303 23748
33304 23749
33305 23750
33308 23751
33309 23752
33310 23753
33311 23754
33312 23755
33313 23756
33314 23757
33315 23758
33316 23759
33319 23760
33320 23761
33321 23762
33322 23763
33324 23764
33325 23765
33326 23766
33327 23767
33328 23768
33329 23769
33330 23770
33331 23771
33334 23772
33335 23773
33336 23774
33338 23775
33339 23776
33341 23777
33342 23778
33343 23779
33344 23780
33345 23781
33346 23782
33348 23783
33349 23784
33350 23785
33351 23786
33352 23787
33353 23788
33354 23789
33355 23790
33356 23791
33357 23792
33358 23793
33359 23794
33360 23795
33362 23796
33364 23797
33365 23798
33366 23799
33367 23800
33369 23801
33370 23802
33373 23803
33376 23804
33377 23805
33378 23806
33379 23807
33381 23808
33384 23809
33387 23810
33388 23811
33389 23812
33390 23813
33392 23814
33394 23815
33395 23816
33396 23817
33398 23818
33399 23819
33400 23820
33401 23821
33402 23822
33403 23823
33406 23824
33407 23825
33408 23826
33409 23827
33410 23828
33412 23829
33413 23830
33414 23831
33415 23832
33416 23833
33417 23834
33418 23835
33419 23836
33420 23837
33421 23838
33422 23839
33423 23840
33424 23841
33426 23842
33427 23843
33429 23844
33431 23845
33432 23846
33434 23847
33435 23848
33437 23849
33438 23850
33439 23851
33440 23852
33441 23853
33442 23854
33443 23855
33445 23856
33447 23857
33448 23858
33449 23859
33450 23860
33451 23861
33453 23862
33456 23863
33457 23864
33458 23865
33460 23866
33461 23867
33462 23868
33465 23869
33466 23870
33467 23871
33469 23872
33470 23873
33471 23874
33472 23875
33473 23876
33474 23877
33476 23878
33477 23879
33478 23880
33481 23881
33482 23882
33484 23883
33485 23884
33486 23885
33487 23886
33488 23887
33489 23888
33490 23889
33491 23890
33492 23891
33494 23892
33495 23893
33496 23894
33497 23895
33498 23896
33499 23897
33500 23898
33501 23899
33502 23900
33504 23901
33505 23902
33506 23903
33507 23904
33508 23905
33509 23906
33510 23907
33511 23908
33512 23909
33513 23910
33514 23911
33515 23912
33516 23913
33517 23914
33518 23915
33519 23916
33520 23917
33521 23918
33522 23919
33523 23920
33524 23921
33526 23922
33527 23923
33528 23924
33529 23925
33530 23926
33531 23927
33532 23928
33534 23929
33535 23930
33536 23931
33537 23932
33539 23933
33541 23934
33542 23935
33544 23936
33545 23937
33546 23938
33547 23939
33549 23940
33550 23941
33551 23942
33552 23943
33553 23944
33554 23945
33555 23946
33556 23947
33557 23948
33558 23949
33560 23950
33562 23951
33563 23952
33564 23953
33565 23954
33567 23955
33568 23956
33569 23957
33571 23958
33572 23959
33573 23960
33575 23961
33576 23962
33577 23963
33578 23964
33579 23965
33580 23966
33581 23967
33582 23968
33583 23969
33584 23970
33585 23971
33586 23972
33587 23973
33589 23974
33591 23975
33593 23976
33594 23977
33596 23978
33598 23979
33600 23980
33605 23981
33606 23982
33607 23983
33608 23984
33609 23985
33610 23986
33611 23987
33612 23988
33613 23989
33615 23990
33616 23991
33617 23992
33622 23993
33623 23994
33624 23995
33625 23996
33626 23997
33627 23998
33628 23999
33629 24000
33633 24001
33634 24002
33636 24003
33638 24004
33640 24005
33643 24006
33645 24007
33646 24008
33648 24009
33649 24010
33650 24011
33652 24012
33653 24013
33654 24014
33656 24015
33658 24016
33659 24017
33660 24018
33661 24019
33662 24020
33663 24021
33664 24022
33666 24023
33667 24024
33669 24025
33670 24026
33671 24027
33673 24028
33674 24029
33675 24030
33678 24031
33679 24032
33680 24033
33681 24034
33682 24035
33683 24036
33684 24037
33685 24038
33686 24039
33688 24040
33689 24041
33690 24042
33691 24043
33692 24044
33693 24045
33694 24046
33695 24047
33696 24048
33697 24049
33700 24050
33702 24051
33703 24052
33704 24053
33705 24054
33707 24055
33708 24056
33711 24057
33712 24058
33714 24059
33715 24060
33716 24061
33717 24062
33719 24063
33720 24064
33721 24065
33722 24066
33723 24067
33726 24068
33727 24069
33728 24070
33729 24071
33731 24072
33732 24073
33735 24074
33737 24075
33738 24076
33739 24077
33740 24078
33741 24079
33742 24080
33743 24081
33745 24082
33746 24083
33747 24084
33748 24085
33752 24086
33753 24087
33754 24088
33756 24089
33757 24090
33759 24091
33760 24092
33763 24093
33764 24094
33765 24095
33766 24096
33768 24097
33769 24098
33771 24099
33772 24100
33773 24101
33774 24102
33775 24103
33776 24104
33778 24105
33779 24106
33780 24107
33781 24108
33783 24109
33785 24110
33786 24111
33787 24112
33788 24113
33789 24114
33791 24115
33793 24116
33794 24117
33795 24118
33796 24119
33799 24120
33802 24121
33803 24122
33804 24123
33805 24124
33806 24125
33807 24126
33808 24127
33809 24128
33810 24129
33811 24130
33812 24131
33813 24132
33815 24133
33817 24134
33818 24135
33819 24136
33820 24137
33821 24138
33823 24139
33824 24140
33825 24141
33826 24142
33827 24143
33828 24144
33830 24145
33832 24146
33833 24147
33840 24148
33841 24149
33842 24150
33843 24151
33846 24152
33848 24153
33849 24154
33853 24155
33856 24156
33857 24157
33858 24158
33859 24159
33860 24160
33862 24161
33863 24162
33864 24163
33865 24164
33866 24165
33867 24166
33870 24167
33872 24168
33873 24169
33874 24170
33875 24171
33876 24172
33877 24173
33878 24174
33881 24175
33884 24176
33885 24177
33886 24178
33887 24179
33888 24180
33889 24181
33890 24182
33891 24183
33894 24184
33895 24185
33896 24186
33897 24187
33899 24188
33901 24189
33902 24190
33903 24191
33904 24192
33908 24193
33909 24194
33910 24195
33911 24196
33912 24197
33914 24198
33917 24199
33919 24200
33920 24201
33921 24202
33924 24203
33925 24204
33927 24205
33928 24206
33929 24207
33930 24208
33931 24209
33932 24210
33935 24211
33936 24212
33940 24213
33941 24214
33943 24215
33944 24216
33946 24217
33947 24218
33949 24219
33951 24220
33952 24221
33953 24222
33954 24223
33955 24224
33957 24225
33958 24226
33959 24227
33961 24228
33962 24229
33964 24230
33965 24231
33966 24232
33967 24233
33968 24234
33969 24235
33970 24236
33972 24237
33973 24238
33974 24239
33975 24240
33976 24241
33978 24242
33979 24243
33980 24244
33981 24245
33983 24246
33984 24247
33985 24248
33988 24249
33989 24250
33991 24251
33992 24252
33994 24253
33996 24254
33997 24255
34000 24256
34001 24257
34002 24258
34003 24259
34004 24260
34006 24261
34007 24262
34008 24263
34009 24264
34011 24265
34012 24266
34013 24267
34014 24268
34015 24269
34016 24270
34018 24271
34019 24272
34020 24273
34022 24274
34024 24275
34025 24276
34026 24277
34027 24278
34028 24279
34029 24280
34030 24281
34032 24282
34035 24283
34037 24284
34038 24285
34041 24286
34042 24287
34045 24288
34047 24289
34048 24290
34052 24291
34053 24292
34054 24293
34055 24294
34057 24295
34058 24296
34059 24297
34060 24298
34061 24299
34062 24300
34063 24301
34065 24302
34066 24303
34067 24304
34068 24305
34069 24306
34071 24307
34072 24308
34074 24309
34076 24310
34078 24311
34079 24312
34080 24313
34083 24314
34086 24315
34087 24316
34088 24317
34089 24318
34090 24319
34094 24320
34095 24321
34097 24322
34099 24323
34100 24324
34101 24325
34103 24326
34104 24327
34107 24328
34108 24329
34109 24330
34110 24331
34111 24332
34112 24333
34113 24334
34114 24335
34115 24336
34116 24337
34121 24338
34122 24339
34125 24340
34128 24341
34129 24342
34130 24343
34131 24344
34132 24345
34133 24346
34135 24347
34137 24348
34138 24349
34139 24350
34140 24351
34141 24352
34142 24353
34144 24354
34145 24355
34146 24356
34147 24357
34148 24358
34149 24359
34150 24360
34151 24361
34152 24362
34153 24363
34154 24364
34156 24365
34158 24366
34159 24367
34160 24368
34161 24369
34162 24370
34163 24371
34165 24372
34166 24373
34168 24374
34169 24375
34170 24376
34171 24377
34173 24378
34174 24379
34175 24380
34176 24381
34178 24382
34179 24383
34180 24384
34181 24385
34182 24386
34183 24387
34185 24388
34187 24389
34188 24390
34189 24391
34192 24392
34193 24393
34194 24394
34195 24395
34199 24396
34200 24397
34201 24398
34202 24399
34205 24400
34206 24401
34207 24402
34208 24403
34209 24404
34210 24405
34211 24406
34213 24407
34216 24408
34217 24409
34219 24410
34220 24411
34221 24412
34222 24413
34226 24414
34227 24415
34229 24416
34231 24417
34233 24418
34234 24419
34235 24420
34236 24421
34237 24422
34239 24423
34240 24424
34242 24425
34243 24426
34244 24427
34245 24428
34246 24429
34249 24430
34250 24431
34251 24432
34252 24433
34253 24434
34254 24435
34256 24436
34257 24437
34258 24438
34259 24439
34260 24440
34261 24441
34263 24442
34266 24443
34267 24444
34268 24445
34269 24446
34270 24447
34271 24448
34272 24449
34273 24450
34274 24451
34275 24452
34276 24453
34278 24454
34280 24455
34281 24456
34282 24457
34283 24458
34284 24459
34285 24460
34286 24461
34287 24462
34289 24463
34290 24464
34291 24465
34292 24466
34293 24467
34294 24468
34295 24469
34296 24470
34297 24471
34299 24472
34302 24473
34303 24474
34304 24475
34309 24476
34310 24477
34311 24478
34312 24479
34313 24480
34314 24481
34315 24482
34316 24483
34317 24484
34320 24485
34321 24486
34322 24487
34323 24488
34324 24489
34325 24490
34326 24491
34327 24492
34328 24493
34330 24494
34331 24495
34332 24496
34333 24497
34334 24498
34336 24499
34338 24500
34340 24501
34341 24502
34343 24503
34344 24504
34345 24505
34346 24506
34347 24507
34348 24508
34349 24509
34350 24510
34352 24511
34353 24512
34355 24513
34356 24514
34357 24515
34358 24516
34359 24517
34360 24518
34361 24519
34362 24520
34364 24521
34365 24522
34366 24523
34367 24524
34369 24525
34371 24526
34372 24527
34373 24528
34374 24529
34377 24530
34379 24531
34380 24532
34382 24533
34386 24534
34387 24535
34388 24536
34390 24537
34393 24538
34394 24539
34395 24540
34396 24541
34398 24542
34399 24543
34400 24544
34402 24545
34403 24546
34405 24547
34406 24548
34407 24549
34408 24550
34410 24551
34411 24552
34412 24553
34413 24554
34415 24555
34418 24556
34419 24557
34420 24558
34421 24559
34423 24560
34425 24561
34426 24562
34427 24563
34428 24564
34429 24565
34430 24566
34435 24567
34439 24568
34442 24569
34444 24570
34445 24571
34446 24572
34447 24573
34448 24574
34449 24575
34450 24576
34451 24577
34452 24578
34453 24579
34454 24580
34456 24581
34457 24582
34459 24583
34460 24584
34461 24585
34462 24586
34464 24587
34465 24588
34466 24589
34467 24590
34468 24591
34470 24592
34473 24593
34474 24594
34475 24595
34476 24596
34477 24597
34478 24598
34479 24599
34480 24600
34482 24601
34483 24602
34485 24603
34486 24604
34488 24605
34489 24606
34491 24607
34492 24608
34493 24609
34494 24610
34495 24611
34496 24612
34497 24613
34499 24614
34500 24615
34501 24616
34502 24617
34503 24618
34504 24619
34506 24620
34507 24621
34508 24622
34509 24623
34510 24624
34511 24625
34512 24626
34513 24627
34514 24628
34515 24629
34516 24630
34517 24631
34519 24632
34522 24633
34523 24634
34524 24635
34525 24636
34528 24637
34529 24638
34530 24639
34531 24640
34532 24641
34533 24642
34534 24643
34536 24644
34537 24645
34539 24646
34540 24647
34541 24648
34543 24649
34544 24650
34546 24651
34548 24652
34549 24653
34550 24654
34551 24655
34552 24656
34556 24657
34557 24658
34558 24659
34559 24660
34560 24661
34561 24662
34563 24663
34567 24664
34568 24665
34569 24666
34570 24667
34571 24668
34572 24669
34574 24670
34575 24671
34576 24672
34578 24673
34579 24674
34581 24675
34583 24676
34584 24677
34585 24678
34587 24679
34588 24680
34589 24681
34590 24682
34591 24683
34592 24684
34594 24685
34597 24686
34598 24687
34600 24688
34602 24689
34603 24690
34604 24691
34605 24692
34608 24693
34609 24694
34612 24695
34615 24696
34617 24697
34618 24698
34619 24699
34620 24700
34621 24701
34622 24702
34623 24703
34624 24704
34625 24705
34627 24706
34630 24707
34631 24708
34632 24709
34633 24710
34634 24711
34635 24712
34636 24713
34637 24714
34638 24715
34639 24716
34640 24717
34641 24718
34642 24719
34644 24720
34645 24721
34647 24722
34648 24723
34649 24724
34651 24725
34652 24726
34654 24727
34655 24728
34656 24729
34657 24730
34659 24731
34660 24732
34661 24733
34662 24734
34663 24735
34666 24736
34667 24737
34668 24738
34669 24739
34671 24740
34672 24741
34673 24742
34674 24743
34675 24744
34676 24745
34678 24746
34681 24747
34682 24748
34683 24749
34684 24750
34685 24751
34687 24752
34688 24753
34690 24754
34692 24755
34693 24756
34694 24757
34699 24758
34703 24759
34706 24760
34707 24761
34708 24762
34709 24763
34712 24764
34714 24765
34716 24766
34717 24767
34718 24768
34719 24769
34723 24770
34724 24771
34725 24772
34726 24773
34727 24774
34730 24775
34731 24776
34732 24777
34734 24778
34735 24779
34736 24780
34739 24781
34740 24782
34741 24783
34743 24784
34745 24785
34746 24786
34747 24787
34748 24788
34749 24789
34750 24790
34751 24791
34752 24792
34753 24793
34754 24794
34756 24795
34757 24796
34758 24797
34761 24798
34762 24799
34763 24800
34764 24801
34765 24802
34766 24803
34767 24804
34768 24805
34769 24806
34770 24807
34771 24808
34772 24809
34773 24810
34775 24811
34777 24812
34778 24813
34779 24814
34780 24815
34781 24816
34783 24817
34784 24818
34785 24819
34786 24820
34788 24821
34789 24822
34792 24823
34793 24824
34794 24825
34795 24826
34796 24827
34799 24828
34801 24829
34803 24830
34807 24831
34811 24832
34812 24833
34814 24834
34815 24835
34817 24836
34820 24837
34823 24838
34825 24839
34826 24840
34827 24841
34828 24842
34829 24843
34830 24844
34831 24845
34832 24846
34834 24847
34836 24848
34837 24849
34839 24850
34840 24851
34841 24852
34842 24853
34843 24854
34844 24855
34845 24856
34846 24857
34847 24858
34849 24859
34850 24860
34851 24861
34854 24862
34855 24863
34857 24864
34860 24865
34861 24866
34862 24867
34863 24868
34864 24869
34867 24870
34868 24871
34869 24872
34870 24873
34871 24874
34872 24875
34873 24876
34874 24877
34875 24878
34876 24879
34879 24880
34881 24881
34882 24882
34883 24883
34885 24884
34886 24885
34887 24886
34888 24887
34890 24888
34892 24889
34894 24890
34895 24891
34897 24892
34898 24893
34899 24894
34900 24895
34901 24896
34902 24897
34903 24898
34904 24899
34906 24900
34907 24901
34908 24902
34910 24903
34911 24904
34913 24905
34915 24906
34917 24907
34918 24908
34919 24909
34920 24910
34921 24911
34924 24912
34926 24913
34927 24914
34928 24915
34930 24916
34931 24917
34932 24918
34935 24919
34936 24920
34937 24921
34939 24922
34940 24923
34941 24924
34942 24925
34944 24926
34945 24927
34946 24928
34947 24929
34948 24930
34950 24931
34951 24932
34952 24933
34953 24934
34954 24935
34955 24936
34958 24937
34959 24938
34960 24939
34961 24940
34962 24941
34963 24942
34966 24943
34967 24944
34968 24945
34969 24946
34972 24947
34976 24948
34977 24949
34978 24950
34979 24951
34982 24952
34984 24953
34985 24954
34987 24955
34989 24956
34990 24957
34991 24958
34992 24959
34993 24960
34994 24961
34995 24962
34996 24963
34997 24964
34998 24965
34999 24966
35000 24967
35001 24968
35002 24969
35004 24970
35005 24971
35006 24972
35008 24973
35009 24974
35010 24975
35011 24976
35012 24977
35013 24978
35015 24979
35016 24980
35017 24981
35018 24982
35019 24983
35020 24984
35021 24985
35024 24986
35025 24987
35026 24988
35030 24989
35031 24990
35032 24991
35034 24992
35035 24993
35036 24994
35037 24995
35038 24996
35039 24997
35040 24998
35041 24999
35042 25000
35043 25001
35044 25002
35045 25003
35046 25004
35047 25005
35051 25006
35053 25007
35054 25008
35055 25009
35056 25010
35057 25011
35058 25012
35059 25013
35060 25014
35062 25015
35068 25016
35069 25017
35070 25018
35071 25019
35073 25020
35074 25021
35075 25022
35076 25023
35077 25024
35078 25025
35079 25026
35080 25027
35081 25028
35082 25029
35083 25030
35084 25031
35085 25032
35086 25033
35087 25034
35088 25035
35089 25036
35090 25037
35091 25038
35093 25039
35094 25040
35095 25041
35100 25042
35101 25043
35102 25044
35104 25045
35105 25046
35106 25047
35107 25048
35108 25049
35109 25050
35110 25051
35111 25052
35113 25053
35114 25054
35116 25055
35117 25056
35119 25057
35120 25058
35121 25059
35122 25060
35124 25061
35126 25062
35127 25063
35129 25064
35130 25065
35131 25066
35132 25067
35133 25068
35134 25069
35135 25070
35136 25071
35139 25072
35141 25073
35142 25074
35143 25075
35144 25076
35145 25077
35146 25078
35147 25079
35148 25080
35150 25081
35152 25082
35153 25083
35154 25084
35155 25085
35156 25086
35157 25087
35158 25088
35160 25089
35161 25090
35162 25091
35163 25092
35164 25093
35165 25094
35166 25095
35168 25096
35169 25097
35170 25098
35171 25099
35172 25100
35173 25101
35174 25102
35175 25103
35176 25104
35178 25105
35179 25106
35180 25107
35181 25108
35182 25109
35183 25110
35184 25111
35188 25112
35189 25113
35190 25114
35191 25115
35192 25116
35193 25117
35194 25118
35196 25119
35197 25120
35199 25121
35200 25122
35201 25123
35202 25124
35203 25125
35209 25126
35210 25127
35211 25128
35212 25129
35213 25130
35214 25131
35218 25132
35219 25133
35221 25134
35222 25135
35223 25136
35224 25137
35225 25138
35227 25139
35231 25140
35232 25141
35234 25142
35236 25143
35237 25144
35238 25145
35239 25146
35240 25147
35241 25148
35242 25149
35243 25150
35244 25151
35245 25152
35246 25153
35248 25154
35249 25155
35250 25156
35251 25157
35252 25158
35254 25159
35256 25160
35257 25161
35258 25162
35259 25163
35260 25164
35261 25165
35263 25166
35264 25167
35265 25168
35266 25169
35267 25170
35268 25171
35269 25172
35270 25173
35271 25174
35273 25175
35275 25176
35276 25177
35277 25178
35278 25179
35279 25180
35281 25181
35282 25182
35283 25183
35285 25184
35287 25185
35288 25186
35289 25187
35291 25188
35294 25189
35296 25190
35298 25191
35300 25192
35301 25193
35303 25194
35304 25195
35305 25196
35306 25197
35308 25198
35310 25199
35312 25200
35313 25201
35314 25202
35315 25203
35316 25204
35317 25205
35318 25206
35319 25207
35320 25208
35321 25209
35322 25210
35323 25211
35325 25212
35326 25213
35327 25214
35330 25215
35331 25216
35332 25217
35333 25218
35334 25219
35335 25220
35340 25221
35341 25222
35345 25223
35346 25224
35348 25225
35349 25226
35350 25227
35351 25228
35355 25229
35356 25230
35357 25231
35358 25232
35359 25233
35360 25234
35362 25235
35363 25236
35364 25237
35365 25238
35366 25239
35368 25240
35369 25241
35370 25242
35371 25243
35372 25244
35373 25245
35374 25246
35376 25247
35378 25248
35380 25249
35381 25250
35382 25251
35383 25252
35384 25253
35386 25254
35387 25255
35388 25256
35389 25257
35390 25258
35391 25259
35392 25260
35393 25261
35394 25262
35395 25263
35397 25264
35398 25265
35399 25266
35400 25267
35401 25268
35402 25269
35404 25270
35405 25271
35406 25272
35409 25273
35412 25274
35413 25275
35414 25276
35415 25277
35418 25278
35419 25279
35420 25280
35421 25281
35422 25282
35424 25283
35426 25284
35427 25285
35429 25286
35431 25287
35432 25288
35434 25289
35436 25290
35437 25291
35440 25292
35441 25293
35443 25294
35444 25295
35447 25296
35448 25297
35449 25298
35451 25299
35452 25300
35454 25301
35455 25302
35456 25303
35457 25304
35458 25305
35459 25306
35460 25307
35461 25308
35463 25309
35464 25310
35465 25311
35466 25312
35467 25313
35469 25314
35471 25315
35472 25316
35473 25317
35476 25318
35477 25319
35478 25320
35479 25321
35480 25322
35481 25323
35482 25324
35483 25325
35484 25326
35486 25327
35487 25328
35488 25329
35490 25330
35491 25331
35493 25332
35494 25333
35496 25334
35497 25335
35498 25336
35502 25337
35504 25338
35505 25339
35506 25340
35507 25341
35510 25342
35511 25343
35512 25344
35513 25345
35514 25346
35515 25347
35516 25348
35517 25349
35518 25350
35519 25351
35520 25352
35521 25353
35523 25354
35524 25355
35527 25356
35530 25357
35532 25358
35533 25359
35534 25360
35535 25361
35536 25362
35540 25363
35541 25364
35542 25365
35543 25366
35544 25367
35545 25368
35546 25369
35547 25370
35548 25371
35549 25372
35551 25373
35552 25374
35553 25375
35554 25376
35555 25377
35556 25378
35557 25379
35559 25380
35560 25381
35563 25382
35564 25383
35566 25384
35568 25385
35570 25386
35572 25387
35574 25388
35575 25389
35576 25390
35578 25391
35579 25392
35580 25393
35582 25394
35583 25395
35584 25396
35585 25397
35586 25398
35587 25399
35588 25400
35589 25401
35591 25402
35592 25403
35593 25404
35594 25405
35595 25406
35596 25407
35598 25408
35599 25409
35600 25410
35602 25411
35605 25412
35606 25413
35607 25414
35608 25415
35610 25416
35611 25417
35613 25418
35614 25419
35615 25420
35618 25421
35619 25422
35620 25423
35621 25424
35623 25425
35625 25426
35627 25427
35628 25428
35629 25429
35630 25430
35631 25431
35632 25432
35633 25433
35634 25434
35635 25435
35636 25436
35637 25437
35639 25438
35641 25439
35643 25440
35644 25441
35645 25442
35646 25443
35647 25444
35648 25445
35649 25446
35650 25447
35651 25448
35652 25449
35653 25450
35655 25451
35657 25452
35658 25453
35659 25454
35661 25455
35662 25456
35663 25457
35664 25458
35666 25459
35667 25460
35668 25461
35669 25462
35670 25463
35672 25464
35674 25465
35675 25466
35676 25467
35677 25468
35678 25469
35680 25470
35681 25471
35682 25472
35683 25473
35685 25474
35687 25475
35688 25476
35689 25477
35690 25478
35691 25479
35692 25480
35693 25481
35694 25482
35695 25483
35696 25484
35697 25485
35698 25486
35699 25487
35700 25488
35701 25489
35702 25490
35704 25491
35705 25492
35706 25493
35707 25494
35708 25495
35709 25496
35710 25497
35711 25498
35712 25499
35713 25500
35714 25501
35715 25502
35716 25503
35717 25504
35718 25505
35719 25506
35720 25507
35721 25508
35723 25509
35724 25510
35725 25511
35726 25512
35727 25513
35731 25514
35733 25515
35737 25516
35740 25517
35742 25518
35746 25519
35747 25520
35748 25521
35749 25522
35750 25523
35751 25524
35752 25525
35753 25526
35754 25527
35755 25528
35757 25529
35759 25530
35760 25531
35761 25532
35762 25533
35763 25534
35764 25535
35765 25536
35766 25537
35767 25538
35768 25539
35769 25540
35771 25541
35772 25542
35775 25543
35776 25544
35777 25545
35780 25546
35781 25547
35782 25548
35783 25549
35784 25550
35786 25551
35787 25552
35788 25553
35789 25554
35790 25555
35791 25556
35792 25557
35794 25558
35795 25559
35797 25560
35798 25561
35799 25562
35803 25563
35805 25564
35807 25565
35810 25566
35811 25567
35812 25568
35814 25569
35815 25570
35816 25571
35818 25572
35819 25573
35820 25574
35821 25575
35822 25576
35823 25577
35824 25578
35825 25579
35826 25580
35827 25581
35828 25582
35829 25583
35830 25584
35831 25585
35832 25586
35833 25587
35834 25588
35835 25589
35836 25590
35837 25591
35838 25592
35839 25593
35840 25594
35841 25595
35842 25596
35843 25597
35844 25598
35846 25599
35848 25600
35849 25601
35850 25602
35851 25603
35852 25604
35853 25605
35854 25606
35855 25607
35856 25608
35857 25609
35858 25610
35859 25611
35860 25612
35861 25613
35862 25614
35863 25615
35864 25616
35865 25617
35866 25618
35867 25619
35869 25620
35870 25621
35871 25622
35872 25623
35873 25624
35874 25625
35876 25626
35877 25627
35878 25628
35879 25629
35880 25630
35882 25631
35884 25632
35885 25633
35887 25634
35888 25635
35889 25636
35890 25637
35891 25638
35892 25639
35893 25640
35894 25641
35895 25642
35900 25643
35901 25644
35902 25645
35903 25646
35904 25647
35905 25648
35906 25649
35907 25650
35909 25651
35910 25652
35911 25653
35913 25654
35915 25655
35916 25656
35919 25657
35920 25658
35921 25659
35922 25660
35923 25661
35925 25662
35926 25663
35930 25664
35931 25665
35932 25666
35935 25667
35936 25668
35937 25669
35938 25670
35939 25671
35940 25672
35944 25673
35946 25674
35947 25675
35948 25676
35949 25677
35950 25678
35951 25679
35953 25680
35954 25681
35955 25682
35957 25683
35958 25684
35960 25685
35962 25686
35963 25687
35964 25688
35966 25689
35968 25690
35969 25691
35970 25692
35971 25693
35972 25694
35973 25695
35974 25696
35975 25697
35977 25698
35978 25699
35979 25700
35980 25701
35981 25702
35982 25703
35983 25704
35984 25705
35985 25706
35987 25707
35988 25708
35990 25709
35992 25710
35995 25711
35997 25712
35999 25713
36001 25714
36004 25715
36005 25716
36006 25717
36007 25718
36008 25719
36009 25720
36011 25721
36012 25722
36013 25723
36014 25724
36015 25725
36016 25726
36018 25727
36022 25728
36023 25729
36024 25730
36026 25731
36027 25732
36028 25733
36029 25734
36030 25735
36031 25736
36032 25737
36033 25738
36034 25739
36035 25740
36036 25741
36037 25742
36039 25743
36042 25744
36043 25745
36044 25746
36045 25747
36046 25748
36047 25749
36048 25750
36049 25751
36050 25752
36052 25753
36053 25754
36055 25755
36056 25756
36057 25757
36058 25758
36059 25759
36061 25760
36062 25761
36063 25762
36064 25763
36067 25764
36069 25765
36070 25766
36071 25767
36072 25768
36073 25769
36075 25770
36077 25771
36078 25772
36079 25773
36081 25774
36082 25775
36083 25776
36086 25777
36087 25778
36088 25779
36089 25780
36091 25781
36092 25782
36093 25783
36094 25784
36095 25785
36096 25786
36097 25787
36101 25788
36102 25789
36104 25790
36105 25791
36106 25792
36107 25793
36109 25794
36111 25795
36114 25796
36116 25797
36117 25798
36118 25799
36119 25800
36120 25801
36123 25802
36124 25803
36125 25804
36127 25805
36129 25806
36130 25807
36131 25808
36135 25809
36136 25810
36137 25811
36138 25812
36139 25813
36140 25814
36142 25815
36143 25816
36145 25817
36146 25818
36147 25819
36149 25820
36150 25821
36151 25822
36152 25823
36155 25824
36156 25825
36157 25826
36158 25827
36159 25828
36162 25829
36164 25830
36166 25831
36167 25832
36168 25833
36169 25834
36170 25835
36171 25836
36172 25837
36173 25838
36174 25839
36175 25840
36177 25841
36179 25842
36180 25843
36181 25844
36182 25845
36183 25846
36185 25847
36186 25848
36187 25849
36188 25850
36191 25851
36192 25852
36193 25853
36194 25854
36195 25855
36196 25856
36198 25857
36201 25858
36203 25859
36204 25860
36205 25861
36206 25862
36207 25863
36208 25864
36210 25865
36211 25866
36212 25867
36213 25868
36214 25869
36216 25870
36217 25871
36218 25872
36221 25873
36222 25874
36223 25875
36225 25876
36226 25877
36227 25878
36228 25879
36230 25880
36231 25881
36232 25882
36233 25883
36235 25884
36236 25885
36237 25886
36238 25887
36239 25888
36240 25889
36241 25890
36242 25891
36243 25892
36244 25893
36245 25894
36248 25895
36249 25896
36250 25897
36251 25898
36252 25899
36253 25900
36254 25901
36255 25902
36257 25903
36258 25904
36260 25905
36261 25906
36262 25907
36263 25908
36264 25909
36266 25910
36268 25911
36269 25912
36270 25913
36272 25914
36274 25915
36275 25916
36277 25917
36278 25918
36279 25919
36282 25920
36283 25921
36284 25922
36285 25923
36286 25924
36287 25925
36288 25926
36289 25927
36290 25928
36291 25929
36292 25930
36293 25931
36294 25932
36296 25933
36298 25934
36299 25935
36300 25936
36301 25937
36302 25938
36303 25939
36305 25940
36307 25941
36308 25942
36309 25943
36312 25944
36314 25945
36317 25946
36318 25947
36319 25948
36321 25949
36322 25950
36324 25951
36325 25952
36326 25953
36327 25954
36330 25955
36331 25956
36332 25957
36333 25958
36334 25959
36335 25960
36337 25961
36338 25962
36339 25963
36340 25964
36341 25965
36342 25966
36343 25967
36344 25968
36345 25969
36346 25970
36347 25971
36348 25972
36350 25973
36352 25974
36353 25975
36354 25976
36355 25977
36359 25978
36360 25979
36362 25980
36363 25981
36365 25982
36366 25983
36367 25984
36368 25985
36370 25986
36371 25987
36372 25988
36373 25989
36375 25990
36378 25991
36379 25992
36381 25993
36383 25994
36385 25995
36386 25996
36387 25997
36389 25998
36390 25999
36391 26000
36392 26001
36393 26002
36394 26003
36395 26004
36396 26005
36400 26006
36401 26007
36402 26008
36403 26009
36404 26010
36405 26011
36406 26012
36407 26013
36408 26014
36409 26015
36410 26016
36411 26017
36412 26018
36413 26019
36414 26020
36415 26021
36416 26022
36417 26023
36420 26024
36422 26025
36423 26026
36424 26027
36425 26028
36427 26029
36428 26030
36429 26031
36430 26032
36431 26033
36433 26034
36434 26035
36437 26036
36438 26037
36439 26038
36441 26039
36442 26040
36443 26041
36444 26042
36445 26043
36447 26044
36448 26045
36450 26046
36451 26047
36452 26048
36453 26049
36454 26050
36456 26051
36458 26052
36459 26053
36461 26054
36462 26055
36464 26056
36466 26057
36467 26058
36468 26059
36470 26060
36471 26061
36473 26062
36474 26063
36475 26064
36476 26065
36477 26066
36478 26067
36480 26068
36481 26069
36482 26070
36483 26071
36485 26072
36486 26073
36487 26074
36488 26075
36489 26076
36491 26077
36494 26078
36495 26079
36496 26080
36497 26081
36498 26082
36499 26083
36501 26084
36502 26085
36503 26086
36504 26087
36505 26088
36506 26089
36507 26090
36508 26091
36510 26092
36511 26093
36512 26094
36513 26095
36514 26096
36515 26097
36516 26098
36517 26099
36518 26100
36519 26101
36520 26102
36522 26103
36524 26104
36525 26105
36526 26106
36528 26107
36529 26108
36530 26109
36531 26110
36532 26111
36536 26112
36538 26113
36539 26114
36541 26115
36544 26116
36546 26117
36548 26118
36549 26119
36550 26120
36553 26121
36555 26122
36556 26123
36557 26124
36558 26125
36559 26126
36561 26127
36562 26128
36563 26129
36564 26130
36565 26131
36566 26132
36567 26133
36569 26134
36570 26135
36571 26136
36572 26137
36573 26138
36574 26139
36576 26140
36578 26141
36579 26142
36581 26143
36587 26144
36589 26145
36591 26146
36593 26147
36594 26148
36595 26149
36598 26150
36599 26151
36600 26152
36601 26153
36604 26154
36605 26155
36606 26156
36608 26157
36609 26158
36612 26159
36613 26160
36614 26161
36615 26162
36616 26163
36619 26164
36620 26165
36621 26166
36622 26167
36623 26168
36624 26169
36625 26170
36626 26171
36627 26172
36630 26173
36632 26174
36633 26175
36634 26176
36635 26177
36636 26178
36637 26179
36638 26180
36639 26181
36640 26182
36642 26183
36643 26184
36644 26185
36646 26186
36647 26187
36651 26188
36652 26189
36653 26190
36654 26191
36655 26192
36656 26193
36657 26194
36658 26195
36659 26196
36660 26197
36661 26198
36662 26199
36663 26200
36665 26201
36666 26202
36668 26203
36671 26204
36672 26205
36673 26206
36674 26207
36675 26208
36677 26209
36678 26210
36679 26211
36680 26212
36681 26213
36682 26214
36683 26215
36684 26216
36685 26217
36686 26218
36687 26219
36688 26220
36689 26221
36690 26222
36691 26223
36692 26224
36693 26225
36694 26226
36695 26227
36697 26228
36698 26229
36699 26230
36700 26231
36701 26232
36702 26233
36703 26234
36704 26235
36705 26236
36707 26237
36708 26238
36709 26239
36710 26240
36711 26241
36712 26242
36713 26243
36714 26244
36715 26245
36716 26246
36717 26247
36719 26248
36720 26249
36721 26250
36722 26251
36723 26252
36724 26253
36725 26254
36726 26255
36727 26256
36729 26257
36730 26258
36731 26259
36732 26260
36733 26261
36734 26262
36735 26263
36737 26264
36739 26265
36741 26266
36742 26267
36743 26268
36744 26269
36745 26270
36747 26271
36748 26272
36749 26273
36750 26274
36752 26275
36753 26276
36755 26277
36756 26278
36757 26279
36758 26280
36760 26281
36762 26282
36764 26283
36765 26284
36766 26285
36767 26286
36768 26287
36769 26288
36770 26289
36771 26290
36775 26291
36776 26292
36777 26293
36778 26294
36780 26295
36782 26296
36783 26297
36784 26298
36785 26299
36786 26300
36787 26301
36788 26302
36789 26303
36792 26304
36793 26305
36794 26306
36795 26307
36796 26308
36797 26309
36799 26310
36800 26311
36801 26312
36802 26313
36803 26314
36804 26315
36805 26316
36806 26317
36807 26318
36808 26319
36809 26320
36812 26321
36813 26322
36815 26323
36816 26324
36817 26325
36818 26326
36820 26327
36821 26328
36822 26329
36824 26330
36826 26331
36827 26332
36828 26333
36829 26334
36830 26335
36831 26336
36832 26337
36835 26338
36837 26339
36839 26340
36841 26341
36843 26342
36845 26343
36848 26344
36849 26345
36850 26346
36852 26347
36854 26348
36855 26349
36857 26350
36859 26351
36861 26352
36862 26353
36864 26354
36865 26355
36868 26356
36870 26357
36871 26358
36874 26359
36875 26360
36877 26361
36878 26362
36879 26363
36880 26364
36881 26365
36882 26366
36883 26367
36885 26368
36886 26369
36887 26370
36888 26371
36889 26372
36891 26373
36894 26374
36895 26375
36896 26376
36897 26377
36899 26378
36900 26379
36901 26380
36902 26381
36903 26382
36905 26383
36906 26384
36909 26385
36910 26386
36911 26387
36912 26388
36913 26389
36915 26390
36916 26391
36917 26392
36918 26393
36921 26394
36923 26395
36924 26396
36925 26397
36926 26398
36928 26399
36929 26400
36930 26401
36936 26402
36940 26403
36941 26404
36942 26405
36943 26406
36944 26407
36945 26408
36947 26409
36948 26410
36949 26411
36950 26412
36951 26413
36953 26414
36954 26415
36955 26416
36956 26417
36957 26418
36958 26419
36959 26420
36960 26421
36961 26422
36962 26423
36963 26424
36964 26425
36966 26426
36967 26427
36968 26428
36969 26429
36970 26430
36971 26431
36972 26432
36974 26433
36975 26434
36977 26435
36979 26436
36983 26437
36984 26438
36985 26439
36987 26440
36988 26441
36989 26442
36990 26443
36991 26444
36992 26445
36993 26446
36994 26447
36995 26448
36998 26449
37001 26450
37002 26451
37003 26452
37004 26453
37006 26454
37007 26455
37008 26456
37009 26457
37010 26458
37011 26459
37012 26460
37013 26461
37015 26462
37016 26463
37017 26464
37018 26465
37019 26466
37020 26467
37022 26468
37025 26469
37027 26470
37028 26471
37030 26472
37031 26473
37032 26474
37034 26475
37036 26476
37037 26477
37038 26478
37040 26479
37044 26480
37047 26481
37048 26482
37049 26483
37050 26484
37051 26485
37053 26486
37055 26487
37056 26488
37057 26489
37058 26490
37059 26491
37060 26492
37061 26493
37062 26494
37064 26495
37065 26496
37068 26497
37069 26498
37070 26499
37071 26500
37072 26501
37073 26502
37074 26503
37075 26504
37079 26505
37080 26506
37081 26507
37082 26508
37083 26509
37084 26510
37086 26511
37088 26512
37089 26513
37090 26514
37092 26515
37093 26516
37094 26517
37099 26518
37100 26519
37103 26520
37104 26521
37106 26522
37107 26523
37108 26524
37109 26525
37110 26526
37111 26527
37112 26528
37113 26529
37114 26530
37116 26531
37117 26532
37118 26533
37119 26534
37121 26535
37125 26536
37126 26537
37127 26538
37129 26539
37130 26540
37131 26541
37133 26542
37137 26543
37140 26544
37142 26545
37143 26546
37144 26547
37145 26548
37146 26549
37147 26550
37148 26551
37149 26552
37150 26553
37154 26554
37156 26555
37157 26556
37161 26557
37163 26558
37165 26559
37168 26560
37170 26561
37171 26562
37172 26563
37175 26564
37178 26565
37179 26566
37180 26567
37183 26568
37184 26569
37185 26570
37186 26571
37188 26572
37189 26573
37191 26574
37195 26575
37196 26576
37197 26577
37198 26578
37199 26579
37202 26580
37204 26581
37205 26582
37206 26583
37209 26584
37210 26585
37211 26586
37213 26587
37214 26588
37215 26589
37216 26590
37220 26591
37221 26592
37222 26593
37224 26594
37226 26595
37227 26596
37228 26597
37229 26598
37230 26599
37232 26600
37233 26601
37234 26602
37235 26603
37238 26604
37239 26605
37240 26606
37244 26607
37245 26608
37247 26609
37248 26610
37249 26611
37251 26612
37252 26613
37254 26614
37256 26615
37257 26616
37258 26617
37259 26618
37261 26619
37264 26620
37265 26621
37266 26622
37269 26623
37271 26624
37272 26625
37274 26626
37275 26627
37277 26628
37278 26629
37279 26630
37280 26631
37281 26632
37282 26633
37283 26634
37284 26635
37285 26636
37286 26637
37287 26638
37288 26639
37289 26640
37290 26641
37291 26642
37293 26643
37296 26644
37297 26645
37298 26646
37299 26647
37300 26648
37302 26649
37303 26650
37304 26651
37306 26652
37307 26653
37308 26654
37309 26655
37313 26656
37314 26657
37315 26658
37316 26659
37320 26660
37322 26661
37323 26662
37324 26663
37326 26664
37327 26665
37331 26666
37332 26667
37336 26668
37338 26669
37339 26670
37340 26671
37341 26672
37343 26673
37344 26674
37345 26675
37346 26676
37349 26677
37350 26678
37351 26679
37352 26680
37353 26681
37354 26682
37355 26683
37358 26684
37359 26685
37361 26686
37362 26687
37363 26688
37366 26689
37367 26690
37368 26691
37370 26692
37371 26693
37372 26694
37374 26695
37375 26696
37377 26697
37378 26698
37379 26699
37380 26700
37381 26701
37382 26702
37384 26703
37385 26704
37388 26705
37392 26706
37393 26707
37395 26708
37397 26709
37399 26710
37402 26711
37403 26712
37405 26713
37407 26714
37408 26715
37410 26716
37412 26717
37415 26718
37416 26719
37417 26720
37418 26721
37420 26722
37421 26723
37422 26724
37424 26725
37425 26726
37426 26727
37427 26728
37428 26729
37430 26730
37431 26731
37432 26732
37433 26733
37434 26734
37435 26735
37437 26736
37438 26737
37439 26738
37440 26739
37442 26740
37443 26741
37444 26742
37446 26743
37448 26744
37450 26745
37451 26746
37452 26747
37455 26748
37456 26749
37458 26750
37463 26751
37466 26752
37467 26753
37468 26754
37470 26755
37471 26756
37472 26757
37474 26758
37477 26759
37478 26760
37479 26761
37481 26762
37483 26763
37484 26764
37486 26765
37487 26766
37488 26767
37489 26768
37490 26769
37491 26770
37492 26771
37494 26772
37496 26773
37497 26774
37499 26775
37501 26776
37502 26777
37503 26778
37504 26779
37505 26780
37506 26781
37507 26782
37510 26783
37513 26784
37514 26785
37515 26786
37516 26787
37518 26788
37521 26789
37523 26790
37524 26791
37526 26792
37527 26793
37528 26794
37529 26795
37530 26796
37531 26797
37533 26798
37534 26799
37535 26800
37536 26801
37539 26802
37541 26803
37542 26804
37543 26805
37546 26806
37547 26807
37549 26808
37550 26809
37552 26810
37554 26811
37555 26812
37557 26813
37558 26814
37561 26815
37562 26816
37563 26817
37564 26818
37565 26819
37568 26820
37569 26821
37570 26822
37572 26823
37573 26824
37574 26825
37576 26826
37577 26827
37578 26828
37580 26829
37582 26830
37583 26831
37584 26832
37585 26833
37587 26834
37590 26835
37591 26836
37592 26837
37595 26838
37597 26839
37598 26840
37599 26841
37600 26842
37601 26843
37603 26844
37604 26845
37605 26846
37606 26847
37607 26848
37608 26849
37611 26850
37612 26851
37615 26852
37616 26853
37619 26854
37620 26855
37621 26856
37623 26857
37625 26858
37626 26859
37627 26860
37628 26861
37629 26862
37630 26863
37631 26864
37632 26865
37633 26866
37635 26867
37636 26868
37637 26869
37638 26870
37640 26871
37641 26872
37642 26873
37643 26874
37644 26875
37645 26876
37646 26877
37648 26878
37649 26879
37650 26880
37652 26881
37653 26882
37655 26883
37657 26884
37658 26885
37659 26886
37660 26887
37661 26888
37663 26889
37664 26890
37665 26891
37666 26892
37667 26893
37670 26894
37672 26895
37673 26896
37674 26897
37675 26898
37676 26899
37677 26900
37678 26901
37679 26902
37681 26903
37682 26904
37684 26905
37685 26906
37686 26907
37687 26908
37689 26909
37691 26910
37692 26911
37693 26912
37694 26913
37695 26914
37696 26915
37697 26916
37700 26917
37701 26918
37702 26919
37704 26920
37705 26921
37706 26922
37708 26923
37709 26924
37710 26925
37711 26926
37712 26927
37713 26928
37715 26929
37716 26930
37717 26931
37718 26932
37722 26933
37724 26934
37725 26935
37726 26936
37727 26937
37728 26938
37729 26939
37730 26940
37732 26941
37733 26942
37734 26943
37735 26944
37736 26945
37738 26946
37739 26947
37740 26948
37741 26949
37743 26950
37744 26951
37745 26952
37747 26953
37748 26954
37749 26955
37750 26956
37751 26957
37753 26958
37754 26959
37756 26960
37757 26961
37758 26962
37761 26963
37762 26964
37763 26965
37764 26966
37766 26967
37767 26968
37769 26969
37770 26970
37771 26971
37772 26972
37773 26973
37774 26974
37775 26975
37776 26976
37777 26977
37779 26978
37780 26979
37781 26980
37783 26981
37784 26982
37786 26983
37788 26984
37791 26985
37792 26986
37793 26987
37794 26988
37795 26989
37797 26990
37798 26991
37799 26992
37800 26993
37801 26994
37802 26995
37803 26996
37804 26997
37805 26998
37807 26999
37808 27000
37809 27001
37810 27002
37811 27003
37813 27004
37817 27005
37820 27006
37821 27007
37822 27008
37825 27009
37826 27010
37827 27011
37828 27012
37829 27013
37832 27014
37833 27015
37834 27016
37835 27017
37836 27018
37837 27019
37838 27020
37841 27021
37842 27022
37844 27023
37845 27024
37848 27025
37849 27026
37850 27027
37853 27028
37854 27029
37855 27030
37856 27031
37859 27032
37862 27033
37863 27034
37865 27035
37866 27036
37868 27037
37869 27038
37872 27039
37874 27040
37876 27041
37877 27042
37878 27043
37879 27044
37880 27045
37882 27046
37883 27047
37884 27048
37885 27049
37886 27050
37887 27051
37888 27052
37890 27053
37891 27054
37892 27055
37894 27056
37896 27057
37897 27058
37899 27059
37900 27060
37901 27061
37905 27062
37906 27063
37907 27064
37908 27065
37909 27066
37910 27067
37914 27068
37915 27069
37916 27070
37917 27071
37919 27072
37920 27073
37922 27074
37925 27075
37926 27076
37927 27077
37928 27078
37930 27079
37933 27080
37934 27081
37935 27082
37936 27083
37937 27084
37938 27085
37939 27086
37941 27087
37942 27088
37944 27089
37946 27090
37947 27091
37948 27092
37949 27093
37950 27094
37951 27095
37952 27096
37953 27097
37956 27098
37957 27099
37958 27100
37959 27101
37960 27102
37961 27103
37962 27104
37963 27105
37965 27106
37967 27107
37968 27108
37969 27109
37971 27110
37972 27111
37973 27112
37974 27113
37975 27114
37976 27115
37977 27116
37978 27117
37982 27118
37983 27119
37984 27120
37985 27121
37986 27122
37987 27123
37989 27124
37990 27125
37991 27126
37992 27127
37993 27128
37994 27129
37995 27130
37996 27131
37997 27132
37998 27133
37999 27134
38001 27135
38002 27136
38004 27137
38007 27138
38008 27139
38009 27140
38010 27141
38012 27142
38013 27143
38014 27144
38017 27145
38018 27146
38019 27147
38020 27148
38021 27149
38022 27150
38023 27151
38024 27152
38025 27153
38026 27154
38028 27155
38030 27156
38031 27157
38033 27158
38035 27159
38037 27160
38038 27161
38039 27162
38040 27163
38041 27164
38042 27165
38043 27166
38044 27167
38045 27168
38047 27169
38048 27170
38050 27171
38051 27172
38052 27173
38053 27174
38055 27175
38056 27176
38058 27177
38060 27178
38061 27179
38062 27180
38063 27181
38065 27182
38066 27183
38068 27184
38069 27185
38070 27186
38071 27187
38072 27188
38073 27189
38074 27190
38075 27191
38076 27192
38077 27193
38079 27194
38080 27195
38081 27196
38082 27197
38084 27198
38085 27199
38086 27200
38087 27201
38088 27202
38090 27203
38091 27204
38092 27205
38093 27206
38094 27207
38096 27208
38097 27209
38098 27210
38101 27211
38102 27212
38104 27213
38105 27214
38106 27215
38107 27216
38109 27217
38110 27218
38111 27219
38112 27220
38114 27221
38116 27222
38120 27223
38121 27224
38122 27225
38123 27226
38124 27227
38125 27228
38127 27229
38129 27230
38130 27231
38137 27232
38138 27233
38139 27234
38140 27235
38141 27236
38144 27237
38145 27238
38146 27239
38147 27240
38149 27241
38150 27242
38151 27243
38152 27244
38153 27245
38154 27246
38155 27247
38157 27248
38159 27249
38160 27250
38161 27251
38162 27252
38163 27253
38164 27254
38166 27255
38167 27256
38168 27257
38169 27258
38170 27259
38172 27260
38173 27261
38174 27262
38175 27263
38176 27264
38178 27265
38181 27266
38182 27267
38183 27268
38184 27269
38186 27270
38187 27271
38188 27272
38189 27273
38191 27274
38192 27275
38193 27276
38194 27277
38195 27278
38196 27279
38197 27280
38201 27281
38202 27282
38204 27283
38206 27284
38208 27285
38209 27286
38210 27287
38211 27288
38212 27289
38213 27290
38214 27291
38215 27292
38216 27293
38217 27294
38218 27295
38219 27296
38220 27297
38221 27298
38222 27299
38223 27300
38224 27301
38226 27302
38227 27303
38228 27304
38229 27305
38231 27306
38232 27307
38233 27308
38234 27309
38235 27310
38236 27311
38237 27312
38238 27313
38239 27314
38241 27315
38243 27316
38245 27317
38247 27318
38249 27319
38250 27320
38251 27321
38252 27322
38253 27323
38254 27324
38256 27325
38258 27326
38260 27327
38261 27328
38262 27329
38264 27330
38265 27331
38266 27332
38267 27333
38268 27334
38269 27335
38270 27336
38271 27337
38272 27338
38275 27339
38276 27340
38277 27341
38278 27342
38281 27343
38282 27344
38283 27345
38285 27346
38286 27347
38287 27348
38288 27349
38290 27350
38291 27351
38292 27352
38293 27353
38295 27354
38296 27355
38299 27356
38300 27357
38301 27358
38302 27359
38303 27360
38306 27361
38307 27362
38308 27363
38309 27364
38310 27365
38311 27366
38312 27367
38313 27368
38316 27369
38317 27370
38319 27371
38320 27372
38321 27373
38322 27374
38325 27375
38326 27376
38327 27377
38328 27378
38331 27379
38333 27380
38334 27381
38335 27382
38337 27383
38338 27384
38341 27385
38342 27386
38345 27387
38346 27388
38347 27389
38348 27390
38350 27391
38351 27392
38352 27393
38354 27394
38355 27395
38356 27396
38358 27397
38361 27398
38362 27399
38365 27400
38366 27401
38369 27402
38370 27403
38371 27404
38372 27405
38374 27406
38377 27407
38380 27408
38382 27409
38383 27410
38385 27411
38386 27412
38387 27413
38388 27414
38389 27415
38390 27416
38391 27417
38392 27418
38393 27419
38395 27420
38398 27421
38400 27422
38402 27423
38404 27424
38406 27425
38407 27426
38408 27427
38409 27428
38410 27429
38411 27430
38412 27431
38413 27432
38414 27433
38415 27434
38416 27435
38419 27436
38421 27437
38422 27438
38423 27439
38424 27440
38425 27441
38428 27442
38429 27443
38430 27444
38431 27445
38434 27446
38435 27447
38436 27448
38441 27449
38442 27450
38443 27451
38446 27452
38448 27453
38450 27454
38452 27455
38455 27456
38457 27457
38458 27458
38459 27459
38461 27460
38463 27461
38466 27462
38467 27463
38469 27464
38470 27465
38471 27466
38472 27467
38473 27468
38474 27469
38475 27470
38476 27471
38478 27472
38480 27473
38484 27474
38485 27475
38489 27476
38490 27477
38491 27478
38493 27479
38494 27480
38495 27481
38498 27482
38499 27483
38500 27484
38501 27485
38502 27486
38503 27487
38504 27488
38505 27489
38506 27490
38507 27491
38509 27492
38510 27493
38511 27494
38513 27495
38515 27496
38517 27497
38518 27498
38519 27499
38520 27500
38521 27501
38524 27502
38525 27503
38526 27504
38527 27505
38529 27506
38532 27507
38534 27508
38535 27509
38537 27510
38538 27511
38539 27512
38542 27513
38543 27514
38544 27515
38545 27516
38546 27517
38547 27518
38548 27519
38549 27520
38550 27521
38552 27522
38554 27523
38555 27524
38559 27525
38560 27526
38562 27527
38563 27528
38564 27529
38565 27530
38566 27531
38567 27532
38568 27533
38569 27534
38570 27535
38572 27536
38575 27537
38577 27538
38578 27539
38579 27540
38580 27541
38581 27542
38582 27543
38583 27544
38584 27545
38586 27546
38587 27547
38588 27548
38589 27549
38593 27550
38594 27551
38595 27552
38596 27553
38598 27554
38599 27555
38601 27556
38602 27557
38603 27558
38605 27559
38606 27560
38607 27561
38608 27562
38609 27563
38610 27564
38611 27565
38612 27566
38613 27567
38614 27568
38615 27569
38617 27570
38618 27571
38619 27572
38620 27573
38621 27574
38624 27575
38625 27576
38626 27577
38627 27578
38628 27579
38629 27580
38630 27581
38631 27582
38632 27583
38633 27584
38635 27585
38636 27586
38637 27587
38638 27588
38639 27589
38640 27590
38641 27591
38642 27592
38643 27593
38648 27594
38651 27595
38653 27596
38654 27597
38655 27598
38656 27599
38658 27600
38659 27601
38660 27602
38663 27603
38664 27604
38667 27605
38668 27606
38669 27607
38670 27608
38672 27609
38673 27610
38674 27611
38677 27612
38678 27613
38679 27614
38681 27615
38683 27616
38686 27617
38687 27618
38688 27619
38689 27620
38690 27621
38691 27622
38692 27623
38693 27624
38694 27625
38695 27626
38696 27627
38697 27628
38698 27629
38700 27630
38703 27631
38704 27632
38707 27633
38708 27634
38709 27635
38710 27636
38711 27637
38713 27638
38714 27639
38715 27640
38716 27641
38717 27642
38718 27643
38719 27644
38720 27645
38721 27646
38724 27647
38725 27648
38727 27649
38728 27650
38729 27651
38731 27652
38732 27653
38733 27654
38734 27655
38735 27656
38737 27657
38738 27658
38739 27659
38740 27660
38742 27661
38743 27662
38745 27663
38746 27664
38748 27665
38749 27666
38751 27667
38753 27668
38754 27669
38755 27670
38759 27671
38760 27672
38764 27673
38765 27674
38766 27675
38767 27676
38768 27677
38770 27678
38771 27679
38772 27680
38773 27681
38774 27682
38776 27683
38778 27684
38779 27685
38780 27686
38781 27687
38782 27688
38786 27689
38787 27690
38791 27691
38792 27692
38793 27693
38796 27694
38798 27695
38799 27696
38800 27697
38802 27698
38804 27699
38806 27700
38807 27701
38808 27702
38809 27703
38811 27704
38814 27705
38815 27706
38818 27707
38819 27708
38820 27709
38821 27710
38822 27711
38823 27712
38824 27713
38826 27714
38828 27715
38829 27716
38831 27717
38833 27718
38835 27719
38836 27720
38837 27721
38839 27722
38840 27723
38841 27724
38842 27725
38844 27726
38846 27727
38847 27728
38848 27729
38849 27730
38850 27731
38851 27732
38852 27733
38854 27734
38855 27735
38856 27736
38857 27737
38858 27738
38859 27739
38861 27740
38864 27741
38865 27742
38866 27743
38867 27744
38868 27745
38869 27746
38870 27747
38871 27748
38872 27749
38873 27750
38874 27751
38875 27752
38876 27753
38877 27754
38879 27755
38880 27756
38881 27757
38883 27758
38884 27759
38885 27760
38886 27761
38887 27762
38888 27763
38890 27764
38892 27765
38893 27766
38894 27767
38895 27768
38896 27769
38898 27770
38899 27771
38901 27772
38902 27773
38903 27774
38904 27775
38908 27776
38909 27777
38911 27778
38912 27779
38913 27780
38914 27781
38915 27782
38918 27783
38919 27784
38921 27785
38922 27786
38925 27787
38926 27788
38927 27789
38928 27790
38930 27791
38932 27792
38933 27793
38934 27794
38935 27795
38936 27796
38939 27797
38940 27798
38942 27799
38943 27800
38944 27801
38947 27802
38950 27803
38951 27804
38953 27805
38954 27806
38956 27807
38957 27808
38959 27809
38960 27810
38961 27811
38962 27812
38963 27813
38964 27814
38965 27815
38966 27816
38968 27817
38969 27818
38970 27819
38972 27820
38973 27821
38975 27822
38976 27823
38978 27824
38980 27825
38981 27826
38982 27827
38984 27828
38985 27829
38986 27830
38987 27831
38989 27832
38990 27833
38991 27834
38992 27835
38993 27836
38994 27837
38998 27838
38999 27839
39000 27840
39002 27841
39003 27842
39005 27843
39006 27844
39007 27845
39008 27846
39009 27847
39012 27848
39014 27849
39016 27850
39018 27851
39020 27852
39021 27853
39022 27854
39023 27855
39024 27856
39026 27857
39029 27858
39030 27859
39031 27860
39032 27861
39034 27862
39035 27863
39036 27864
39037 27865
39038 27866
39039 27867
39040 27868
39041 27869
39043 27870
39044 27871
39045 27872
39046 27873
39048 27874
39049 27875
39050 27876
39051 27877
39053 27878
39054 27879
39055 27880
39056 27881
39059 27882
39060 27883
39061 27884
39062 27885
39064 27886
39066 27887
39067 27888
39069 27889
39070 27890
39072 27891
39074 27892
39075 27893
39076 27894
39077 27895
39081 27896
39083 27897
39084 27898
39085 27899
39086 27900
39087 27901
39088 27902
39090 27903
39091 27904
39092 27905
39093 27906
39095 27907
39096 27908
39097 27909
39098 27910
39099 27911
39100 27912
39101 27913
39102 27914
39103 27915
39104 27916
39105 27917
39106 27918
39107 27919
39109 27920
39110 27921
39111 27922
39113 27923
39116 27924
39117 27925
39118 27926
39121 27927
39122 27928
39123 27929
39124 27930
39126 27931
39127 27932
39128 27933
39129 27934
39131 27935
39132 27936
39133 27937
39136 27938
39138 27939
39139 27940
39142 27941
39143 27942
39145 27943
39147 27944
39148 27945
39151 27946
39152 27947
39153 27948
39154 27949
39155 27950
39156 27951
39157 27952
39158 27953
39160 27954
39161 27955
39162 27956
39163 27957
39164 27958
39166 27959
39167 27960
39168 27961
39169 27962
39170 27963
39171 27964
39172 27965
39173 27966
39174 27967
39176 27968
39177 27969
39178 27970
39179 27971
39181 27972
39182 27973
39184 27974
39185 27975
39186 27976
39188 27977
39189 27978
39191 27979
39192 27980
39193 27981
39194 27982
39195 27983
39197 27984
39198 27985
39199 27986
39200 27987
39201 27988
39202 27989
39203 27990
39204 27991
39205 27992
39206 27993
39207 27994
39208 27995
39211 27996
39212 27997
39213 27998
39214 27999
39215 28000
39216 28001
39217 28002
39218 28003
39219 28004
39221 28005
39222 28006
39227 28007
39229 28008
39230 28009
39232 28010
39234 28011
39235 28012
39236 28013
39237 28014
39238 28015
39240 28016
39243 28017
39244 28018
39245 28019
39246 28020
39248 28021
39249 28022
39250 28023
39251 28024
39252 28025
39253 28026
39254 28027
39258 28028
39259 28029
39261 28030
39262 28031
39264 28032
39265 28033
39266 28034
39267 28035
39269 28036
39270 28037
39271 28038
39273 28039
39274 28040
39275 28041
39277 28042
39278 28043
39279 28044
39280 28045
39281 28046
39282 28047
39283 28048
39284 28049
39286 28050
39288 28051
39291 28052
39292 28053
39294 28054
39296 28055
39298 28056
39299 28057
39300 28058
39302 28059
39304 28060
39305 28061
39306 28062
39307 28063
39308 28064
39311 28065
39313 28066
39314 28067
39315 28068
39316 28069
39318 28070
39319 28071
39320 28072
39321 28073
39322 28074
39324 28075
39325 28076
39328 28077
39329 28078
39330 28079
39331 28080
39333 28081
39334 28082
39335 28083
39336 28084
39337 28085
39338 28086
39339 28087
39340 28088
39341 28089
39343 28090
39344 28091
39346 28092
39347 28093
39348 28094
39349 28095
39350 28096
39351 28097
39352 28098
39353 28099
39354 28100
39355 28101
39356 28102
39357 28103
39358 28104
39360 28105
39361 28106
39362 28107
39363 28108
39366 28109
39367 28110
39370 28111
39372 28112
39373 28113
39374 28114
39375 28115
39376 28116
39377 28117
39381 28118
39382 28119
39383 28120
39385 28121
39388 28122
39389 28123
39391 28124
39392 28125
39393 28126
39395 28127
39396 28128
39397 28129
39398 28130
39400 28131
39401 28132
39402 28133
39403 28134
39404 28135
39407 28136
39408 28137
39409 28138
39410 28139
39411 28140
39412 28141
39413 28142
39416 28143
39419 28144
39421 28145
39424 28146
39426 28147
39428 28148
39430 28149
39432 28150
39434 28151
39435 28152
39438 28153
39440 28154
39441 28155
39442 28156
39443 28157
39445 28158
39447 28159
39449 28160
39450 28161
39451 28162
39453 28163
39455 28164
39456 28165
39457 28166
39458 28167
39459 28168
39460 28169
39461 28170
39462 28171
39463 28172
39464 28173
39465 28174
39466 28175
39468 28176
39469 28177
39471 28178
39472 28179
39474 28180
39475 28181
39476 28182
39478 28183
39479 28184
39480 28185
39481 28186
39482 28187
39483 28188
39485 28189
39486 28190
39487 28191
39488 28192
39490 28193
39491 28194
39492 28195
39494 28196
39495 28197
39496 28198
39497 28199
39498 28200
39499 28201
39502 28202
39503 28203
39506 28204
39507 28205
39508 28206
39509 28207
39510 28208
39512 28209
39513 28210
39514 28211
39515 28212
39516 28213
39517 28214
39518 28215
39519 28216
39520 28217
39522 28218
39524 28219
39525 28220
39526 28221
39527 28222
39528 28223
39529 28224
39531 28225
39532 28226
39533 28227
39534 28228
39535 28229
39536 28230
39537 28231
39538 28232
39541 28233
39542 28234
39544 28235
39545 28236
39546 28237
39547 28238
39548 28239
39549 28240
39550 28241
39551 28242
39552 28243
39553 28244
39555 28245
39556 28246
39558 28247
39559 28248
39560 28249
39562 28250
39563 28251
39564 28252
39566 28253
39567 28254
39568 28255
39569 28256
39571 28257
39572 28258
39573 28259
39574 28260
39578 28261
39579 28262
39580 28263
39581 28264
39584 28265
39585 28266
39586 28267
39588 28268
39589 28269
39590 28270
39591 28271
39592 28272
39593 28273
39594 28274
39596 28275
39598 28276
39599 28277
39600 28278
39601 28279
39603 28280
39604 28281
39606 28282
39607 28283
39608 28284
39609 28285
39611 28286
39612 28287
39613 28288
39614 28289
39615 28290
39616 28291
39617 28292
39619 28293
39621 28294
39622 28295
39623 28296
39624 28297
39625 28298
39626 28299
39627 28300
39628 28301
39630 28302
39631 28303
39633 28304
39634 28305
39635 28306
39636 28307
39637 28308
39638 28309
39639 28310
39640 28311
39641 28312
39642 28313
39643 28314
39644 28315
39645 28316
39648 28317
39650 28318
39653 28319
39654 28320
39656 28321
39657 28322
39658 28323
39660 28324
39661 28325
39664 28326
39665 28327
39666 28328
39667 28329
39669 28330
39670 28331
39671 28332
39672 28333
39673 28334
39674 28335
39676 28336
39677 28337
39678 28338
39679 28339
39680 28340
39681 28341
39682 28342
39683 28343
39685 28344
39686 28345
39687 28346
39689 28347
39690 28348
39693 28349
39695 28350
39697 28351
39700 28352
39702 28353
39704 28354
39706 28355
39707 28356
39708 28357
39713 28358
39714 28359
39715 28360
39716 28361
39717 28362
39718 28363
39719 28364
39720 28365
39721 28366
39723 28367
39724 28368
39725 28369
39726 28370
39727 28371
39728 28372
39729 28373
39730 28374
39731 28375
39732 28376
39733 28377
39735 28378
39736 28379
39739 28380
39740 28381
39741 28382
39742 28383
39745 28384
39746 28385
39747 28386
39748 28387
39749 28388
39750 28389
39752 28390
39753 28391
39755 28392
39758 28393
39759 28394
39760 28395
39761 28396
39763 28397
39765 28398
39766 28399
39768 28400
39769 28401
39771 28402
39772 28403
39774 28404
39776 28405
39777 28406
39779 28407
39781 28408
39782 28409
39783 28410
39784 28411
39786 28412
39787 28413
39788 28414
39789 28415
39790 28416
39791 28417
39793 28418
39796 28419
39797 28420
39798 28421
39800 28422
39803 28423
39804 28424
39805 28425
39806 28426
39807 28427
39808 28428
39811 28429
39814 28430
39816 28431
39817 28432
39819 28433
39821 28434
39823 28435
39824 28436
39825 28437
39826 28438
39827 28439
39829 28440
39830 28441
39831 28442
39832 28443
39833 28444
39834 28445
39835 28446
39837 28447
39838 28448
39839 28449
39840 28450
39844 28451
39845 28452
39846 28453
39848 28454
39849 28455
39850 28456
39851 28457
39852 28458
39855 28459
39856 28460
39857 28461
39859 28462
39861 28463
39863 28464
39864 28465
39865 28466
39866 28467
39868 28468
39869 28469
39870 28470
39871 28471
39872 28472
39873 28473
39874 28474
39875 28475
39876 28476
39877 28477
39878 28478
39880 28479
39882 28480
39884 28481
39887 28482
39888 28483
39889 28484
39890 28485
39892 28486
39893 28487
39895 28488
39896 28489
39897 28490
39898 28491
39900 28492
39903 28493
39905 28494
39906 28495
39907 28496
39909 28497
39911 28498
39913 28499
39914 28500
39916 28501
39917 28502
39918 28503
39919 28504
39920 28505
39921 28506
39923 28507
39924 28508
39925 28509
39926 28510
39927 28511
39932 28512
39934 28513
39936 28514
39937 28515
39938 28516
39939 28517
39940 28518
39942 28519
39943 28520
39944 28521
39945 28522
39947 28523
39948 28524
39949 28525
39954 28526
39955 28527
39956 28528
39957 28529
39958 28530
39961 28531
39964 28532
39965 28533
39966 28534
39968 28535
39969 28536
39970 28537
39971 28538
39972 28539
39973 28540
39974 28541
39975 28542
39976 28543
39977 28544
39978 28545
39981 28546
39982 28547
39983 28548
39986 28549
39987 28550
39988 28551
39989 28552
39990 28553
39992 28554
39993 28555
39994 28556
39996 28557
39997 28558
39998 28559
40001 28560
40002 28561
40003 28562
40004 28563
40005 28564
40006 28565
40010 28566
40011 28567
40012 28568
40014 28569
40015 28570
40016 28571
40017 28572
40023 28573
40025 28574
40026 28575
40027 28576
40028 28577
40029 28578
40030 28579
40031 28580
40032 28581
40034 28582
40035 28583
40036 28584
40038 28585
40039 28586
40040 28587
40041 28588
40043 28589
40044 28590
40046 28591
40047 28592
40048 28593
40049 28594
40050 28595
40052 28596
40053 28597
40054 28598
40058 28599
40059 28600
40060 28601
40063 28602
40064 28603
40065 28604
40067 28605
40068 28606
40070 28607
40071 28608
40073 28609
40074 28610
40079 28611
40080 28612
40081 28613
40085 28614
40087 28615
40088 28616
40089 28617
40090 28618
40091 28619
40092 28620
40094 28621
40095 28622
40096 28623
40098 28624
40099 28625
40100 28626
40101 28627
40103 28628
40105 28629
40106 28630
40108 28631
40109 28632
40110 28633
40111 28634
40113 28635
40114 28636
40115 28637
40118 28638
40119 28639
40122 28640
40123 28641
40126 28642
40127 28643
40128 28644
40130 28645
40132 28646
40133 28647
40134 28648
40136 28649
40138 28650
40139 28651
40140 28652
40141 28653
40143 28654
40144 28655
40145 28656
40146 28657
40149 28658
40150 28659
40152 28660
40153 28661
40155 28662
40156 28663
40157 28664
40158 28665
40159 28666
40161 28667
40162 28668
40164 28669
40166 28670
40168 28671
40169 28672
40170 28673
40171 28674
40172 28675
40174 28676
40176 28677
40177 28678
40178 28679
40179 28680
40180 28681
40183 28682
40184 28683
40185 28684
40188 28685
40190 28686
40192 28687
40195 28688
40196 28689
40197 28690
40198 28691
40200 28692
40201 28693
40203 28694
40204 28695
40205 28696
40206 28697
40208 28698
40210 28699
40211 28700
40213 28701
40214 28702
40215 28703
40216 28704
40217 28705
40218 28706
40219 28707
40220 28708
40221 28709
40224 28710
40225 28711
40226 28712
40227 28713
40228 28714
40229 28715
40232 28716
40233 28717
40234 28718
40235 28719
40237 28720
40238 28721
40240 28722
40241 28723
40243 28724
40245 28725
40246 28726
40247 28727
40248 28728
40249 28729
40251 28730
40252 28731
40253 28732
40255 28733
40258 28734
40259 28735
40260 28736
40261 28737
40262 28738
40264 28739
40265 28740
40266 28741
40267 28742
40268 28743
40269 28744
40270 28745
40271 28746
40272 28747
40276 28748
40278 28749
40279 28750
40280 28751
40282 28752
40283 28753
40285 28754
40286 28755
40287 28756
40288 28757
40289 28758
40290 28759
40291 28760
40292 28761
40293 28762
40294 28763
40295 28764
40298 28765
40299 28766
40300 28767
40301 28768
40303 28769
40304 28770
40305 28771
40306 28772
40307 28773
40312 28774
40313 28775
40314 28776
40316 28777
40323 28778
40324 28779
40325 28780
40326 28781
40327 28782
40328 28783
40329 28784
40330 28785
40331 28786
40332 28787
40333 28788
40334 28789
40335 28790
40336 28791
40337 28792
40338 28793
40339 28794
40343 28795
40344 28796
40345 28797
40346 28798
40347 28799
40350 28800
40351 28801
40352 28802
40353 28803
40355 28804
40356 28805
40358 28806
40359 28807
40360 28808
40361 28809
40363 28810
40364 28811
40365 28812
40366 28813
40368 28814
40369 28815
40370 28816
40371 28817
40372 28818
40374 28819
40375 28820
40376 28821
40377 28822
40380 28823
40381 28824
40382 28825
40383 28826
40384 28827
40385 28828
40386 28829
40388 28830
40389 28831
40390 28832
40391 28833
40393 28834
40394 28835
40395 28836
40396 28837
40398 28838
40400 28839
40401 28840
40402 28841
40403 28842
40406 28843
40407 28844
40408 28845
40409 28846
40410 28847
40412 28848
40414 28849
40415 28850
40416 28851
40417 28852
40421 28853
40422 28854
40423 28855
40424 28856
40426 28857
40428 28858
40429 28859
40431 28860
40432 28861
40434 28862
40436 28863
40437 28864
40438 28865
40439 28866
40440 28867
40441 28868
40442 28869
40444 28870
40445 28871
40447 28872
40449 28873
40450 28874
40453 28875
40456 28876
40459 28877
40460 28878
40461 28879
40462 28880
40463 28881
40464 28882
40465 28883
40466 28884
40468 28885
40469 28886
40470 28887
40471 28888
40473 28889
40474 28890
40475 28891
40476 28892
40477 28893
40478 28894
40480 28895
40481 28896
40482 28897
40483 28898
40484 28899
40485 28900
40486 28901
40488 28902
40491 28903
40493 28904
40494 28905
40495 28906
40498 28907
40499 28908
40500 28909
40501 28910
40502 28911
40503 28912
40504 28913
40505 28914
40506 28915
40507 28916
40508 28917
40509 28918
40510 28919
40511 28920
40512 28921
40513 28922
40515 28923
40516 28924
40518 28925
40519 28926
40520 28927
40523 28928
40524 28929
40525 28930
40526 28931
40527 28932
40529 28933
40530 28934
40531 28935
40533 28936
40535 28937
40537 28938
40538 28939
40539 28940
40540 28941
40541 28942
40542 28943
40543 28944
40544 28945
40545 28946
40546 28947
40547 28948
40548 28949
40549 28950
40551 28951
40555 28952
40556 28953
40557 28954
40558 28955
40559 28956
40560 28957
40561 28958
40562 28959
40564 28960
40568 28961
40569 28962
40570 28963
40572 28964
40573 28965
40575 28966
40577 28967
40578 28968
40579 28969
40580 28970
40581 28971
40584 28972
40585 28973
40586 28974
40587 28975
40589 28976
40590 28977
40591 28978
40592 28979
40596 28980
40597 28981
40598 28982
40600 28983
40601 28984
40602 28985
40603 28986
40605 28987
40606 28988
40609 28989
40612 28990
40613 28991
40614 28992
40616 28993
40617 28994
40618 28995
40619 28996
40620 28997
40621 28998
40622 28999
40624 29000
40628 29001
40629 29002
40630 29003
40632 29004
40633 29005
40634 29006
40635 29007
40636 29008
40637 29009
40638 29010
40639 29011
40641 29012
40642 29013
40645 29014
40647 29015
40648 29016
40649 29017
40650 29018
40651 29019
40652 29020
40655 29021
40656 29022
40658 29023
40660 29024
40661 29025
40663 29026
40664 29027
40666 29028
40667 29029
40669 29030
40670 29031
40672 29032
40673 29033
40676 29034
40677 29035
40680 29036
40681 29037
40682 29038
40683 29039
40685 29040
40686 29041
40687 29042
40689 29043
40691 29044
40692 29045
40694 29046
40695 29047
40696 29048
40699 29049
40700 29050
40701 29051
40702 29052
40703 29053
40705 29054
40708 29055
40710 29056
40711 29057
40714 29058
40715 29059
40716 29060
40719 29061
40720 29062
40721 29063
40722 29064
40723 29065
40725 29066
40727 29067
40729 29068
40730 29069
40731 29070
40732 29071
40734 29072
40735 29073
40738 29074
40739 29075
40741 29076
40742 29077
40743 29078
40744 29079
40745 29080
40748 29081
40749 29082
40750 29083
40751 29084
40752 29085
40754 29086
40755 29087
40756 29088
40757 29089
40758 29090
40759 29091
40760 29092
40763 29093
40764 29094
40765 29095
40766 29096
40767 29097
40768 29098
40770 29099
40771 29100
40773 29101
40774 29102
40775 29103
40776 29104
40777 29105
40780 29106
40781 29107
40782 29108
40783 29109
40785 29110
40786 29111
40787 29112
40788 29113
40789 29114
40791 29115
40792 29116
40793 29117
40794 29118
40797 29119
40798 29120
40799 29121
40801 29122
40802 29123
40803 29124
40804 29125
40806 29126
40807 29127
40810 29128
40812 29129
40815 29130
40816 29131
40818 29132
40819 29133
40821 29134
40822 29135
40823 29136
40824 29137
40828 29138
40829 29139
40830 29140
40831 29141
40834 29142
40835 29143
40836 29144
40837 29145
40838 29146
40839 29147
40841 29148
40842 29149
40843 29150
40846 29151
40847 29152
40848 29153
40849 29154
40850 29155
40851 29156
40852 29157
40853 29158
40854 29159
40855 29160
40856 29161
40857 29162
40858 29163
40859 29164
40860 29165
40863 29166
40864 29167
40866 29168
40867 29169
40868 29170
40869 29171
40870 29172
40872 29173
40873 29174
40874 29175
40875 29176
40877 29177
40878 29178
40879 29179
40880 29180
40881 29181
40882 29182
40883 29183
40884 29184
40885 29185
40888 29186
40889 29187
40890 29188
40891 29189
40892 29190
40893 29191
40894 29192
40895 29193
40896 29194
40898 29195
40899 29196
40902 29197
40903 29198
40905 29199
40907 29200
40908 29201
40909 29202
40911 29203
40913 29204
40914 29205
40915 29206
40916 29207
40919 29208
40920 29209
40921 29210
40922 29211
40924 29212
40925 29213
40926 29214
40927 29215
40928 29216
40930 29217
40931 29218
40932 29219
40934 29220
40935 29221
40936 29222
40941 29223
40942 29224
40945 29225
40946 29226
40947 29227
40949 29228
40950 29229
40951 29230
40952 29231
40953 29232
40954 29233
40956 29234
40957 29235
40958 29236
40959 29237
40960 29238
40961 29239
40962 29240
40964 29241
40966 29242
40968 29243
40970 29244
40971 29245
40972 29246
40973 29247
40974 29248
40977 29249
40979 29250
40981 29251
40982 29252
40983 29253
40984 29254
40986 29255
40987 29256
40988 29257
40991 29258
40993 29259
40994 29260
40995 29261
40996 29262
40997 29263
40998 29264
40999 29265
41000 29266
41001 29267
41002 29268
41003 29269
41004 29270
41005 29271
41006 29272
41007 29273
41008 29274
41009 29275
41010 29276
41011 29277
41012 29278
41013 29279
41014 29280
41015 29281
41016 29282
41018 29283
41019 29284
41020 29285
41021 29286
41022 29287
41023 29288
41025 29289
41026 29290
41027 29291
41028 29292
41030 29293
41031 29294
41033 29295
41034 29296
41035 29297
41036 29298
41042 29299
41043 29300
41046 29301
41047 29302
41048 29303
41049 29304
41051 29305
41054 29306
41055 29307
41056 29308
41057 29309
41059 29310
41060 29311
41061 29312
41062 29313
41063 29314
41064 29315
41065 29316
41066 29317
41067 29318
41068 29319
41069 29320
41070 29321
41071 29322
41073 29323
41074 29324
41075 29325
41076 29326
41077 29327
41078 29328
41080 29329
41081 29330
41082 29331
41083 29332
41084 29333
41086 29334
41087 29335
41088 29336
41089 29337
41092 29338
41093 29339
41094 29340
41095 29341
41097 29342
41098 29343
41101 29344
41102 29345
41104 29346
41105 29347
41107 29348
41108 29349
41110 29350
41111 29351
41112 29352
41113 29353
41115 29354
41120 29355
41122 29356
41123 29357
41124 29358
41125 29359
41127 29360
41128 29361
41129 29362
41130 29363
41132 29364
41133 29365
41137 29366
41138 29367
41140 29368
41142 29369
41143 29370
41144 29371
41145 29372
41146 29373
41147 29374
41148 29375
41150 29376
41151 29377
41152 29378
41154 29379
41155 29380
41159 29381
41160 29382
41163 29383
41166 29384
41167 29385
41170 29386
41171 29387
41172 29388
41173 29389
41175 29390
41179 29391
41180 29392
41181 29393
41183 29394
41186 29395
41189 29396
41190 29397
41191 29398
41193 29399
41194 29400
41195 29401
41196 29402
41197 29403
41198 29404
41199 29405
41201 29406
41202 29407
41203 29408
41204 29409
41205 29410
41206 29411
41207 29412
41209 29413
41212 29414
41213 29415
41214 29416
41215 29417
41217 29418
41218 29419
41220 29420
41221 29421
41223 29422
41224 29423
41227 29424
41228 29425
41229 29426
41231 29427
41232 29428
41233 29429
41235 29430
41236 29431
41238 29432
41239 29433
41240 29434
41242 29435
41243 29436
41244 29437
41245 29438
41246 29439
41248 29440
41250 29441
41252 29442
41254 29443
41255 29444
41256 29445
41257 29446
41258 29447
41259 29448
41260 29449
41261 29450
41262 29451
41263 29452
41264 29453
41266 29454
41268 29455
41270 29456
41271 29457
41273 29458
41274 29459
41277 29460
41278 29461
41279 29462
41280 29463
41281 29464
41286 29465
41287 29466
41290 29467
41291 29468
41292 29469
41293 29470
41295 29471
41297 29472
41298 29473
41301 29474
41302 29475
41306 29476
41307 29477
41308 29478
41309 29479
41310 29480
41311 29481
41312 29482
41313 29483
41314 29484
41316 29485
41318 29486
41319 29487
41321 29488
41324 29489
41325 29490
41326 29491
41327 29492
41328 29493
41329 29494
41330 29495
41331 29496
41334 29497
41335 29498
41336 29499
41337 29500
41338 29501
41339 29502
41340 29503
41341 29504
41342 29505
41343 29506
41346 29507
41347 29508
41349 29509
41351 29510
41352 29511
41354 29512
41355 29513
41357 29514
41359 29515
41360 29516
41361 29517
41362 29518
41363 29519
41364 29520
41366 29521
41368 29522
41369 29523
41370 29524
41371 29525
41372 29526
41373 29527
41374 29528
41375 29529
41376 29530
41377 29531
41379 29532
41380 29533
41381 29534
41382 29535
41383 29536
41384 29537
41385 29538
41388 29539
41390 29540
41393 29541
41397 29542
41399 29543
41400 29544
41401 29545
41402 29546
41403 29547
41404 29548
41406 29549
41407 29550
41409 29551
41410 29552
41411 29553
41412 29554
41413 29555
41414 29556
41415 29557
41417 29558
41418 29559
41421 29560
41422 29561
41424 29562
41426 29563
41427 29564
41429 29565
41431 29566
41432 29567
41434 29568
41435 29569
41436 29570
41438 29571
41439 29572
41440 29573
41441 29574
41442 29575
41445 29576
41447 29577
41449 29578
41450 29579
41451 29580
41452 29581
41453 29582
41454 29583
41460 29584
41462 29585
41463 29586
41465 29587
41466 29588
41467 29589
41468 29590
41469 29591
41470 29592
41471 29593
41473 29594
41475 29595
41480 29596
41483 29597
41484 29598
41486 29599
41487 29600
41489 29601
41490 29602
41492 29603
41493 29604
41497 29605
41503 29606
41505 29607
41507 29608
41509 29609
41510 29610
41511 29611
41512 29612
41514 29613
41515 29614
41516 29615
41517 29616
41518 29617
41520 29618
41521 29619
41523 29620
41524 29621
41525 29622
41527 29623
41528 29624
41529 29625
41530 29626
41531 29627
41534 29628
41535 29629
41536 29630
41537 29631
41538 29632
41539 29633
41540 29634
41541 29635
41542 29636
41543 29637
41544 29638
41546 29639
41548 29640
41549 29641
41550 29642
41551 29643
41552 29644
41553 29645
41554 29646
41555 29647
41556 29648
41557 29649
41558 29650
41560 29651
41562 29652
41563 29653
41565 29654
41566 29655
41567 29656
41568 29657
41570 29658
41571 29659
41572 29660
41573 29661
41575 29662
41576 29663
41577 29664
41580 29665
41581 29666
41582 29667
41583 29668
41584 29669
41585 29670
41586 29671
41587 29672
41590 29673
41592 29674
41595 29675
41596 29676
41598 29677
41599 29678
41600 29679
41602 29680
41603 29681
41604 29682
41606 29683
41609 29684
41610 29685
41612 29686
41613 29687
41615 29688
41616 29689
41617 29690
41619 29691
41621 29692
41623 29693
41624 29694
41626 29695
41627 29696
41628 29697
41632 29698
41633 29699
41634 29700
41635 29701
41637 29702
41638 29703
41640 29704
41642 29705
41643 29706
41644 29707
41647 29708
41648 29709
41649 29710
41650 29711
41651 29712
41655 29713
41656 29714
41657 29715
41659 29716
41660 29717
41661 29718
41663 29719
41664 29720
41665 29721
41666 29722
41667 29723
41668 29724
41673 29725
41674 29726
41675 29727
41676 29728
41679 29729
41680 29730
41681 29731
41684 29732
41685 29733
41688 29734
41690 29735
41692 29736
41694 29737
41696 29738
41697 29739
41699 29740
41702 29741
41704 29742
41705 29743
41706 29744
41707 29745
41709 29746
41712 29747
41715 29748
41716 29749
41718 29750
41719 29751
41720 29752
41721 29753
41722 29754
41723 29755
41724 29756
41725 29757
41726 29758
41727 29759
41728 29760
41729 29761
41730 29762
41731 29763
41732 29764
41734 29765
41735 29766
41736 29767
41737 29768
41739 29769
41742 29770
41744 29771
41745 29772
41746 29773
41748 29774
41749 29775
41750 29776
41751 29777
41753 29778
41756 29779
41757 29780
41758 29781
41760 29782
41761 29783
41762 29784
41763 29785
41765 29786
41766 29787
41769 29788
41770 29789
41772 29790
41774 29791
41776 29792
41779 29793
41781 29794
41782 29795
41783 29796
41784 29797
41785 29798
41786 29799
41787 29800
41788 29801
41789 29802
41790 29803
41792 29804
41793 29805
41796 29806
41798 29807
41799 29808
41800 29809
41801 29810
41802 29811
41803 29812
41804 29813
41805 29814
41806 29815
41807 29816
41808 29817
41810 29818
41811 29819
41813 29820
41814 29821
41815 29822
41816 29823
41818 29824
41819 29825
41820 29826
41821 29827
41822 29828
41823 29829
41824 29830
41825 29831
41826 29832
41827 29833
41828 29834
41830 29835
41834 29836
41835 29837
41836 29838
41839 29839
41840 29840
41841 29841
41842 29842
41843 29843
41844 29844
41845 29845
41846 29846
41847 29847
41848 29848
41850 29849
41851 29850
41852 29851
41853 29852
41854 29853
41855 29854
41858 29855
41859 29856
41860 29857
41861 29858
41862 29859
41863 29860
41866 29861
41867 29862
41869 29863
41873 29864
41874 29865
41878 29866
41879 29867
41883 29868
41886 29869
41887 29870
41888 29871
41891 29872
41894 29873
41895 29874
41896 29875
41897 29876
41898 29877
41900 29878
41902 29879
41905 29880
41908 29881
41909 29882
41910 29883
41911 29884
41912 29885
41916 29886
41917 29887
41918 29888
41919 29889
41921 29890
41922 29891
41924 29892
41925 29893
41927 29894
41929 29895
41931 29896
41932 29897
41935 29898
41936 29899
41937 29900
41938 29901
41939 29902
41940 29903
41941 29904
41942 29905
41943 29906
41944 29907
41946 29908
41948 29909
41949 29910
41950 29911
41953 29912
41954 29913
41955 29914
41959 29915
41960 29916
41961 29917
41962 29918
41963 29919
41964 29920
41966 29921
41967 29922
41968 29923
41970 29924
41972 29925
41973 29926
41974 29927
41975 29928
41976 29929
41977 29930
41979 29931
41980 29932
41981 29933
41982 29934
41984 29935
41985 29936
41986 29937
41987 29938
41989 29939
41990 29940
41994 29941
41995 29942
41997 29943
41999 29944
42000 29945
42001 29946
42004 29947
42005 29948
42009 29949
42011 29950
42012 29951
42013 29952
42014 29953
42015 29954
42016 29955
42017 29956
42018 29957
42019 29958
42020 29959
42021 29960
42023 29961
42024 29962
42025 29963
42026 29964
42027 29965
42028 29966
42029 29967
42030 29968
42031 29969
42032 29970
42033 29971
42034 29972
42035 29973
42039 29974
42040 29975
42042 29976
42043 29977
42044 29978
42046 29979
42048 29980
42051 29981
42052 29982
42055 29983
42057 29984
42061 29985
42062 29986
42063 29987
42064 29988
42065 29989
42066 29990
42067 29991
42068 29992
42070 29993
42071 29994
42072 29995
42073 29996
42074 29997
42076 29998
42077 29999
42079 30000
42080 30001
42083 30002
42084 30003
42085 30004
42086 30005
42087 30006
42088 30007
42089 30008
42090 30009
42091 30010
42092 30011
42093 30012
42094 30013
42095 30014
42097 30015
42098 30016
42099 30017
42101 30018
42103 30019
42104 30020
42105 30021
42106 30022
42108 30023
42109 30024
42110 30025
42111 30026
42112 30027
42113 30028
42114 30029
42118 30030
42119 30031
42120 30032
42122 30033
42124 30034
42125 30035
42131 30036
42136 30037
42138 30038
42139 30039
42140 30040
42141 30041
42142 30042
42148 30043
42149 30044
42151 30045
42152 30046
42153 30047
42154 30048
42155 30049
42156 30050
42157 30051
42159 30052
42160 30053
42161 30054
42163 30055
42164 30056
42165 30057
42166 30058
42167 30059
42169 30060
42170 30061
42172 30062
42173 30063
42174 30064
42177 30065
42178 30066
42179 30067
42180 30068
42183 30069
42184 30070
42185 30071
42186 30072
42187 30073
42188 30074
42189 30075
42190 30076
42191 30077
42192 30078
42193 30079
42196 30080
42197 30081
42198 30082
42199 30083
42200 30084
42201 30085
42203 30086
42204 30087
42205 30088
42207 30089
42208 30090
42209 30091
42210 30092
42211 30093
42212 30094
42213 30095
42215 30096
42216 30097
42218 30098
42220 30099
42221 30100
42222 30101
42224 30102
42227 30103
42228 30104
42229 30105
42230 30106
42231 30107
42233 30108
42234 30109
42235 30110
42236 30111
42238 30112
42239 30113
42240 30114
42243 30115
42245 30116
42247 30117
42249 30118
42250 30119
42251 30120
42253 30121
42254 30122
42256 30123
42257 30124
42258 30125
42259 30126
42260 30127
42261 30128
42262 30129
42263 30130
42265 30131
42267 30132
42268 30133
42269 30134
42270 30135
42271 30136
42272 30137
42273 30138
42274 30139
42277 30140
42278 30141
42279 30142
42280 30143
42281 30144
42282 30145
42283 30146
42286 30147
42287 30148
42288 30149
42290 30150
42291 30151
42292 30152
42294 30153
42295 30154
42296 30155
42298 30156
42299 30157
42300 30158
42301 30159
42302 30160
42303 30161
42306 30162
42307 30163
42308 30164
42310 30165
42313 30166
42314 30167
42315 30168
42316 30169
42317 30170
42320 30171
42321 30172
42322 30173
42324 30174
42325 30175
42326 30176
42327 30177
42328 30178
42329 30179
42330 30180
42331 30181
42333 30182
42334 30183
42335 30184
42336 30185
42337 30186
42338 30187
42339 30188
42340 30189
42341 30190
42342 30191
42344 30192
42345 30193
42346 30194
42347 30195
42349 30196
42350 30197
42351 30198
42352 30199
42353 30200
42356 30201
42357 30202
42358 30203
42359 30204
42360 30205
42362 30206
42363 30207
42364 30208
42365 30209
42367 30210
42369 30211
42370 30212
42371 30213
42373 30214
42374 30215
42375 30216
42376 30217
42377 30218
42378 30219
42381 30220
42382 30221
42383 30222
42386 30223
42387 30224
42388 30225
42389 30226
42390 30227
42391 30228
42394 30229
42396 30230
42398 30231
42399 30232
42400 30233
42402 30234
42403 30235
42405 30236
42407 30237
42408 30238
42409 30239
42410 30240
42411 30241
42412 30242
42414 30243
42415 30244
42417 30245
42418 30246
42421 30247
42422 30248
42423 30249
42424 30250
42425 30251
42428 30252
42429 30253
42430 30254
42434 30255
42435 30256
42436 30257
42437 30258
42439 30259
42440 30260
42441 30261
42443 30262
42444 30263
42447 30264
42448 30265
42449 30266
42450 30267
42452 30268
42453 30269
42454 30270
42455 30271
42456 30272
42460 30273
42461 30274
42462 30275
42463 30276
42464 30277
42465 30278
42466 30279
42467 30280
42468 30281
42469 30282
42470 30283
42471 30284
42472 30285
42474 30286
42475 30287
42476 30288
42479 30289
42480 30290
42481 30291
42482 30292
42484 30293
42485 30294
42486 30295
42487 30296
42489 30297
42490 30298
42491 30299
42492 30300
42493 30301
42495 30302
42496 30303
42497 30304
42498 30305
42500 30306
42501 30307
42502 30308
42503 30309
42504 30310
42506 30311
42507 30312
42508 30313
42509 30314
42510 30315
42511 30316
42512 30317
42513 30318
42514 30319
42516 30320
42517 30321
42518 30322
42520 30323
42521 30324
42522 30325
42523 30326
42524 30327
42525 30328
42526 30329
42527 30330
42529 30331
42530 30332
42532 30333
42533 30334
42534 30335
42535 30336
42536 30337
42542 30338
42544 30339
42545 30340
42546 30341
42547 30342
42550 30343
42551 30344
42552 30345
42553 30346
42554 30347
42555 30348
42562 30349
42563 30350
42564 30351
42565 30352
42567 30353
42570 30354
42571 30355
42572 30356
42574 30357
42575 30358
42578 30359
42579 30360
42580 30361
42581 30362
42583 30363
42584 30364
42585 30365
42586 30366
42588 30367
42589 30368
42592 30369
42593 30370
42594 30371
42595 30372
42596 30373
42597 30374
42598 30375
42599 30376
42600 30377
42601 30378
42602 30379
42603 30380
42604 30381
42605 30382
42606 30383
42607 30384
42608 30385
42609 30386
42610 30387
42611 30388
42612 30389
42613 30390
42614 30391
42615 30392
42617 30393
42618 30394
42619 30395
42620 30396
42623 30397
42624 30398
42626 30399
42629 30400
42630 30401
42631 30402
42632 30403
42633 30404
42634 30405
42637 30406
42639 30407
42640 30408
42641 30409
42642 30410
42643 30411
42644 30412
42647 30413
42648 30414
42649 30415
42650 30416
42652 30417
42655 30418
42658 30419
42659 30420
42661 30421
42664 30422
42666 30423
42667 30424
42668 30425
42670 30426
42671 30427
42672 30428
42674 30429
42675 30430
42676 30431
42677 30432
42678 30433
42679 30434
42680 30435
42681 30436
42682 30437
42683 30438
42684 30439
42686 30440
42688 30441
42689 30442
42690 30443
42691 30444
42693 30445
42694 30446
42696 30447
42697 30448
42698 30449
42699 30450
42700 30451
42701 30452
42702 30453
42703 30454
42704 30455
42705 30456
42706 30457
42707 30458
42708 30459
42709 30460
42710 30461
42711 30462
42712 30463
42713 30464
42714 30465
42715 30466
42716 30467
42719 30468
42720 30469
42721 30470
42722 30471
42723 30472
42724 30473
42725 30474
42726 30475
42728 30476
42729 30477
42732 30478
42734 30479
42736 30480
42738 30481
42740 30482
42741 30483
42743 30484
42747 30485
42749 30486
42750 30487
42751 30488
42754 30489
42755 30490
42757 30491
42758 30492
42759 30493
42760 30494
42761 30495
42762 30496
42763 30497
42764 30498
42765 30499
42766 30500
42767 30501
42768 30502
42770 30503
42771 30504
42772 30505
42773 30506
42774 30507
42777 30508
42778 30509
42779 30510
42780 30511
42782 30512
42783 30513
42784 30514
42785 30515
42786 30516
42790 30517
42791 30518
42792 30519
42793 30520
42794 30521
42795 30522
42796 30523
42797 30524
42798 30525
42799 30526
42800 30527
42802 30528
42803 30529
42805 30530
42806 30531
42809 30532
42812 30533
42813 30534
42814 30535
42815 30536
42816 30537
42817 30538
42818 30539
42819 30540
42820 30541
42821 30542
42822 30543
42823 30544
42824 30545
42825 30546
42826 30547
42827 30548
42830 30549
42831 30550
42833 30551
42834 30552
42835 30553
42836 30554
42837 30555
42839 30556
42840 30557
42841 30558
42844 30559
42846 30560
42848 30561
42849 30562
42850 30563
42851 30564
42852 30565
42854 30566
42855 30567
42857 30568
42859 30569
42862 30570
42863 30571
42864 30572
42865 30573
42866 30574
42867 30575
42872 30576
42873 30577
42874 30578
42875 30579
42876 30580
42877 30581
42878 30582
42881 30583
42885 30584
42887 30585
42888 30586
42889 30587
42890 30588
42891 30589
42892 30590
42893 30591
42894 30592
42896 30593
42897 30594
42898 30595
42899 30596
42900 30597
42901 30598
42905 30599
42906 30600
42909 30601
42910 30602
42911 30603
42913 30604
42914 30605
42915 30606
42917 30607
42918 30608
42919 30609
42920 30610
42921 30611
42923 30612
42924 30613
42926 30614
42929 30615
42931 30616
42932 30617
42933 30618
42934 30619
42936 30620
42938 30621
42939 30622
42940 30623
42941 30624
42942 30625
42943 30626
42944 30627
42945 30628
42947 30629
42948 30630
42949 30631
42952 30632
42953 30633
42954 30634
42955 30635
42957 30636
42958 30637
42959 30638
42960 30639
42962 30640
42963 30641
42964 30642
42965 30643
42967 30644
42969 30645
42970 30646
42971 30647
42973 30648
42975 30649
42976 30650
42977 30651
42979 30652
42983 30653
42984 30654
42986 30655
42987 30656
42989 30657
42990 30658
42991 30659
42992 30660
42993 30661
42994 30662
42996 30663
42999 30664
43000 30665
43002 30666
43003 30667
43004 30668
43005 30669
43006 30670
43007 30671
43008 30672
43010 30673
43011 30674
43012 30675
43014 30676
43015 30677
43016 30678
43017 30679
43018 30680
43019 30681
43020 30682
43021 30683
43023 30684
43024 30685
43026 30686
43027 30687
43028 30688
43029 30689
43030 30690
43033 30691
43034 30692
43037 30693
43038 30694
43039 30695
43040 30696
43041 30697
43042 30698
43043 30699
43044 30700
43045 30701
43046 30702
43047 30703
43048 30704
43051 30705
43052 30706
43054 30707
43055 30708
43056 30709
43057 30710
43063 30711
43064 30712
43066 30713
43069 30714
43071 30715
43072 30716
43073 30717
43074 30718
43075 30719
43077 30720
43080 30721
43081 30722
43082 30723
43086 30724
43087 30725
43088 30726
43089 30727
43090 30728
43091 30729
43092 30730
43093 30731
43094 30732
43097 30733
43098 30734
43099 30735
43100 30736
43102 30737
43103 30738
43105 30739
43106 30740
43107 30741
43109 30742
43110 30743
43111 30744
43112 30745
43113 30746
43114 30747
43115 30748
43116 30749
43117 30750
43118 30751
43121 30752
43123 30753
43125 30754
43128 30755
43129 30756
43130 30757
43131 30758
43132 30759
43134 30760
43135 30761
43137 30762
43138 30763
43139 30764
43140 30765
43143 30766
43144 30767
43145 30768
43147 30769
43148 30770
43149 30771
43151 30772
43152 30773
43153 30774
43154 30775
43156 30776
43157 30777
43159 30778
43160 30779
43161 30780
43162 30781
43163 30782
43164 30783
43165 30784
43166 30785
43167 30786
43168 30787
43169 30788
43170 30789
43172 30790
43173 30791
43174 30792
43176 30793
43177 30794
43178 30795
43179 30796
43180 30797
43183 30798
43185 30799
43187 30800
43188 30801
43189 30802
43190 30803
43191 30804
43192 30805
43193 30806
43194 30807
43195 30808
43196 30809
43199 30810
43200 30811
43201 30812
43202 30813
43204 30814
43205 30815
43206 30816
43207 30817
43209 30818
43210 30819
43212 30820
43218 30821
43221 30822
43225 30823
43226 30824
43227 30825
43228 30826
43229 30827
43231 30828
43233 30829
43235 30830
43236 30831
43237 30832
43238 30833
43240 30834
43242 30835
43243 30836
43244 30837
43247 30838
43249 30839
43251 30840
43254 30841
43255 30842
43256 30843
43258 30844
43259 30845
43260 30846
43261 30847
43262 30848
43263 30849
43264 30850
43266 30851
43268 30852
43269 30853
43270 30854
43271 30855
43272 30856
43273 30857
43274 30858
43278 30859
43279 30860
43280 30861
43282 30862
43283 30863
43285 30864
43286 30865
43287 30866
43289 30867
43291 30868
43292 30869
43293 30870
43294 30871
43295 30872
43297 30873
43299 30874
43300 30875
43301 30876
43302 30877
43303 30878
43305 30879
43307 30880
43308 30881
43309 30882
43310 30883
43312 30884
43314 30885
43315 30886
43316 30887
43317 30888
43318 30889
43319 30890
43321 30891
43324 30892
43325 30893
43329 30894
43331 30895
43332 30896
43333 30897
43335 30898
43336 30899
43337 30900
43338 30901
43340 30902
43341 30903
43342 30904
43343 30905
43344 30906
43345 30907
43346 30908
43347 30909
43349 30910
43350 30911
43351 30912
43352 30913
43353 30914
43356 30915
43357 30916
43358 30917
43359 30918
43360 30919
43362 30920
43364 30921
43367 30922
43368 30923
43369 30924
43370 30925
43371 30926
43372 30927
43373 30928
43377 30929
43378 30930
43379 30931
43380 30932
43381 30933
43383 30934
43384 30935
43387 30936
43390 30937
43391 30938
43392 30939
43393 30940
43394 30941
43399 30942
43400 30943
43401 30944
43404 30945
43405 30946
43406 30947
43407 30948
43408 30949
43409 30950
43410 30951
43412 30952
43414 30953
43415 30954
43416 30955
43418 30956
43419 30957
43420 30958
43421 30959
43423 30960
43426 30961
43427 30962
43428 30963
43429 30964
43432 30965
43433 30966
43434 30967
43435 30968
43436 30969
43437 30970
43438 30971
43439 30972
43441 30973
43444 30974
43445 30975
43446 30976
43447 30977
43448 30978
43449 30979
43450 30980
43451 30981
43452 30982
43453 30983
43454 30984
43456 30985
43458 30986
43461 30987
43462 30988
43463 30989
43464 30990
43465 30991
43466 30992
43467 30993
43469 30994
43470 30995
43471 30996
43474 30997
43475 30998
43476 30999
43477 31000
43478 31001
43479 31002
43480 31003
43481 31004
43482 31005
43484 31006
43485 31007
43486 31008
43487 31009
43489 31010
43490 31011
43491 31012
43492 31013
43493 31014
43494 31015
43495 31016
43496 31017
43498 31018
43499 31019
43500 31020
43503 31021
43504 31022
43506 31023
43507 31024
43508 31025
43509 31026
43510 31027
43512 31028
43513 31029
43514 31030
43516 31031
43517 31032
43518 31033
43519 31034
43520 31035
43522 31036
43525 31037
43526 31038
43529 31039
43532 31040
43535 31041
43536 31042
43537 31043
43538 31044
43539 31045
43540 31046
43541 31047
43542 31048
43543 31049
43545 31050
43546 31051
43547 31052
43548 31053
43550 31054
43551 31055
43552 31056
43553 31057
43555 31058
43557 31059
43558 31060
43559 31061
43560 31062
43561 31063
43562 31064
43563 31065
43564 31066
43565 31067
43566 31068
43571 31069
43572 31070
43574 31071
43576 31072
43577 31073
43580 31074
43581 31075
43583 31076
43584 31077
43585 31078
43586 31079
43589 31080
43592 31081
43593 31082
43594 31083
43595 31084
43596 31085
43599 31086
43600 31087
43601 31088
43605 31089
43607 31090
43608 31091
43609 31092
43610 31093
43612 31094
43614 31095
43615 31096
43617 31097
43618 31098
43620 31099
43621 31100
43623 31101
43625 31102
43626 31103
43628 31104
43629 31105
43630 31106
43631 31107
43632 31108
43633 31109
43635 31110
43636 31111
43639 31112
43643 31113
43644 31114
43647 31115
43648 31116
43649 31117
43650 31118
43651 31119
43652 31120
43653 31121
43654 31122
43655 31123
43658 31124
43660 31125
43661 31126
43662 31127
43663 31128
43664 31129
43666 31130
43667 31131
43668 31132
43669 31133
43670 31134
43671 31135
43672 31136
43674 31137
43676 31138
43677 31139
43678 31140
43679 31141
43683 31142
43684 31143
43685 31144
43686 31145
43688 31146
43689 31147
43691 31148
43693 31149
43694 31150
43695 31151
43698 31152
43703 31153
43705 31154
43706 31155
43707 31156
43708 31157
43710 31158
43711 31159
43712 31160
43713 31161
43715 31162
43716 31163
43717 31164
43718 31165
43719 31166
43720 31167
43721 31168
43722 31169
43723 31170
43724 31171
43725 31172
43726 31173
43727 31174
43729 31175
43730 31176
43733 31177
43734 31178
43736 31179
43737 31180
43738 31181
43739 31182
43741 31183
43744 31184
43745 31185
43746 31186
43747 31187
43749 31188
43751 31189
43752 31190
43753 31191
43754 31192
43756 31193
43757 31194
43758 31195
43760 31196
43761 31197
43762 31198
43763 31199
43764 31200
43765 31201
43768 31202
43769 31203
43770 31204
43771 31205
43772 31206
43773 31207
43775 31208
43776 31209
43777 31210
43779 31211
43780 31212
43782 31213
43783 31214
43784 31215
43785 31216
43786 31217
43787 31218
43788 31219
43790 31220
43791 31221
43792 31222
43793 31223
43794 31224
43795 31225
43796 31226
43797 31227
43799 31228
43802 31229
43803 31230
43804 31231
43805 31232
43806 31233
43807 31234
43809 31235
43810 31236
43811 31237
43812 31238
43813 31239
43816 31240
43817 31241
43821 31242
43822 31243
43824 31244
43825 31245
43827 31246
43830 31247
43832 31248
43834 31249
43835 31250
43836 31251
43838 31252
43839 31253
43841 31254
43843 31255
43845 31256
43846 31257
43847 31258
43849 31259
43850 31260
43851 31261
43853 31262
43855 31263
43856 31264
43857 31265
43859 31266
43861 31267
43862 31268
43864 31269
43865 31270
43866 31271
43867 31272
43869 31273
43871 31274
43872 31275
43874 31276
43875 31277
43877 31278
43878 31279
43879 31280
43882 31281
43883 31282
43884 31283
43885 31284
43887 31285
43888 31286
43889 31287
43890 31288
43891 31289
43892 31290
43893 31291
43894 31292
43896 31293
43897 31294
43899 31295
43900 31296
43901 31297
43902 31298
43904 31299
43906 31300
43907 31301
43908 31302
43909 31303
43910 31304
43911 31305
43912 31306
43914 31307
43915 31308
43916 31309
43918 31310
43919 31311
43920 31312
43921 31313
43922 31314
43925 31315
43926 31316
43930 31317
43931 31318
43933 31319
43935 31320
43936 31321
43937 31322
43939 31323
43940 31324
43942 31325
43943 31326
43946 31327
43947 31328
43950 31329
43951 31330
43953 31331
43954 31332
43955 31333
43956 31334
43957 31335
43958 31336
43959 31337
43960 31338
43962 31339
43963 31340
43965 31341
43966 31342
43968 31343
43969 31344
43972 31345
43974 31346
43975 31347
43976 31348
43977 31349
43978 31350
43980 31351
43982 31352
43983 31353
43984 31354
43988 31355
43990 31356
43991 31357
43992 31358
43993 31359
43995 31360
43997 31361
43998 31362
43999 31363
44000 31364
44002 31365
44003 31366
44005 31367
44006 31368
44008 31369
44009 31370
44011 31371
44012 31372
44014 31373
44015 31374
44016 31375
44017 31376
44018 31377
44019 31378
44021 31379
44022 31380
44023 31381
44025 31382
44026 31383
44028 31384
44029 31385
44031 31386
44032 31387
44033 31388
44035 31389
44036 31390
44038 31391
44039 31392
44040 31393
44042 31394
44043 31395
44044 31396
44046 31397
44047 31398
44049 31399
44050 31400
44051 31401
44052 31402
44053 31403
44055 31404
44056 31405
44058 31406
44059 31407
44061 31408
44062 31409
44063 31410
44064 31411
44065 31412
44066 31413
44067 31414
44068 31415
44070 31416
44072 31417
44073 31418
44074 31419
44075 31420
44076 31421
44079 31422
44080 31423
44081 31424
44082 31425
44083 31426
44084 31427
44086 31428
44087 31429
44089 31430
44091 31431
44092 31432
44093 31433
44095 31434
44096 31435
44097 31436
44099 31437
44100 31438
44101 31439
44102 31440
44103 31441
44106 31442
44107 31443
44108 31444
44109 31445
44113 31446
44114 31447
44115 31448
44118 31449
44120 31450
44121 31451
44124 31452
44126 31453
44128 31454
44129 31455
44131 31456
44132 31457
44134 31458
44135 31459
44136 31460
44137 31461
44138 31462
44140 31463
44141 31464
44142 31465
44143 31466
44144 31467
44147 31468
44149 31469
44150 31470
44151 31471
44153 31472
44154 31473
44155 31474
44157 31475
44158 31476
44159 31477
44162 31478
44163 31479
44164 31480
44166 31481
44167 31482
44168 31483
44169 31484
44171 31485
44172 31486
44173 31487
44174 31488
44175 31489
44176 31490
44177 31491
44178 31492
44179 31493
44180 31494
44182 31495
44183 31496
44184 31497
44185 31498
44186 31499
44187 31500
44188 31501
44189 31502
44192 31503
44194 31504
44195 31505
44197 31506
44198 31507
44199 31508
44203 31509
44205 31510
44206 31511
44207 31512
44210 31513
44211 31514
44212 31515
44214 31516
44217 31517
44219 31518
44220 31519
44221 31520
44223 31521
44224 31522
44226 31523
44228 31524
44229 31525
44231 31526
44232 31527
44234 31528
44235 31529
44237 31530
44238 31531
44239 31532
44240 31533
44242 31534
44243 31535
44245 31536
44246 31537
44248 31538
44249 31539
44251 31540
44253 31541
44254 31542
44255 31543
44256 31544
44257 31545
44259 31546
44261 31547
44262 31548
44263 31549
44265 31550
44266 31551
44267 31552
44268 31553
44269 31554
44270 31555
44272 31556
44273 31557
44274 31558
44275 31559
44276 31560
44277 31561
44278 31562
44279 31563
44280 31564
44281 31565
44283 31566
44284 31567
44285 31568
44286 31569
44287 31570
44289 31571
44291 31572
44294 31573
44297 31574
44298 31575
44299 31576
44300 31577
44301 31578
44302 31579
44303 31580
44304 31581
44305 31582
44306 31583
44307 31584
44308 31585
44309 31586
44310 31587
44311 31588
44312 31589
44313 31590
44314 31591
44315 31592
44317 31593
44318 31594
44319 31595
44320 31596
44321 31597
44324 31598
44328 31599
44329 31600
44331 31601
44333 31602
44334 31603
44335 31604
44338 31605
44339 31606
44340 31607
44341 31608
44343 31609
44344 31610
44346 31611
44347 31612
44348 31613
44349 31614
44350 31615
44351 31616
44353 31617
44354 31618
44355 31619
44356 31620
44357 31621
44359 31622
44360 31623
44361 31624
44362 31625
44363 31626
44365 31627
44367 31628
44370 31629
44371 31630
44375 31631
44376 31632
44377 31633
44378 31634
44380 31635
44381 31636
44383 31637
44385 31638
44386 31639
44387 31640
44388 31641
44389 31642
44390 31643
44391 31644
44392 31645
44393 31646
44395 31647
44396 31648
44397 31649
44398 31650
44399 31651
44402 31652
44403 31653
44404 31654
44405 31655
44408 31656
44409 31657
44410 31658
44411 31659
44412 31660
44414 31661
44415 31662
44416 31663
44422 31664
44423 31665
44425 31666
44426 31667
44427 31668
44428 31669
44429 31670
44430 31671
44432 31672
44433 31673
44434 31674
44435 31675
44436 31676
44437 31677
44438 31678
44439 31679
44441 31680
44443 31681
44444 31682
44446 31683
44447 31684
44448 31685
44449 31686
44451 31687
44452 31688
44453 31689
44454 31690
44455 31691
44456 31692
44458 31693
44460 31694
44461 31695
44462 31696
44463 31697
44464 31698
44465 31699
44470 31700
44471 31701
44472 31702
44474 31703
44476 31704
44477 31705
44478 31706
44479 31707
44483 31708
44484 31709
44485 31710
44486 31711
44487 31712
44488 31713
44489 31714
44490 31715
44492 31716
44493 31717
44494 31718
44495 31719
44496 31720
44497 31721
44498 31722
44499 31723
44500 31724
44501 31725
44504 31726
44505 31727
44506 31728
44507 31729
44508 31730
44509 31731
44510 31732
44512 31733
44515 31734
44516 31735
44520 31736
44522 31737
44523 31738
44524 31739
44525 31740
44526 31741
44527 31742
44528 31743
44531 31744
44534 31745
44536 31746
44539 31747
44541 31748
44542 31749
44543 31750
44544 31751
44545 31752
44546 31753
44547 31754
44548 31755
44551 31756
44552 31757
44554 31758
44556 31759
44557 31760
44558 31761
44559 31762
44562 31763
44563 31764
44564 31765
44565 31766
44566 31767
44567 31768
44569 31769
44571 31770
44572 31771
44573 31772
44574 31773
44575 31774
44576 31775
44577 31776
44578 31777
44579 31778
44581 31779
44582 31780
44584 31781
44585 31782
44586 31783
44587 31784
44589 31785
44590 31786
44591 31787
44592 31788
44593 31789
44594 31790
44595 31791
44596 31792
44598 31793
44601 31794
44602 31795
44603 31796
44604 31797
44605 31798
44607 31799
44608 31800
44610 31801
44612 31802
44613 31803
44615 31804
44616 31805
44617 31806
44618 31807
44619 31808
44621 31809
44626 31810
44627 31811
44629 31812
44630 31813
44631 31814
44632 31815
44633 31816
44635 31817
44636 31818
44637 31819
44638 31820
44639 31821
44640 31822
44641 31823
44642 31824
44643 31825
44646 31826
44648 31827
44649 31828
44651 31829
44652 31830
44658 31831
44661 31832
44662 31833
44663 31834
44664 31835
44665 31836
44666 31837
44667 31838
44668 31839
44675 31840
44676 31841
44677 31842
44678 31843
44679 31844
44680 31845
44682 31846
44683 31847
44687 31848
44688 31849
44689 31850
44690 31851
44691 31852
44692 31853
44693 31854
44694 31855
44695 31856
44696 31857
44697 31858
44698 31859
44699 31860
44700 31861
44701 31862
44702 31863
44704 31864
44705 31865
44706 31866
44707 31867
44708 31868
44709 31869
44710 31870
44711 31871
44713 31872
44714 31873
44715 31874
44716 31875
44717 31876
44718 31877
44719 31878
44720 31879
44722 31880
44723 31881
44724 31882
44726 31883
44727 31884
44728 31885
44729 31886
44731 31887
44732 31888
44733 31889
44734 31890
44736 31891
44737 31892
44738 31893
44739 31894
44740 31895
44741 31896
44742 31897
44743 31898
44744 31899
44745 31900
44747 31901
44748 31902
44749 31903
44750 31904
44751 31905
44753 31906
44754 31907
44757 31908
44759 31909
44760 31910
44762 31911
44763 31912
44764 31913
44765 31914
44766 31915
44767 31916
44768 31917
44771 31918
44774 31919
44775 31920
44777 31921
44778 31922
44779 31923
44780 31924
44781 31925
44782 31926
44783 31927
44784 31928
44785 31929
44786 31930
44787 31931
44789 31932
44790 31933
44791 31934
44792 31935
44793 31936
44795 31937
44797 31938
44798 31939
44799 31940
44800 31941
44801 31942
44805 31943
44806 31944
44807 31945
44808 31946
44809 31947
44813 31948
44815 31949
44816 31950
44817 31951
44818 31952
44819 31953
44820 31954
44822 31955
44823 31956
44824 31957
44826 31958
44827 31959
44828 31960
44829 31961
44830 31962
44835 31963
44836 31964
44837 31965
44838 31966
44840 31967
44841 31968
44842 31969
44844 31970
44845 31971
44846 31972
44849 31973
44850 31974
44851 31975
44854 31976
44855 31977
44857 31978
44860 31979
44861 31980
44862 31981
44863 31982
44864 31983
44865 31984
44867 31985
44868 31986
44869 31987
44870 31988
44871 31989
44872 31990
44873 31991
44874 31992
44875 31993
44877 31994
44878 31995
44879 31996
44880 31997
44881 31998
44882 31999
44883 32000
44884 32001
44885 32002
44886 32003
44888 32004
44890 32005
44891 32006
44894 32007
44895 32008
44896 32009
44899 32010
44903 32011
44905 32012
44906 32013
44908 32014
44912 32015
44913 32016
44914 32017
44915 32018
44917 32019
44918 32020
44920 32021
44921 32022
44922 32023
44923 32024
44924 32025
44925 32026
44926 32027
44927 32028
44930 32029
44931 32030
44932 32031
44934 32032
44937 32033
44938 32034
44939 32035
44940 32036
44941 32037
44942 32038
44943 32039
44948 32040
44950 32041
44952 32042
44954 32043
44955 32044
44956 32045
44957 32046
44961 32047
44962 32048
44963 32049
44964 32050
44965 32051
44966 32052
44967 32053
44968 32054
44969 32055
44970 32056
44971 32057
44972 32058
44973 32059
44976 32060
44978 32061
44982 32062
44983 32063
44984 32064
44986 32065
44988 32066
44989 32067
44990 32068
44992 32069
44993 32070
44995 32071
44996 32072
44997 32073
44998 32074
45000 32075
45001 32076
45002 32077
45004 32078
45005 32079
45006 32080
45007 32081
45008 32082
45009 32083
45010 32084
45013 32085
45014 32086
45016 32087
45017 32088
45018 32089
45019 32090
45020 32091
45021 32092
45023 32093
45024 32094
45026 32095
45027 32096
45028 32097
45031 32098
45032 32099
45034 32100
45036 32101
45038 32102
45039 32103
45040 32104
45041 32105
45042 32106
45043 32107
45044 32108
45045 32109
45046 32110
45048 32111
45049 32112
45050 32113
45052 32114
45053 32115
45054 32116
45055 32117
45057 32118
45058 32119
45059 32120
45061 32121
45064 32122
45066 32123
45067 32124
45068 32125
45070 32126
45071 32127
45073 32128
45076 32129
45077 32130
45078 32131
45079 32132
45080 32133
45082 32134
45083 32135
45085 32136
45086 32137
45087 32138
45088 32139
45091 32140
45092 32141
45093 32142
45095 32143
45096 32144
45098 32145
45099 32146
45101 32147
45102 32148
45104 32149
45106 32150
45109 32151
45111 32152
45112 32153
45114 32154
45115 32155
45118 32156
45119 32157
45120 32158
45121 32159
45122 32160
45123 32161
45124 32162
45126 32163
45127 32164
45128 32165
45129 32166
45130 32167
45131 32168
45132 32169
45135 32170
45136 32171
45138 32172
45140 32173
45142 32174
45144 32175
45145 32176
45146 32177
45147 32178
45148 32179
45149 32180
45150 32181
45151 32182
45152 32183
45153 32184
45154 32185
45155 32186
45156 32187
45157 32188
45158 32189
45159 32190
45160 32191
45162 32192
45164 32193
45165 32194
45166 32195
45167 32196
45168 32197
45169 32198
45170 32199
45173 32200
45174 32201
45175 32202
45176 32203
45177 32204
45178 32205
45179 32206
45180 32207
45181 32208
45182 32209
45184 32210
45185 32211
45186 32212
45187 32213
45188 32214
45190 32215
45191 32216
45192 32217
45193 32218
45194 32219
45196 32220
45198 32221
45199 32222
45200 32223
45201 32224
45202 32225
45204 32226
45205 32227
45206 32228
45207 32229
45208 32230
45209 32231
45210 32232
45211 32233
45213 32234
45214 32235
45215 32236
45216 32237
45220 32238
45222 32239
45224 32240
45225 32241
45226 32242
45227 32243
45228 32244
45229 32245
45230 32246
45231 32247
45234 32248
45235 32249
45237 32250
45239 32251
45240 32252
45241 32253
45242 32254
45243 32255
45246 32256
45247 32257
45248 32258
45249 32259
45250 32260
45251 32261
45252 32262
45253 32263
45254 32264
45257 32265
45258 32266
45259 32267
45260 32268
45262 32269
45263 32270
45267 32271
45268 32272
45270 32273
45272 32274
45273 32275
45274 32276
45275 32277
45277 32278
45279 32279
45280 32280
45281 32281
45283 32282
45284 32283
45285 32284
45288 32285
45289 32286
45290 32287
45291 32288
45292 32289
45293 32290
45294 32291
45295 32292
45297 32293
45298 32294
45299 32295
45300 32296
45301 32297
45302 32298
45303 32299
45304 32300
45305 32301
45309 32302
45310 32303
45311 32304
45312 32305
45313 32306
45314 32307
45315 32308
45316 32309
45319 32310
45320 32311
45321 32312
45322 32313
45323 32314
45325 32315
45328 32316
45329 32317
45331 32318
45333 32319
45336 32320
45337 32321
45338 32322
45339 32323
45340 32324
45343 32325
45345 32326
45346 32327
45347 32328
45348 32329
45350 32330
45352 32331
45353 32332
45354 32333
45355 32334
45357 32335
45358 32336
45359 32337
45360 32338
45361 32339
45362 32340
45363 32341
45364 32342
45365 32343
45366 32344
45367 32345
45368 32346
45370 32347
45371 32348
45373 32349
45374 32350
45375 32351
45376 32352
45377 32353
45380 32354
45381 32355
45382 32356
45384 32357
45385 32358
45386 32359
45388 32360
45389 32361
45390 32362
45391 32363
45392 32364
45393 32365
45394 32366
45395 32367
45396 32368
45397 32369
45400 32370
45401 32371
45405 32372
45406 32373
45408 32374
45409 32375
45410 32376
45411 32377
45412 32378
45413 32379
45414 32380
45415 32381
45416 32382
45418 32383
45420 32384
45421 32385
45422 32386
45423 32387
45424 32388
45425 32389
45428 32390
45430 32391
45431 32392
45432 32393
45434 32394
45435 32395
45437 32396
45438 32397
45439 32398
45441 32399
45442 32400
45443 32401
45445 32402
45446 32403
45447 32404
45448 32405
45449 32406
45450 32407
45452 32408
45454 32409
45456 32410
45458 32411
45459 32412
45460 32413
45461 32414
45462 32415
45463 32416
45464 32417
45465 32418
45467 32419
45468 32420
45469 32421
45470 32422
45471 32423
45474 32424
45477 32425
45478 32426
45479 32427
45480 32428
45481 32429
45482 32430
45483 32431
45485 32432
45486 32433
45487 32434
45488 32435
45489 32436
45490 32437
45491 32438
45492 32439
45493 32440
45495 32441
45496 32442
45497 32443
45498 32444
45499 32445
45500 32446
45501 32447
45502 32448
45504 32449
45505 32450
45506 32451
45507 32452
45508 32453
45509 32454
45513 32455
45515 32456
45517 32457
45518 32458
45519 32459
45520 32460
45521 32461
45522 32462
45523 32463
45525 32464
45526 32465
45527 32466
45528 32467
45530 32468
45532 32469
45533 32470
45534 32471
45535 32472
45536 32473
45537 32474
45538 32475
45539 32476
45540 32477
45542 32478
45543 32479
45544 32480
45545 32481
45546 32482
45548 32483
45549 32484
45550 32485
45551 32486
45552 32487
45553 32488
45554 32489
45555 32490
45556 32491
45557 32492
45558 32493
45559 32494
45562 32495
45563 32496
45564 32497
45566 32498
45567 32499
45568 32500
45569 32501
45571 32502
45572 32503
45573 32504
45575 32505
45577 32506
45578 32507
45579 32508
45580 32509
45581 32510
45582 32511
45584 32512
45585 32513
45586 32514
45588 32515
45589 32516
45590 32517
45591 32518
45592 32519
45593 32520
45595 32521
45596 32522
45598 32523
45599 32524
45600 32525
45601 32526
45602 32527
45603 32528
45604 32529
45605 32530
45606 32531
45607 32532
45609 32533
45610 32534
45611 32535
45612 32536
45615 32537
45616 32538
45617 32539
45618 32540
45620 32541
45621 32542
45622 32543
45623 32544
45624 32545
45626 32546
45627 32547
45628 32548
45629 32549
45630 32550
45631 32551
45634 32552
45635 32553
45636 32554
45637 32555
45638 32556
45639 32557
45640 32558
45641 32559
45643 32560
45644 32561
45645 32562
45646 32563
45647 32564
45653 32565
45654 32566
45656 32567
45659 32568
45661 32569
45662 32570
45663 32571
45664 32572
45665 32573
45667 32574
45668 32575
45669 32576
45671 32577
45672 32578
45673 32579
45674 32580
45675 32581
45676 32582
45678 32583
45679 32584
45680 32585
45682 32586
45683 32587
45685 32588
45686 32589
45687 32590
45689 32591
45690 32592
45691 32593
45693 32594
45696 32595
45697 32596
45698 32597
45699 32598
45700 32599
45701 32600
45702 32601
45704 32602
45705 32603
45706 32604
45707 32605
45708 32606
45712 32607
45713 32608
45714 32609
45715 32610
45716 32611
45718 32612
45719 32613
45720 32614
45721 32615
45722 32616
45724 32617
45725 32618
45728 32619
45729 32620
45734 32621
45737 32622
45738 32623
45739 32624
45740 32625
45743 32626
45744 32627
45745 32628
45746 32629
45748 32630
45750 32631
45752 32632
45753 32633
45755 32634
45756 32635
45757 32636
45758 32637
45759 32638
45760 32639
45762 32640
45763 32641
45764 32642
45765 32643
45767 32644
45769 32645
45770 32646
45771 32647
45772 32648
45774 32649
45775 32650
45776 32651
45777 32652
45779 32653
45780 32654
45781 32655
45783 32656
45784 32657
45785 32658
45786 32659
45787 32660
45788 32661
45789 32662
45790 32663
45791 32664
45792 32665
45794 32666
45795 32667
45797 32668
45799 32669
45800 32670
45802 32671
45803 32672
45805 32673
45806 32674
45807 32675
45808 32676
45809 32677
45810 32678
45813 32679
45814 32680
45815 32681
45816 32682
45817 32683
45818 32684
45819 32685
45820 32686
45822 32687
45823 32688
45825 32689
45826 32690
45828 32691
45829 32692
45831 32693
45832 32694
45833 32695
45834 32696
45835 32697
45837 32698
45839 32699
45841 32700
45844 32701
45845 32702
45846 32703
45848 32704
45849 32705
45851 32706
45852 32707
45853 32708
45854 32709
45856 32710
45857 32711
45858 32712
45860 32713
45862 32714
45863 32715
45864 32716
45865 32717
45867 32718
45868 32719
45869 32720
45870 32721
45872 32722
45874 32723
45875 32724
45876 32725
45878 32726
45879 32727
45881 32728
45882 32729
45883 32730
45885 32731
45887 32732
45888 32733
45889 32734
45892 32735
45893 32736
45894 32737
45895 32738
45896 32739
45897 32740
45898 32741
45899 32742
45900 32743
45901 32744
45903 32745
45904 32746
45905 32747
45906 32748
45907 32749
45908 32750
45909 32751
45912 32752
45913 32753
45914 32754
45915 32755
45916 32756
45917 32757
45918 32758
45920 32759
45921 32760
45922 32761
45923 32762
45924 32763
45925 32764
45926 32765
45927 32766
45928 32767
45930 32768
45936 32769
45937 32770
45939 32771
45940 32772
45941 32773
45942 32774
45944 32775
45945 32776
45947 32777
45948 32778
45949 32779
45950 32780
45951 32781
45952 32782
45953 32783
45954 32784
45955 32785
45956 32786
45958 32787
45959 32788
45961 32789
45962 32790
45963 32791
45964 32792
45965 32793
45967 32794
45968 32795
45969 32796
45970 32797
45971 32798
45972 32799
45975 32800
45976 32801
45977 32802
45980 32803
45981 32804
45982 32805
45984 32806
45985 32807
45986 32808
45987 32809
45988 32810
45990 32811
45991 32812
45993 32813
45994 32814
45998 32815
45999 32816
46000 32817
46001 32818
46002 32819
46003 32820
46004 32821
46005 32822
46008 32823
46009 32824
46010 32825
46011 32826
46012 32827
46013 32828
46014 32829
46016 32830
46017 32831
46018 32832
46019 32833
46020 32834
46021 32835
46022 32836
46024 32837
46025 32838
46026 32839
46027 32840
46029 32841
46030 32842
46031 32843
46034 32844
46035 32845
46037 32846
46038 32847
46040 32848
46041 32849
46042 32850
46045 32851
46046 32852
46047 32853
46048 32854
46049 32855
46051 32856
46052 32857
46053 32858
46054 32859
46055 32860
46056 32861
46057 32862
46058 32863
46059 32864
46060 32865
46061 32866
46062 32867
46063 32868
46064 32869
46065 32870
46066 32871
46067 32872
46068 32873
46069 32874
46070 32875
46072 32876
46073 32877
46074 32878
46075 32879
46076 32880
46077 32881
46078 32882
46079 32883
46080 32884
46081 32885
46082 32886
46084 32887
46085 32888
46086 32889
46089 32890
46091 32891
46093 32892
46094 32893
46095 32894
46096 32895
46097 32896
46101 32897
46102 32898
46103 32899
46104 32900
46106 32901
46107 32902
46108 32903
46109 32904
46110 32905
46111 32906
46112 32907
46113 32908
46114 32909
46116 32910
46118 32911
46120 32912
46121 32913
46122 32914
46125 32915
46126 32916
46127 32917
46129 32918
46131 32919
46132 32920
46133 32921
46134 32922
46135 32923
46136 32924
46137 32925
46138 32926
46140 32927
46141 32928
46142 32929
46145 32930
46147 32931
46148 32932
46151 32933
46152 32934
46154 32935
46155 32936
46156 32937
46157 32938
46158 32939
46159 32940
46160 32941
46161 32942
46162 32943
46164 32944
46168 32945
46170 32946
46171 32947
46173 32948
46174 32949
46175 32950
46179 32951
46180 32952
46182 32953
46183 32954
46184 32955
46185 32956
46187 32957
46188 32958
46190 32959
46192 32960
46193 32961
46194 32962
46195 32963
46196 32964
46197 32965
46198 32966
46199 32967
46200 32968
46201 32969
46202 32970
46203 32971
46206 32972
46208 32973
46212 32974
46213 32975
46214 32976
46216 32977
46218 32978
46219 32979
46220 32980
46221 32981
46222 32982
46223 32983
46224 32984
46225 32985
46229 32986
46231 32987
46235 32988
46238 32989
46239 32990
46240 32991
46241 32992
46243 32993
46245 32994
46248 32995
46249 32996
46251 32997
46253 32998
46255 32999
46256 33000
46258 33001
46260 33002
46261 33003
46262 33004
46263 33005
46264 33006
46267 33007
46268 33008
46270 33009
46271 33010
46272 33011
46273 33012
46274 33013
46275 33014
46277 33015
46278 33016
46279 33017
46280 33018
46282 33019
46283 33020
46287 33021
46288 33022
46289 33023
46290 33024
46292 33025
46294 33026
46295 33027
46296 33028
46297 33029
46298 33030
46299 33031
46300 33032
46301 33033
46305 33034
46307 33035
46309 33036
46311 33037
46313 33038
46314 33039
46315 33040
46316 33041
46317 33042
46318 33043
46319 33044
46320 33045
46321 33046
46322 33047
46327 33048
46329 33049
46331 33050
46332 33051
46334 33052
46335 33053
46336 33054
46337 33055
46340 33056
46341 33057
46342 33058
46343 33059
46344 33060
46345 33061
46346 33062
46349 33063
46350 33064
46352 33065
46355 33066
46357 33067
46358 33068
46359 33069
46360 33070
46362 33071
46363 33072
46364 33073
46365 33074
46366 33075
46367 33076
46368 33077
46369 33078
46370 33079
46374 33080
46375 33081
46378 33082
46379 33083
46382 33084
46384 33085
46386 33086
46387 33087
46388 33088
46389 33089
46390 33090
46391 33091
46392 33092
46393 33093
46394 33094
46396 33095
46397 33096
46398 33097
46399 33098
46400 33099
46401 33100
46403 33101
46406 33102
46407 33103
46408 33104
46410 33105
46412 33106
46413 33107
46414 33108
46416 33109
46417 33110
46419 33111
46422 33112
46423 33113
46424 33114
46425 33115
46426 33116
46428 33117
46430 33118
46431 33119
46432 33120
46434 33121
46435 33122
46436 33123
46437 33124
46440 33125
46442 33126
46443 33127
46444 33128
46447 33129
46448 33130
46449 33131
46450 33132
46452 33133
46453 33134
46454 33135
46455 33136
46456 33137
46457 33138
46459 33139
46465 33140
46469 33141
46471 33142
46474 33143
46475 33144
46476 33145
46477 33146
46478 33147
46479 33148
46480 33149
46481 33150
46482 33151
46483 33152
46484 33153
46485 33154
46487 33155
46489 33156
46490 33157
46491 33158
46492 33159
46494 33160
46496 33161
46497 33162
46499 33163
46500 33164
46501 33165
46504 33166
46506 33167
46508 33168
46509 33169
46510 33170
46511 33171
46516 33172
46518 33173
46519 33174
46520 33175
46522 33176
46523 33177
46524 33178
46525 33179
46526 33180
46527 33181
46529 33182
46531 33183
46532 33184
46533 33185
46534 33186
46537 33187
46538 33188
46540 33189
46541 33190
46542 33191
46544 33192
46545 33193
46546 33194
46548 33195
46549 33196
46550 33197
46552 33198
46553 33199
46554 33200
46556 33201
46558 33202
46559 33203
46562 33204
46563 33205
46564 33206
46566 33207
46567 33208
46569 33209
46573 33210
46574 33211
46577 33212
46578 33213
46580 33214
46581 33215
46583 33216
46584 33217
46589 33218
46590 33219
46591 33220
46593 33221
46594 33222
46596 33223
46597 33224
46598 33225
46600 33226
46601 33227
46602 33228
46603 33229
46604 33230
46605 33231
46606 33232
46609 33233
46610 33234
46612 33235
46613 33236
46616 33237
46618 33238
46619 33239
46620 33240
46621 33241
46622 33242
46623 33243
46624 33244
46626 33245
46628 33246
46629 33247
46631 33248
46635 33249
46636 33250
46637 33251
46638 33252
46639 33253
46640 33254
46641 33255
46642 33256
46643 33257
46644 33258
46645 33259
46646 33260
46648 33261
46650 33262
46652 33263
46653 33264
46655 33265
46657 33266
46659 33267
46662 33268
46663 33269
46664 33270
46665 33271
46666 33272
46669 33273
46670 33274
46671 33275
46672 33276
46673 33277
46674 33278
46675 33279
46678 33280
46679 33281
46680 33282
46682 33283
46683 33284
46684 33285
46685 33286
46687 33287
46689 33288
46690 33289
46692 33290
46695 33291
46696 33292
46697 33293
46699 33294
46700 33295
46701 33296
46702 33297
46704 33298
46705 33299
46708 33300
46711 33301
46712 33302
46714 33303
46715 33304
46717 33305
46718 33306
46719 33307
46720 33308
46721 33309
46724 33310
46726 33311
46727 33312
46729 33313
46730 33314
46731 33315
46732 33316
46733 33317
46734 33318
46735 33319
46736 33320
46737 33321
46738 33322
46739 33323
46740 33324
46741 33325
46742 33326
46743 33327
46745 33328
46746 33329
46747 33330
46748 33331
46749 33332
46750 33333
46751 33334
46752 33335
46753 33336
46754 33337
46756 33338
46757 33339
46758 33340
46759 33341
46760 33342
46762 33343
46763 33344
46764 33345
46765 33346
46766 33347
46767 33348
46768 33349
46769 33350
46770 33351
46772 33352
46775 33353
46776 33354
46778 33355
46779 33356
46780 33357
46781 33358
46783 33359
46785 33360
46788 33361
46789 33362
46790 33363
46791 33364
46792 33365
46794 33366
46795 33367
46796 33368
46797 33369
46798 33370
46799 33371
46800 33372
46801 33373
46802 33374
46803 33375
46806 33376
46807 33377
46808 33378
46809 33379
46810 33380
46811 33381
46813 33382
46814 33383
46815 33384
46820 33385
46821 33386
46823 33387
46824 33388
46825 33389
46827 33390
46828 33391
46831 33392
46832 33393
46833 33394
46834 33395
46836 33396
46837 33397
46838 33398
46839 33399
46840 33400
46841 33401
46842 33402
46843 33403
46845 33404
46846 33405
46847 33406
46848 33407
46849 33408
46850 33409
46851 33410
46852 33411
46853 33412
46854 33413
46856 33414
46858 33415
46859 33416
46860 33417
46861 33418
46862 33419
46863 33420
46864 33421
46866 33422
46867 33423
46868 33424
46869 33425
46870 33426
46871 33427
46872 33428
46874 33429
46879 33430
46881 33431
46882 33432
46886 33433
46887 33434
46888 33435
46891 33436
46892 33437
46893 33438
46894 33439
46895 33440
46896 33441
46898 33442
46901 33443
46902 33444
46903 33445
46904 33446
46905 33447
46906 33448
46907 33449
46908 33450
46909 33451
46911 33452
46913 33453
46914 33454
46917 33455
46918 33456
46920 33457
46921 33458
46923 33459
46924 33460
46925 33461
46926 33462
46928 33463
46929 33464
46932 33465
46934 33466
46935 33467
46936 33468
46938 33469
46940 33470
46942 33471
46944 33472
46945 33473
46946 33474
46947 33475
46948 33476
46949 33477
46951 33478
46953 33479
46954 33480
46955 33481
46957 33482
46958 33483
46959 33484
46960 33485
46961 33486
46962 33487
46964 33488
46967 33489
46968 33490
46969 33491
46970 33492
46971 33493
46972 33494
46973 33495
46974 33496
46975 33497
46976 33498
46978 33499
46981 33500
46982 33501
46983 33502
46984 33503
46986 33504
46987 33505
46988 33506
46989 33507
46990 33508
46991 33509
46993 33510
46994 33511
46996 33512
47004 33513
47005 33514
47009 33515
47010 33516
47011 33517
47012 33518
47013 33519
47014 33520
47015 33521
47016 33522
47017 33523
47019 33524
47020 33525
47021 33526
47022 33527
47023 33528
47024 33529
47025 33530
47027 33531
47028 33532
47029 33533
47030 33534
47031 33535
47032 33536
47034 33537
47035 33538
47036 33539
47037 33540
47038 33541
47039 33542
47040 33543
47042 33544
47044 33545
47046 33546
47049 33547
47051 33548
47052 33549
47054 33550
47055 33551
47057 33552
47058 33553
47063 33554
47064 33555
47065 33556
47067 33557
47068 33558
47069 33559
47070 33560
47071 33561
47072 33562
47073 33563
47075 33564
47076 33565
47077 33566
47078 33567
47080 33568
47083 33569
47086 33570
47087 33571
47089 33572
47092 33573
47093 33574
47097 33575
47098 33576
47100 33577
47101 33578
47102 33579
47103 33580
47104 33581
47106 33582
47111 33583
47113 33584
47116 33585
47122 33586
47123 33587
47124 33588
47125 33589
47126 33590
47127 33591
47129 33592
47130 33593
47132 33594
47133 33595
47134 33596
47135 33597
47136 33598
47137 33599
47139 33600
47140 33601
47141 33602
47142 33603
47143 33604
47144 33605
47145 33606
47146 33607
47149 33608
47150 33609
47151 33610
47152 33611
47154 33612
47155 33613
47156 33614
47157 33615
47159 33616
47160 33617
47161 33618
47162 33619
47164 33620
47165 33621
47168 33622
47169 33623
47171 33624
47172 33625
47173 33626
47174 33627
47175 33628
47176 33629
47178 33630
47181 33631
47182 33632
47183 33633
47184 33634
47185 33635
47186 33636
47188 33637
47189 33638
47191 33639
47192 33640
47193 33641
47194 33642
47195 33643
47197 33644
47199 33645
47200 33646
47201 33647
47203 33648
47204 33649
47205 33650
47207 33651
47208 33652
47209 33653
47210 33654
47211 33655
47212 33656
47213 33657
47216 33658
47217 33659
47218 33660
47219 33661
47220 33662
47222 33663
47224 33664
47226 33665
47227 33666
47228 33667
47229 33668
47230 33669
47231 33670
47232 33671
47235 33672
47238 33673
47239 33674
47241 33675
47242 33676
47244 33677
47245 33678
47247 33679
47248 33680
47249 33681
47250 33682
47252 33683
47253 33684
47254 33685
47255 33686
47256 33687
47257 33688
47258 33689
47260 33690
47262 33691
47263 33692
47264 33693
47265 33694
47266 33695
47267 33696
47268 33697
47269 33698
47271 33699
47272 33700
47273 33701
47275 33702
47278 33703
47279 33704
47280 33705
47281 33706
47282 33707
47283 33708
47284 33709
47285 33710
47286 33711
47287 33712
47288 33713
47290 33714
47292 33715
47293 33716
47294 33717
47295 33718
47296 33719
47297 33720
47298 33721
47299 33722
47300 33723
47301 33724
47302 33725
47303 33726
47304 33727
47307 33728
47308 33729
47309 33730
47311 33731
47314 33732
47316 33733
47319 33734
47321 33735
47322 33736
47323 33737
47324 33738
47326 33739
47327 33740
47331 33741
47333 33742
47334 33743
47336 33744
47338 33745
47339 33746
47340 33747
47344 33748
47346 33749
47347 33750
47349 33751
47350 33752
47352 33753
47353 33754
47354 33755
47357 33756
47358 33757
47360 33758
47361 33759
47362 33760
47363 33761
47364 33762
47365 33763
47367 33764
47369 33765
47370 33766
47373 33767
47377 33768
47379 33769
47380 33770
47381 33771
47382 33772
47383 33773
47384 33774
47386 33775
47387 33776
47388 33777
47390 33778
47392 33779
47393 33780
47394 33781
47395 33782
47396 33783
47398 33784
47399 33785
47400 33786
47401 33787
47402 33788
47405 33789
47406 33790
47407 33791
47409 33792
47411 33793
47412 33794
47413 33795
47414 33796
47415 33797
47416 33798
47417 33799
47418 33800
47419 33801
47420 33802
47421 33803
47422 33804
47423 33805
47425 33806
47427 33807
47428 33808
47429 33809
47431 33810
47432 33811
47433 33812
47434 33813
47437 33814
47438 33815
47439 33816
47440 33817
47442 33818
47443 33819
47446 33820
47447 33821
47448 33822
47449 33823
47450 33824
47452 33825
47453 33826
47454 33827
47455 33828
47458 33829
47459 33830
47462 33831
47463 33832
47464 33833
47465 33834
47466 33835
47467 33836
47469 33837
47472 33838
47474 33839
47475 33840
47476 33841
47477 33842
47479 33843
47480 33844
47482 33845
47483 33846
47485 33847
47486 33848
47487 33849
47489 33850
47490 33851
47491 33852
47492 33853
47493 33854
47494 33855
47495 33856
47496 33857
47497 33858
47498 33859
47499 33860
47500 33861
47501 33862
47502 33863
47503 33864
47504 33865
47505 33866
47507 33867
47508 33868
47509 33869
47510 33870
47512 33871
47514 33872
47515 33873
47516 33874
47517 33875
47519 33876
47520 33877
47522 33878
47523 33879
47524 33880
47525 33881
47527 33882
47528 33883
47529 33884
47530 33885
47531 33886
47534 33887
47535 33888
47536 33889
47537 33890
47538 33891
47540 33892
47541 33893
47542 33894
47543 33895
47544 33896
47546 33897
47547 33898
47549 33899
47550 33900
47552 33901
47553 33902
47554 33903
47555 33904
47559 33905
47560 33906
47561 33907
47563 33908
47564 33909
47565 33910
47566 33911
47567 33912
47568 33913
47569 33914
47570 33915
47571 33916
47573 33917
47574 33918
47575 33919
47577 33920
47578 33921
47579 33922
47580 33923
47582 33924
47584 33925
47585 33926
47587 33927
47588 33928
47589 33929
47590 33930
47591 33931
47593 33932
47594 33933
47595 33934
47597 33935
47599 33936
47600 33937
47602 33938
47603 33939
47604 33940
47606 33941
47607 33942
47608 33943
47609 33944
47610 33945
47611 33946
47612 33947
47614 33948
47616 33949
47617 33950
47618 33951
47621 33952
47622 33953
47623 33954
47624 33955
47626 33956
47627 33957
47628 33958
47629 33959
47631 33960
47632 33961
47634 33962
47635 33963
47636 33964
47637 33965
47640 33966
47641 33967
47643 33968
47644 33969
47646 33970
47647 33971
47648 33972
47649 33973
47651 33974
47652 33975
47653 33976
47654 33977
47655 33978
47657 33979
47659 33980
47661 33981
47663 33982
47664 33983
47665 33984
47666 33985
47667 33986
47668 33987
47670 33988
47672 33989
47673 33990
47674 33991
47677 33992
47680 33993
47681 33994
47684 33995
47687 33996
47689 33997
47693 33998
47694 33999
47696 34000
47698 34001
47699 34002
47700 34003
47701 34004
47702 34005
47703 34006
47704 34007
47705 34008
47706 34009
47707 34010
47708 34011
47709 34012
47710 34013
47711 34014
47712 34015
47713 34016
47714 34017
47717 34018
47718 34019
47720 34020
47721 34021
47722 34022
47724 34023
47725 34024
47726 34025
47729 34026
47730 34027
47732 34028
47734 34029
47735 34030
47736 34031
47737 34032
47739 34033
47740 34034
47741 34035
47742 34036
47743 34037
47744 34038
47746 34039
47747 34040
47748 34041
47749 34042
47750 34043
47751 34044
47752 34045
47754 34046
47755 34047
47756 34048
47757 34049
47758 34050
47759 34051
47760 34052
47761 34053
47762 34054
47763 34055
47764 34056
47765 34057
47768 34058
47769 34059
47770 34060
47772 34061
47774 34062
47775 34063
47779 34064
47780 34065
47781 34066
47782 34067
47783 34068
47784 34069
47785 34070
47786 34071
47787 34072
47790 34073
47791 34074
47793 34075
47794 34076
47798 34077
47800 34078
47801 34079
47802 34080
47803 34081
47804 34082
47805 34083
47806 34084
47807 34085
47809 34086
47812 34087
47813 34088
47814 34089
47815 34090
47816 34091
47817 34092
47818 34093
47819 34094
47820 34095
47821 34096
47822 34097
47823 34098
47824 34099
47825 34100
47826 34101
47827 34102
47829 34103
47830 34104
47831 34105
47832 34106
47835 34107
47841 34108
47842 34109
47843 34110
47845 34111
47846 34112
47847 34113
47849 34114
47850 34115
47852 34116
47853 34117
47854 34118
47856 34119
47857 34120
47859 34121
47860 34122
47861 34123
47862 34124
47864 34125
47865 34126
47866 34127
47867 34128
47868 34129
47869 34130
47870 34131
47871 34132
47872 34133
47874 34134
47876 34135
47877 34136
47878 34137
47879 34138
47880 34139
47882 34140
47883 34141
47885 34142
47886 34143
47887 34144
47888 34145
47889 34146
47891 34147
47893 34148
47894 34149
47895 34150
47896 34151
47897 34152
47899 34153
47900 34154
47901 34155
47904 34156
47905 34157
47906 34158
47908 34159
47909 34160
47910 34161
47912 34162
47914 34163
47917 34164
47918 34165
47919 34166
47920 34167
47921 34168
47923 34169
47925 34170
47926 34171
47927 34172
47930 34173
47931 34174
47933 34175
47934 34176
47936 34177
47937 34178
47939 34179
47940 34180
47941 34181
47942 34182
47943 34183
47945 34184
47946 34185
47947 34186
47949 34187
47951 34188
47952 34189
47953 34190
47955 34191
47958 34192
47959 34193
47960 34194
47961 34195
47963 34196
47965 34197
47969 34198
47970 34199
47974 34200
47975 34201
47978 34202
47979 34203
47980 34204
47981 34205
47984 34206
47987 34207
47991 34208
47993 34209
47995 34210
47996 34211
47997 34212
48000 34213
48001 34214
48002 34215
48003 34216
48007 34217
48008 34218
48009 34219
48011 34220
48012 34221
48013 34222
48014 34223
48015 34224
48016 34225
48018 34226
48019 34227
48020 34228
48021 34229
48023 34230
48026 34231
48027 34232
48028 34233
48029 34234
48030 34235
48035 34236
48036 34237
48037 34238
48040 34239
48041 34240
48042 34241
48043 34242
48044 34243
48045 34244
48046 34245
48047 34246
48048 34247
48049 34248
48051 34249
48052 34250
48053 34251
48056 34252
48057 34253
48058 34254
48059 34255
48060 34256
48061 34257
48064 34258
48065 34259
48068 34260
48069 34261
48071 34262
48072 34263
48074 34264
48077 34265
48078 34266
48079 34267
48084 34268
48085 34269
48086 34270
48087 34271
48088 34272
48089 34273
48091 34274
48092 34275
48094 34276
48101 34277
48102 34278
48103 34279
48104 34280
48105 34281
48109 34282
48110 34283
48111 34284
48112 34285
48113 34286
48114 34287
48115 34288
48116 34289
48117 34290
48118 34291
48121 34292
48123 34293
48124 34294
48125 34295
48127 34296
48128 34297
48129 34298
48131 34299
48132 34300
48133 34301
48134 34302
48135 34303
48136 34304
48137 34305
48138 34306
48139 34307
48140 34308
48141 34309
48143 34310
48144 34311
48145 34312
48146 34313
48148 34314
48149 34315
48151 34316
48152 34317
48153 34318
48155 34319
48157 34320
48159 34321
48160 34322
48162 34323
48163 34324
48165 34325
48166 34326
48167 34327
48168 34328
48170 34329
48171 34330
48172 34331
48173 34332
48174 34333
48175 34334
48177 34335
48178 34336
48179 34337
48180 34338
48183 34339
48184 34340
48187 34341
48188 34342
48190 34343
48193 34344
48194 34345
48195 34346
48196 34347
48197 34348
48198 34349
48199 34350
48200 34351
48201 34352
48203 34353
48206 34354
48207 34355
48209 34356
48210 34357
48211 34358
48213 34359
48214 34360
48215 34361
48217 34362
48218 34363
48219 34364
48220 34365
48221 34366
48222 34367
48223 34368
48224 34369
48225 34370
48226 34371
48228 34372
48229 34373
48230 34374
48231 34375
48232 34376
48233 34377
48234 34378
48235 34379
48236 34380
48237 34381
48241 34382
48242 34383
48243 34384
48244 34385
48245 34386
48247 34387
48248 34388
48250 34389
48251 34390
48252 34391
48253 34392
48254 34393
48255 34394
48258 34395
48260 34396
48262 34397
48265 34398
48267 34399
48268 34400
48269 34401
48270 34402
48271 34403
48273 34404
48274 34405
48275 34406
48277 34407
48278 34408
48279 34409
48280 34410
48281 34411
48282 34412
48283 34413
48284 34414
48285 34415
48288 34416
48289 34417
48290 34418
48291 34419
48292 34420
48293 34421
48294 34422
48296 34423
48298 34424
48299 34425
48300 34426
48301 34427
48302 34428
48303 34429
48304 34430
48305 34431
48309 34432
48310 34433
48311 34434
48312 34435
48313 34436
48315 34437
48317 34438
48319 34439
48320 34440
48321 34441
48322 34442
48323 34443
48324 34444
48326 34445
48327 34446
48331 34447
48332 34448
48333 34449
48335 34450
48336 34451
48337 34452
48338 34453
48339 34454
48340 34455
48341 34456
48342 34457
48343 34458
48344 34459
48346 34460
48347 34461
48348 34462
48349 34463
48351 34464
48352 34465
48354 34466
48355 34467
48356 34468
48357 34469
48359 34470
48361 34471
48365 34472
48366 34473
48367 34474
48368 34475
48369 34476
48370 34477
48371 34478
48372 34479
48374 34480
48375 34481
48376 34482
48377 34483
48378 34484
48379 34485
48380 34486
48383 34487
48385 34488
48387 34489
48388 34490
48389 34491
48392 34492
48394 34493
48395 34494
48396 34495
48397 34496
48399 34497
48400 34498
48401 34499
48402 34500
48403 34501
48405 34502
48408 34503
48409 34504
48410 34505
48411 34506
48412 34507
48414 34508
48416 34509
48417 34510
48418 34511
48419 34512
48421 34513
48422 34514
48424 34515
48426 34516
48428 34517
48429 34518
48430 34519
48431 34520
48432 34521
48435 34522
48438 34523
48439 34524
48440 34525
48441 34526
48443 34527
48444 34528
48445 34529
48446 34530
48447 34531
48448 34532
48449 34533
48451 34534
48453 34535
48454 34536
48456 34537
48458 34538
48459 34539
48461 34540
48462 34541
48463 34542
48465 34543
48466 34544
48468 34545
48469 34546
48470 34547
48471 34548
48472 34549
48474 34550
48476 34551
48479 34552
48480 34553
48481 34554
48483 34555
48484 34556
48485 34557
48486 34558
48487 34559
48488 34560
48489 34561
48491 34562
48492 34563
48493 34564
48495 34565
48497 34566
48500 34567
48501 34568
48503 34569
48504 34570
48505 34571
48506 34572
48508 34573
48509 34574
48510 34575
48511 34576
48512 34577
48513 34578
48514 34579
48516 34580
48518 34581
48519 34582
48520 34583
48521 34584
48522 34585
48523 34586
48525 34587
48526 34588
48527 34589
48529 34590
48530 34591
48532 34592
48533 34593
48534 34594
48535 34595
48536 34596
48538 34597
48539 34598
48540 34599
48543 34600
48545 34601
48546 34602
48548 34603
48549 34604
48550 34605
48552 34606
48553 34607
48554 34608
48555 34609
48556 34610
48557 34611
48558 34612
48559 34613
48560 34614
48564 34615
48565 34616
48569 34617
48570 34618
48571 34619
48572 34620
48573 34621
48575 34622
48577 34623
48579 34624
48580 34625
48581 34626
48582 34627
48583 34628
48584 34629
48585 34630
48587 34631
48588 34632
48589 34633
48590 34634
48593 34635
48594 34636
48595 34637
48596 34638
48598 34639
48599 34640
48600 34641
48602 34642
48603 34643
48606 34644
48608 34645
48609 34646
48610 34647
48611 34648
48612 34649
48613 34650
48615 34651
48616 34652
48619 34653
48620 34654
48621 34655
48622 34656
48625 34657
48626 34658
48629 34659
48631 34660
48633 34661
48634 34662
48635 34663
48636 34664
48638 34665
48641 34666
48642 34667
48643 34668
48646 34669
48647 34670
48648 34671
48649 34672
48650 34673
48651 34674
48652 34675
48654 34676
48655 34677
48656 34678
48657 34679
48658 34680
48659 34681
48660 34682
48661 34683
48663 34684
48664 34685
48665 34686
48666 34687
48667 34688
48668 34689
48670 34690
48671 34691
48673 34692
48676 34693
48682 34694
48683 34695
48685 34696
48686 34697
48687 34698
48690 34699
48691 34700
48693 34701
48694 34702
48696 34703
48697 34704
48698 34705
48700 34706
48701 34707
48703 34708
48704 34709
48708 34710
48709 34711
48710 34712
48711 34713
48712 34714
48713 34715
48714 34716
48715 34717
48716 34718
48717 34719
48718 34720
48720 34721
48721 34722
48722 34723
48724 34724
48725 34725
48726 34726
48727 34727
48728 34728
48729 34729
48731 34730
48732 34731
48733 34732
48734 34733
48736 34734
48737 34735
48739 34736
48743 34737
48744 34738
48745 34739
48746 34740
48749 34741
48750 34742
48751 34743
48752 34744
48753 34745
48754 34746
48755 34747
48756 34748
48757 34749
48761 34750
48764 34751
48765 34752
48768 34753
48769 34754
48770 34755
48771 34756
48772 34757
48773 34758
48774 34759
48776 34760
48777 34761
48778 34762
48779 34763
48781 34764
48782 34765
48783 34766
48784 34767
48786 34768
48787 34769
48790 34770
48792 34771
48796 34772
48797 34773
48798 34774
48799 34775
48800 34776
48801 34777
48802 34778
48803 34779
48804 34780
48806 34781
48807 34782
48808 34783
48809 34784
48810 34785
48811 34786
48812 34787
48813 34788
48814 34789
48818 34790
48819 34791
48820 34792
48823 34793
48824 34794
48825 34795
48826 34796
48830 34797
48831 34798
48832 34799
48835 34800
48837 34801
48838 34802
48839 34803
48841 34804
48842 34805
48843 34806
48844 34807
48846 34808
48848 34809
48850 34810
48851 34811
48852 34812
48853 34813
48855 34814
48856 34815
48857 34816
48858 34817
48859 34818
48860 34819
48863 34820
48864 34821
48866 34822
48867 34823
48868 34824
48869 34825
48870 34826
48871 34827
48872 34828
48873 34829
48874 34830
48875 34831
48876 34832
48880 34833
48882 34834
48883 34835
48885 34836
48886 34837
48887 34838
48888 34839
48890 34840
48891 34841
48892 34842
48894 34843
48895 34844
48896 34845
48897 34846
48899 34847
48900 34848
48901 34849
48903 34850
48906 34851
48909 34852
48910 34853
48911 34854
48912 34855
48914 34856
48915 34857
48916 34858
48918 34859
48920 34860
48921 34861
48922 34862
48923 34863
48924 34864
48926 34865
48927 34866
48928 34867
48929 34868
48932 34869
48935 34870
48936 34871
48937 34872
48939 34873
48940 34874
48941 34875
48942 34876
48943 34877
48944 34878
48945 34879
48946 34880
48949 34881
48951 34882
48952 34883
48955 34884
48956 34885
48957 34886
48959 34887
48964 34888
48969 34889
48970 34890
48972 34891
48973 34892
48974 34893
48977 34894
48978 34895
48979 34896
48980 34897
48982 34898
48983 34899
48984 34900
48985 34901
48986 34902
48987 34903
48988 34904
48989 34905
48990 34906
48991 34907
48992 34908
48993 34909
48994 34910
48995 34911
48996 34912
48997 34913
48998 34914
48999 34915
49002 34916
49003 34917
49004 34918
49005 34919
49007 34920
49008 34921
49009 34922
49012 34923
49013 34924
49014 34925
49015 34926
49017 34927
49018 34928
49019 34929
49020 34930
49022 34931
49025 34932
49026 34933
49030 34934
49032 34935
49033 34936
49034 34937
49035 34938
49036 34939
49038 34940
49039 34941
49040 34942
49041 34943
49043 34944
49044 34945
49045 34946
49046 34947
49047 34948
49052 34949
49053 34950
49054 34951
49055 34952
49057 34953
49058 34954
49060 34955
49061 34956
49062 34957
49064 34958
49065 34959
49066 34960
49068 34961
49069 34962
49070 34963
49071 34964
49073 34965
49075 34966
49076 34967
49078 34968
49079 34969
49080 34970
49081 34971
49082 34972
49083 34973
49085 34974
49087 34975
49089 34976
49091 34977
49092 34978
49095 34979
49096 34980
49097 34981
49098 34982
49099 34983
49101 34984
49102 34985
49103 34986
49104 34987
49105 34988
49106 34989
49107 34990
49109 34991
49111 34992
49113 34993
49114 34994
49115 34995
49116 34996
49117 34997
49118 34998
49119 34999
49121 35000
49122 35001
49123 35002
49124 35003
49126 35004
49127 35005
49128 35006
49129 35007
49134 35008
49135 35009
49136 35010
49138 35011
49139 35012
49140 35013
49141 35014
49142 35015
49144 35016
49145 35017
49146 35018
49147 35019
49149 35020
49151 35021
49153 35022
49154 35023
49155 35024
49156 35025
49157 35026
49158 35027
49159 35028
49162 35029
49163 35030
49165 35031
49167 35032
49168 35033
49169 35034
49171 35035
49172 35036
49175 35037
49176 35038
49178 35039
49179 35040
49182 35041
49183 35042
49184 35043
49185 35044
49186 35045
49187 35046
49188 35047
49189 35048
49191 35049
49193 35050
49194 35051
49197 35052
49198 35053
49200 35054
49201 35055
49202 35056
49204 35057
49207 35058
49208 35059
49211 35060
49212 35061
49213 35062
49214 35063
49216 35064
49218 35065
49219 35066
49221 35067
49222 35068
49223 35069
49224 35070
49225 35071
49227 35072
49228 35073
49229 35074
49230 35075
49231 35076
49233 35077
49236 35078
49237 35079
49238 35080
49239 35081
49240 35082
49241 35083
49242 35084
49243 35085
49244 35086
49245 35087
49246 35088
49250 35089
49251 35090
49252 35091
49253 35092
49254 35093
49255 35094
49256 35095
49257 35096
49258 35097
49259 35098
49260 35099
49261 35100
49262 35101
49263 35102
49264 35103
49265 35104
49266 35105
49267 35106
49268 35107
49270 35108
49272 35109
49273 35110
49274 35111
49276 35112
49277 35113
49279 35114
49280 35115
49281 35116
49282 35117
49283 35118
49284 35119
49285 35120
49287 35121
49288 35122
49289 35123
49290 35124
49291 35125
49293 35126
49294 35127
49295 35128
49296 35129
49297 35130
49298 35131
49299 35132
49300 35133
49301 35134
49302 35135
49303 35136
49306 35137
49308 35138
49309 35139
49310 35140
49312 35141
49313 35142
49314 35143
49317 35144
49320 35145
49321 35146
49323 35147
49324 35148
49325 35149
49326 35150
49327 35151
49330 35152
49331 35153
49333 35154
49334 35155
49335 35156
49336 35157
49337 35158
49340 35159
49341 35160
49342 35161
49344 35162
49345 35163
49348 35164
49349 35165
49351 35166
49352 35167
49353 35168
49354 35169
49355 35170
49356 35171
49357 35172
49358 35173
49359 35174
49360 35175
49361 35176
49362 35177
49363 35178
49364 35179
49367 35180
49369 35181
49370 35182
49372 35183
49373 35184
49374 35185
49375 35186
49376 35187
49377 35188
49378 35189
49380 35190
49381 35191
49382 35192
49383 35193
49385 35194
49386 35195
49387 35196
49388 35197
49390 35198
49391 35199
49392 35200
49393 35201
49394 35202
49395 35203
49396 35204
49397 35205
49398 35206
49399 35207
49400 35208
49401 35209
49403 35210
49404 35211
49405 35212
49406 35213
49408 35214
49409 35215
49411 35216
49413 35217
49417 35218
49418 35219
49420 35220
49421 35221
49422 35222
49423 35223
49424 35224
49425 35225
49426 35226
49427 35227
49429 35228
49430 35229
49431 35230
49432 35231
49433 35232
49434 35233
49435 35234
49436 35235
49439 35236
49440 35237
49441 35238
49442 35239
49445 35240
49448 35241
49449 35242
49450 35243
49453 35244
49456 35245
49458 35246
49459 35247
49460 35248
49463 35249
49464 35250
49465 35251
49467 35252
49468 35253
49469 35254
49470 35255
49471 35256
49474 35257
49476 35258
49478 35259
49479 35260
49480 35261
49481 35262
49482 35263
49483 35264
49484 35265
49485 35266
49490 35267
49491 35268
49493 35269
49494 35270
49496 35271
49497 35272
49501 35273
49502 35274
49503 35275
49504 35276
49505 35277
49510 35278
49511 35279
49512 35280
49513 35281
49516 35282
49517 35283
49518 35284
49519 35285
49520 35286
49522 35287
49524 35288
49525 35289
49527 35290
49528 35291
49529 35292
49530 35293
49531 35294
49532 35295
49533 35296
49534 35297
49535 35298
49536 35299
49537 35300
49541 35301
49542 35302
49545 35303
49546 35304
49547 35305
49548 35306
49550 35307
49552 35308
49553 35309
49554 35310
49557 35311
49558 35312
49560 35313
49561 35314
49562 35315
49566 35316
49568 35317
49569 35318
49571 35319
49573 35320
49574 35321
49575 35322
49576 35323
49577 35324
49578 35325
49579 35326
49580 35327
49581 35328
49583 35329
49584 35330
49585 35331
49586 35332
49587 35333
49588 35334
49589 35335
49590 35336
49591 35337
49592 35338
49594 35339
49595 35340
49596 35341
49598 35342
49599 35343
49600 35344
49602 35345
49605 35346
49606 35347
49607 35348
49611 35349
49612 35350
49613 35351
49614 35352
49615 35353
49616 35354
49617 35355
49618 35356
49619 35357
49621 35358
49622 35359
49623 35360
49625 35361
49628 35362
49629 35363
49630 35364
49631 35365
49633 35366
49634 35367
49636 35368
49638 35369
49639 35370
49640 35371
49641 35372
49642 35373
49643 35374
49644 35375
49645 35376
49646 35377
49647 35378
49648 35379
49649 35380
49652 35381
49653 35382
49656 35383
49657 35384
49658 35385
49659 35386
49661 35387
49662 35388
49663 35389
49665 35390
49666 35391
49667 35392
49668 35393
49670 35394
49672 35395
49674 35396
49676 35397
49677 35398
49678 35399
49680 35400
49681 35401
49682 35402
49683 35403
49684 35404
49687 35405
49688 35406
49689 35407
49691 35408
49693 35409
49694 35410
49695 35411
49696 35412
49700 35413
49701 35414
49702 35415
49703 35416
49705 35417
49706 35418
49707 35419
49708 35420
49709 35421
49710 35422
49712 35423
49713 35424
49714 35425
49716 35426
49717 35427
49719 35428
49720 35429
49722 35430
49723 35431
49724 35432
49725 35433
49726 35434
49727 35435
49728 35436
49729 35437
49730 35438
49731 35439
49732 35440
49733 35441
49735 35442
49736 35443
49737 35444
49738 35445
49740 35446
49741 35447
49742 35448
49743 35449
49744 35450
49746 35451
49747 35452
49748 35453
49750 35454
49752 35455
49753 35456
49754 35457
49755 35458
49756 35459
49760 35460
49762 35461
49763 35462
49764 35463
49765 35464
49766 35465
49768 35466
49769 35467
49770 35468
49771 35469
49772 35470
49775 35471
49776 35472
49778 35473
49780 35474
49782 35475
49784 35476
49785 35477
49786 35478
49787 35479
49788 35480
49789 35481
49790 35482
49792 35483
49793 35484
49794 35485
49799 35486
49800 35487
49801 35488
49802 35489
49803 35490
49804 35491
49806 35492
49807 35493
49808 35494
49809 35495
49810 35496
49811 35497
49813 35498
49814 35499
49815 35500
49816 35501
49817 35502
49818 35503
49819 35504
49820 35505
49823 35506
49824 35507
49825 35508
49827 35509
49828 35510
49830 35511
49831 35512
49832 35513
49833 35514
49835 35515
49836 35516
49837 35517
49838 35518
49839 35519
49840 35520
49841 35521
49842 35522
49843 35523
49844 35524
49845 35525
49846 35526
49847 35527
49848 35528
49849 35529
49850 35530
49851 35531
49852 35532
49853 35533
49855 35534
49858 35535
49859 35536
49860 35537
49861 35538
49865 35539
49866 35540
49867 35541
49868 35542
49869 35543
49870 35544
49871 35545
49872 35546
49874 35547
49875 35548
49876 35549
49877 35550
49878 35551
49879 35552
49882 35553
49884 35554
49885 35555
49887 35556
49888 35557
49889 35558
49890 35559
49894 35560
49895 35561
49896 35562
49897 35563
49898 35564
49901 35565
49902 35566
49903 35567
49904 35568
49905 35569
49906 35570
49907 35571
49908 35572
49909 35573
49910 35574
49911 35575
49917 35576
49918 35577
49919 35578
49920 35579
49921 35580
49922 35581
49923 35582
49924 35583
49925 35584
49929 35585
49930 35586
49931 35587
49932 35588
49935 35589
49936 35590
49937 35591
49939 35592
49940 35593
49942 35594
49943 35595
49944 35596
49945 35597
49946 35598
49949 35599
49952 35600
49953 35601
49956 35602
49957 35603
49958 35604
49959 35605
49961 35606
49962 35607
49963 35608
49964 35609
49965 35610
49966 35611
49967 35612
49970 35613
49971 35614
49972 35615
49973 35616
49974 35617
49975 35618
49976 35619
49977 35620
49978 35621
49979 35622
49980 35623
49981 35624
49982 35625
49983 35626
49984 35627
49985 35628
49986 35629
49987 35630
49988 35631
49989 35632
49991 35633
49992 35634
49993 35635
49994 35636
49996 35637
49997 35638
49998 35639
49999 35640
