org_id remap_id
11 0
27 1
38 2
39 3
56 4
57 5
65 6
69 7
137 8
144 9
152 10
161 11
174 12
192 13
194 14
201 15
244 16
256 17
263 18
275 19
279 20
280 21
287 22
298 23
299 24
315 25
336 26
340 27
343 28
368 29
373 30
376 31
385 32
392 33
456 34
459 35
516 36
539 37
541 38
542 39
555 40
569 41
606 42
611 43
612 44
621 45
628 46
639 47
640 48
647 49
669 50
672 51
674 52
702 53
714 54
726 55
736 56
742 57
745 58
765 59
779 60
805 61
813 62
847 63
853 64
857 65
878 66
909 67
914 68
915 69
925 70
929 71
934 72
940 73
961 74
973 75
981 76
995 77
1009 78
1028 79
1032 80
1061 81
1075 82
1115 83
1147 84
1156 85
1164 86
1179 87
1181 88
1186 89
1187 90
1194 91
1195 92
1196 93
1204 94
1253 95
1285 96
1294 97
1312 98
1317 99
1334 100
1343 101
1347 102
1351 103
1393 104
1396 105
1425 106
1436 107
1463 108
1469 109
1470 110
1471 111
1476 112
1478 113
1479 114
1503 115
1513 116
1531 117
1534 118
1538 119
1555 120
1586 121
1597 122
1608 123
1615 124
1641 125
1656 126
1669 127
1704 128
1705 129
1707 130
1730 131
1746 132
1747 133
1752 134
1822 135
1824 136
1839 137
1885 138
1889 139
1892 140
1905 141
1962 142
1967 143
1982 144
1986 145
1990 146
2009 147
2037 148
2046 149
2049 150
2097 151
2103 152
2113 153
2115 154
2138 155
2176 156
2185 157
2186 158
2194 159
2213 160
2223 161
2229 162
2239 163
2257 164
2259 165
2282 166
2306 167
2326 168
2329 169
2342 170
2349 171
2372 172
2385 173
2392 174
2403 175
2467 176
2506 177
2531 178
2593 179
2616 180
2638 181
2718 182
2752 183
2765 184
2771 185
2781 186
2785 187
2789 188
2807 189
2808 190
2831 191
2848 192
2861 193
2882 194
2904 195
2907 196
2910 197
2922 198
2927 199
2931 200
2952 201
2966 202
2975 203
2989 204
2991 205
2998 206
2999 207
3006 208
3012 209
3014 210
3024 211
3025 212
3050 213
3059 214
3082 215
3098 216
3106 217
3109 218
3125 219
3134 220
3154 221
3169 222
3188 223
3198 224
3237 225
3247 226
3248 227
3315 228
3320 229
3329 230
3337 231
3379 232
3402 233
3410 234
3427 235
3434 236
3438 237
3442 238
3455 239
3456 240
3462 241
3496 242
3499 243
3505 244
3514 245
3520 246
3569 247
3574 248
3581 249
3583 250
3620 251
3625 252
3638 253
3641 254
3682 255
3691 256
3718 257
3726 258
3731 259
3736 260
3739 261
3757 262
3777 263
3779 264
3786 265
3810 266
3829 267
3843 268
3847 269
3860 270
3865 271
3891 272
3897 273
3928 274
3959 275
3963 276
3972 277
3979 278
3982 279
3983 280
3990 281
3996 282
4007 283
4015 284
4018 285
4031 286
4041 287
4059 288
4068 289
4071 290
4077 291
4085 292
4098 293
4100 294
4101 295
4118 296
4125 297
4134 298
4158 299
4174 300
4176 301
4211 302
4216 303
4219 304
4266 305
4286 306
4303 307
4305 308
4312 309
4316 310
4347 311
4352 312
4359 313
4363 314
4382 315
4388 316
4395 317
4401 318
4415 319
4422 320
4425 321
4445 322
4453 323
4469 324
4470 325
4489 326
4505 327
4558 328
4561 329
4571 330
4576 331
4585 332
4598 333
4610 334
4636 335
4641 336
4648 337
4660 338
4663 339
4676 340
4679 341
4686 342
4713 343
4714 344
4763 345
4771 346
4784 347
4803 348
4814 349
4849 350
4908 351
4919 352
4936 353
4964 354
4966 355
4967 356
4978 357
5006 358
5022 359
5024 360
5038 361
5042 362
5062 363
5072 364
5073 365
5082 366
5104 367
5110 368
5121 369
5150 370
5151 371
5159 372
5165 373
5196 374
5210 375
5224 376
5241 377
5244 378
5250 379
5263 380
5265 381
5273 382
5278 383
5291 384
5292 385
5306 386
5307 387
5310 388
5311 389
5314 390
5329 391
5335 392
5338 393
5363 394
5378 395
5384 396
5413 397
5427 398
5431 399
5448 400
5449 401
5478 402
5484 403
5490 404
5495 405
5504 406
5533 407
5535 408
5548 409
5550 410
5595 411
5598 412
5607 413
5621 414
5631 415
5645 416
5668 417
5685 418
5711 419
5730 420
5735 421
5748 422
5786 423
5805 424
5824 425
5833 426
5842 427
5857 428
5858 429
5862 430
5867 431
5880 432
5890 433
5894 434
5908 435
5913 436
5917 437
5939 438
5940 439
5945 440
5962 441
5970 442
5972 443
5979 444
6005 445
6010 446
6014 447
6031 448
6051 449
6068 450
6071 451
6079 452
6168 453
6175 454
6196 455
6253 456
6288 457
6289 458
6300 459
6301 460
6324 461
6327 462
6337 463
6340 464
6357 465
6404 466
6405 467
6409 468
6416 469
6419 470
6420 471
6430 472
6431 473
6437 474
6451 475
6458 476
6471 477
6522 478
6526 479
6536 480
6542 481
6543 482
6554 483
6568 484
6610 485
6619 486
6635 487
6636 488
6661 489
6664 490
6730 491
6739 492
6744 493
6763 494
6769 495
6793 496
6812 497
6818 498
6824 499
6828 500
6835 501
6840 502
6845 503
6851 504
6852 505
6866 506
6904 507
6926 508
6938 509
6941 510
6948 511
6952 512
6976 513
6980 514
6986 515
6991 516
6996 517
7011 518
7045 519
7055 520
7080 521
7113 522
7116 523
7126 524
7127 525
7152 526
7157 527
7163 528
7166 529
7173 530
7174 531
7176 532
7187 533
7210 534
7212 535
7214 536
7215 537
7237 538
7238 539
7243 540
7253 541
7281 542
7282 543
7298 544
7299 545
7313 546
7336 547
7379 548
7404 549
7408 550
7466 551
7481 552
7486 553
7491 554
7503 555
7565 556
7583 557
7620 558
7641 559
7651 560
7653 561
7665 562
7684 563
7687 564
7691 565
7726 566
7729 567
7742 568
7767 569
7784 570
7798 571
7802 572
7826 573
7827 574
7856 575
7873 576
7875 577
7876 578
7892 579
7916 580
7927 581
7945 582
7967 583
8027 584
8028 585
8032 586
8042 587
8069 588
8082 589
8087 590
8098 591
8118 592
8133 593
8134 594
8138 595
8152 596
8160 597
8169 598
8180 599
8186 600
8193 601
8194 602
8209 603
8218 604
8248 605
8249 606
8250 607
8258 608
8263 609
8300 610
8310 611
8319 612
8324 613
8325 614
8327 615
8338 616
8350 617
8351 618
8353 619
8354 620
8360 621
8367 622
8372 623
8386 624
8387 625
8394 626
8403 627
8404 628
8409 629
8426 630
8430 631
8439 632
8451 633
8458 634
8469 635
8490 636
8498 637
8499 638
8506 639
8526 640
8540 641
8547 642
8551 643
8555 644
8560 645
8564 646
8565 647
8574 648
8586 649
8593 650
8595 651
8615 652
8617 653
8634 654
8641 655
8644 656
8645 657
8655 658
8660 659
8673 660
8683 661
8689 662
8695 663
8730 664
8735 665
8738 666
8747 667
8764 668
8767 669
8783 670
8792 671
8800 672
8816 673
8837 674
8847 675
8854 676
8879 677
8889 678
8893 679
8905 680
8919 681
8922 682
8924 683
8936 684
8952 685
9004 686
9018 687
9022 688
9034 689
9047 690
9065 691
9095 692
9105 693
9111 694
9142 695
9147 696
9155 697
9158 698
9162 699
9165 700
9171 701
9178 702
9202 703
9207 704
9241 705
9243 706
9254 707
9258 708
9276 709
9286 710
9288 711
9317 712
9337 713
9352 714
9360 715
9365 716
9372 717
9393 718
9397 719
9407 720
9428 721
9430 722
9439 723
9443 724
9448 725
9449 726
9474 727
9506 728
9533 729
9562 730
9591 731
9604 732
9627 733
9633 734
9661 735
9674 736
9679 737
9689 738
9691 739
9695 740
9698 741
9701 742
9705 743
9709 744
9719 745
9722 746
9740 747
9765 748
9766 749
9788 750
9792 751
9809 752
9830 753
9836 754
9838 755
9849 756
9850 757
9882 758
9899 759
9921 760
9938 761
9986 762
9991 763
9994 764
9995 765
10004 766
10011 767
10023 768
10031 769
10039 770
10043 771
10062 772
10077 773
10087 774
10088 775
10102 776
10116 777
10156 778
10157 779
10160 780
10165 781
10169 782
10183 783
10188 784
10205 785
10217 786
10229 787
10260 788
10266 789
10272 790
10298 791
10339 792
10342 793
10394 794
10395 795
10400 796
10404 797
10423 798
10444 799
10457 800
10464 801
10502 802
10526 803
10535 804
10540 805
10545 806
10550 807
10560 808
10568 809
10577 810
10584 811
10600 812
10621 813
10666 814
10669 815
10677 816
10691 817
10709 818
10721 819
10730 820
10759 821
10774 822
10783 823
10790 824
10805 825
10828 826
10839 827
10844 828
10861 829
10901 830
10902 831
10904 832
10905 833
10928 834
10934 835
10947 836
10964 837
10967 838
10990 839
10994 840
11007 841
11030 842
11034 843
11042 844
11057 845
11063 846
11064 847
11065 848
11069 849
11079 850
11088 851
11096 852
11109 853
11129 854
11133 855
11143 856
11163 857
11167 858
11187 859
11193 860
11226 861
11240 862
11253 863
11257 864
11277 865
11281 866
11291 867
11294 868
11296 869
11304 870
11322 871
11376 872
11392 873
11403 874
11418 875
11431 876
11475 877
11481 878
11536 879
11546 880
11567 881
11570 882
11579 883
11583 884
11588 885
11605 886
11619 887
11633 888
11654 889
11683 890
11694 891
11695 892
11696 893
11709 894
11715 895
11740 896
11744 897
11746 898
11755 899
11767 900
11783 901
11811 902
11882 903
11887 904
11906 905
11909 906
11914 907
11939 908
11961 909
11965 910
11969 911
11972 912
11986 913
11996 914
12007 915
12035 916
12047 917
12060 918
12085 919
12093 920
12094 921
12120 922
12142 923
12147 924
12149 925
12159 926
12183 927
12213 928
12225 929
12229 930
12236 931
12238 932
12244 933
12249 934
12286 935
12288 936
12310 937
12314 938
12324 939
12334 940
12356 941
12375 942
12376 943
12406 944
12408 945
12409 946
12425 947
12449 948
12456 949
12463 950
12477 951
12496 952
12504 953
12515 954
12516 955
12522 956
12546 957
12551 958
12558 959
12574 960
12612 961
12624 962
12629 963
12639 964
12692 965
12716 966
12718 967
12728 968
12737 969
12743 970
12752 971
12756 972
12759 973
12762 974
12795 975
12816 976
12817 977
12821 978
12834 979
12837 980
12838 981
12861 982
12876 983
12884 984
12890 985
12897 986
12916 987
12922 988
12925 989
12930 990
12932 991
12945 992
12957 993
12994 994
13000 995
13008 996
13017 997
13031 998
13032 999
13036 1000
13071 1001
13086 1002
13093 1003
13095 1004
13129 1005
13133 1006
13140 1007
13143 1008
13158 1009
13160 1010
13170 1011
13172 1012
13180 1013
13205 1014
13209 1015
13229 1016
13233 1017
13251 1018
13262 1019
13294 1020
13296 1021
13305 1022
13311 1023
13333 1024
13347 1025
13358 1026
13367 1027
13375 1028
13385 1029
13391 1030
13394 1031
13411 1032
13418 1033
13428 1034
13430 1035
13432 1036
13438 1037
13482 1038
13493 1039
13502 1040
13513 1041
13551 1042
13571 1043
13578 1044
13594 1045
13595 1046
13621 1047
13625 1048
13632 1049
13639 1050
13668 1051
13693 1052
13698 1053
13749 1054
13756 1055
13762 1056
13788 1057
13793 1058
13795 1059
13810 1060
13820 1061
13828 1062
13847 1063
13850 1064
13852 1065
13881 1066
13893 1067
13911 1068
13918 1069
13942 1070
13944 1071
13952 1072
13990 1073
13991 1074
14007 1075
14016 1076
14020 1077
14037 1078
14051 1079
14057 1080
14060 1081
14077 1082
14080 1083
14118 1084
14137 1085
14139 1086
14154 1087
14159 1088
14163 1089
14182 1090
14190 1091
14214 1092
14246 1093
14263 1094
14283 1095
14284 1096
14291 1097
14298 1098
14321 1099
14351 1100
14356 1101
14358 1102
14369 1103
14393 1104
14394 1105
14412 1106
14415 1107
14438 1108
14440 1109
14441 1110
14452 1111
14464 1112
14474 1113
14482 1114
14490 1115
14507 1116
14512 1117
14513 1118
14530 1119
14551 1120
14572 1121
14589 1122
14608 1123
14621 1124
14628 1125
14632 1126
14662 1127
14673 1128
14686 1129
14694 1130
14700 1131
14701 1132
14705 1133
14710 1134
14730 1135
14748 1136
14768 1137
14790 1138
14793 1139
14802 1140
14809 1141
14817 1142
14832 1143
14839 1144
14851 1145
14859 1146
14862 1147
14868 1148
14873 1149
14878 1150
14893 1151
14896 1152
14903 1153
14947 1154
14950 1155
14955 1156
14959 1157
14968 1158
14971 1159
14974 1160
14992 1161
14994 1162
14997 1163
15022 1164
15032 1165
15035 1166
15046 1167
15054 1168
15060 1169
15062 1170
15082 1171
15084 1172
15131 1173
15183 1174
15223 1175
15226 1176
15231 1177
15233 1178
15257 1179
15294 1180
15312 1181
15316 1182
15339 1183
15382 1184
15384 1185
15388 1186
15393 1187
15395 1188
15418 1189
15420 1190
15440 1191
15445 1192
15447 1193
15449 1194
15461 1195
15477 1196
15485 1197
15492 1198
15548 1199
15552 1200
15556 1201
15608 1202
15609 1203
15615 1204
15621 1205
15622 1206
15625 1207
15633 1208
15634 1209
15650 1210
15655 1211
15657 1212
15667 1213
15670 1214
15686 1215
15688 1216
15694 1217
15698 1218
15701 1219
15724 1220
15730 1221
15733 1222
15735 1223
15742 1224
15748 1225
15761 1226
15762 1227
15774 1228
15786 1229
15799 1230
15800 1231
15801 1232
15806 1233
15809 1234
15812 1235
15814 1236
15820 1237
15836 1238
15854 1239
15865 1240
15867 1241
15877 1242
15891 1243
15903 1244
15915 1245
15942 1246
15972 1247
15976 1248
15980 1249
15991 1250
16014 1251
16026 1252
16029 1253
16041 1254
16045 1255
16049 1256
16061 1257
16066 1258
16071 1259
16076 1260
16077 1261
16081 1262
16086 1263
16102 1264
16106 1265
16119 1266
16158 1267
16193 1268
16214 1269
16218 1270
16234 1271
16236 1272
16267 1273
16284 1274
16289 1275
16290 1276
16297 1277
16311 1278
16316 1279
16321 1280
16322 1281
16332 1282
16385 1283
16391 1284
16403 1285
16416 1286
16425 1287
16452 1288
16460 1289
16473 1290
16474 1291
16478 1292
16500 1293
16502 1294
16503 1295
16510 1296
16530 1297
16538 1298
16541 1299
16542 1300
16550 1301
16579 1302
16595 1303
16612 1304
16650 1305
16652 1306
16695 1307
16699 1308
16712 1309
16720 1310
16734 1311
16756 1312
16758 1313
16759 1314
16762 1315
16768 1316
16775 1317
16790 1318
16805 1319
16818 1320
16820 1321
16825 1322
16851 1323
16892 1324
16896 1325
16926 1326
16944 1327
16961 1328
16962 1329
16969 1330
16986 1331
16987 1332
17069 1333
17076 1334
17112 1335
17134 1336
17135 1337
17139 1338
17158 1339
17162 1340
17168 1341
17171 1342
17190 1343
17213 1344
17227 1345
17242 1346
17249 1347
17271 1348
17287 1349
17290 1350
17302 1351
17347 1352
17369 1353
17390 1354
17393 1355
17397 1356
17411 1357
17423 1358
17453 1359
17456 1360
17511 1361
17530 1362
17551 1363
17575 1364
17602 1365
17628 1366
17634 1367
17637 1368
17640 1369
17656 1370
17677 1371
17713 1372
17720 1373
17739 1374
17760 1375
17774 1376
17775 1377
17789 1378
17792 1379
17799 1380
17863 1381
17872 1382
17875 1383
17877 1384
17921 1385
17924 1386
17935 1387
17937 1388
17949 1389
17952 1390
17998 1391
18020 1392
18036 1393
18057 1394
18060 1395
18068 1396
18082 1397
18095 1398
18098 1399
18101 1400
18106 1401
18128 1402
18134 1403
18150 1404
18153 1405
18161 1406
18169 1407
18202 1408
18205 1409
18222 1410
18223 1411
18237 1412
18242 1413
18274 1414
18289 1415
18290 1416
18313 1417
18318 1418
18335 1419
18382 1420
18390 1421
18396 1422
18401 1423
18413 1424
18417 1425
18426 1426
18444 1427
18468 1428
18469 1429
18499 1430
18504 1431
18505 1432
18519 1433
18533 1434
18551 1435
18559 1436
18577 1437
18578 1438
18637 1439
18647 1440
18663 1441
18671 1442
18679 1443
18685 1444
18687 1445
18699 1446
18701 1447
18705 1448
18712 1449
18716 1450
18719 1451
18723 1452
18743 1453
18764 1454
18773 1455
18784 1456
18805 1457
18815 1458
18818 1459
18855 1460
18859 1461
18895 1462
18942 1463
18959 1464
18974 1465
19011 1466
19029 1467
19031 1468
19054 1469
19061 1470
19110 1471
19113 1472
19186 1473
19191 1474
19195 1475
19207 1476
19243 1477
19250 1478
19251 1479
19262 1480
19269 1481
19275 1482
19276 1483
19279 1484
19288 1485
19290 1486
19299 1487
19319 1488
19331 1489
19337 1490
19352 1491
19358 1492
19367 1493
19368 1494
19383 1495
19389 1496
19411 1497
19440 1498
19455 1499
19467 1500
19468 1501
19476 1502
19480 1503
19538 1504
19550 1505
19567 1506
19580 1507
19582 1508
19593 1509
19613 1510
19618 1511
19619 1512
19621 1513
19622 1514
19630 1515
19631 1516
19654 1517
19658 1518
19677 1519
19701 1520
19704 1521
19738 1522
19740 1523
19813 1524
19825 1525
19848 1526
19865 1527
19872 1528
19880 1529
19888 1530
19890 1531
19930 1532
19944 1533
19992 1534
19994 1535
20018 1536
20022 1537
20023 1538
20024 1539
20027 1540
20031 1541
20032 1542
20065 1543
20079 1544
20087 1545
20103 1546
20111 1547
20131 1548
20149 1549
20152 1550
20167 1551
20190 1552
20204 1553
20216 1554
20225 1555
20231 1556
20241 1557
20257 1558
20261 1559
20265 1560
20266 1561
20280 1562
20287 1563
20291 1564
20294 1565
20324 1566
20350 1567
20363 1568
20365 1569
20378 1570
20381 1571
20383 1572
20384 1573
20399 1574
20400 1575
20410 1576
20436 1577
20464 1578
20482 1579
20502 1580
20506 1581
20519 1582
20535 1583
20553 1584
20555 1585
20558 1586
20559 1587
20580 1588
20597 1589
20616 1590
20642 1591
20652 1592
20655 1593
20688 1594
20724 1595
20736 1596
20740 1597
20742 1598
20748 1599
20785 1600
20795 1601
20808 1602
20823 1603
20840 1604
20869 1605
20896 1606
20915 1607
20933 1608
20937 1609
20943 1610
20959 1611
20960 1612
20990 1613
20998 1614
21025 1615
21073 1616
21083 1617
21087 1618
21088 1619
21104 1620
21106 1621
21123 1622
21140 1623
21152 1624
21155 1625
21156 1626
21165 1627
21174 1628
21181 1629
21194 1630
21196 1631
21202 1632
21212 1633
21214 1634
21247 1635
21250 1636
21251 1637
21255 1638
21261 1639
21264 1640
21271 1641
21279 1642
21281 1643
21316 1644
21317 1645
21333 1646
21364 1647
21375 1648
21377 1649
21388 1650
21390 1651
21394 1652
21396 1653
21410 1654
21444 1655
21457 1656
21473 1657
21480 1658
21483 1659
21494 1660
21496 1661
21521 1662
21524 1663
21526 1664
21533 1665
21535 1666
21556 1667
21560 1668
21567 1669
21585 1670
21590 1671
21605 1672
21610 1673
21615 1674
21663 1675
21672 1676
21686 1677
21703 1678
21719 1679
21738 1680
21760 1681
21773 1682
21806 1683
21808 1684
21819 1685
21820 1686
21837 1687
21854 1688
21855 1689
21886 1690
21896 1691
21910 1692
21913 1693
21914 1694
21932 1695
21942 1696
21943 1697
21950 1698
21976 1699
21979 1700
22028 1701
22051 1702
22068 1703
22091 1704
22094 1705
22124 1706
22130 1707
22136 1708
22153 1709
22164 1710
22175 1711
22215 1712
22226 1713
22231 1714
22238 1715
22243 1716
22297 1717
22341 1718
22370 1719
22380 1720
22384 1721
22386 1722
22400 1723
22421 1724
22426 1725
22432 1726
22459 1727
22502 1728
22506 1729
22519 1730
22525 1731
22529 1732
22531 1733
22532 1734
22544 1735
22550 1736
22569 1737
22587 1738
22589 1739
22610 1740
22612 1741
22658 1742
22669 1743
22674 1744
22680 1745
22696 1746
22725 1747
22736 1748
22784 1749
22820 1750
22830 1751
22831 1752
22848 1753
22874 1754
22880 1755
22890 1756
22894 1757
22915 1758
22950 1759
22966 1760
23002 1761
23012 1762
23019 1763
23052 1764
23080 1765
23090 1766
23093 1767
23094 1768
23113 1769
23114 1770
23122 1771
23136 1772
23142 1773
23180 1774
23183 1775
23194 1776
23216 1777
23247 1778
23261 1779
23263 1780
23266 1781
23267 1782
23268 1783
23273 1784
23286 1785
23296 1786
23301 1787
23315 1788
23324 1789
23344 1790
23353 1791
23356 1792
23384 1793
23394 1794
23398 1795
23415 1796
23418 1797
23421 1798
23489 1799
23502 1800
23506 1801
23576 1802
23581 1803
23583 1804
23622 1805
23626 1806
23637 1807
23664 1808
23722 1809
23727 1810
23748 1811
23751 1812
23774 1813
23778 1814
23804 1815
23817 1816
23826 1817
23847 1818
23855 1819
23857 1820
23860 1821
23884 1822
23889 1823
23893 1824
23897 1825
23911 1826
23924 1827
23925 1828
23936 1829
23937 1830
23946 1831
24043 1832
24059 1833
24068 1834
24094 1835
24102 1836
24138 1837
24143 1838
24155 1839
24171 1840
24222 1841
24243 1842
24248 1843
24255 1844
24265 1845
24271 1846
24306 1847
24310 1848
24324 1849
24325 1850
24334 1851
24343 1852
24344 1853
24347 1854
24365 1855
24379 1856
24389 1857
24390 1858
24392 1859
24402 1860
24407 1861
24417 1862
24419 1863
24432 1864
24443 1865
24450 1866
24479 1867
24505 1868
24508 1869
24509 1870
24515 1871
24541 1872
24542 1873
24590 1874
24594 1875
24605 1876
24607 1877
24610 1878
24630 1879
24641 1880
24646 1881
24653 1882
24656 1883
24683 1884
24696 1885
24700 1886
24724 1887
24754 1888
24774 1889
24782 1890
24784 1891
24791 1892
24802 1893
24804 1894
24820 1895
24828 1896
24830 1897
24878 1898
24885 1899
24891 1900
24909 1901
24938 1902
24986 1903
25013 1904
25021 1905
25034 1906
25038 1907
25064 1908
25075 1909
25092 1910
25101 1911
25108 1912
25131 1913
25142 1914
25152 1915
25155 1916
25166 1917
25167 1918
25175 1919
25203 1920
25210 1921
25231 1922
25253 1923
25262 1924
25267 1925
25285 1926
25286 1927
25348 1928
25362 1929
25365 1930
25401 1931
25425 1932
25447 1933
25471 1934
25511 1935
25521 1936
25534 1937
25543 1938
25549 1939
25590 1940
25609 1941
25616 1942
25619 1943
25654 1944
25662 1945
25674 1946
25727 1947
25741 1948
25770 1949
25773 1950
25780 1951
25788 1952
25810 1953
25836 1954
25839 1955
25856 1956
25866 1957
25869 1958
25919 1959
25956 1960
25963 1961
25987 1962
25998 1963
26015 1964
26027 1965
26050 1966
26066 1967
26075 1968
26118 1969
26127 1970
26138 1971
26156 1972
26202 1973
26244 1974
26246 1975
26264 1976
26271 1977
26301 1978
26311 1979
26313 1980
26349 1981
26353 1982
26357 1983
26358 1984
26427 1985
26437 1986
26477 1987
26490 1988
26495 1989
26496 1990
26498 1991
26506 1992
26512 1993
26525 1994
26532 1995
26536 1996
26553 1997
26556 1998
26559 1999
26563 2000
26573 2001
26583 2002
26632 2003
26658 2004
26664 2005
26687 2006
26703 2007
26706 2008
26709 2009
26711 2010
26717 2011
26743 2012
26752 2013
26773 2014
26793 2015
26796 2016
26797 2017
26825 2018
26835 2019
26856 2020
26913 2021
26919 2022
26941 2023
26942 2024
26943 2025
26965 2026
26990 2027
27022 2028
27044 2029
27049 2030
27056 2031
27059 2032
27074 2033
27075 2034
27076 2035
27081 2036
27094 2037
27102 2038
27105 2039
27120 2040
27123 2041
27133 2042
27166 2043
27169 2044
27182 2045
27211 2046
27216 2047
27220 2048
27229 2049
27248 2050
27263 2051
27346 2052
27353 2053
27361 2054
27378 2055
27394 2056
27397 2057
27413 2058
27417 2059
27432 2060
27446 2061
27447 2062
27480 2063
27487 2064
27489 2065
27498 2066
27501 2067
27588 2068
27600 2069
27606 2070
27613 2071
27680 2072
27683 2073
27686 2074
27704 2075
27717 2076
27748 2077
27750 2078
27801 2079
27807 2080
27834 2081
27857 2082
27858 2083
27860 2084
27888 2085
27898 2086
27901 2087
27906 2088
27916 2089
27921 2090
27944 2091
27960 2092
27964 2093
27991 2094
28011 2095
28013 2096
28018 2097
28025 2098
28033 2099
28073 2100
28074 2101
28080 2102
28111 2103
28123 2104
28134 2105
28135 2106
28150 2107
28158 2108
28177 2109
28185 2110
28204 2111
28209 2112
28253 2113
28256 2114
28263 2115
28267 2116
28271 2117
28292 2118
28337 2119
28342 2120
28351 2121
28356 2122
28368 2123
28393 2124
28396 2125
28399 2126
28404 2127
28414 2128
28420 2129
28433 2130
28437 2131
28483 2132
28493 2133
28499 2134
28523 2135
28527 2136
28543 2137
28549 2138
28559 2139
28560 2140
28573 2141
28591 2142
28613 2143
28632 2144
28637 2145
28639 2146
28640 2147
28644 2148
28695 2149
28701 2150
28708 2151
28717 2152
28729 2153
28751 2154
28758 2155
28794 2156
28796 2157
28806 2158
28845 2159
28865 2160
28877 2161
28880 2162
28893 2163
28909 2164
28963 2165
28970 2166
28974 2167
28978 2168
28983 2169
28992 2170
28999 2171
29002 2172
29004 2173
29031 2174
29038 2175
29042 2176
29044 2177
29049 2178
29067 2179
29077 2180
29090 2181
29095 2182
29099 2183
29106 2184
29111 2185
29114 2186
29121 2187
29132 2188
29136 2189
29140 2190
29148 2191
29150 2192
29152 2193
29157 2194
29178 2195
29198 2196
29212 2197
29214 2198
29225 2199
29248 2200
29250 2201
29252 2202
29257 2203
29279 2204
29294 2205
29313 2206
29329 2207
29332 2208
29339 2209
29355 2210
29382 2211
29392 2212
29405 2213
29410 2214
29419 2215
29428 2216
29429 2217
29441 2218
29460 2219
29461 2220
29487 2221
29490 2222
29499 2223
29508 2224
29548 2225
29555 2226
29605 2227
29619 2228
29622 2229
29628 2230
29644 2231
29646 2232
29656 2233
29659 2234
29673 2235
29694 2236
29720 2237
29726 2238
29727 2239
29728 2240
29746 2241
29753 2242
29811 2243
29819 2244
29823 2245
29834 2246
29840 2247
29849 2248
29850 2249
29888 2250
29904 2251
29927 2252
29928 2253
29932 2254
29944 2255
29952 2256
29953 2257
29963 2258
29990 2259
29994 2260
30002 2261
30026 2262
30047 2263
30058 2264
30064 2265
30071 2266
30102 2267
30109 2268
30136 2269
30161 2270
30165 2271
30184 2272
30197 2273
30220 2274
30252 2275
30262 2276
30275 2277
30302 2278
30312 2279
30314 2280
30315 2281
30332 2282
30340 2283
30343 2284
30351 2285
30359 2286
30367 2287
30378 2288
30385 2289
30399 2290
30409 2291
30422 2292
30433 2293
30450 2294
30455 2295
30486 2296
30500 2297
30501 2298
30511 2299
30517 2300
30532 2301
30535 2302
30576 2303
30579 2304
30585 2305
30605 2306
30611 2307
30613 2308
30618 2309
30660 2310
30665 2311
30682 2312
30700 2313
30708 2314
30725 2315
30760 2316
30767 2317
30797 2318
30800 2319
30817 2320
30830 2321
30840 2322
30841 2323
30852 2324
30862 2325
30865 2326
30920 2327
30959 2328
30969 2329
30986 2330
30987 2331
30999 2332
31001 2333
31006 2334
31012 2335
31017 2336
31019 2337
31034 2338
31070 2339
31071 2340
31115 2341
31138 2342
31142 2343
31149 2344
31182 2345
31197 2346
31202 2347
31211 2348
31216 2349
31222 2350
31223 2351
31244 2352
31308 2353
31340 2354
31343 2355
31355 2356
31357 2357
31364 2358
31375 2359
31387 2360
31388 2361
31391 2362
31405 2363
31407 2364
31428 2365
31429 2366
31441 2367
31490 2368
31500 2369
31519 2370
31528 2371
31539 2372
31541 2373
31545 2374
31550 2375
31564 2376
31565 2377
31579 2378
31590 2379
31612 2380
31632 2381
31636 2382
31637 2383
31646 2384
31679 2385
31685 2386
31688 2387
31689 2388
31690 2389
31703 2390
31712 2391
31770 2392
31789 2393
31799 2394
31819 2395
31848 2396
31849 2397
31868 2398
31880 2399
31884 2400
31905 2401
31944 2402
31974 2403
31984 2404
32003 2405
32004 2406
32022 2407
32071 2408
32096 2409
32125 2410
32128 2411
32130 2412
32143 2413
32149 2414
32170 2415
32213 2416
32217 2417
32225 2418
32234 2419
32268 2420
32278 2421
32285 2422
32299 2423
32300 2424
32307 2425
32317 2426
32352 2427
32361 2428
32365 2429
32377 2430
32381 2431
32384 2432
32386 2433
32407 2434
32414 2435
32432 2436
32440 2437
32491 2438
32496 2439
32572 2440
32594 2441
32616 2442
32625 2443
32631 2444
32636 2445
32659 2446
32680 2447
32684 2448
32712 2449
32716 2450
32724 2451
32752 2452
32755 2453
32802 2454
32808 2455
32818 2456
32821 2457
32833 2458
32840 2459
32855 2460
32883 2461
32896 2462
32909 2463
32936 2464
32941 2465
32942 2466
32949 2467
32963 2468
32970 2469
32986 2470
32987 2471
32988 2472
32991 2473
32999 2474
33001 2475
33008 2476
33024 2477
33027 2478
33037 2479
33093 2480
33096 2481
33107 2482
33116 2483
33164 2484
33172 2485
33195 2486
33207 2487
33210 2488
33232 2489
33246 2490
33255 2491
33260 2492
33280 2493
33284 2494
33303 2495
33344 2496
33364 2497
33369 2498
33395 2499
33397 2500
33400 2501
33408 2502
33412 2503
33433 2504
33443 2505
33452 2506
33455 2507
33465 2508
33472 2509
33512 2510
33523 2511
33542 2512
33545 2513
33550 2514
33554 2515
33568 2516
33589 2517
33594 2518
33600 2519
33604 2520
33619 2521
33624 2522
33633 2523
33637 2524
33650 2525
33663 2526
33664 2527
33667 2528
33686 2529
33687 2530
33704 2531
33717 2532
33722 2533
33751 2534
33752 2535
33773 2536
33788 2537
33820 2538
33826 2539
33841 2540
33852 2541
33854 2542
33868 2543
33874 2544
33886 2545
33894 2546
33897 2547
33901 2548
33908 2549
33912 2550
33928 2551
33935 2552
33956 2553
33974 2554
33985 2555
33997 2556
34021 2557
34024 2558
34027 2559
34036 2560
34054 2561
34074 2562
34077 2563
34084 2564
34126 2565
34129 2566
34154 2567
34176 2568
34177 2569
34185 2570
34194 2571
34207 2572
34212 2573
34245 2574
34267 2575
34324 2576
34343 2577
34350 2578
34366 2579
34389 2580
34401 2581
34402 2582
34427 2583
34454 2584
34466 2585
34471 2586
34475 2587
34481 2588
34486 2589
34488 2590
34490 2591
34501 2592
34512 2593
34513 2594
34531 2595
34543 2596
34545 2597
34570 2598
34588 2599
34594 2600
34603 2601
34623 2602
34631 2603
34645 2604
34659 2605
34662 2606
34665 2607
34679 2608
34689 2609
34714 2610
34721 2611
34732 2612
34739 2613
34756 2614
34772 2615
34778 2616
34779 2617
34789 2618
34806 2619
34809 2620
34813 2621
34823 2622
34825 2623
34828 2624
34842 2625
34847 2626
34852 2627
34867 2628
34879 2629
34941 2630
34948 2631
34963 2632
34971 2633
34997 2634
35004 2635
35015 2636
35016 2637
35037 2638
35079 2639
35086 2640
35125 2641
35132 2642
35144 2643
35150 2644
35151 2645
35160 2646
35168 2647
35175 2648
35178 2649
35181 2650
35186 2651
35193 2652
35194 2653
35200 2654
35207 2655
35225 2656
35247 2657
35278 2658
35287 2659
35292 2660
35294 2661
35305 2662
35340 2663
35367 2664
35378 2665
35394 2666
35400 2667
35408 2668
35409 2669
35412 2670
35423 2671
35425 2672
35434 2673
35441 2674
35447 2675
35520 2676
35533 2677
35541 2678
35542 2679
35562 2680
35600 2681
35624 2682
35627 2683
35664 2684
35667 2685
35679 2686
35693 2687
35701 2688
35722 2689
35723 2690
35725 2691
35748 2692
35754 2693
35771 2694
35774 2695
35777 2696
35779 2697
35786 2698
35799 2699
35808 2700
35811 2701
35812 2702
35814 2703
35818 2704
35822 2705
35829 2706
35835 2707
35847 2708
35861 2709
35868 2710
35875 2711
35887 2712
35896 2713
35906 2714
35946 2715
35967 2716
35973 2717
35979 2718
36020 2719
36022 2720
36038 2721
36065 2722
36067 2723
36084 2724
36094 2725
36100 2726
36102 2727
36104 2728
36131 2729
36144 2730
36161 2731
36190 2732
36211 2733
36225 2734
36227 2735
36236 2736
36253 2737
36269 2738
36287 2739
36296 2740
36309 2741
36314 2742
36352 2743
36356 2744
36359 2745
36360 2746
36381 2747
36406 2748
36407 2749
36437 2750
36453 2751
36458 2752
36494 2753
36496 2754
36507 2755
36519 2756
36530 2757
36534 2758
36535 2759
36538 2760
36545 2761
36549 2762
36559 2763
36560 2764
36581 2765
36597 2766
36603 2767
36604 2768
36611 2769
36622 2770
36639 2771
36640 2772
36647 2773
36657 2774
36660 2775
36662 2776
36674 2777
36688 2778
36757 2779
36761 2780
36772 2781
36813 2782
36817 2783
36825 2784
36840 2785
36843 2786
36847 2787
36859 2788
36894 2789
36910 2790
36915 2791
36929 2792
36933 2793
36947 2794
36953 2795
36960 2796
36971 2797
36973 2798
36983 2799
37001 2800
37013 2801
37037 2802
37060 2803
37071 2804
37077 2805
37078 2806
37084 2807
37091 2808
37093 2809
37109 2810
37113 2811
37118 2812
37119 2813
37120 2814
37126 2815
37128 2816
37148 2817
37156 2818
37157 2819
37178 2820
37187 2821
37193 2822
37197 2823
37201 2824
37202 2825
37214 2826
37223 2827
37230 2828
37236 2829
37241 2830
37271 2831
37300 2832
37319 2833
37321 2834
37330 2835
37342 2836
37344 2837
37347 2838
37350 2839
37359 2840
37375 2841
37390 2842
37405 2843
37431 2844
37444 2845
37460 2846
37471 2847
37476 2848
37483 2849
37486 2850
37523 2851
37537 2852
37544 2853
37574 2854
37612 2855
37625 2856
37627 2857
37648 2858
37667 2859
37680 2860
37683 2861
37703 2862
37707 2863
37709 2864
37727 2865
37739 2866
37764 2867
37773 2868
37800 2869
37803 2870
37808 2871
37812 2872
37818 2873
37827 2874
37830 2875
37835 2876
37841 2877
37872 2878
37895 2879
37905 2880
37918 2881
37926 2882
37941 2883
37957 2884
38008 2885
38022 2886
38031 2887
38038 2888
38040 2889
38043 2890
38068 2891
38092 2892
38095 2893
38106 2894
38130 2895
38138 2896
38139 2897
38149 2898
38153 2899
38168 2900
38170 2901
38195 2902
38215 2903
38244 2904
38246 2905
38281 2906
38288 2907
38298 2908
38317 2909
38329 2910
38338 2911
38348 2912
38354 2913
38375 2914
38377 2915
38381 2916
38423 2917
38448 2918
38449 2919
38452 2920
38467 2921
38487 2922
38490 2923
38532 2924
38556 2925
38567 2926
38605 2927
38616 2928
38619 2929
38641 2930
38651 2931
38677 2932
38685 2933
38715 2934
38757 2935
38772 2936
38777 2937
38778 2938
38782 2939
38788 2940
38826 2941
38836 2942
38852 2943
38864 2944
38896 2945
38902 2946
38920 2947
38922 2948
38935 2949
38947 2950
38957 2951
38965 2952
38968 2953
38973 2954
38981 2955
38984 2956
39009 2957
39014 2958
39015 2959
39041 2960
39058 2961
39061 2962
39062 2963
39067 2964
39072 2965
39112 2966
39115 2967
39120 2968
39147 2969
39177 2970
39203 2971
39208 2972
39225 2973
39235 2974
39239 2975
39240 2976
39244 2977
39246 2978
39247 2979
39268 2980
39314 2981
39316 2982
39317 2983
39331 2984
39334 2985
39347 2986
39367 2987
39371 2988
39377 2989
39402 2990
39408 2991
39422 2992
39430 2993
39461 2994
39464 2995
39490 2996
39491 2997
39530 2998
39533 2999
39567 3000
39585 3001
39586 3002
39601 3003
39614 3004
39640 3005
39642 3006
39661 3007
39671 3008
39695 3009
39712 3010
39752 3011
39757 3012
39778 3013
39811 3014
39819 3015
39821 3016
39826 3017
39828 3018
39846 3019
39871 3020
39878 3021
39880 3022
39882 3023
39894 3024
39912 3025
39916 3026
39930 3027
39935 3028
39942 3029
39950 3030
39959 3031
39972 3032
40004 3033
40021 3034
40046 3035
40053 3036
40062 3037
40069 3038
40076 3039
40084 3040
40107 3041
40118 3042
40119 3043
40120 3044
40121 3045
40124 3046
40127 3047
40133 3048
40138 3049
40148 3050
40152 3051
40153 3052
40155 3053
40156 3054
40172 3055
40174 3056
40210 3057
40212 3058
40214 3059
40219 3060
40254 3061
40260 3062
40267 3063
40295 3064
40305 3065
40310 3066
40332 3067
40333 3068
40348 3069
40368 3070
40372 3071
40387 3072
40406 3073
40427 3074
40442 3075
40463 3076
40476 3077
40491 3078
40516 3079
40569 3080
40579 3081
40601 3082
40605 3083
40672 3084
40681 3085
40729 3086
40730 3087
40736 3088
40755 3089
40760 3090
40789 3091
40806 3092
40810 3093
40820 3094
40826 3095
40845 3096
40850 3097
40889 3098
40890 3099
40919 3100
40936 3101
40968 3102
40981 3103
40991 3104
40994 3105
41000 3106
41044 3107
41059 3108
41075 3109
41076 3110
41084 3111
41085 3112
41088 3113
41105 3114
41121 3115
41131 3116
41142 3117
41165 3118
41175 3119
41193 3120
41222 3121
41224 3122
41226 3123
41255 3124
41256 3125
41265 3126
41290 3127
41292 3128
41304 3129
41316 3130
41323 3131
41328 3132
41348 3133
41354 3134
41362 3135
41372 3136
41376 3137
41384 3138
41388 3139
41399 3140
41407 3141
41414 3142
41432 3143
41436 3144
41443 3145
41449 3146
41455 3147
41466 3148
41494 3149
41499 3150
41500 3151
41511 3152
41533 3153
41546 3154
41577 3155
41606 3156
41608 3157
41618 3158
41623 3159
41625 3160
41632 3161
41633 3162
41649 3163
41662 3164
41667 3165
41675 3166
41682 3167
41708 3168
41726 3169
41735 3170
41750 3171
41751 3172
41753 3173
41762 3174
41766 3175
41772 3176
41780 3177
41815 3178
41827 3179
41853 3180
41868 3181
41909 3182
41936 3183
41947 3184
41958 3185
41970 3186
41992 3187
41995 3188
41996 3189
42041 3190
42051 3191
42052 3192
42064 3193
42070 3194
42079 3195
42084 3196
42091 3197
42116 3198
42117 3199
42141 3200
42144 3201
42168 3202
42199 3203
42206 3204
42207 3205
42250 3206
42273 3207
42285 3208
42295 3209
42312 3210
42315 3211
42328 3212
42343 3213
42368 3214
42393 3215
42411 3216
42412 3217
42425 3218
42435 3219
42469 3220
42481 3221
42513 3222
42544 3223
42575 3224
42578 3225
42580 3226
42601 3227
42606 3228
42610 3229
42615 3230
42622 3231
42638 3232
42684 3233
42735 3234
42754 3235
42766 3236
42780 3237
42799 3238
42808 3239
42814 3240
42825 3241
42834 3242
42840 3243
42860 3244
42886 3245
42907 3246
42926 3247
42938 3248
42962 3249
42978 3250
42984 3251
42992 3252
43002 3253
43010 3254
43017 3255
43036 3256
43050 3257
43068 3258
43093 3259
43095 3260
43120 3261
43121 3262
43123 3263
43130 3264
43161 3265
43162 3266
43183 3267
43203 3268
43213 3269
43214 3270
43239 3271
43250 3272
43259 3273
43266 3274
43273 3275
43288 3276
43317 3277
43322 3278
43325 3279
43337 3280
43344 3281
43368 3282
43397 3283
43415 3284
43432 3285
43436 3286
43454 3287
43458 3288
43482 3289
43499 3290
43519 3291
43536 3292
43547 3293
43555 3294
43561 3295
43583 3296
43613 3297
43620 3298
43637 3299
43655 3300
43665 3301
43666 3302
43667 3303
43686 3304
43689 3305
43697 3306
43699 3307
43731 3308
43742 3309
43780 3310
43809 3311
43811 3312
43812 3313
43838 3314
43859 3315
43885 3316
43887 3317
43906 3318
43920 3319
43945 3320
43954 3321
43996 3322
44002 3323
44007 3324
44026 3325
44036 3326
44051 3327
44053 3328
44069 3329
44121 3330
44131 3331
44150 3332
44157 3333
44159 3334
44163 3335
44169 3336
44171 3337
44180 3338
44185 3339
44200 3340
44221 3341
44226 3342
44260 3343
44370 3344
44419 3345
44441 3346
44459 3347
44477 3348
44483 3349
44511 3350
44538 3351
44547 3352
44555 3353
44565 3354
44570 3355
44575 3356
44585 3357
44619 3358
44630 3359
44640 3360
44652 3361
44655 3362
44665 3363
44671 3364
44680 3365
44691 3366
44694 3367
44703 3368
44727 3369
44737 3370
44740 3371
44744 3372
44750 3373
44768 3374
44789 3375
44807 3376
44808 3377
44810 3378
44830 3379
44834 3380
44837 3381
44838 3382
44840 3383
44858 3384
44877 3385
44882 3386
44891 3387
44914 3388
44921 3389
44936 3390
44944 3391
44945 3392
44955 3393
44957 3394
44966 3395
45006 3396
45012 3397
45028 3398
45066 3399
45088 3400
45140 3401
45163 3402
45166 3403
45170 3404
45171 3405
45173 3406
45195 3407
45198 3408
45217 3409
45234 3410
45263 3411
45272 3412
45287 3413
45297 3414
45304 3415
45312 3416
45326 3417
45330 3418
45332 3419
45354 3420
45356 3421
45416 3422
45418 3423
45447 3424
45463 3425
45471 3426
45522 3427
45534 3428
45547 3429
45548 3430
45568 3431
45584 3432
45621 3433
45645 3434
45658 3435
45661 3436
45662 3437
45677 3438
45680 3439
45695 3440
45701 3441
45704 3442
45725 3443
45727 3444
45743 3445
45762 3446
45772 3447
45777 3448
45809 3449
45854 3450
45855 3451
45859 3452
45866 3453
45872 3454
45899 3455
45919 3456
45944 3457
45977 3458
45979 3459
45986 3460
45988 3461
46035 3462
46038 3463
46040 3464
46053 3465
46055 3466
46065 3467
46075 3468
46129 3469
46134 3470
46153 3471
46160 3472
46165 3473
46181 3474
46206 3475
46212 3476
46227 3477
46229 3478
46255 3479
46257 3480
46266 3481
46273 3482
46274 3483
46285 3484
46302 3485
46303 3486
46312 3487
46313 3488
46325 3489
46341 3490
46354 3491
46387 3492
46390 3493
46396 3494
46399 3495
46403 3496
46458 3497
46487 3498
46494 3499
46503 3500
46505 3501
46532 3502
46535 3503
46554 3504
46583 3505
46593 3506
46599 3507
46616 3508
46635 3509
46636 3510
46655 3511
46664 3512
46680 3513
46682 3514
46769 3515
46774 3516
46790 3517
46803 3518
46809 3519
46813 3520
46830 3521
46840 3522
46856 3523
46863 3524
46868 3525
46873 3526
46893 3527
46898 3528
46900 3529
46905 3530
46914 3531
46918 3532
46935 3533
46974 3534
46978 3535
46982 3536
46984 3537
46989 3538
47005 3539
47026 3540
47032 3541
47046 3542
47051 3543
47055 3544
47060 3545
47063 3546
47090 3547
47094 3548
47096 3549
47098 3550
47101 3551
47110 3552
47112 3553
47117 3554
47164 3555
47167 3556
47211 3557
47220 3558
47231 3559
47241 3560
47263 3561
47265 3562
47279 3563
47315 3564
47317 3565
47334 3566
47338 3567
47346 3568
47349 3569
47371 3570
47377 3571
47383 3572
47402 3573
47406 3574
47440 3575
47484 3576
47489 3577
47504 3578
47507 3579
47515 3580
47524 3581
47549 3582
47558 3583
47577 3584
47599 3585
47604 3586
47630 3587
47633 3588
47669 3589
47670 3590
47671 3591
47678 3592
47699 3593
47702 3594
47706 3595
47737 3596
47743 3597
47757 3598
47760 3599
47778 3600
47784 3601
47858 3602
47892 3603
47917 3604
47933 3605
47945 3606
47952 3607
47963 3608
47964 3609
47979 3610
47990 3611
48006 3612
48008 3613
48014 3614
48042 3615
48045 3616
48093 3617
48097 3618
48110 3619
48115 3620
48130 3621
48166 3622
48174 3623
48224 3624
48270 3625
48292 3626
48305 3627
48307 3628
48310 3629
48330 3630
48368 3631
48369 3632
48377 3633
48380 3634
48381 3635
48386 3636
48391 3637
48398 3638
48414 3639
48419 3640
48421 3641
48429 3642
48433 3643
48442 3644
48480 3645
48494 3646
48496 3647
48509 3648
48510 3649
48582 3650
48628 3651
48649 3652
48655 3653
48665 3654
48681 3655
48683 3656
48695 3657
48706 3658
48719 3659
48725 3660
48755 3661
48767 3662
48784 3663
48794 3664
48837 3665
48871 3666
48916 3667
48932 3668
48934 3669
48948 3670
48952 3671
48963 3672
48992 3673
48993 3674
49010 3675
49014 3676
49021 3677
49052 3678
49113 3679
49129 3680
49147 3681
49152 3682
49192 3683
49200 3684
49224 3685
49229 3686
49239 3687
49257 3688
49265 3689
49274 3690
49275 3691
49277 3692
49311 3693
49318 3694
49324 3695
49335 3696
49359 3697
49362 3698
49370 3699
49401 3700
49406 3701
49407 3702
49412 3703
49457 3704
49458 3705
49509 3706
49512 3707
49519 3708
49522 3709
49526 3710
49553 3711
49566 3712
49576 3713
49586 3714
49635 3715
49636 3716
49660 3717
49661 3718
49662 3719
49671 3720
49675 3721
49678 3722
49692 3723
49709 3724
49713 3725
49714 3726
49722 3727
49737 3728
49763 3729
49771 3730
49777 3731
49809 3732
49831 3733
49839 3734
49842 3735
49913 3736
49916 3737
49949 3738
49955 3739
49956 3740
49978 3741
50016 3742
50032 3743
50034 3744
50043 3745
50063 3746
50071 3747
50084 3748
50092 3749
50094 3750
50104 3751
50112 3752
50121 3753
50154 3754
50165 3755
50173 3756
50181 3757
50190 3758
50201 3759
50205 3760
50223 3761
50224 3762
50229 3763
50238 3764
50247 3765
50251 3766
50282 3767
50285 3768
50289 3769
50301 3770
50303 3771
50337 3772
50339 3773
50380 3774
50388 3775
50394 3776
50418 3777
50423 3778
50457 3779
50479 3780
50488 3781
50511 3782
50512 3783
50526 3784
50554 3785
50556 3786
50567 3787
50621 3788
50623 3789
50635 3790
50642 3791
50648 3792
50682 3793
50701 3794
50704 3795
50710 3796
50720 3797
50780 3798
50806 3799
50820 3800
50854 3801
50857 3802
50868 3803
50886 3804
50898 3805
50907 3806
50938 3807
50943 3808
50964 3809
50987 3810
51002 3811
51013 3812
51021 3813
51032 3814
51038 3815
51085 3816
51117 3817
51149 3818
51154 3819
51155 3820
51193 3821
51201 3822
51217 3823
51218 3824
51220 3825
51243 3826
51258 3827
51277 3828
51279 3829
51292 3830
51300 3831
51325 3832
51329 3833
51336 3834
51339 3835
51345 3836
51356 3837
51376 3838
51378 3839
51379 3840
51381 3841
51419 3842
51423 3843
51432 3844
51437 3845
51442 3846
51448 3847
51468 3848
51489 3849
51494 3850
51497 3851
51510 3852
51519 3853
51521 3854
51522 3855
51534 3856
51536 3857
51553 3858
51555 3859
51576 3860
51614 3861
51619 3862
51624 3863
51630 3864
51631 3865
51647 3866
51653 3867
51667 3868
51672 3869
51690 3870
51707 3871
51716 3872
51727 3873
51735 3874
51736 3875
51755 3876
51758 3877
51761 3878
51766 3879
51770 3880
51815 3881
51817 3882
51827 3883
51848 3884
51863 3885
51881 3886
51896 3887
51907 3888
51925 3889
51939 3890
51947 3891
52014 3892
52043 3893
52057 3894
52065 3895
52080 3896
52098 3897
52117 3898
52126 3899
52135 3900
52151 3901
52163 3902
52178 3903
52184 3904
52192 3905
52197 3906
52212 3907
52216 3908
52236 3909
52240 3910
52245 3911
52247 3912
52271 3913
52284 3914
52291 3915
52310 3916
52320 3917
52324 3918
52340 3919
52346 3920
52362 3921
52369 3922
52379 3923
52387 3924
52399 3925
52405 3926
52416 3927
52428 3928
52435 3929
52447 3930
52464 3931
52466 3932
52469 3933
52470 3934
52474 3935
52476 3936
52477 3937
52479 3938
52491 3939
52509 3940
52519 3941
52534 3942
52546 3943
52547 3944
52576 3945
52583 3946
52593 3947
52607 3948
52614 3949
52622 3950
52627 3951
52630 3952
52637 3953
52645 3954
52648 3955
52653 3956
52664 3957
52674 3958
52677 3959
52717 3960
52719 3961
52730 3962
52747 3963
52759 3964
52767 3965
52768 3966
52792 3967
52850 3968
52857 3969
52863 3970
52868 3971
52888 3972
52909 3973
52914 3974
52915 3975
52917 3976
52929 3977
52978 3978
53001 3979
53022 3980
53037 3981
53053 3982
53054 3983
53061 3984
53066 3985
53072 3986
53082 3987
53102 3988
53110 3989
53122 3990
53123 3991
53146 3992
53169 3993
53220 3994
53235 3995
53238 3996
53261 3997
53268 3998
53271 3999
53294 4000
53307 4001
53310 4002
53313 4003
53321 4004
53328 4005
53363 4006
53367 4007
53394 4008
53405 4009
53417 4010
53451 4011
53459 4012
53468 4013
53495 4014
53499 4015
53500 4016
53505 4017
53510 4018
53512 4019
53520 4020
53525 4021
53534 4022
53547 4023
53554 4024
53582 4025
53595 4026
53606 4027
53612 4028
53619 4029
53624 4030
53629 4031
53644 4032
53654 4033
53665 4034
53666 4035
53670 4036
53677 4037
53697 4038
53698 4039
53736 4040
53744 4041
53750 4042
53763 4043
53765 4044
53771 4045
53772 4046
53774 4047
53842 4048
53844 4049
53860 4050
53866 4051
53869 4052
53912 4053
53921 4054
53932 4055
53933 4056
53961 4057
53990 4058
54006 4059
54025 4060
54039 4061
54068 4062
54088 4063
54110 4064
54142 4065
54143 4066
54164 4067
54182 4068
54183 4069
54184 4070
54203 4071
54233 4072
54239 4073
54268 4074
54272 4075
54277 4076
54292 4077
54309 4078
54312 4079
54322 4080
54350 4081
54365 4082
54372 4083
54390 4084
54417 4085
54429 4086
54432 4087
54452 4088
54466 4089
54469 4090
54479 4091
54490 4092
54491 4093
54503 4094
54537 4095
54544 4096
54550 4097
54554 4098
54579 4099
54580 4100
54582 4101
54587 4102
54593 4103
54598 4104
54601 4105
54603 4106
54616 4107
54631 4108
54646 4109
54654 4110
54659 4111
54698 4112
54701 4113
54716 4114
54723 4115
54724 4116
54766 4117
54778 4118
54799 4119
54820 4120
54833 4121
54860 4122
54889 4123
54891 4124
54911 4125
54918 4126
54926 4127
54951 4128
54954 4129
55005 4130
55021 4131
55063 4132
55064 4133
55080 4134
55084 4135
55090 4136
55108 4137
55130 4138
55133 4139
55162 4140
55184 4141
55221 4142
55223 4143
55259 4144
55270 4145
55305 4146
55357 4147
55362 4148
55372 4149
55404 4150
55409 4151
55423 4152
55427 4153
55443 4154
55448 4155
55454 4156
55456 4157
55461 4158
55491 4159
55496 4160
55510 4161
55531 4162
55536 4163
55546 4164
55551 4165
55561 4166
55563 4167
55627 4168
55643 4169
55672 4170
55679 4171
55684 4172
55688 4173
55690 4174
55693 4175
55701 4176
55711 4177
55724 4178
55739 4179
55740 4180
55757 4181
55798 4182
55799 4183
55806 4184
55839 4185
55843 4186
55847 4187
55851 4188
55860 4189
55892 4190
55899 4191
55908 4192
55912 4193
55936 4194
55940 4195
55942 4196
55986 4197
55990 4198
56008 4199
56030 4200
56042 4201
56043 4202
56045 4203
56070 4204
56074 4205
56097 4206
56130 4207
56134 4208
56160 4209
56170 4210
56186 4211
56196 4212
56199 4213
56201 4214
56223 4215
56224 4216
56258 4217
56272 4218
56276 4219
56281 4220
56287 4221
56289 4222
56295 4223
56305 4224
56323 4225
56324 4226
56374 4227
56387 4228
56388 4229
56391 4230
56407 4231
56412 4232
56457 4233
56462 4234
56479 4235
56482 4236
56513 4237
56525 4238
56527 4239
56539 4240
56542 4241
56551 4242
56553 4243
56554 4244
56557 4245
56574 4246
56575 4247
56595 4248
56597 4249
56607 4250
56620 4251
56627 4252
56643 4253
56702 4254
56724 4255
56738 4256
56748 4257
56766 4258
56785 4259
56786 4260
56806 4261
56869 4262
56889 4263
56891 4264
56917 4265
56936 4266
56949 4267
56957 4268
56959 4269
56968 4270
56995 4271
57027 4272
57030 4273
57035 4274
57047 4275
57052 4276
57094 4277
57123 4278
57138 4279
57163 4280
57182 4281
57194 4282
57202 4283
57210 4284
57219 4285
57257 4286
57318 4287
57332 4288
57350 4289
57354 4290
57357 4291
57410 4292
57419 4293
57424 4294
57429 4295
57433 4296
57436 4297
57443 4298
57461 4299
57468 4300
57482 4301
57507 4302
57523 4303
57526 4304
57596 4305
57613 4306
57632 4307
57641 4308
57652 4309
57659 4310
57660 4311
57661 4312
57672 4313
57673 4314
57693 4315
57698 4316
57708 4317
57716 4318
57720 4319
57740 4320
57753 4321
57760 4322
57768 4323
57769 4324
57778 4325
57792 4326
57799 4327
57802 4328
57808 4329
57821 4330
57858 4331
57859 4332
57864 4333
57868 4334
57869 4335
57903 4336
57920 4337
57923 4338
57924 4339
57936 4340
57956 4341
57971 4342
57975 4343
57993 4344
57995 4345
58004 4346
58018 4347
58023 4348
58027 4349
58044 4350
58082 4351
58085 4352
58103 4353
58106 4354
58146 4355
58199 4356
58206 4357
58215 4358
58226 4359
58227 4360
58257 4361
58259 4362
58260 4363
58283 4364
58302 4365
58314 4366
58315 4367
58316 4368
58319 4369
58344 4370
58380 4371
58384 4372
58413 4373
58415 4374
58438 4375
58444 4376
58476 4377
58491 4378
58497 4379
58498 4380
58526 4381
58566 4382
58575 4383
58587 4384
58603 4385
58616 4386
58619 4387
58633 4388
58651 4389
58664 4390
58665 4391
58699 4392
58704 4393
58712 4394
58714 4395
58717 4396
58724 4397
58737 4398
58741 4399
58752 4400
58755 4401
58756 4402
58761 4403
58766 4404
58774 4405
58784 4406
58785 4407
58867 4408
58892 4409
58923 4410
58957 4411
58962 4412
58963 4413
58973 4414
58974 4415
58980 4416
58981 4417
58982 4418
58999 4419
59004 4420
59010 4421
59028 4422
59030 4423
59041 4424
59054 4425
59068 4426
59077 4427
59087 4428
59097 4429
59100 4430
59102 4431
59103 4432
59110 4433
59115 4434
59117 4435
59120 4436
59128 4437
59143 4438
59151 4439
59171 4440
59188 4441
59191 4442
59192 4443
59199 4444
59202 4445
59251 4446
59259 4447
59263 4448
59265 4449
59273 4450
59278 4451
59293 4452
59319 4453
59321 4454
59334 4455
59345 4456
59348 4457
59364 4458
59401 4459
59404 4460
59407 4461
59410 4462
59414 4463
59415 4464
59433 4465
59472 4466
59485 4467
59487 4468
59490 4469
59498 4470
59500 4471
59519 4472
59527 4473
59552 4474
59571 4475
59590 4476
59609 4477
59614 4478
59617 4479
59626 4480
59654 4481
59659 4482
59660 4483
59665 4484
59667 4485
59713 4486
59714 4487
59724 4488
59728 4489
59740 4490
59759 4491
59771 4492
59776 4493
59789 4494
59801 4495
59804 4496
59820 4497
59863 4498
59887 4499
59898 4500
59900 4501
59903 4502
59912 4503
59917 4504
59920 4505
59921 4506
59927 4507
59929 4508
59960 4509
59966 4510
59985 4511
60012 4512
60015 4513
60031 4514
60045 4515
60060 4516
60063 4517
60072 4518
60077 4519
60092 4520
60104 4521
60109 4522
60119 4523
60128 4524
60144 4525
60158 4526
60160 4527
60194 4528
60203 4529
60217 4530
60245 4531
60278 4532
60284 4533
60309 4534
60329 4535
60335 4536
60337 4537
60343 4538
60349 4539
60359 4540
60364 4541
60365 4542
60372 4543
60409 4544
60422 4545
60427 4546
60436 4547
60445 4548
60458 4549
60465 4550
60476 4551
60482 4552
60486 4553
60527 4554
60534 4555
60539 4556
60555 4557
60616 4558
60633 4559
60641 4560
60661 4561
60675 4562
60677 4563
60690 4564
60701 4565
60712 4566
60718 4567
60730 4568
60755 4569
60778 4570
60785 4571
60793 4572
60794 4573
60808 4574
60810 4575
60819 4576
60833 4577
60834 4578
60836 4579
60844 4580
60849 4581
60868 4582
60902 4583
60913 4584
60914 4585
60917 4586
60955 4587
60966 4588
60978 4589
61004 4590
61012 4591
61043 4592
61045 4593
61046 4594
61055 4595
61061 4596
61079 4597
61086 4598
61097 4599
61107 4600
61110 4601
61120 4602
61121 4603
61146 4604
61154 4605
61168 4606
61174 4607
61181 4608
61228 4609
61232 4610
61254 4611
61255 4612
61261 4613
61262 4614
61279 4615
61291 4616
61293 4617
61319 4618
61339 4619
61344 4620
61409 4621
61414 4622
61427 4623
61430 4624
61452 4625
61462 4626
61464 4627
61477 4628
61478 4629
61482 4630
61493 4631
61524 4632
61528 4633
61536 4634
61552 4635
61559 4636
61592 4637
61626 4638
61629 4639
61661 4640
61666 4641
61679 4642
61695 4643
61721 4644
61725 4645
61727 4646
61729 4647
61740 4648
61745 4649
61762 4650
61764 4651
61775 4652
61782 4653
61783 4654
61787 4655
61788 4656
61803 4657
61817 4658
61833 4659
61858 4660
61871 4661
61920 4662
61985 4663
61989 4664
62027 4665
62028 4666
62029 4667
62038 4668
62039 4669
62042 4670
62046 4671
62055 4672
62089 4673
62105 4674
62122 4675
62132 4676
62138 4677
62141 4678
62143 4679
62145 4680
62156 4681
62160 4682
62161 4683
62181 4684
62189 4685
62199 4686
62207 4687
62223 4688
62229 4689
62237 4690
62248 4691
62251 4692
62282 4693
62311 4694
62334 4695
62364 4696
62370 4697
62372 4698
62375 4699
62377 4700
62379 4701
62386 4702
62415 4703
62419 4704
62420 4705
62446 4706
62468 4707
62500 4708
62512 4709
62514 4710
62522 4711
62527 4712
62530 4713
62532 4714
62553 4715
62571 4716
62573 4717
62576 4718
62577 4719
62594 4720
62602 4721
62604 4722
62632 4723
62644 4724
62666 4725
62681 4726
62691 4727
62693 4728
62706 4729
62721 4730
62745 4731
62770 4732
62788 4733
62804 4734
62806 4735
62827 4736
62882 4737
62904 4738
62911 4739
62920 4740
62959 4741
62970 4742
62975 4743
62995 4744
63012 4745
63044 4746
63053 4747
63059 4748
63070 4749
63073 4750
63078 4751
63079 4752
63152 4753
63157 4754
63168 4755
63192 4756
63196 4757
63272 4758
63273 4759
63314 4760
63370 4761
63414 4762
63418 4763
63425 4764
63430 4765
63457 4766
63470 4767
63482 4768
63492 4769
63519 4770
63526 4771
63527 4772
63541 4773
63557 4774
63561 4775
63564 4776
63566 4777
63570 4778
63596 4779
63615 4780
63617 4781
63627 4782
63629 4783
63630 4784
63651 4785
63654 4786
63684 4787
63741 4788
63746 4789
63748 4790
63756 4791
63788 4792
63842 4793
63853 4794
63880 4795
63911 4796
63916 4797
63917 4798
63936 4799
63942 4800
63963 4801
63969 4802
64003 4803
64024 4804
64026 4805
64041 4806
64069 4807
64071 4808
64075 4809
64080 4810
64083 4811
64089 4812
64094 4813
64097 4814
64105 4815
64115 4816
64121 4817
64127 4818
64136 4819
64137 4820
64155 4821
64161 4822
64185 4823
64186 4824
64198 4825
64215 4826
64229 4827
64271 4828
64304 4829
64313 4830
64335 4831
64352 4832
64353 4833
64428 4834
64433 4835
64508 4836
64528 4837
64537 4838
64539 4839
64542 4840
64556 4841
64560 4842
64573 4843
64580 4844
64584 4845
64593 4846
64599 4847
64610 4848
64618 4849
64621 4850
64639 4851
64640 4852
64648 4853
64657 4854
64663 4855
64670 4856
64674 4857
64704 4858
64712 4859
64716 4860
64752 4861
64772 4862
64776 4863
64780 4864
64788 4865
64812 4866
64821 4867
64847 4868
64852 4869
64864 4870
64868 4871
64881 4872
64885 4873
64886 4874
64890 4875
64938 4876
64939 4877
64946 4878
64958 4879
64963 4880
64971 4881
64980 4882
64985 4883
65009 4884
65062 4885
65069 4886
65081 4887
65083 4888
65103 4889
65141 4890
65142 4891
65171 4892
65188 4893
65194 4894
65195 4895
65204 4896
65207 4897
65222 4898
65227 4899
65237 4900
65257 4901
65264 4902
65274 4903
65299 4904
65315 4905
65364 4906
65415 4907
65419 4908
65429 4909
65478 4910
65485 4911
65502 4912
65519 4913
65553 4914
65563 4915
65565 4916
65567 4917
65579 4918
65596 4919
65603 4920
65606 4921
65615 4922
65630 4923
65633 4924
65636 4925
65650 4926
65682 4927
65687 4928
65688 4929
65707 4930
65728 4931
65748 4932
65808 4933
65811 4934
65841 4935
65846 4936
65850 4937
65871 4938
65881 4939
65890 4940
65891 4941
65923 4942
65925 4943
65932 4944
65945 4945
65957 4946
66027 4947
66045 4948
66054 4949
66063 4950
66111 4951
66116 4952
66129 4953
66130 4954
66136 4955
66140 4956
66151 4957
66167 4958
66194 4959
66214 4960
66220 4961
66258 4962
66269 4963
66295 4964
66313 4965
66321 4966
66326 4967
66336 4968
66372 4969
66377 4970
66392 4971
66430 4972
66437 4973
66450 4974
66466 4975
66469 4976
66471 4977
66472 4978
66481 4979
66494 4980
66516 4981
66541 4982
66565 4983
66590 4984
66605 4985
66606 4986
66610 4987
66638 4988
66646 4989
66667 4990
66669 4991
66672 4992
66706 4993
66710 4994
66717 4995
66719 4996
66747 4997
66766 4998
66767 4999
66770 5000
66782 5001
66826 5002
66837 5003
66842 5004
66856 5005
66871 5006
66890 5007
66891 5008
66909 5009
66918 5010
66924 5011
66925 5012
66954 5013
66965 5014
66988 5015
67026 5016
67044 5017
67078 5018
67100 5019
67110 5020
67119 5021
67149 5022
67185 5023
67193 5024
67202 5025
67223 5026
67232 5027
67235 5028
67251 5029
67300 5030
67302 5031
67311 5032
67320 5033
67324 5034
67349 5035
67404 5036
67414 5037
67431 5038
67438 5039
67440 5040
67450 5041
67457 5042
67460 5043
67466 5044
67473 5045
67496 5046
67511 5047
67516 5048
67561 5049
67563 5050
67572 5051
67586 5052
67598 5053
67609 5054
67610 5055
67617 5056
67630 5057
67633 5058
67645 5059
67662 5060
67678 5061
67687 5062
67698 5063
67700 5064
67703 5065
67740 5066
67807 5067
67882 5068
67900 5069
67913 5070
67928 5071
67945 5072
67957 5073
67961 5074
67994 5075
67995 5076
68005 5077
68010 5078
68013 5079
68026 5080
68027 5081
68035 5082
68036 5083
68057 5084
68097 5085
68108 5086
68115 5087
68120 5088
68127 5089
68128 5090
68139 5091
68163 5092
68195 5093
68200 5094
68232 5095
68240 5096
68263 5097
68274 5098
68276 5099
68295 5100
68340 5101
68373 5102
68374 5103
68385 5104
68388 5105
68471 5106
68515 5107
68527 5108
68532 5109
68533 5110
68561 5111
68564 5112
68570 5113
68571 5114
68592 5115
68595 5116
68612 5117
68618 5118
68672 5119
68685 5120
68690 5121
68698 5122
68706 5123
68720 5124
68724 5125
68735 5126
68740 5127
68745 5128
68751 5129
68756 5130
68759 5131
68766 5132
68774 5133
68777 5134
68801 5135
68802 5136
68835 5137
68859 5138
68863 5139
68867 5140
68880 5141
68881 5142
68882 5143
68893 5144
68897 5145
68927 5146
68945 5147
68946 5148
68951 5149
68961 5150
69005 5151
69013 5152
69016 5153
69031 5154
69042 5155
69052 5156
69068 5157
69075 5158
69077 5159
69084 5160
69093 5161
69095 5162
69096 5163
69106 5164
69108 5165
69146 5166
69150 5167
69165 5168
69175 5169
69202 5170
69225 5171
69230 5172
69235 5173
69236 5174
69276 5175
69286 5176
69296 5177
69298 5178
69314 5179
69324 5180
69342 5181
69357 5182
69358 5183
69360 5184
69363 5185
69410 5186
69434 5187
69463 5188
69493 5189
69499 5190
69505 5191
69513 5192
69516 5193
69522 5194
69538 5195
69573 5196
69586 5197
69597 5198
69599 5199
69600 5200
69601 5201
69609 5202
69629 5203
69690 5204
69707 5205
69729 5206
69731 5207
69789 5208
69845 5209
69849 5210
69857 5211
69858 5212
69878 5213
69883 5214
69885 5215
69892 5216
69905 5217
69911 5218
69919 5219
69944 5220
69951 5221
69953 5222
69985 5223
70018 5224
70050 5225
70071 5226
70073 5227
70101 5228
70103 5229
70110 5230
70118 5231
70124 5232
70129 5233
70133 5234
70134 5235
70154 5236
70179 5237
70182 5238
70187 5239
70188 5240
70206 5241
70217 5242
70227 5243
70231 5244
70253 5245
70256 5246
70284 5247
70300 5248
70331 5249
70366 5250
70368 5251
70370 5252
70396 5253
70423 5254
70437 5255
70465 5256
70471 5257
70472 5258
70475 5259
70476 5260
70492 5261
70507 5262
70517 5263
70521 5264
70530 5265
70533 5266
70542 5267
70550 5268
70553 5269
70569 5270
70598 5271
70611 5272
70628 5273
70630 5274
70644 5275
70659 5276
70665 5277
70669 5278
70730 5279
70766 5280
70769 5281
70786 5282
70798 5283
70808 5284
70812 5285
70819 5286
70821 5287
70847 5288
70849 5289
70873 5290
70875 5291
70879 5292
70885 5293
70892 5294
70897 5295
70912 5296
70942 5297
70956 5298
70970 5299
70990 5300
71023 5301
71035 5302
71049 5303
71051 5304
71093 5305
71109 5306
71110 5307
71124 5308
71138 5309
71193 5310
71226 5311
71243 5312
71267 5313
71275 5314
71291 5315
71305 5316
71308 5317
71310 5318
71315 5319
71329 5320
71346 5321
71358 5322
71400 5323
71405 5324
71421 5325
71425 5326
71445 5327
71456 5328
71462 5329
71466 5330
71496 5331
71512 5332
71523 5333
71533 5334
71542 5335
71570 5336
71574 5337
71596 5338
71660 5339
71663 5340
71682 5341
71691 5342
71718 5343
71722 5344
71740 5345
71754 5346
71764 5347
71765 5348
71770 5349
71786 5350
71800 5351
71812 5352
71859 5353
71861 5354
71863 5355
71878 5356
71899 5357
71912 5358
71940 5359
71946 5360
71950 5361
71961 5362
71979 5363
71991 5364
71997 5365
72000 5366
72044 5367
72057 5368
72078 5369
72098 5370
72102 5371
72110 5372
72119 5373
72127 5374
72143 5375
72153 5376
72158 5377
72169 5378
72183 5379
72185 5380
72206 5381
72227 5382
72248 5383
72260 5384
72265 5385
72274 5386
72277 5387
72283 5388
72304 5389
72312 5390
72333 5391
72463 5392
72474 5393
72511 5394
72524 5395
72553 5396
72564 5397
72580 5398
72587 5399
72604 5400
72645 5401
72647 5402
72650 5403
72678 5404
72686 5405
72689 5406
72690 5407
72729 5408
72737 5409
72746 5410
72751 5411
72785 5412
72820 5413
72834 5414
72842 5415
72854 5416
72858 5417
72865 5418
72874 5419
72876 5420
72891 5421
72898 5422
72901 5423
72918 5424
72927 5425
72929 5426
72941 5427
72950 5428
72951 5429
72964 5430
72982 5431
72983 5432
72997 5433
73005 5434
73009 5435
73031 5436
73040 5437
73051 5438
73060 5439
73069 5440
73072 5441
73080 5442
73092 5443
73097 5444
73107 5445
73131 5446
73140 5447
73143 5448
73148 5449
73149 5450
73161 5451
73166 5452
73175 5453
73213 5454
73218 5455
73228 5456
73231 5457
73243 5458
73252 5459
73257 5460
73315 5461
73318 5462
73344 5463
73349 5464
73379 5465
73397 5466
73424 5467
73452 5468
73468 5469
73475 5470
73504 5471
73541 5472
73545 5473
73547 5474
73555 5475
73564 5476
73565 5477
73592 5478
73608 5479
73618 5480
73642 5481
73644 5482
73647 5483
73669 5484
73675 5485
73691 5486
73726 5487
73732 5488
73772 5489
73788 5490
73790 5491
73798 5492
73800 5493
73812 5494
73818 5495
73838 5496
73839 5497
73856 5498
73858 5499
73863 5500
73878 5501
73888 5502
73890 5503
73904 5504
73906 5505
73920 5506
73926 5507
73933 5508
73951 5509
73973 5510
73998 5511
74007 5512
74016 5513
74021 5514
74023 5515
74045 5516
74046 5517
74054 5518
74078 5519
74081 5520
74083 5521
74104 5522
74108 5523
74111 5524
74117 5525
74125 5526
74128 5527
74156 5528
74164 5529
74190 5530
74191 5531
74194 5532
74209 5533
74212 5534
74223 5535
74224 5536
74235 5537
74244 5538
74249 5539
74250 5540
74260 5541
74263 5542
74272 5543
74274 5544
74277 5545
74312 5546
74326 5547
74366 5548
74373 5549
74406 5550
74407 5551
74411 5552
74425 5553
74441 5554
74443 5555
74449 5556
74500 5557
74536 5558
74546 5559
74551 5560
74594 5561
74598 5562
74603 5563
74606 5564
74623 5565
74628 5566
74662 5567
74689 5568
74698 5569
74708 5570
74716 5571
74742 5572
74778 5573
74787 5574
74792 5575
74862 5576
74876 5577
74883 5578
74889 5579
74891 5580
74904 5581
74921 5582
74925 5583
74941 5584
74947 5585
74971 5586
74992 5587
75001 5588
75012 5589
75022 5590
75028 5591
75031 5592
75033 5593
75048 5594
75059 5595
75092 5596
75100 5597
75115 5598
75126 5599
75127 5600
75132 5601
75149 5602
75156 5603
75163 5604
75174 5605
75178 5606
75185 5607
75187 5608
75206 5609
75208 5610
75209 5611
75223 5612
75227 5613
75238 5614
75245 5615
75313 5616
75324 5617
75325 5618
75327 5619
75401 5620
75416 5621
75435 5622
75447 5623
75453 5624
75461 5625
75463 5626
75468 5627
75500 5628
75520 5629
75541 5630
75544 5631
75572 5632
75586 5633
75596 5634
75600 5635
75602 5636
75620 5637
75627 5638
75638 5639
75642 5640
75645 5641
75656 5642
75661 5643
75676 5644
75690 5645
75719 5646
75746 5647
75759 5648
75761 5649
75779 5650
75822 5651
75861 5652
75883 5653
75890 5654
75891 5655
75905 5656
75912 5657
75915 5658
75920 5659
75921 5660
75936 5661
75952 5662
75961 5663
75984 5664
75993 5665
76007 5666
76020 5667
76024 5668
76064 5669
76071 5670
76075 5671
76079 5672
76085 5673
76094 5674
76098 5675
76117 5676
76119 5677
76122 5678
76139 5679
76150 5680
76170 5681
76194 5682
76197 5683
76216 5684
76236 5685
76251 5686
76280 5687
76298 5688
76310 5689
76316 5690
76338 5691
76340 5692
76361 5693
76372 5694
76385 5695
76407 5696
76423 5697
76426 5698
76432 5699
76448 5700
76481 5701
76507 5702
76536 5703
76546 5704
76558 5705
76574 5706
76593 5707
76617 5708
76626 5709
76637 5710
76651 5711
76657 5712
76676 5713
76677 5714
76682 5715
76683 5716
76715 5717
76717 5718
76722 5719
76770 5720
76775 5721
76792 5722
76796 5723
76800 5724
76813 5725
76818 5726
76834 5727
76865 5728
76901 5729
76906 5730
76942 5731
76945 5732
76988 5733
77016 5734
77068 5735
77098 5736
77111 5737
77127 5738
77128 5739
77133 5740
77141 5741
77143 5742
77147 5743
77150 5744
77184 5745
77193 5746
77215 5747
77232 5748
77237 5749
77249 5750
77272 5751
77323 5752
77336 5753
77350 5754
77358 5755
77367 5756
77395 5757
77429 5758
77438 5759
77462 5760
77477 5761
77479 5762
77507 5763
77510 5764
77522 5765
77528 5766
77529 5767
77530 5768
77539 5769
77561 5770
77584 5771
77605 5772
77614 5773
77628 5774
77639 5775
77650 5776
77659 5777
77671 5778
77682 5779
77690 5780
77717 5781
77718 5782
77719 5783
77728 5784
77756 5785
77759 5786
77786 5787
77802 5788
77807 5789
77809 5790
77845 5791
77884 5792
77917 5793
77931 5794
77945 5795
77977 5796
77985 5797
77989 5798
77999 5799
78000 5800
78009 5801
78019 5802
78037 5803
78047 5804
78059 5805
78074 5806
78084 5807
78094 5808
78108 5809
78129 5810
78146 5811
78151 5812
78152 5813
78158 5814
78172 5815
78175 5816
78188 5817
78189 5818
78198 5819
78211 5820
78247 5821
78277 5822
78279 5823
78293 5824
78319 5825
78328 5826
78330 5827
78345 5828
78355 5829
78356 5830
78381 5831
78385 5832
78408 5833
78439 5834
78447 5835
78453 5836
78469 5837
78471 5838
78472 5839
78485 5840
78488 5841
78496 5842
78498 5843
78502 5844
78503 5845
78505 5846
78521 5847
78553 5848
78572 5849
78602 5850
78684 5851
78697 5852
78702 5853
78714 5854
78725 5855
78736 5856
78801 5857
78803 5858
78822 5859
78831 5860
78853 5861
78867 5862
78884 5863
78903 5864
78908 5865
78963 5866
79029 5867
79042 5868
79050 5869
79109 5870
79114 5871
79119 5872
79120 5873
79139 5874
79143 5875
79159 5876
79164 5877
79165 5878
79166 5879
79183 5880
79186 5881
79187 5882
79188 5883
79199 5884
79232 5885
79263 5886
79272 5887
79308 5888
79312 5889
79315 5890
79332 5891
79335 5892
79338 5893
79339 5894
79357 5895
79376 5896
79377 5897
79387 5898
79418 5899
79424 5900
79435 5901
79440 5902
79453 5903
79476 5904
79479 5905
79491 5906
79492 5907
79506 5908
79517 5909
79521 5910
79523 5911
79530 5912
79541 5913
79551 5914
79556 5915
79562 5916
79590 5917
79597 5918
79603 5919
79612 5920
79631 5921
79637 5922
79644 5923
79648 5924
79684 5925
79696 5926
79700 5927
79732 5928
79740 5929
79772 5930
79778 5931
79787 5932
79791 5933
79799 5934
79814 5935
79836 5936
79853 5937
79864 5938
79897 5939
79909 5940
79927 5941
79934 5942
79942 5943
79944 5944
79945 5945
79948 5946
79955 5947
79964 5948
79979 5949
79983 5950
79987 5951
79994 5952
80007 5953
80013 5954
80033 5955
80041 5956
80067 5957
80069 5958
80085 5959
80100 5960
80125 5961
80127 5962
80133 5963
80138 5964
80172 5965
80179 5966
80193 5967
80200 5968
80203 5969
80204 5970
80221 5971
80241 5972
80281 5973
80301 5974
80305 5975
80330 5976
80359 5977
80360 5978
80366 5979
80367 5980
80371 5981
80376 5982
80380 5983
80385 5984
80390 5985
80394 5986
80408 5987
80417 5988
80439 5989
80466 5990
80469 5991
80481 5992
80484 5993
80507 5994
80508 5995
80513 5996
80534 5997
80537 5998
80556 5999
80561 6000
80562 6001
80592 6002
80618 6003
80665 6004
80671 6005
80700 6006
80727 6007
80732 6008
80736 6009
80738 6010
80766 6011
80793 6012
80810 6013
80816 6014
80817 6015
80828 6016
80838 6017
80839 6018
80861 6019
80866 6020
80907 6021
80933 6022
80938 6023
80959 6024
80978 6025
81029 6026
81038 6027
81046 6028
81060 6029
81069 6030
81078 6031
81082 6032
81090 6033
81117 6034
81124 6035
81162 6036
81177 6037
81256 6038
81263 6039
81276 6040
81277 6041
81283 6042
81324 6043
81328 6044
81336 6045
81350 6046
81377 6047
81405 6048
81413 6049
81415 6050
81416 6051
81427 6052
81450 6053
81483 6054
81514 6055
81548 6056
81562 6057
81565 6058
81599 6059
81602 6060
81629 6061
81644 6062
81660 6063
81671 6064
81673 6065
81684 6066
81694 6067
81700 6068
81713 6069
81731 6070
81761 6071
81773 6072
81793 6073
81794 6074
81842 6075
81851 6076
81860 6077
81864 6078
81876 6079
81907 6080
81909 6081
81952 6082
81963 6083
81979 6084
81993 6085
82003 6086
82005 6087
82011 6088
82012 6089
82014 6090
82031 6091
82037 6092
82061 6093
82069 6094
82087 6095
82103 6096
82112 6097
82157 6098
82176 6099
82179 6100
82198 6101
82201 6102
82202 6103
82208 6104
82217 6105
82220 6106
82242 6107
82245 6108
82264 6109
82293 6110
82323 6111
82325 6112
82334 6113
82346 6114
82356 6115
82361 6116
82371 6117
82375 6118
82445 6119
82459 6120
82478 6121
82484 6122
82492 6123
82496 6124
82506 6125
82515 6126
82535 6127
82537 6128
82567 6129
82572 6130
82575 6131
82580 6132
82584 6133
82597 6134
82604 6135
82641 6136
82655 6137
82657 6138
82677 6139
82691 6140
82707 6141
82733 6142
82770 6143
82777 6144
82778 6145
82788 6146
82789 6147
82791 6148
82813 6149
82839 6150
82858 6151
82863 6152
82888 6153
82891 6154
82934 6155
82938 6156
82957 6157
82968 6158
82997 6159
83001 6160
83018 6161
83023 6162
83045 6163
83063 6164
83088 6165
83092 6166
83103 6167
83111 6168
83115 6169
83125 6170
83128 6171
83131 6172
83132 6173
83133 6174
83140 6175
83160 6176
83181 6177
83203 6178
83215 6179
83224 6180
83250 6181
83257 6182
83261 6183
83266 6184
83270 6185
83278 6186
83296 6187
83311 6188
83324 6189
83339 6190
83340 6191
83403 6192
83408 6193
83411 6194
83436 6195
83442 6196
83452 6197
83460 6198
83469 6199
83484 6200
83490 6201
83529 6202
83531 6203
83559 6204
83563 6205
83572 6206
83573 6207
83587 6208
83598 6209
83612 6210
83617 6211
83625 6212
83632 6213
83642 6214
83646 6215
83655 6216
83668 6217
83669 6218
83719 6219
83732 6220
83739 6221
83752 6222
83761 6223
83765 6224
83776 6225
83827 6226
83875 6227
83878 6228
83925 6229
83940 6230
84003 6231
84019 6232
84022 6233
84050 6234
84055 6235
84057 6236
84059 6237
84065 6238
84074 6239
84099 6240
84108 6241
84120 6242
84126 6243
84129 6244
84134 6245
84145 6246
84150 6247
84157 6248
84158 6249
84159 6250
84208 6251
84212 6252
84228 6253
84231 6254
84232 6255
84236 6256
84257 6257
84296 6258
84297 6259
84316 6260
84329 6261
84330 6262
84339 6263
84363 6264
84394 6265
84397 6266
84434 6267
84448 6268
84455 6269
84478 6270
84497 6271
84498 6272
84506 6273
84507 6274
84508 6275
84545 6276
84563 6277
84581 6278
84591 6279
84594 6280
84598 6281
84605 6282
84610 6283
84614 6284
84635 6285
84640 6286
84644 6287
84649 6288
84660 6289
84667 6290
84680 6291
84722 6292
84759 6293
84768 6294
84830 6295
84841 6296
84862 6297
84867 6298
84885 6299
84887 6300
84890 6301
84902 6302
84913 6303
84945 6304
84979 6305
84993 6306
85008 6307
85022 6308
85041 6309
85043 6310
85057 6311
85068 6312
85074 6313
85090 6314
85092 6315
85096 6316
85120 6317
85138 6318
85150 6319
85151 6320
85172 6321
85174 6322
85179 6323
85184 6324
85193 6325
85196 6326
85208 6327
85222 6328
85223 6329
85263 6330
85266 6331
85308 6332
85329 6333
85377 6334
85378 6335
85388 6336
85393 6337
85402 6338
85413 6339
85416 6340
85426 6341
85437 6342
85455 6343
85472 6344
85478 6345
85482 6346
85492 6347
85515 6348
85543 6349
85604 6350
85611 6351
85614 6352
85617 6353
85625 6354
85638 6355
85640 6356
85642 6357
85672 6358
85675 6359
85707 6360
85715 6361
85724 6362
85729 6363
85733 6364
85738 6365
85757 6366
85758 6367
85762 6368
85767 6369
85768 6370
85780 6371
85803 6372
85804 6373
85814 6374
85815 6375
85818 6376
85839 6377
85865 6378
85873 6379
85876 6380
85887 6381
85888 6382
85891 6383
85892 6384
85893 6385
85911 6386
85943 6387
85951 6388
85977 6389
85980 6390
86036 6391
86044 6392
86048 6393
86057 6394
86077 6395
86097 6396
86108 6397
86119 6398
86136 6399
86150 6400
86174 6401
86180 6402
86186 6403
86197 6404
86199 6405
86234 6406
86235 6407
86249 6408
86263 6409
86264 6410
86282 6411
86286 6412
86302 6413
86308 6414
86331 6415
86353 6416
86364 6417
86368 6418
86369 6419
86378 6420
86398 6421
86400 6422
86437 6423
86438 6424
86439 6425
86442 6426
86444 6427
86508 6428
86531 6429
86544 6430
86549 6431
86552 6432
86638 6433
86649 6434
86655 6435
86684 6436
86723 6437
86736 6438
86738 6439
86755 6440
86756 6441
86767 6442
86770 6443
86772 6444
86773 6445
86811 6446
86822 6447
86823 6448
86827 6449
86846 6450
86847 6451
86874 6452
86904 6453
86916 6454
86926 6455
86930 6456
86934 6457
86952 6458
86954 6459
86957 6460
86964 6461
86973 6462
86983 6463
87003 6464
87010 6465
87034 6466
87041 6467
87042 6468
87059 6469
87068 6470
87085 6471
87119 6472
87139 6473
87148 6474
87161 6475
87176 6476
87199 6477
87201 6478
87202 6479
87205 6480
87223 6481
87226 6482
87236 6483
87249 6484
87251 6485
87309 6486
87316 6487
87318 6488
87321 6489
87331 6490
87342 6491
87343 6492
87360 6493
87370 6494
87373 6495
87397 6496
87399 6497
87415 6498
87430 6499
87431 6500
87439 6501
87445 6502
87457 6503
87485 6504
87491 6505
87495 6506
87511 6507
87520 6508
87542 6509
87547 6510
87551 6511
87570 6512
87575 6513
87593 6514
87594 6515
87610 6516
87625 6517
87641 6518
87646 6519
87648 6520
87653 6521
87661 6522
87671 6523
87683 6524
87690 6525
87695 6526
87705 6527
87720 6528
87732 6529
87734 6530
87737 6531
87763 6532
87787 6533
87788 6534
87790 6535
87792 6536
87819 6537
87830 6538
87844 6539
87881 6540
87887 6541
87889 6542
87892 6543
87893 6544
87895 6545
87917 6546
87938 6547
87946 6548
87950 6549
87952 6550
87954 6551
87962 6552
87966 6553
87972 6554
87988 6555
88028 6556
88096 6557
88104 6558
88109 6559
88115 6560
88162 6561
88185 6562
88203 6563
88206 6564
88254 6565
88258 6566
88266 6567
88286 6568
88294 6569
88307 6570
88310 6571
88316 6572
88340 6573
88348 6574
88352 6575
88368 6576
88384 6577
88387 6578
88402 6579
88447 6580
88496 6581
88502 6582
88510 6583
88525 6584
88535 6585
88603 6586
88612 6587
88613 6588
88633 6589
88650 6590
88663 6591
88675 6592
88684 6593
88689 6594
88691 6595
88695 6596
88698 6597
88703 6598
88704 6599
88711 6600
88729 6601
88752 6602
88779 6603
88787 6604
88795 6605
88808 6606
88822 6607
88825 6608
88845 6609
88855 6610
88859 6611
88862 6612
88864 6613
88870 6614
88893 6615
88906 6616
88920 6617
88958 6618
88971 6619
88974 6620
88985 6621
88987 6622
89048 6623
89091 6624
89129 6625
89143 6626
89150 6627
89157 6628
89159 6629
89165 6630
89166 6631
89177 6632
89213 6633
89218 6634
89219 6635
89248 6636
89256 6637
89268 6638
89286 6639
89306 6640
89308 6641
89313 6642
89318 6643
89321 6644
89326 6645
89351 6646
89366 6647
89387 6648
89424 6649
89445 6650
89450 6651
89458 6652
89467 6653
89502 6654
89514 6655
89528 6656
89534 6657
89547 6658
89558 6659
89559 6660
89580 6661
89581 6662
89585 6663
89589 6664
89593 6665
89634 6666
89641 6667
89649 6668
89656 6669
89661 6670
89666 6671
89676 6672
89696 6673
89701 6674
89705 6675
89716 6676
89800 6677
89808 6678
89814 6679
89828 6680
89851 6681
89869 6682
89887 6683
89902 6684
89913 6685
89916 6686
89934 6687
89941 6688
89971 6689
89977 6690
89986 6691
89992 6692
90002 6693
90014 6694
90019 6695
90050 6696
90053 6697
90066 6698
90086 6699
90101 6700
90131 6701
90135 6702
90150 6703
90178 6704
90204 6705
90207 6706
90226 6707
90251 6708
90280 6709
90319 6710
90346 6711
90356 6712
90370 6713
90383 6714
90410 6715
90411 6716
90416 6717
90419 6718
90429 6719
90432 6720
90465 6721
90475 6722
90485 6723
90515 6724
90531 6725
90553 6726
90576 6727
90603 6728
90640 6729
90643 6730
90652 6731
90655 6732
90663 6733
90670 6734
90683 6735
90685 6736
90695 6737
90697 6738
90725 6739
90727 6740
90728 6741
90734 6742
90744 6743
90763 6744
90785 6745
90798 6746
90801 6747
90830 6748
90871 6749
90887 6750
90897 6751
90905 6752
90915 6753
90916 6754
90945 6755
90947 6756
90961 6757
90964 6758
90969 6759
90972 6760
90973 6761
90978 6762
90997 6763
91009 6764
91036 6765
91066 6766
91072 6767
91078 6768
91079 6769
91091 6770
91093 6771
91094 6772
91120 6773
91146 6774
91156 6775
91162 6776
91170 6777
91184 6778
91203 6779
91263 6780
91270 6781
91281 6782
91285 6783
91299 6784
91307 6785
91316 6786
91330 6787
91341 6788
91357 6789
91391 6790
91392 6791
91424 6792
91433 6793
91437 6794
91460 6795
91474 6796
91487 6797
91489 6798
91506 6799
91507 6800
91511 6801
91537 6802
91538 6803
91539 6804
91541 6805
91568 6806
91573 6807
91582 6808
91593 6809
91597 6810
91604 6811
91610 6812
91618 6813
91623 6814
91634 6815
91639 6816
91666 6817
91677 6818
91683 6819
91685 6820
91687 6821
91689 6822
91707 6823
91734 6824
91741 6825
91745 6826
91764 6827
91765 6828
91784 6829
91786 6830
91790 6831
91805 6832
91815 6833
91821 6834
91832 6835
91843 6836
91852 6837
91859 6838
91876 6839
91898 6840
91945 6841
91967 6842
91969 6843
91975 6844
92001 6845
92020 6846
92027 6847
92034 6848
92037 6849
92039 6850
92061 6851
92066 6852
92078 6853
92083 6854
92084 6855
92088 6856
92103 6857
92106 6858
92114 6859
92115 6860
92140 6861
92147 6862
92158 6863
92161 6864
92162 6865
92179 6866
92192 6867
92194 6868
92209 6869
92218 6870
92221 6871
92244 6872
92249 6873
92254 6874
92259 6875
92270 6876
92300 6877
92311 6878
92323 6879
92335 6880
92352 6881
92379 6882
92381 6883
92393 6884
92420 6885
92451 6886
92462 6887
92493 6888
92495 6889
92519 6890
92520 6891
92551 6892
92562 6893
92565 6894
92568 6895
92608 6896
92621 6897
92633 6898
92650 6899
92663 6900
92674 6901
92690 6902
92712 6903
92744 6904
92775 6905
92780 6906
92819 6907
92828 6908
92855 6909
92858 6910
92864 6911
92866 6912
92867 6913
92874 6914
92878 6915
92881 6916
92899 6917
92907 6918
92908 6919
92915 6920
92931 6921
92936 6922
92953 6923
92968 6924
92969 6925
92996 6926
93002 6927
93008 6928
93028 6929
93044 6930
93065 6931
93073 6932
93076 6933
93089 6934
93124 6935
93127 6936
93134 6937
93169 6938
93197 6939
93208 6940
93252 6941
93254 6942
93255 6943
93262 6944
93274 6945
93276 6946
93277 6947
93280 6948
93288 6949
93307 6950
93310 6951
93320 6952
93326 6953
93328 6954
93343 6955
93362 6956
93365 6957
93367 6958
93375 6959
93377 6960
93378 6961
93392 6962
93437 6963
93440 6964
93458 6965
93472 6966
93474 6967
93509 6968
93514 6969
93526 6970
93532 6971
93542 6972
93551 6973
93594 6974
93615 6975
93648 6976
93666 6977
93702 6978
93720 6979
93723 6980
93727 6981
93744 6982
93762 6983
93765 6984
93772 6985
93781 6986
93788 6987
93812 6988
93820 6989
93821 6990
93849 6991
93864 6992
93873 6993
93892 6994
93894 6995
93931 6996
93935 6997
93950 6998
93982 6999
94008 7000
94015 7001
94027 7002
94035 7003
94043 7004
94048 7005
94057 7006
94068 7007
94077 7008
94087 7009
94114 7010
94158 7011
94197 7012
94204 7013
94216 7014
94217 7015
94234 7016
94258 7017
94261 7018
94280 7019
94292 7020
94316 7021
94343 7022
94352 7023
94357 7024
94364 7025
94390 7026
94396 7027
94397 7028
94437 7029
94463 7030
94474 7031
94500 7032
94516 7033
94529 7034
94556 7035
94560 7036
94596 7037
94631 7038
94642 7039
94646 7040
94686 7041
94698 7042
94712 7043
94730 7044
94737 7045
94741 7046
94743 7047
94746 7048
94748 7049
94749 7050
94765 7051
94791 7052
94792 7053
94797 7054
94823 7055
94842 7056
94852 7057
94859 7058
94861 7059
94865 7060
94877 7061
94893 7062
94896 7063
94900 7064
94918 7065
94920 7066
94976 7067
94979 7068
94984 7069
94986 7070
95024 7071
95040 7072
95042 7073
95075 7074
95077 7075
95097 7076
95098 7077
95122 7078
95125 7079
95130 7080
95151 7081
95153 7082
95158 7083
95197 7084
95203 7085
95237 7086
95238 7087
95251 7088
95255 7089
95269 7090
95279 7091
95302 7092
95311 7093
95338 7094
95345 7095
95346 7096
95357 7097
95358 7098
95361 7099
95362 7100
95381 7101
95406 7102
95412 7103
95415 7104
95422 7105
95431 7106
95433 7107
95447 7108
95459 7109
95476 7110
95480 7111
95504 7112
95516 7113
95543 7114
95560 7115
95590 7116
95597 7117
95608 7118
95616 7119
95635 7120
95658 7121
95676 7122
95697 7123
95712 7124
95719 7125
95722 7126
95750 7127
95752 7128
95755 7129
95759 7130
95764 7131
95780 7132
95803 7133
95822 7134
95828 7135
95830 7136
95835 7137
95867 7138
95878 7139
95888 7140
95892 7141
95936 7142
95950 7143
95952 7144
95957 7145
95987 7146
96021 7147
96055 7148
96061 7149
96100 7150
96106 7151
96113 7152
96131 7153
96143 7154
96174 7155
96182 7156
96184 7157
96196 7158
96214 7159
96237 7160
96242 7161
96257 7162
96268 7163
96286 7164
96287 7165
96297 7166
96356 7167
96359 7168
96365 7169
96367 7170
96377 7171
96401 7172
96442 7173
96499 7174
96510 7175
96555 7176
96570 7177
96580 7178
96588 7179
96602 7180
96604 7181
96611 7182
96651 7183
96699 7184
96709 7185
96724 7186
96734 7187
96750 7188
96761 7189
96780 7190
96791 7191
96806 7192
96821 7193
96845 7194
96868 7195
96871 7196
96921 7197
96925 7198
96927 7199
96931 7200
96937 7201
96950 7202
96970 7203
96971 7204
96983 7205
96989 7206
96998 7207
97016 7208
97019 7209
97033 7210
97039 7211
97047 7212
97054 7213
97073 7214
97080 7215
97091 7216
97119 7217
97133 7218
97150 7219
97171 7220
97180 7221
97182 7222
97184 7223
97186 7224
97201 7225
97216 7226
97227 7227
97250 7228
97252 7229
97300 7230
97313 7231
97355 7232
97363 7233
97371 7234
97373 7235
97376 7236
97391 7237
97396 7238
97416 7239
97433 7240
97440 7241
97443 7242
97449 7243
97474 7244
97475 7245
97486 7246
97501 7247
97515 7248
97529 7249
97577 7250
97587 7251
97589 7252
97601 7253
97611 7254
97621 7255
97672 7256
97689 7257
97738 7258
97740 7259
97788 7260
97791 7261
97802 7262
97830 7263
97846 7264
97869 7265
97873 7266
97878 7267
97904 7268
97925 7269
97931 7270
97936 7271
97938 7272
97949 7273
97951 7274
97976 7275
97987 7276
97988 7277
98009 7278
98028 7279
98053 7280
98054 7281
98061 7282
98077 7283
98083 7284
98092 7285
98118 7286
98133 7287
98149 7288
98201 7289
98202 7290
98203 7291
98233 7292
98243 7293
98257 7294
98258 7295
98267 7296
98280 7297
98284 7298
98289 7299
98295 7300
98341 7301
98342 7302
98343 7303
98347 7304
98356 7305
98363 7306
98373 7307
98383 7308
98403 7309
98422 7310
98443 7311
98452 7312
98463 7313
98474 7314
98492 7315
98493 7316
98494 7317
98536 7318
98559 7319
98586 7320
98589 7321
98594 7322
98595 7323
98606 7324
98608 7325
98639 7326
98641 7327
98645 7328
98662 7329
98679 7330
98698 7331
98720 7332
98730 7333
98734 7334
98738 7335
98758 7336
98759 7337
98770 7338
98779 7339
98781 7340
98784 7341
98788 7342
98820 7343
98823 7344
98897 7345
98933 7346
98944 7347
98954 7348
98963 7349
98974 7350
99009 7351
99011 7352
99028 7353
99030 7354
99032 7355
99033 7356
99034 7357
99043 7358
99044 7359
99047 7360
99052 7361
99059 7362
99073 7363
99075 7364
99083 7365
99084 7366
99096 7367
99099 7368
99102 7369
99103 7370
99106 7371
99109 7372
99141 7373
99148 7374
99156 7375
99162 7376
99164 7377
99175 7378
99177 7379
99190 7380
99204 7381
99208 7382
99223 7383
99238 7384
99249 7385
99281 7386
99282 7387
99295 7388
99306 7389
99319 7390
99328 7391
99330 7392
99335 7393
99348 7394
99367 7395
99390 7396
99394 7397
99407 7398
99412 7399
99444 7400
99445 7401
99469 7402
99474 7403
99479 7404
99482 7405
99487 7406
99492 7407
99520 7408
99528 7409
99558 7410
99567 7411
99568 7412
99578 7413
99588 7414
99597 7415
99602 7416
99627 7417
99635 7418
99661 7419
99679 7420
99701 7421
99712 7422
99758 7423
99778 7424
99790 7425
99791 7426
99797 7427
99802 7428
99823 7429
99835 7430
99836 7431
99852 7432
99858 7433
99872 7434
99874 7435
99875 7436
99885 7437
99886 7438
99898 7439
99947 7440
99980 7441
99981 7442
99985 7443
99986 7444
100001 7445
100020 7446
100039 7447
100046 7448
100070 7449
100076 7450
100111 7451
100114 7452
100138 7453
100141 7454
100157 7455
100159 7456
100163 7457
100184 7458
100191 7459
100193 7460
100202 7461
100206 7462
100213 7463
100219 7464
100226 7465
100240 7466
100271 7467
100302 7468
100308 7469
100310 7470
100311 7471
100334 7472
100364 7473
100375 7474
100382 7475
100390 7476
100391 7477
100419 7478
100426 7479
100442 7480
100494 7481
100524 7482
100525 7483
100547 7484
100553 7485
100579 7486
100594 7487
100599 7488
100609 7489
100620 7490
100636 7491
100637 7492
100638 7493
100639 7494
100644 7495
100646 7496
100647 7497
100660 7498
100667 7499
100670 7500
100678 7501
100699 7502
100701 7503
100713 7504
100721 7505
100735 7506
100751 7507
100757 7508
100769 7509
100837 7510
100851 7511
100862 7512
100894 7513
100897 7514
100923 7515
100929 7516
100958 7517
100959 7518
100985 7519
101001 7520
101006 7521
101031 7522
101056 7523
101058 7524
101059 7525
101067 7526
101075 7527
101094 7528
101112 7529
101120 7530
101129 7531
101138 7532
101141 7533
101161 7534
101167 7535
101198 7536
101206 7537
101213 7538
101223 7539
101246 7540
101249 7541
101255 7542
101264 7543
101298 7544
101316 7545
101332 7546
101333 7547
101348 7548
101355 7549
101377 7550
101382 7551
101387 7552
101408 7553
101413 7554
101430 7555
101433 7556
101454 7557
101466 7558
101486 7559
101514 7560
101522 7561
101527 7562
101532 7563
101539 7564
101544 7565
101567 7566
101605 7567
101622 7568
101658 7569
101677 7570
101700 7571
101715 7572
101717 7573
101739 7574
101750 7575
101767 7576
101797 7577
101833 7578
101859 7579
101869 7580
101870 7581
101881 7582
101903 7583
101940 7584
101941 7585
101946 7586
101949 7587
101957 7588
101971 7589
101973 7590
101983 7591
101988 7592
101992 7593
102020 7594
102034 7595
102038 7596
102044 7597
102072 7598
102104 7599
102114 7600
102144 7601
102153 7602
102175 7603
102176 7604
102228 7605
102232 7606
102235 7607
102251 7608
102265 7609
102286 7610
102288 7611
102289 7612
102294 7613
102297 7614
102308 7615
102320 7616
102348 7617
102357 7618
102367 7619
102391 7620
102393 7621
102407 7622
102445 7623
102455 7624
102470 7625
102483 7626
102499 7627
102547 7628
102552 7629
102563 7630
102568 7631
102575 7632
102576 7633
102578 7634
102590 7635
102593 7636
102596 7637
102607 7638
102629 7639
102630 7640
102634 7641
102661 7642
102662 7643
102666 7644
102674 7645
102675 7646
102701 7647
102703 7648
102721 7649
102726 7650
102736 7651
102775 7652
102778 7653
102793 7654
102798 7655
102816 7656
102827 7657
102836 7658
102867 7659
102880 7660
102942 7661
102953 7662
102960 7663
102966 7664
102977 7665
102980 7666
102988 7667
103013 7668
103032 7669
103038 7670
103043 7671
103069 7672
103079 7673
103085 7674
103093 7675
103108 7676
103139 7677
103140 7678
103143 7679
103161 7680
103163 7681
103170 7682
103185 7683
103190 7684
103232 7685
103238 7686
103243 7687
103246 7688
103247 7689
103252 7690
103321 7691
103332 7692
103367 7693
103393 7694
103409 7695
103442 7696
103449 7697
103452 7698
103460 7699
103507 7700
103511 7701
103521 7702
103525 7703
103537 7704
103576 7705
103589 7706
103605 7707
103628 7708
103690 7709
103698 7710
103713 7711
103714 7712
103717 7713
103718 7714
103724 7715
103753 7716
103770 7717
103808 7718
103827 7719
103839 7720
103849 7721
103864 7722
103893 7723
103904 7724
103910 7725
103924 7726
103944 7727
103956 7728
103984 7729
103989 7730
104001 7731
104039 7732
104054 7733
104058 7734
104071 7735
104091 7736
104094 7737
104108 7738
104146 7739
104163 7740
104184 7741
104193 7742
104194 7743
104246 7744
104257 7745
104267 7746
104299 7747
104307 7748
104312 7749
104313 7750
104324 7751
104339 7752
104348 7753
104352 7754
104368 7755
104383 7756
104392 7757
104393 7758
104409 7759
104414 7760
104416 7761
104436 7762
104439 7763
104441 7764
104448 7765
104454 7766
104463 7767
104483 7768
104496 7769
104497 7770
104503 7771
104507 7772
104508 7773
104516 7774
104541 7775
104543 7776
104572 7777
104573 7778
104576 7779
104580 7780
104593 7781
104602 7782
104611 7783
104612 7784
104636 7785
104654 7786
104660 7787
104664 7788
104687 7789
104692 7790
104740 7791
104777 7792
104783 7793
104801 7794
104804 7795
104883 7796
104897 7797
104898 7798
104900 7799
104906 7800
104912 7801
104934 7802
104941 7803
104949 7804
104950 7805
104955 7806
104967 7807
104968 7808
105046 7809
105051 7810
105058 7811
105060 7812
105063 7813
105065 7814
105085 7815
105087 7816
105090 7817
105097 7818
105112 7819
105129 7820
105160 7821
105164 7822
105181 7823
105183 7824
105206 7825
105214 7826
105232 7827
105239 7828
105248 7829
105251 7830
105269 7831
105288 7832
105299 7833
105302 7834
105306 7835
105322 7836
105332 7837
105341 7838
105347 7839
105368 7840
105372 7841
105388 7842
105414 7843
105425 7844
105428 7845
105444 7846
105466 7847
105476 7848
105498 7849
105507 7850
105511 7851
105513 7852
105515 7853
105544 7854
105558 7855
105561 7856
105565 7857
105566 7858
105568 7859
105577 7860
105587 7861
105595 7862
105608 7863
105633 7864
105640 7865
105663 7866
105675 7867
105703 7868
105711 7869
105742 7870
105771 7871
105810 7872
105822 7873
105847 7874
105860 7875
105872 7876
105875 7877
105897 7878
105908 7879
105914 7880
105935 7881
105947 7882
105954 7883
105956 7884
105958 7885
105987 7886
106002 7887
106007 7888
106013 7889
106015 7890
106023 7891
106027 7892
106072 7893
106091 7894
106092 7895
106098 7896
106105 7897
106112 7898
106115 7899
106117 7900
106124 7901
106136 7902
106149 7903
106160 7904
106161 7905
106165 7906
106203 7907
106218 7908
106261 7909
106273 7910
106275 7911
106301 7912
106311 7913
106319 7914
106342 7915
106343 7916
106351 7917
106358 7918
106405 7919
106411 7920
106434 7921
106454 7922
106503 7923
106504 7924
106516 7925
106527 7926
106563 7927
106580 7928
106584 7929
106607 7930
106621 7931
106627 7932
106629 7933
106659 7934
106667 7935
106697 7936
106700 7937
106713 7938
106718 7939
106746 7940
106791 7941
106794 7942
106813 7943
106822 7944
106828 7945
106840 7946
106863 7947
106866 7948
106881 7949
106898 7950
106903 7951
106932 7952
106936 7953
106962 7954
106990 7955
107027 7956
107035 7957
107043 7958
107048 7959
107049 7960
107052 7961
107076 7962
107095 7963
107136 7964
107157 7965
107159 7966
107162 7967
107163 7968
107190 7969
107200 7970
107209 7971
107210 7972
107214 7973
107229 7974
107230 7975
107236 7976
107238 7977
107242 7978
107290 7979
107302 7980
107315 7981
107322 7982
107327 7983
107348 7984
107359 7985
107362 7986
107440 7987
107442 7988
107455 7989
107469 7990
107480 7991
107482 7992
107496 7993
107502 7994
107505 7995
107554 7996
107569 7997
107583 7998
107585 7999
107591 8000
107617 8001
107625 8002
107626 8003
107632 8004
107652 8005
107655 8006
107673 8007
107675 8008
107679 8009
107700 8010
107704 8011
107735 8012
107759 8013
107765 8014
107772 8015
107785 8016
107795 8017
107823 8018
107836 8019
107867 8020
107869 8021
107889 8022
107903 8023
107920 8024
107934 8025
107945 8026
107961 8027
107965 8028
107981 8029
108007 8030
108016 8031
108027 8032
108039 8033
108051 8034
108060 8035
108111 8036
108116 8037
108119 8038
108130 8039
108144 8040
108176 8041
108179 8042
108187 8043
108201 8044
108202 8045
108204 8046
108210 8047
108228 8048
108272 8049
108279 8050
108292 8051
108316 8052
108319 8053
108324 8054
108344 8055
108348 8056
108355 8057
108371 8058
108404 8059
108456 8060
108460 8061
108472 8062
108506 8063
108533 8064
108546 8065
108549 8066
108550 8067
108555 8068
108566 8069
108593 8070
108613 8071
108641 8072
108651 8073
108679 8074
108686 8075
108687 8076
108700 8077
108709 8078
108712 8079
108716 8080
108717 8081
108744 8082
108750 8083
108751 8084
108761 8085
108793 8086
108795 8087
108808 8088
108826 8089
108829 8090
108844 8091
108880 8092
108881 8093
108909 8094
108915 8095
108928 8096
108939 8097
108945 8098
108951 8099
109024 8100
109028 8101
109034 8102
109037 8103
109045 8104
109060 8105
109069 8106
109078 8107
109084 8108
109105 8109
109110 8110
109111 8111
109113 8112
109128 8113
109135 8114
109162 8115
109165 8116
109187 8117
109215 8118
109236 8119
109249 8120
109252 8121
109254 8122
109255 8123
109275 8124
109312 8125
109319 8126
109338 8127
109339 8128
109355 8129
109392 8130
109411 8131
109460 8132
109498 8133
109503 8134
109525 8135
109533 8136
109547 8137
109572 8138
109595 8139
109600 8140
109607 8141
109632 8142
109646 8143
109651 8144
109653 8145
109709 8146
109710 8147
109767 8148
109769 8149
109774 8150
109777 8151
109780 8152
109823 8153
109841 8154
109881 8155
109896 8156
109907 8157
109918 8158
109938 8159
109952 8160
109962 8161
109971 8162
110011 8163
110020 8164
110027 8165
110053 8166
110084 8167
110091 8168
110095 8169
110137 8170
110139 8171
110158 8172
110165 8173
110181 8174
110191 8175
110206 8176
110211 8177
110223 8178
110244 8179
110245 8180
110261 8181
110270 8182
110275 8183
110279 8184
110346 8185
110352 8186
110355 8187
110383 8188
110448 8189
110456 8190
110458 8191
110464 8192
110479 8193
110483 8194
110499 8195
110516 8196
110539 8197
110589 8198
110610 8199
110626 8200
110638 8201
110639 8202
110651 8203
110679 8204
110705 8205
110753 8206
110800 8207
110806 8208
110815 8209
110824 8210
110833 8211
110852 8212
110872 8213
110891 8214
110895 8215
110900 8216
110953 8217
110959 8218
110961 8219
111035 8220
111057 8221
111064 8222
111097 8223
111098 8224
111099 8225
111102 8226
111217 8227
111223 8228
111258 8229
111265 8230
111272 8231
111318 8232
111325 8233
111370 8234
111397 8235
111465 8236
111496 8237
111499 8238
111504 8239
111511 8240
111519 8241
111531 8242
111549 8243
111566 8244
111600 8245
111628 8246
111631 8247
111643 8248
111648 8249
111652 8250
111682 8251
111708 8252
111721 8253
111730 8254
111734 8255
111740 8256
111749 8257
111786 8258
111791 8259
111805 8260
111810 8261
111835 8262
111838 8263
111852 8264
111858 8265
111865 8266
111889 8267
111918 8268
111919 8269
111940 8270
111952 8271
111955 8272
111956 8273
111967 8274
112017 8275
112028 8276
112031 8277
112063 8278
112064 8279
112087 8280
112090 8281
112103 8282
112109 8283
112147 8284
112151 8285
112166 8286
112171 8287
112172 8288
112173 8289
112174 8290
112175 8291
112197 8292
112199 8293
112207 8294
112218 8295
112243 8296
112255 8297
112257 8298
112303 8299
112321 8300
112409 8301
112435 8302
112444 8303
112463 8304
112465 8305
112470 8306
112473 8307
112478 8308
112493 8309
112502 8310
112534 8311
112536 8312
112561 8313
112566 8314
112594 8315
112602 8316
112629 8317
112631 8318
112658 8319
112663 8320
112688 8321
112698 8322
112700 8323
112708 8324
112716 8325
112733 8326
112736 8327
112739 8328
112767 8329
112775 8330
112802 8331
112813 8332
112835 8333
112838 8334
112850 8335
112856 8336
112862 8337
112867 8338
112884 8339
112893 8340
112913 8341
112917 8342
112946 8343
112970 8344
112973 8345
112974 8346
112979 8347
112986 8348
112988 8349
112998 8350
113001 8351
113008 8352
113012 8353
113016 8354
113021 8355
113061 8356
113063 8357
113065 8358
113069 8359
113073 8360
113083 8361
113109 8362
113162 8363
113183 8364
113198 8365
113205 8366
113208 8367
113221 8368
113239 8369
113248 8370
113263 8371
113266 8372
113274 8373
113293 8374
113297 8375
113301 8376
113346 8377
113357 8378
113375 8379
113380 8380
113408 8381
113425 8382
113447 8383
113466 8384
113481 8385
113494 8386
113499 8387
113510 8388
113519 8389
113525 8390
113532 8391
113538 8392
113558 8393
113569 8394
113609 8395
113613 8396
113615 8397
113616 8398
113641 8399
113658 8400
113673 8401
113688 8402
113690 8403
113732 8404
113742 8405
113803 8406
113822 8407
113891 8408
113902 8409
113915 8410
113952 8411
113959 8412
113971 8413
113972 8414
113974 8415
113985 8416
113994 8417
114020 8418
114023 8419
114029 8420
114031 8421
114046 8422
114067 8423
114068 8424
114081 8425
114111 8426
114126 8427
114129 8428
114170 8429
114174 8430
114179 8431
114184 8432
114192 8433
114195 8434
114198 8435
114203 8436
114210 8437
114224 8438
114234 8439
114250 8440
114254 8441
114260 8442
114265 8443
114287 8444
114296 8445
114305 8446
114310 8447
114315 8448
114316 8449
114322 8450
114330 8451
114352 8452
114360 8453
114373 8454
114375 8455
114388 8456
114393 8457
114405 8458
114415 8459
114420 8460
114426 8461
114445 8462
114456 8463
114458 8464
114461 8465
114481 8466
114482 8467
114498 8468
114511 8469
114549 8470
114556 8471
114558 8472
114581 8473
114585 8474
114634 8475
114636 8476
114645 8477
114679 8478
114693 8479
114709 8480
114710 8481
114724 8482
114747 8483
114750 8484
114757 8485
114763 8486
114776 8487
114785 8488
114787 8489
114815 8490
114829 8491
114852 8492
114856 8493
114891 8494
114894 8495
114905 8496
114978 8497
114991 8498
114993 8499
115009 8500
115028 8501
115036 8502
115078 8503
115084 8504
115094 8505
115099 8506
115105 8507
115130 8508
115157 8509
115173 8510
115205 8511
115218 8512
115231 8513
115235 8514
115242 8515
115244 8516
115247 8517
115250 8518
115258 8519
115261 8520
115263 8521
115267 8522
115278 8523
115304 8524
115307 8525
115336 8526
115345 8527
115351 8528
115368 8529
115385 8530
115387 8531
115393 8532
115395 8533
115400 8534
115401 8535
115407 8536
115433 8537
115440 8538
115449 8539
115451 8540
115453 8541
115488 8542
115496 8543
115507 8544
115519 8545
115556 8546
115591 8547
115603 8548
115617 8549
115657 8550
115681 8551
115689 8552
115702 8553
115714 8554
115715 8555
115723 8556
115732 8557
115764 8558
115768 8559
115778 8560
115785 8561
115789 8562
115808 8563
115838 8564
115845 8565
115871 8566
115876 8567
115878 8568
115885 8569
115909 8570
115923 8571
115933 8572
115947 8573
115952 8574
115960 8575
115963 8576
115988 8577
115991 8578
115996 8579
116007 8580
116014 8581
116017 8582
116018 8583
116034 8584
116055 8585
116063 8586
116083 8587
116086 8588
116094 8589
116103 8590
116121 8591
116142 8592
116145 8593
116152 8594
116158 8595
116165 8596
116213 8597
116232 8598
116242 8599
116287 8600
116319 8601
116380 8602
116432 8603
116469 8604
116491 8605
116506 8606
116507 8607
116521 8608
116530 8609
116589 8610
116615 8611
116636 8612
116648 8613
116661 8614
116673 8615
116681 8616
116714 8617
116718 8618
116749 8619
116780 8620
116797 8621
116802 8622
116810 8623
116822 8624
116859 8625
116880 8626
116887 8627
116931 8628
116956 8629
116958 8630
116969 8631
116972 8632
116976 8633
116984 8634
116994 8635
116996 8636
117000 8637
117002 8638
117006 8639
117037 8640
117057 8641
117060 8642
117064 8643
117076 8644
117099 8645
117126 8646
117128 8647
117131 8648
117136 8649
117148 8650
117173 8651
117177 8652
117183 8653
117191 8654
117195 8655
117204 8656
117214 8657
117230 8658
117241 8659
117242 8660
117246 8661
117255 8662
117256 8663
117269 8664
117278 8665
117284 8666
117305 8667
117322 8668
117352 8669
117377 8670
117387 8671
117388 8672
117449 8673
117456 8674
117481 8675
117502 8676
117503 8677
117533 8678
117555 8679
117566 8680
117601 8681
117614 8682
117635 8683
117685 8684
117694 8685
117695 8686
117708 8687
117713 8688
117718 8689
117736 8690
117746 8691
117763 8692
117804 8693
117826 8694
117832 8695
117834 8696
117845 8697
117875 8698
117887 8699
117894 8700
117896 8701
117946 8702
117961 8703
117962 8704
117978 8705
117991 8706
118023 8707
118031 8708
118034 8709
118041 8710
118044 8711
118054 8712
118074 8713
118092 8714
118093 8715
118100 8716
118121 8717
118128 8718
118146 8719
118152 8720
118181 8721
118183 8722
118204 8723
118216 8724
118218 8725
118222 8726
118234 8727
118243 8728
118244 8729
118269 8730
118280 8731
118286 8732
118301 8733
118332 8734
118351 8735
118389 8736
118407 8737
118408 8738
118425 8739
118451 8740
118466 8741
118481 8742
118485 8743
118486 8744
118524 8745
118552 8746
118553 8747
118562 8748
118571 8749
118572 8750
118581 8751
118594 8752
118634 8753
118663 8754
118678 8755
118715 8756
118722 8757
118746 8758
118761 8759
118763 8760
118774 8761
118791 8762
118795 8763
118838 8764
118878 8765
118934 8766
118936 8767
118983 8768
119005 8769
119009 8770
119016 8771
119017 8772
119030 8773
119034 8774
119044 8775
119080 8776
119089 8777
119098 8778
119133 8779
119142 8780
119158 8781
119165 8782
119167 8783
119205 8784
119222 8785
119234 8786
119260 8787
119271 8788
119272 8789
119284 8790
119293 8791
119297 8792
119311 8793
119314 8794
119318 8795
119328 8796
119329 8797
119336 8798
119354 8799
119364 8800
119367 8801
119372 8802
119389 8803
119400 8804
119403 8805
119405 8806
119422 8807
119431 8808
119438 8809
119448 8810
119463 8811
119465 8812
119475 8813
119494 8814
119508 8815
119570 8816
119586 8817
119587 8818
119629 8819
119650 8820
119666 8821
119680 8822
119694 8823
119696 8824
119722 8825
119767 8826
119776 8827
119779 8828
119808 8829
119824 8830
119831 8831
119839 8832
119850 8833
119862 8834
119879 8835
119880 8836
119889 8837
119901 8838
119908 8839
119927 8840
119935 8841
119936 8842
119944 8843
119945 8844
119961 8845
119973 8846
119996 8847
120003 8848
120007 8849
120008 8850
120010 8851
120013 8852
120077 8853
120079 8854
120087 8855
120106 8856
120122 8857
120125 8858
120131 8859
120134 8860
120140 8861
120197 8862
120216 8863
120231 8864
120246 8865
120249 8866
120266 8867
120270 8868
120275 8869
120279 8870
120290 8871
120299 8872
120300 8873
120320 8874
120328 8875
120349 8876
120353 8877
120372 8878
120378 8879
120387 8880
120400 8881
120411 8882
120418 8883
120434 8884
120444 8885
120454 8886
120466 8887
120487 8888
120494 8889
120496 8890
120503 8891
120522 8892
120524 8893
120532 8894
120583 8895
120592 8896
120620 8897
120647 8898
120652 8899
120654 8900
120659 8901
120676 8902
120688 8903
120715 8904
120810 8905
120813 8906
120817 8907
120825 8908
120854 8909
120858 8910
120859 8911
120861 8912
120884 8913
120886 8914
120894 8915
120899 8916
120928 8917
120969 8918
120988 8919
121002 8920
121061 8921
121063 8922
121071 8923
121091 8924
121098 8925
121125 8926
121128 8927
121134 8928
121165 8929
121174 8930
121202 8931
121204 8932
121216 8933
121224 8934
121227 8935
121244 8936
121269 8937
121293 8938
121297 8939
121307 8940
121348 8941
121361 8942
121373 8943
121376 8944
121405 8945
121413 8946
121439 8947
121444 8948
121445 8949
121450 8950
121488 8951
121495 8952
121498 8953
121505 8954
121538 8955
121553 8956
121564 8957
121587 8958
121609 8959
121618 8960
121621 8961
121626 8962
121630 8963
121633 8964
121654 8965
121672 8966
121674 8967
121688 8968
121706 8969
121716 8970
121722 8971
121743 8972
121747 8973
121751 8974
121757 8975
121770 8976
121779 8977
121784 8978
121806 8979
121821 8980
121828 8981
121859 8982
121860 8983
121867 8984
121881 8985
121882 8986
121885 8987
121889 8988
121895 8989
121908 8990
121911 8991
121933 8992
121949 8993
121955 8994
121974 8995
121984 8996
121985 8997
121988 8998
121989 8999
122010 9000
122031 9001
122067 9002
122078 9003
122087 9004
122091 9005
122094 9006
122134 9007
122145 9008
122221 9009
122222 9010
122236 9011
122243 9012
122245 9013
122251 9014
122256 9015
122271 9016
122277 9017
122301 9018
122324 9019
122335 9020
122355 9021
122365 9022
122366 9023
122374 9024
122387 9025
122406 9026
122492 9027
122504 9028
122510 9029
122533 9030
122534 9031
122542 9032
122553 9033
122572 9034
122573 9035
122583 9036
122596 9037
122613 9038
122616 9039
122617 9040
122624 9041
122637 9042
122644 9043
122678 9044
122680 9045
122682 9046
122697 9047
122705 9048
122721 9049
122727 9050
122771 9051
122790 9052
122877 9053
122884 9054
122885 9055
122893 9056
122905 9057
122906 9058
122911 9059
122922 9060
122930 9061
122949 9062
122965 9063
122998 9064
123006 9065
123009 9066
123021 9067
123025 9068
123038 9069
123047 9070
123089 9071
123098 9072
123108 9073
123120 9074
123126 9075
123136 9076
123141 9077
123150 9078
123152 9079
123169 9080
123187 9081
123188 9082
123207 9083
123238 9084
123246 9085
123263 9086
123269 9087
123277 9088
123294 9089
123299 9090
123309 9091
123339 9092
123356 9093
123359 9094
123363 9095
123401 9096
123437 9097
123461 9098
123467 9099
123517 9100
123528 9101
123537 9102
123540 9103
123547 9104
123595 9105
123605 9106
123608 9107
123609 9108
123614 9109
123617 9110
123625 9111
123668 9112
123671 9113
123679 9114
123688 9115
123692 9116
123723 9117
123727 9118
123805 9119
123835 9120
123853 9121
123875 9122
123883 9123
123905 9124
123906 9125
123921 9126
123927 9127
123932 9128
123948 9129
123949 9130
123951 9131
123955 9132
123961 9133
123969 9134
123979 9135
124004 9136
124014 9137
124044 9138
124079 9139
124117 9140
124126 9141
124130 9142
124157 9143
124173 9144
124196 9145
124205 9146
124220 9147
124231 9148
124242 9149
124258 9150
124271 9151
124280 9152
124297 9153
124319 9154
124328 9155
124341 9156
124351 9157
124366 9158
124395 9159
124397 9160
124398 9161
124410 9162
124433 9163
124451 9164
124459 9165
124464 9166
124475 9167
124478 9168
124492 9169
124499 9170
124515 9171
124518 9172
124550 9173
124562 9174
124578 9175
124582 9176
124590 9177
124600 9178
124604 9179
124649 9180
124654 9181
124657 9182
124686 9183
124692 9184
124693 9185
124697 9186
124704 9187
124713 9188
124716 9189
124724 9190
124727 9191
124732 9192
124740 9193
124742 9194
124774 9195
124782 9196
124785 9197
124799 9198
124820 9199
124823 9200
124839 9201
124869 9202
124872 9203
124883 9204
124893 9205
124897 9206
124899 9207
124910 9208
124912 9209
124935 9210
124939 9211
124949 9212
124950 9213
124960 9214
124963 9215
124972 9216
124978 9217
124992 9218
124995 9219
125007 9220
125008 9221
125012 9222
125018 9223
125021 9224
125024 9225
125057 9226
125080 9227
125083 9228
125084 9229
125092 9230
125114 9231
125121 9232
125139 9233
125140 9234
125142 9235
125148 9236
125154 9237
125168 9238
125169 9239
125177 9240
125187 9241
125212 9242
125216 9243
125225 9244
125256 9245
125277 9246
125283 9247
125302 9248
125305 9249
125318 9250
125319 9251
125330 9252
125342 9253
125345 9254
125349 9255
125360 9256
125362 9257
125365 9258
125388 9259
125410 9260
125415 9261
125445 9262
125447 9263
125458 9264
125469 9265
125500 9266
125509 9267
125519 9268
125545 9269
125550 9270
125552 9271
125581 9272
125588 9273
125607 9274
125613 9275
125618 9276
125623 9277
125640 9278
125648 9279
125662 9280
125685 9281
125689 9282
125706 9283
125715 9284
125724 9285
125725 9286
125733 9287
125735 9288
125736 9289
125755 9290
125761 9291
125762 9292
125768 9293
125800 9294
125802 9295
125805 9296
125806 9297
125808 9298
125820 9299
125829 9300
125863 9301
125868 9302
125893 9303
125901 9304
125915 9305
125917 9306
125920 9307
125927 9308
125928 9309
125946 9310
125948 9311
125991 9312
125995 9313
125997 9314
126010 9315
126021 9316
126030 9317
126048 9318
126059 9319
126060 9320
126066 9321
126072 9322
126080 9323
126100 9324
126101 9325
126105 9326
126113 9327
126123 9328
126143 9329
126163 9330
126169 9331
126173 9332
126178 9333
126203 9334
126212 9335
126213 9336
126214 9337
126215 9338
126238 9339
126244 9340
126260 9341
126273 9342
126282 9343
126287 9344
126288 9345
126292 9346
126294 9347
126303 9348
126325 9349
126326 9350
126348 9351
126374 9352
126379 9353
126387 9354
126405 9355
126414 9356
126443 9357
126481 9358
126507 9359
126545 9360
126549 9361
126560 9362
126565 9363
126566 9364
126572 9365
126590 9366
126606 9367
126620 9368
126626 9369
126629 9370
126630 9371
126651 9372
126654 9373
126657 9374
126660 9375
126671 9376
126688 9377
126693 9378
126701 9379
126707 9380
126747 9381
126785 9382
126793 9383
126809 9384
126811 9385
126820 9386
126836 9387
126855 9388
126857 9389
126861 9390
126880 9391
126905 9392
126938 9393
126945 9394
127037 9395
127078 9396
127088 9397
127091 9398
127119 9399
127127 9400
127134 9401
127165 9402
127183 9403
127198 9404
127200 9405
127217 9406
127238 9407
127262 9408
127291 9409
127303 9410
127318 9411
127337 9412
127369 9413
127370 9414
127376 9415
127387 9416
127389 9417
127393 9418
127400 9419
127406 9420
127415 9421
127422 9422
127433 9423
127435 9424
127457 9425
127459 9426
127471 9427
127492 9428
127494 9429
127495 9430
127513 9431
127516 9432
127527 9433
127538 9434
127551 9435
127568 9436
127606 9437
127609 9438
127626 9439
127639 9440
127674 9441
127680 9442
127688 9443
127720 9444
127725 9445
127749 9446
127774 9447
127784 9448
127789 9449
127822 9450
127841 9451
127847 9452
127848 9453
127856 9454
127886 9455
127891 9456
127900 9457
127908 9458
127915 9459
127921 9460
127929 9461
127937 9462
127941 9463
127943 9464
127954 9465
127966 9466
127985 9467
127994 9468
128003 9469
128005 9470
128012 9471
128014 9472
128023 9473
128046 9474
128056 9475
128084 9476
128092 9477
128119 9478
128129 9479
128154 9480
128163 9481
128179 9482
128184 9483
128213 9484
128216 9485
128220 9486
128244 9487
128257 9488
128272 9489
128284 9490
128295 9491
128297 9492
128299 9493
128300 9494
128318 9495
128319 9496
128324 9497
128325 9498
128328 9499
128334 9500
128340 9501
128347 9502
128370 9503
128382 9504
128398 9505
128407 9506
128427 9507
128430 9508
128441 9509
128450 9510
128456 9511
128469 9512
128525 9513
128541 9514
128557 9515
128596 9516
128603 9517
128622 9518
128626 9519
128662 9520
128664 9521
128668 9522
128674 9523
128682 9524
128683 9525
128707 9526
128724 9527
128782 9528
128790 9529
128791 9530
128798 9531
128824 9532
128840 9533
128843 9534
128847 9535
128853 9536
128858 9537
128867 9538
128889 9539
128893 9540
128899 9541
128906 9542
128908 9543
128963 9544
128968 9545
128982 9546
128991 9547
128993 9548
128997 9549
129015 9550
129029 9551
129051 9552
129061 9553
129070 9554
129103 9555
129117 9556
129141 9557
129156 9558
129157 9559
129161 9560
129165 9561
129198 9562
129222 9563
129242 9564
129249 9565
129251 9566
129253 9567
129257 9568
129258 9569
129265 9570
129270 9571
129276 9572
129279 9573
129285 9574
129294 9575
129295 9576
129308 9577
129345 9578
129348 9579
129357 9580
129374 9581
129380 9582
129400 9583
129405 9584
129410 9585
129414 9586
129428 9587
129437 9588
129441 9589
129460 9590
129480 9591
129515 9592
129544 9593
129569 9594
129580 9595
129605 9596
129623 9597
129637 9598
129643 9599
129649 9600
129666 9601
129669 9602
129674 9603
129675 9604
129678 9605
129682 9606
129683 9607
129701 9608
129736 9609
129740 9610
129753 9611
129767 9612
129768 9613
129775 9614
129782 9615
129811 9616
129818 9617
129825 9618
129829 9619
129838 9620
129840 9621
129866 9622
129881 9623
129895 9624
129903 9625
129935 9626
129937 9627
130012 9628
130017 9629
130036 9630
130037 9631
130049 9632
130069 9633
130074 9634
130093 9635
130105 9636
130159 9637
130160 9638
130167 9639
130192 9640
130194 9641
130203 9642
130205 9643
130218 9644
130251 9645
130261 9646
130263 9647
130264 9648
130266 9649
130290 9650
130293 9651
130327 9652
130337 9653
130340 9654
130341 9655
130347 9656
130349 9657
130369 9658
130375 9659
130383 9660
130392 9661
130421 9662
130437 9663
130440 9664
130448 9665
130456 9666
130508 9667
130512 9668
130515 9669
130520 9670
130554 9671
130557 9672
130567 9673
130583 9674
130603 9675
130604 9676
130611 9677
130613 9678
130614 9679
130621 9680
130627 9681
130631 9682
130642 9683
130644 9684
130670 9685
130690 9686
130741 9687
130746 9688
130747 9689
130750 9690
130764 9691
130768 9692
130786 9693
130787 9694
130794 9695
130816 9696
130849 9697
130854 9698
130867 9699
130871 9700
130888 9701
130897 9702
130899 9703
130902 9704
130928 9705
130985 9706
130990 9707
131008 9708
131040 9709
131049 9710
131058 9711
131069 9712
131094 9713
131118 9714
131125 9715
131139 9716
131142 9717
131143 9718
131154 9719
131167 9720
131194 9721
131195 9722
131224 9723
131255 9724
131256 9725
131264 9726
131271 9727
131282 9728
131292 9729
131297 9730
131322 9731
131341 9732
131362 9733
131373 9734
131378 9735
131390 9736
131406 9737
131428 9738
131434 9739
131437 9740
131442 9741
131443 9742
131455 9743
131461 9744
131462 9745
131465 9746
131484 9747
131488 9748
131494 9749
131533 9750
131542 9751
131554 9752
131557 9753
131561 9754
131572 9755
131597 9756
131599 9757
131600 9758
131635 9759
131658 9760
131665 9761
131669 9762
131678 9763
131695 9764
131743 9765
131756 9766
131765 9767
131767 9768
131778 9769
131791 9770
131802 9771
131813 9772
131844 9773
131863 9774
131868 9775
131878 9776
131891 9777
131931 9778
131936 9779
131943 9780
131964 9781
131978 9782
131979 9783
131982 9784
131984 9785
131999 9786
132000 9787
132011 9788
132013 9789
132016 9790
132019 9791
132029 9792
132033 9793
132041 9794
132047 9795
132081 9796
132094 9797
132097 9798
132106 9799
132109 9800
132111 9801
132119 9802
132122 9803
132125 9804
132146 9805
132147 9806
132153 9807
132163 9808
132211 9809
132215 9810
132222 9811
132256 9812
132273 9813
132305 9814
132319 9815
132325 9816
132341 9817
132380 9818
132398 9819
132399 9820
132405 9821
132417 9822
132428 9823
132434 9824
132440 9825
132442 9826
132443 9827
132445 9828
132471 9829
132488 9830
132489 9831
132501 9832
132569 9833
132588 9834
132592 9835
132608 9836
132610 9837
132623 9838
132625 9839
132642 9840
132648 9841
132663 9842
132686 9843
132733 9844
132809 9845
132824 9846
132833 9847
132850 9848
132851 9849
132861 9850
132867 9851
132876 9852
132884 9853
132898 9854
132910 9855
132915 9856
132922 9857
132964 9858
132966 9859
132977 9860
132984 9861
132989 9862
133005 9863
133058 9864
133064 9865
133065 9866
133085 9867
133090 9868
133103 9869
133115 9870
133120 9871
133124 9872
133154 9873
133157 9874
133170 9875
133176 9876
133177 9877
133179 9878
133210 9879
133226 9880
133236 9881
133252 9882
133258 9883
133263 9884
133271 9885
133273 9886
133286 9887
133291 9888
133329 9889
133333 9890
133341 9891
133367 9892
133369 9893
133377 9894
133417 9895
133420 9896
133427 9897
133443 9898
133444 9899
133451 9900
133474 9901
133527 9902
133529 9903
133538 9904
133553 9905
133559 9906
133569 9907
133586 9908
133592 9909
133600 9910
133620 9911
133623 9912
133633 9913
133636 9914
133642 9915
133651 9916
133653 9917
133703 9918
133715 9919
133729 9920
133769 9921
133783 9922
133791 9923
133817 9924
133828 9925
133835 9926
133846 9927
133919 9928
133940 9929
133946 9930
133955 9931
133967 9932
133968 9933
133985 9934
133997 9935
134001 9936
134020 9937
134066 9938
134081 9939
134086 9940
134089 9941
134096 9942
134101 9943
134103 9944
134105 9945
134108 9946
134166 9947
134182 9948
134209 9949
134213 9950
134259 9951
134261 9952
134291 9953
134317 9954
134324 9955
134339 9956
134349 9957
134373 9958
134375 9959
134384 9960
134385 9961
134408 9962
134413 9963
134415 9964
134423 9965
134428 9966
134430 9967
134436 9968
134471 9969
134476 9970
134507 9971
134513 9972
134536 9973
134537 9974
134549 9975
134554 9976
134593 9977
134630 9978
134667 9979
134671 9980
134738 9981
134746 9982
134751 9983
134759 9984
134774 9985
134786 9986
134794 9987
134809 9988
134812 9989
134820 9990
134836 9991
134837 9992
134845 9993
134849 9994
134871 9995
134873 9996
134876 9997
134883 9998
134901 9999
134903 10000
134923 10001
134945 10002
134947 10003
134988 10004
134994 10005
135008 10006
135012 10007
135032 10008
135038 10009
135041 10010
135045 10011
135055 10012
135057 10013
135060 10014
135074 10015
135075 10016
135076 10017
135092 10018
135097 10019
135105 10020
135111 10021
135167 10022
135168 10023
135171 10024
135186 10025
135189 10026
135200 10027
135215 10028
135222 10029
135232 10030
135240 10031
135242 10032
135252 10033
135258 10034
135262 10035
135287 10036
135290 10037
135304 10038
135305 10039
135316 10040
135322 10041
135325 10042
135329 10043
135398 10044
135404 10045
135417 10046
135423 10047
135438 10048
135454 10049
135459 10050
135492 10051
135495 10052
135496 10053
135520 10054
135521 10055
135541 10056
135544 10057
135551 10058
135568 10059
135592 10060
135610 10061
135628 10062
135656 10063
135659 10064
135675 10065
135683 10066
135685 10067
135702 10068
135707 10069
135730 10070
135731 10071
135747 10072
135768 10073
135771 10074
135774 10075
135797 10076
135813 10077
135814 10078
135822 10079
135833 10080
135838 10081
135854 10082
135875 10083
135877 10084
135912 10085
135948 10086
135951 10087
135957 10088
135973 10089
135986 10090
136010 10091
136034 10092
136035 10093
136049 10094
136052 10095
136082 10096
136104 10097
136117 10098
136126 10099
136139 10100
136152 10101
136162 10102
136173 10103
136184 10104
136204 10105
136213 10106
136243 10107
136266 10108
136279 10109
136282 10110
136285 10111
136291 10112
136299 10113
136343 10114
136360 10115
136366 10116
136369 10117
136405 10118
136461 10119
136482 10120
136484 10121
136505 10122
136538 10123
136554 10124
136560 10125
136579 10126
136599 10127
136639 10128
136641 10129
136642 10130
136648 10131
136658 10132
136662 10133
136666 10134
136671 10135
136690 10136
136734 10137
136785 10138
136798 10139
136810 10140
136840 10141
136843 10142
136882 10143
136883 10144
136907 10145
136972 10146
136995 10147
136997 10148
137003 10149
137007 10150
137014 10151
137031 10152
137056 10153
137083 10154
137094 10155
137128 10156
137191 10157
137196 10158
137224 10159
137249 10160
137310 10161
137311 10162
137316 10163
137323 10164
137338 10165
137340 10166
137358 10167
137359 10168
137397 10169
137413 10170
137428 10171
137438 10172
137439 10173
137443 10174
137473 10175
137499 10176
137510 10177
137512 10178
137513 10179
137522 10180
137532 10181
137559 10182
137574 10183
137575 10184
137579 10185
137580 10186
137582 10187
137600 10188
137633 10189
137647 10190
137652 10191
137659 10192
137697 10193
137737 10194
137739 10195
137746 10196
137764 10197
137774 10198
137781 10199
137783 10200
137806 10201
137815 10202
137833 10203
137844 10204
137881 10205
137916 10206
137923 10207
137951 10208
137958 10209
137963 10210
137965 10211
137969 10212
137971 10213
137972 10214
137995 10215
138014 10216
138033 10217
138050 10218
138064 10219
138065 10220
138067 10221
138090 10222
138100 10223
138120 10224
138124 10225
138144 10226
138159 10227
138164 10228
138167 10229
138175 10230
138181 10231
138224 10232
138282 10233
138285 10234
138295 10235
138345 10236
138357 10237
138370 10238
138380 10239
138400 10240
138405 10241
138415 10242
138429 10243
138434 10244
138442 10245
138450 10246
138458 10247
138469 10248
138486 10249
138488 10250
138523 10251
138540 10252
138591 10253
138594 10254
138676 10255
138682 10256
138723 10257
138744 10258
138747 10259
138750 10260
138752 10261
138755 10262
138776 10263
138829 10264
138830 10265
138832 10266
138835 10267
138846 10268
138849 10269
138858 10270
138867 10271
138874 10272
138875 10273
138913 10274
138944 10275
138954 10276
138977 10277
138978 10278
139026 10279
139029 10280
139037 10281
139087 10282
139089 10283
139100 10284
139115 10285
139118 10286
139123 10287
139134 10288
139141 10289
139144 10290
139152 10291
139178 10292
139186 10293
139187 10294
139190 10295
139217 10296
139221 10297
139230 10298
139259 10299
139276 10300
139314 10301
139319 10302
139331 10303
139363 10304
139370 10305
139383 10306
139425 10307
139427 10308
139429 10309
139439 10310
139461 10311
139465 10312
139485 10313
139492 10314
139517 10315
139519 10316
139533 10317
139541 10318
139556 10319
139564 10320
139578 10321
139583 10322
139590 10323
139604 10324
139607 10325
139608 10326
139622 10327
139642 10328
139667 10329
139672 10330
139700 10331
139701 10332
139703 10333
139705 10334
139718 10335
139722 10336
139726 10337
139735 10338
139738 10339
139758 10340
139764 10341
139767 10342
139777 10343
139781 10344
139787 10345
139819 10346
139825 10347
139826 10348
139827 10349
139860 10350
139884 10351
139904 10352
139918 10353
139923 10354
139928 10355
139948 10356
139953 10357
139965 10358
139970 10359
140004 10360
140025 10361
140040 10362
140050 10363
140070 10364
140095 10365
140111 10366
140129 10367
140134 10368
140138 10369
140165 10370
140200 10371
140205 10372
140211 10373
140237 10374
140243 10375
140253 10376
140279 10377
140288 10378
140290 10379
140306 10380
140315 10381
140317 10382
140328 10383
140338 10384
140399 10385
140406 10386
140416 10387
140436 10388
140439 10389
140444 10390
140455 10391
140474 10392
140478 10393
140481 10394
140491 10395
140497 10396
140500 10397
140507 10398
140508 10399
140517 10400
140518 10401
140530 10402
140544 10403
140545 10404
140548 10405
140571 10406
140582 10407
140587 10408
140608 10409
140609 10410
140627 10411
140631 10412
140636 10413
140642 10414
140646 10415
140694 10416
140709 10417
140727 10418
140743 10419
140754 10420
140774 10421
140778 10422
140795 10423
140797 10424
140811 10425
140839 10426
140842 10427
140851 10428
140853 10429
140855 10430
140867 10431
140869 10432
140876 10433
140892 10434
140898 10435
140913 10436
140936 10437
140991 10438
141007 10439
141028 10440
141041 10441
141048 10442
141079 10443
141087 10444
141091 10445
141098 10446
141101 10447
141106 10448
141112 10449
141113 10450
141134 10451
141136 10452
141148 10453
141164 10454
141168 10455
141193 10456
141203 10457
141209 10458
141210 10459
141252 10460
141258 10461
141268 10462
141283 10463
141288 10464
141306 10465
141311 10466
141318 10467
141331 10468
141351 10469
141357 10470
141362 10471
141367 10472
141409 10473
141410 10474
141413 10475
141416 10476
141443 10477
141461 10478
141488 10479
141532 10480
141559 10481
141561 10482
141594 10483
141613 10484
141631 10485
141633 10486
141637 10487
141654 10488
141658 10489
141661 10490
141663 10491
141680 10492
141682 10493
141686 10494
141702 10495
141711 10496
141717 10497
141761 10498
141774 10499
141777 10500
141783 10501
141804 10502
141811 10503
141819 10504
141822 10505
141837 10506
141854 10507
141855 10508
141882 10509
141885 10510
141900 10511
141924 10512
141925 10513
141933 10514
141950 10515
141953 10516
141959 10517
141962 10518
141972 10519
141975 10520
141987 10521
141993 10522
142002 10523
142009 10524
142010 10525
142018 10526
142024 10527
142026 10528
142028 10529
142029 10530
142043 10531
142048 10532
142057 10533
142087 10534
142098 10535
142126 10536
142130 10537
142149 10538
142158 10539
142170 10540
142172 10541
142175 10542
142239 10543
142266 10544
142271 10545
142282 10546
142285 10547
142296 10548
142315 10549
142324 10550
142329 10551
142346 10552
142350 10553
142405 10554
142443 10555
142457 10556
142487 10557
142488 10558
142508 10559
142525 10560
142527 10561
142544 10562
142558 10563
142561 10564
142566 10565
142591 10566
142596 10567
142601 10568
142624 10569
142641 10570
142669 10571
142688 10572
142694 10573
142696 10574
142718 10575
142727 10576
142743 10577
142773 10578
142776 10579
142802 10580
142807 10581
142813 10582
142823 10583
142826 10584
142827 10585
142829 10586
142831 10587
142835 10588
142882 10589
142894 10590
142905 10591
142907 10592
142911 10593
142912 10594
142936 10595
142940 10596
142966 10597
142968 10598
142970 10599
142978 10600
142984 10601
142992 10602
143020 10603
143041 10604
143046 10605
143061 10606
143066 10607
143085 10608
143111 10609
143115 10610
143116 10611
143117 10612
143138 10613
143141 10614
143150 10615
143174 10616
143194 10617
143212 10618
143218 10619
143223 10620
143241 10621
143252 10622
143278 10623
143292 10624
143299 10625
143317 10626
143329 10627
143334 10628
143337 10629
143347 10630
143352 10631
143375 10632
143402 10633
143403 10634
143475 10635
143477 10636
143510 10637
143511 10638
143537 10639
143542 10640
143547 10641
143558 10642
143568 10643
143577 10644
143629 10645
143651 10646
143678 10647
143697 10648
143701 10649
143714 10650
143719 10651
143758 10652
143799 10653
143834 10654
143843 10655
143852 10656
143856 10657
143857 10658
143872 10659
143873 10660
143875 10661
143877 10662
143918 10663
143925 10664
143926 10665
143952 10666
143964 10667
143972 10668
143993 10669
144016 10670
144017 10671
144034 10672
144047 10673
144069 10674
144071 10675
144075 10676
144099 10677
144104 10678
144106 10679
144113 10680
144128 10681
144161 10682
144163 10683
144169 10684
144178 10685
144189 10686
144190 10687
144191 10688
144228 10689
144247 10690
144295 10691
144298 10692
144310 10693
144314 10694
144316 10695
144336 10696
144341 10697
144346 10698
144348 10699
144352 10700
144370 10701
144372 10702
144376 10703
144417 10704
144426 10705
144446 10706
144461 10707
144470 10708
144479 10709
144488 10710
144495 10711
144500 10712
144524 10713
144528 10714
144557 10715
144566 10716
144572 10717
144587 10718
144608 10719
144624 10720
144632 10721
144661 10722
144664 10723
144670 10724
144706 10725
144714 10726
144720 10727
144721 10728
144766 10729
144776 10730
144780 10731
144781 10732
144798 10733
144805 10734
144811 10735
144814 10736
144818 10737
144831 10738
144917 10739
144922 10740
144931 10741
144937 10742
144951 10743
144952 10744
144965 10745
144984 10746
144991 10747
144995 10748
145007 10749
145008 10750
145041 10751
145050 10752
145051 10753
145070 10754
145074 10755
145103 10756
145104 10757
145117 10758
145120 10759
145123 10760
145168 10761
145179 10762
145205 10763
145213 10764
145219 10765
145229 10766
145253 10767
145256 10768
145262 10769
145272 10770
145282 10771
145293 10772
145305 10773
145310 10774
145317 10775
145337 10776
145363 10777
145369 10778
145371 10779
145378 10780
145381 10781
145383 10782
145393 10783
145398 10784
145402 10785
145404 10786
145411 10787
145414 10788
145443 10789
145448 10790
145452 10791
145461 10792
145470 10793
145473 10794
145475 10795
145488 10796
145497 10797
145499 10798
145509 10799
145545 10800
145547 10801
145591 10802
145602 10803
145606 10804
145609 10805
145612 10806
145613 10807
145629 10808
145630 10809
145645 10810
145666 10811
145682 10812
145684 10813
145697 10814
145704 10815
145709 10816
145726 10817
145735 10818
145745 10819
145790 10820
145793 10821
145797 10822
145849 10823
145900 10824
145914 10825
145950 10826
145952 10827
146025 10828
146035 10829
146052 10830
146066 10831
146116 10832
146117 10833
146120 10834
146130 10835
146139 10836
146168 10837
146195 10838
146197 10839
146204 10840
146225 10841
146238 10842
146243 10843
146245 10844
146251 10845
146259 10846
146265 10847
146276 10848
146280 10849
146293 10850
146310 10851
146331 10852
146354 10853
146390 10854
146410 10855
146434 10856
146450 10857
146456 10858
146460 10859
146502 10860
146524 10861
146530 10862
146573 10863
146574 10864
146580 10865
146606 10866
146648 10867
146658 10868
146686 10869
146713 10870
146752 10871
146754 10872
146759 10873
146777 10874
146800 10875
146802 10876
146807 10877
146814 10878
146832 10879
146842 10880
146865 10881
146868 10882
146879 10883
146887 10884
146897 10885
146906 10886
146946 10887
146950 10888
146966 10889
147003 10890
147040 10891
147046 10892
147047 10893
147070 10894
147095 10895
147107 10896
147108 10897
147117 10898
147123 10899
147139 10900
147195 10901
147196 10902
147203 10903
147205 10904
147220 10905
147242 10906
147254 10907
147260 10908
147306 10909
147313 10910
147317 10911
147327 10912
147407 10913
147411 10914
147437 10915
147448 10916
147468 10917
147470 10918
147471 10919
147474 10920
147475 10921
147487 10922
147519 10923
147531 10924
147536 10925
147543 10926
147553 10927
147567 10928
147578 10929
147580 10930
147589 10931
147633 10932
147645 10933
147648 10934
147666 10935
147681 10936
147699 10937
147701 10938
147724 10939
147743 10940
147770 10941
147796 10942
147813 10943
147836 10944
147848 10945
147856 10946
147860 10947
147864 10948
147983 10949
147984 10950
148045 10951
148054 10952
148061 10953
148070 10954
148118 10955
148145 10956
148152 10957
148153 10958
148190 10959
148214 10960
148260 10961
148268 10962
148270 10963
148271 10964
148291 10965
148303 10966
148305 10967
148307 10968
148359 10969
148361 10970
148366 10971
148394 10972
148399 10973
148412 10974
148444 10975
148459 10976
148460 10977
148466 10978
148479 10979
148510 10980
148512 10981
148513 10982
148521 10983
148531 10984
148532 10985
148537 10986
148584 10987
148590 10988
148600 10989
148637 10990
148677 10991
148688 10992
148720 10993
148736 10994
148740 10995
148742 10996
148760 10997
148807 10998
148808 10999
148831 11000
148845 11001
148857 11002
148860 11003
148861 11004
148918 11005
148920 11006
148932 11007
148939 11008
148941 11009
148948 11010
148963 11011
148994 11012
148998 11013
149007 11014
149016 11015
149026 11016
149030 11017
149045 11018
149054 11019
149056 11020
149067 11021
149073 11022
149078 11023
149081 11024
149108 11025
149138 11026
149143 11027
149145 11028
149161 11029
149166 11030
149175 11031
149186 11032
149194 11033
149196 11034
149197 11035
149203 11036
149211 11037
149221 11038
149229 11039
149282 11040
149303 11041
149335 11042
149344 11043
149395 11044
149397 11045
149428 11046
149437 11047
149452 11048
149463 11049
149466 11050
149481 11051
149486 11052
149495 11053
149500 11054
149504 11055
149507 11056
149520 11057
149591 11058
149601 11059
149622 11060
149631 11061
149637 11062
149652 11063
149689 11064
149700 11065
149721 11066
149726 11067
149746 11068
149774 11069
149791 11070
149814 11071
149828 11072
149846 11073
149882 11074
149903 11075
149913 11076
149916 11077
149924 11078
149931 11079
149939 11080
149943 11081
149957 11082
149971 11083
150012 11084
150017 11085
150019 11086
150028 11087
150031 11088
150033 11089
150046 11090
150069 11091
150095 11092
150107 11093
150130 11094
150136 11095
150149 11096
150151 11097
150169 11098
150202 11099
150225 11100
150243 11101
150253 11102
150311 11103
150326 11104
150338 11105
150342 11106
150406 11107
150421 11108
150446 11109
150458 11110
150469 11111
150472 11112
150474 11113
150478 11114
150516 11115
150536 11116
150562 11117
150563 11118
150596 11119
150624 11120
150625 11121
150631 11122
150655 11123
150662 11124
150663 11125
150665 11126
150676 11127
150679 11128
150680 11129
150717 11130
150730 11131
150740 11132
150742 11133
150753 11134
150760 11135
150763 11136
150813 11137
150817 11138
150824 11139
150835 11140
150844 11141
150849 11142
150854 11143
150856 11144
150865 11145
150881 11146
150997 11147
151000 11148
151013 11149
151019 11150
151054 11151
151056 11152
151082 11153
151106 11154
151192 11155
151210 11156
151233 11157
151240 11158
151247 11159
151252 11160
151253 11161
151288 11162
151294 11163
151310 11164
151336 11165
151368 11166
151378 11167
151391 11168
151405 11169
151413 11170
151419 11171
151458 11172
151503 11173
151508 11174
151515 11175
151524 11176
151542 11177
151548 11178
151581 11179
151596 11180
151599 11181
151600 11182
151628 11183
151640 11184
151642 11185
151643 11186
151650 11187
151679 11188
151693 11189
151716 11190
151745 11191
151753 11192
151755 11193
151766 11194
151767 11195
151772 11196
151775 11197
151776 11198
151789 11199
151812 11200
151823 11201
151873 11202
151885 11203
151889 11204
151898 11205
151915 11206
151917 11207
151937 11208
151938 11209
151940 11210
151945 11211
151971 11212
151975 11213
152013 11214
152036 11215
152049 11216
152050 11217
152072 11218
152076 11219
152079 11220
152085 11221
152110 11222
152112 11223
152123 11224
152125 11225
152133 11226
152139 11227
152143 11228
152178 11229
152185 11230
152187 11231
152193 11232
152201 11233
152205 11234
152217 11235
152220 11236
152228 11237
152232 11238
152268 11239
152302 11240
152330 11241
152333 11242
152352 11243
152354 11244
152372 11245
152393 11246
152405 11247
152406 11248
152408 11249
152417 11250
152419 11251
152422 11252
152449 11253
152458 11254
152459 11255
152486 11256
152516 11257
152534 11258
152557 11259
152575 11260
152578 11261
152592 11262
152600 11263
152602 11264
152611 11265
152622 11266
152625 11267
152655 11268
152657 11269
152665 11270
152675 11271
152685 11272
152686 11273
152691 11274
152693 11275
152707 11276
152709 11277
152712 11278
152730 11279
152741 11280
152752 11281
152777 11282
152793 11283
152798 11284
152823 11285
152845 11286
152848 11287
152860 11288
152862 11289
152884 11290
152885 11291
152900 11292
152902 11293
152905 11294
152906 11295
152954 11296
152956 11297
152966 11298
152967 11299
152972 11300
152975 11301
153007 11302
153026 11303
153030 11304
153031 11305
153064 11306
153089 11307
153112 11308
153113 11309
153118 11310
153123 11311
153124 11312
153130 11313
153133 11314
153156 11315
153168 11316
153173 11317
153182 11318
153205 11319
153224 11320
153226 11321
153230 11322
153268 11323
153272 11324
153287 11325
153289 11326
153298 11327
153327 11328
153332 11329
153350 11330
153390 11331
153393 11332
153410 11333
153421 11334
153427 11335
153431 11336
153457 11337
153465 11338
153476 11339
153484 11340
153507 11341
153517 11342
153526 11343
153527 11344
153532 11345
153544 11346
153566 11347
153581 11348
153582 11349
153616 11350
153631 11351
153643 11352
153650 11353
153659 11354
153676 11355
153684 11356
153685 11357
153701 11358
153706 11359
153708 11360
153727 11361
153739 11362
153750 11363
153770 11364
153779 11365
153782 11366
153806 11367
153814 11368
153818 11369
153822 11370
153825 11371
153848 11372
153862 11373
153867 11374
153876 11375
153886 11376
153887 11377
153900 11378
153902 11379
153904 11380
153922 11381
153931 11382
153941 11383
153946 11384
153967 11385
153979 11386
153987 11387
154006 11388
154060 11389
154064 11390
154065 11391
154093 11392
154094 11393
154125 11394
154170 11395
154171 11396
154174 11397
154179 11398
154197 11399
154200 11400
154208 11401
154225 11402
154234 11403
154243 11404
154252 11405
154254 11406
154278 11407
154284 11408
154287 11409
154301 11410
154302 11411
154306 11412
154317 11413
154327 11414
154337 11415
154342 11416
154348 11417
154355 11418
154359 11419
154384 11420
154391 11421
154398 11422
154411 11423
154413 11424
154414 11425
154430 11426
154443 11427
154474 11428
154485 11429
154512 11430
154548 11431
154568 11432
154614 11433
154616 11434
154625 11435
154670 11436
154675 11437
154679 11438
154710 11439
154724 11440
154726 11441
154747 11442
154757 11443
154774 11444
154779 11445
154782 11446
154794 11447
154796 11448
154801 11449
154807 11450
154811 11451
154820 11452
154824 11453
154849 11454
154867 11455
154878 11456
154934 11457
154938 11458
154939 11459
154953 11460
154966 11461
154978 11462
154997 11463
154999 11464
155017 11465
155037 11466
155038 11467
155047 11468
155073 11469
155115 11470
155120 11471
155132 11472
155159 11473
155169 11474
155189 11475
155192 11476
155224 11477
155225 11478
155228 11479
155231 11480
155243 11481
155252 11482
155283 11483
155294 11484
155300 11485
155307 11486
155330 11487
155337 11488
155338 11489
155341 11490
155361 11491
155375 11492
155376 11493
155377 11494
155407 11495
155411 11496
155424 11497
155425 11498
155430 11499
155432 11500
155438 11501
155464 11502
155472 11503
155516 11504
155518 11505
155525 11506
155560 11507
155561 11508
155570 11509
155579 11510
155581 11511
155583 11512
155585 11513
155612 11514
155613 11515
155632 11516
155667 11517
155675 11518
155692 11519
155728 11520
155740 11521
155752 11522
155756 11523
155761 11524
155767 11525
155772 11526
155777 11527
155781 11528
155808 11529
155835 11530
155845 11531
155846 11532
155848 11533
155865 11534
155880 11535
155893 11536
155909 11537
155916 11538
155941 11539
155952 11540
155960 11541
155966 11542
156026 11543
156038 11544
156055 11545
156067 11546
156070 11547
156096 11548
156115 11549
156126 11550
156140 11551
156177 11552
156201 11553
156203 11554
156235 11555
156237 11556
156240 11557
156251 11558
156263 11559
156285 11560
156292 11561
156304 11562
156312 11563
156313 11564
156330 11565
156331 11566
156340 11567
156357 11568
156370 11569
156387 11570
156393 11571
156399 11572
156400 11573
156408 11574
156444 11575
156448 11576
156470 11577
156494 11578
156516 11579
156534 11580
156555 11581
156568 11582
156579 11583
156597 11584
156626 11585
156628 11586
156675 11587
156689 11588
156704 11589
156729 11590
156738 11591
156761 11592
156775 11593
156778 11594
156785 11595
156821 11596
156837 11597
156846 11598
156847 11599
156866 11600
156885 11601
156914 11602
156924 11603
156928 11604
156938 11605
156953 11606
156993 11607
156996 11608
156998 11609
157030 11610
157034 11611
157054 11612
157056 11613
157071 11614
157075 11615
157102 11616
157112 11617
157113 11618
157119 11619
157126 11620
157136 11621
157139 11622
157162 11623
157168 11624
157170 11625
157207 11626
157213 11627
157247 11628
157271 11629
157275 11630
157285 11631
157289 11632
157309 11633
157315 11634
157316 11635
157334 11636
157354 11637
157383 11638
157394 11639
157411 11640
157412 11641
157414 11642
157423 11643
157455 11644
157460 11645
157463 11646
157470 11647
157496 11648
157515 11649
157526 11650
157548 11651
157559 11652
157563 11653
157565 11654
157613 11655
157621 11656
157633 11657
157637 11658
157678 11659
157701 11660
157723 11661
157733 11662
157739 11663
157748 11664
157771 11665
157780 11666
157781 11667
157802 11668
157838 11669
157852 11670
157857 11671
157869 11672
157877 11673
157880 11674
157886 11675
157888 11676
157890 11677
157989 11678
158000 11679
158016 11680
158020 11681
158028 11682
158048 11683
158051 11684
158067 11685
158070 11686
158079 11687
158087 11688
158102 11689
158111 11690
158154 11691
158167 11692
158173 11693
158179 11694
158185 11695
158210 11696
158213 11697
158221 11698
158222 11699
158229 11700
158235 11701
158241 11702
158255 11703
158257 11704
158258 11705
158282 11706
158293 11707
158339 11708
158343 11709
158352 11710
158360 11711
158378 11712
158379 11713
158390 11714
158402 11715
158408 11716
158416 11717
158417 11718
158439 11719
158446 11720
158472 11721
158482 11722
158551 11723
158568 11724
158575 11725
158576 11726
158583 11727
158587 11728
158590 11729
158596 11730
158605 11731
158657 11732
158676 11733
158713 11734
158720 11735
158721 11736
158748 11737
158753 11738
158759 11739
158760 11740
158774 11741
158783 11742
158787 11743
158806 11744
158864 11745
158868 11746
158881 11747
158916 11748
158921 11749
158936 11750
158945 11751
158954 11752
158958 11753
158967 11754
158969 11755
158975 11756
158982 11757
158987 11758
159047 11759
159066 11760
159100 11761
159117 11762
159137 11763
159151 11764
159171 11765
159175 11766
159176 11767
159179 11768
159193 11769
159199 11770
159260 11771
159263 11772
159295 11773
159306 11774
159309 11775
159323 11776
159335 11777
159339 11778
159347 11779
159404 11780
159438 11781
159447 11782
159478 11783
159490 11784
159491 11785
159520 11786
159525 11787
159568 11788
159598 11789
159610 11790
159640 11791
159664 11792
159672 11793
159686 11794
159695 11795
159705 11796
159714 11797
159724 11798
159725 11799
159726 11800
159738 11801
159743 11802
159752 11803
159763 11804
159772 11805
159847 11806
159858 11807
159872 11808
159882 11809
159888 11810
159903 11811
159912 11812
159937 11813
159945 11814
159959 11815
159991 11816
159996 11817
160012 11818
160046 11819
160048 11820
160053 11821
160062 11822
160155 11823
160160 11824
160193 11825
160194 11826
160195 11827
160215 11828
160218 11829
160222 11830
160278 11831
160291 11832
160306 11833
160319 11834
160336 11835
160343 11836
160360 11837
160362 11838
160363 11839
160374 11840
160384 11841
160443 11842
160469 11843
160478 11844
160523 11845
160526 11846
160576 11847
160583 11848
160605 11849
160638 11850
160646 11851
160655 11852
160666 11853
160676 11854
160686 11855
160688 11856
160696 11857
160701 11858
160729 11859
160739 11860
160767 11861
160771 11862
160802 11863
160808 11864
160819 11865
160831 11866
160838 11867
160859 11868
160878 11869
160913 11870
160932 11871
160948 11872
160949 11873
160996 11874
161009 11875
161036 11876
161051 11877
161069 11878
161071 11879
161082 11880
161098 11881
161125 11882
161129 11883
161159 11884
161166 11885
161169 11886
161206 11887
161219 11888
161220 11889
161228 11890
161230 11891
161239 11892
161316 11893
161317 11894
161318 11895
161321 11896
161331 11897
161351 11898
161358 11899
161388 11900
161423 11901
161425 11902
161457 11903
161490 11904
161500 11905
161513 11906
161519 11907
161532 11908
161533 11909
161535 11910
161540 11911
161551 11912
161553 11913
161561 11914
161568 11915
161606 11916
161607 11917
161647 11918
161650 11919
161658 11920
161668 11921
161678 11922
161685 11923
161693 11924
161700 11925
161712 11926
161717 11927
161724 11928
161735 11929
161748 11930
161750 11931
161760 11932
161762 11933
161766 11934
161776 11935
161788 11936
161807 11937
161809 11938
161842 11939
161850 11940
161864 11941
161871 11942
161875 11943
161952 11944
161956 11945
161976 11946
161987 11947
161988 11948
161990 11949
161992 11950
162012 11951
162019 11952
162027 11953
162038 11954
162040 11955
162044 11956
162068 11957
162072 11958
162088 11959
162090 11960
162093 11961
162105 11962
162122 11963
162125 11964
162132 11965
162152 11966
162169 11967
162174 11968
162239 11969
162244 11970
162262 11971
162264 11972
162304 11973
162306 11974
162309 11975
162317 11976
162319 11977
162334 11978
162357 11979
162364 11980
162376 11981
162377 11982
162391 11983
162407 11984
162411 11985
162442 11986
162443 11987
162455 11988
162457 11989
162466 11990
162473 11991
162487 11992
162493 11993
162501 11994
162509 11995
162512 11996
162525 11997
162550 11998
162557 11999
162564 12000
162585 12001
162605 12002
162628 12003
162634 12004
162641 12005
162643 12006
162682 12007
162696 12008
162699 12009
162751 12010
162772 12011
162787 12012
162794 12013
162797 12014
162824 12015
162835 12016
162837 12017
162876 12018
162894 12019
162895 12020
162901 12021
162923 12022
162925 12023
162947 12024
162955 12025
162971 12026
162975 12027
163012 12028
163013 12029
163021 12030
163026 12031
163032 12032
163073 12033
163079 12034
163092 12035
163102 12036
163107 12037
163132 12038
163153 12039
163171 12040
163172 12041
163190 12042
163204 12043
163223 12044
163228 12045
163237 12046
163241 12047
163261 12048
163295 12049
163311 12050
163324 12051
163325 12052
163353 12053
163355 12054
163358 12055
163374 12056
163384 12057
163391 12058
163413 12059
163461 12060
163466 12061
163468 12062
163480 12063
163481 12064
163483 12065
163507 12066
163531 12067
163535 12068
163587 12069
163600 12070
163603 12071
163605 12072
163620 12073
163622 12074
163679 12075
163686 12076
163705 12077
163737 12078
163739 12079
163741 12080
163747 12081
163773 12082
163781 12083
163788 12084
163808 12085
163809 12086
163848 12087
163859 12088
163863 12089
163866 12090
163880 12091
163881 12092
163904 12093
163908 12094
163910 12095
163925 12096
163939 12097
163940 12098
163947 12099
163980 12100
163984 12101
163986 12102
164008 12103
164016 12104
164029 12105
164035 12106
164055 12107
164058 12108
164061 12109
164064 12110
164070 12111
164078 12112
164087 12113
164091 12114
164093 12115
164107 12116
164121 12117
164131 12118
164147 12119
164149 12120
164151 12121
164187 12122
164188 12123
164195 12124
164198 12125
164201 12126
164212 12127
164229 12128
164241 12129
164252 12130
164258 12131
164297 12132
164308 12133
164336 12134
164350 12135
164352 12136
164361 12137
164368 12138
164384 12139
164401 12140
164406 12141
164413 12142
164438 12143
164442 12144
164460 12145
164468 12146
164500 12147
164502 12148
164504 12149
164515 12150
164527 12151
164536 12152
164544 12153
164555 12154
164562 12155
164588 12156
164594 12157
164619 12158
164622 12159
164641 12160
164643 12161
164687 12162
164705 12163
164709 12164
164758 12165
164763 12166
164766 12167
164776 12168
164782 12169
164790 12170
164796 12171
164798 12172
164812 12173
164817 12174
164877 12175
164894 12176
164912 12177
164915 12178
164918 12179
164925 12180
164927 12181
164928 12182
164964 12183
164986 12184
164989 12185
165013 12186
165020 12187
165035 12188
165061 12189
165071 12190
165078 12191
165099 12192
165109 12193
165114 12194
165121 12195
165150 12196
165158 12197
165172 12198
165194 12199
165206 12200
165207 12201
165215 12202
165228 12203
165230 12204
165247 12205
165262 12206
165284 12207
165294 12208
165322 12209
165323 12210
165327 12211
165347 12212
165371 12213
165392 12214
165393 12215
165403 12216
165424 12217
165432 12218
165443 12219
165452 12220
165455 12221
165458 12222
165469 12223
165481 12224
165507 12225
165529 12226
165539 12227
165576 12228
165580 12229
165582 12230
165593 12231
165629 12232
165630 12233
165641 12234
165649 12235
165655 12236
165667 12237
165672 12238
165676 12239
165683 12240
165722 12241
165742 12242
165757 12243
165760 12244
165794 12245
165796 12246
165806 12247
165863 12248
165864 12249
165877 12250
165893 12251
165908 12252
165916 12253
165918 12254
165920 12255
165941 12256
165983 12257
165989 12258
165990 12259
165995 12260
165997 12261
166013 12262
166032 12263
166063 12264
166076 12265
166078 12266
166079 12267
166104 12268
166108 12269
166109 12270
166115 12271
166121 12272
166131 12273
166154 12274
166179 12275
166188 12276
166203 12277
166207 12278
166215 12279
166221 12280
166224 12281
166234 12282
166239 12283
166279 12284
166282 12285
166285 12286
166287 12287
166315 12288
166320 12289
166322 12290
166340 12291
166345 12292
166351 12293
166352 12294
166357 12295
166372 12296
166403 12297
166416 12298
166426 12299
166430 12300
166441 12301
166454 12302
166482 12303
166490 12304
166491 12305
166496 12306
166497 12307
166523 12308
166533 12309
166554 12310
166560 12311
166582 12312
166618 12313
166633 12314
166635 12315
166643 12316
166657 12317
166667 12318
166670 12319
166673 12320
166714 12321
166718 12322
166720 12323
166741 12324
166750 12325
166751 12326
166752 12327
166766 12328
166781 12329
166798 12330
166800 12331
166801 12332
166810 12333
166829 12334
166836 12335
166850 12336
166856 12337
166859 12338
166868 12339
166878 12340
166884 12341
166895 12342
166901 12343
166911 12344
166926 12345
166966 12346
166969 12347
166986 12348
166992 12349
167016 12350
167027 12351
167051 12352
167060 12353
167074 12354
167119 12355
167141 12356
167169 12357
167180 12358
167189 12359
167204 12360
167213 12361
167236 12362
167237 12363
167261 12364
167268 12365
167274 12366
167282 12367
167283 12368
167294 12369
167298 12370
167305 12371
167309 12372
167324 12373
167344 12374
167370 12375
167399 12376
167402 12377
167409 12378
167425 12379
167427 12380
167448 12381
167467 12382
167471 12383
167472 12384
167483 12385
167499 12386
167506 12387
167533 12388
167534 12389
167536 12390
167539 12391
167545 12392
167549 12393
167558 12394
167567 12395
167577 12396
167603 12397
167638 12398
167659 12399
167661 12400
167695 12401
167713 12402
167726 12403
167732 12404
167750 12405
167753 12406
167759 12407
167775 12408
167779 12409
167782 12410
167786 12411
167803 12412
167832 12413
167833 12414
167846 12415
167851 12416
167853 12417
167862 12418
167878 12419
167889 12420
167899 12421
167904 12422
167906 12423
167907 12424
167917 12425
167933 12426
167935 12427
167955 12428
167960 12429
167972 12430
167981 12431
168011 12432
168043 12433
168047 12434
168101 12435
168111 12436
168123 12437
168127 12438
168141 12439
168162 12440
168169 12441
168200 12442
168232 12443
168261 12444
168269 12445
168302 12446
168304 12447
168311 12448
168312 12449
168318 12450
168352 12451
168360 12452
168362 12453
168367 12454
168378 12455
168386 12456
168389 12457
168390 12458
168393 12459
168401 12460
168403 12461
168437 12462
168466 12463
168473 12464
168478 12465
168499 12466
168503 12467
168507 12468
168537 12469
168550 12470
168552 12471
168560 12472
168569 12473
168571 12474
168584 12475
168603 12476
168606 12477
168615 12478
168641 12479
168648 12480
168654 12481
168685 12482
168696 12483
168699 12484
168714 12485
168721 12486
168724 12487
168730 12488
168743 12489
168757 12490
168780 12491
168804 12492
168827 12493
168832 12494
168843 12495
168844 12496
168863 12497
168865 12498
168874 12499
168890 12500
168914 12501
168942 12502
169044 12503
169058 12504
169079 12505
169081 12506
169082 12507
169099 12508
169119 12509
169122 12510
169131 12511
169167 12512
169194 12513
169201 12514
169212 12515
169224 12516
169246 12517
169260 12518
169266 12519
169268 12520
169283 12521
169297 12522
169310 12523
169317 12524
169328 12525
169329 12526
169333 12527
169336 12528
169341 12529
169362 12530
169368 12531
169380 12532
169388 12533
169407 12534
169415 12535
169440 12536
169458 12537
169463 12538
169506 12539
169520 12540
169528 12541
169557 12542
169563 12543
169574 12544
169577 12545
169585 12546
169597 12547
169602 12548
169621 12549
169647 12550
169654 12551
169657 12552
169705 12553
169714 12554
169723 12555
169729 12556
169752 12557
169785 12558
169806 12559
169809 12560
169831 12561
169859 12562
169873 12563
169882 12564
169902 12565
169906 12566
169932 12567
169934 12568
169948 12569
169957 12570
169978 12571
170004 12572
170016 12573
170017 12574
170023 12575
170026 12576
170032 12577
170034 12578
170067 12579
170071 12580
170078 12581
170140 12582
170148 12583
170151 12584
170158 12585
170174 12586
170182 12587
170185 12588
170196 12589
170209 12590
170220 12591
170243 12592
170254 12593
170259 12594
170264 12595
170268 12596
170308 12597
170309 12598
170321 12599
170352 12600
170360 12601
170379 12602
170383 12603
170387 12604
170391 12605
170427 12606
170448 12607
170493 12608
170495 12609
170496 12610
170502 12611
170522 12612
170534 12613
170553 12614
170595 12615
170601 12616
170602 12617
170605 12618
170616 12619
170638 12620
170649 12621
170665 12622
170690 12623
170697 12624
170707 12625
170709 12626
170737 12627
170811 12628
170812 12629
170844 12630
170849 12631
170861 12632
170934 12633
170942 12634
170943 12635
170968 12636
170983 12637
170984 12638
170990 12639
170995 12640
171000 12641
171002 12642
171004 12643
171007 12644
171018 12645
171021 12646
171025 12647
171031 12648
171039 12649
171053 12650
171060 12651
171081 12652
171092 12653
171112 12654
171118 12655
171127 12656
171137 12657
171154 12658
171161 12659
171173 12660
171177 12661
171179 12662
171181 12663
171183 12664
171202 12665
171226 12666
171230 12667
171235 12668
171251 12669
171271 12670
171320 12671
171325 12672
171334 12673
171335 12674
171342 12675
171347 12676
171349 12677
171363 12678
171446 12679
171465 12680
171477 12681
171504 12682
171513 12683
171515 12684
171524 12685
171550 12686
171570 12687
171599 12688
171610 12689
171616 12690
171632 12691
171639 12692
171643 12693
171663 12694
171668 12695
171671 12696
171672 12697
171673 12698
171689 12699
171692 12700
171712 12701
171737 12702
171766 12703
171779 12704
171801 12705
171802 12706
171808 12707
171825 12708
171827 12709
171876 12710
171880 12711
171944 12712
171946 12713
171982 12714
172032 12715
172033 12716
172064 12717
172075 12718
172091 12719
172094 12720
172128 12721
172141 12722
172147 12723
172159 12724
172207 12725
172220 12726
172222 12727
172223 12728
172231 12729
172244 12730
172254 12731
172270 12732
172280 12733
172306 12734
172330 12735
172411 12736
172425 12737
172433 12738
172441 12739
172465 12740
172494 12741
172504 12742
172513 12743
172553 12744
172589 12745
172621 12746
172624 12747
172634 12748
172637 12749
172659 12750
172671 12751
172683 12752
172684 12753
172742 12754
172750 12755
172751 12756
172760 12757
172764 12758
172794 12759
172799 12760
172804 12761
172832 12762
172837 12763
172838 12764
172860 12765
172872 12766
172884 12767
172886 12768
172887 12769
172892 12770
172896 12771
172899 12772
172918 12773
172920 12774
172923 12775
172926 12776
172932 12777
172958 12778
172964 12779
172965 12780
172979 12781
173000 12782
173004 12783
173006 12784
173009 12785
173029 12786
173059 12787
173076 12788
173090 12789
173100 12790
173101 12791
173104 12792
173108 12793
173120 12794
173125 12795
173132 12796
173140 12797
173157 12798
173171 12799
173175 12800
173195 12801
173202 12802
173211 12803
173219 12804
173241 12805
173247 12806
173258 12807
173259 12808
173267 12809
173288 12810
173290 12811
173300 12812
173304 12813
173321 12814
173325 12815
173357 12816
173366 12817
173376 12818
173386 12819
173419 12820
173429 12821
173431 12822
173432 12823
173455 12824
173478 12825
173488 12826
173509 12827
173511 12828
173530 12829
173586 12830
173593 12831
173601 12832
173608 12833
173626 12834
173636 12835
173643 12836
173644 12837
173668 12838
173674 12839
173708 12840
173721 12841
173722 12842
173737 12843
173752 12844
173764 12845
173766 12846
173799 12847
173813 12848
173819 12849
173880 12850
173909 12851
173913 12852
173939 12853
173953 12854
173984 12855
173992 12856
173993 12857
174001 12858
174008 12859
174029 12860
174037 12861
174042 12862
174065 12863
174100 12864
174105 12865
174110 12866
174115 12867
174116 12868
174118 12869
174129 12870
174132 12871
174167 12872
174179 12873
174185 12874
174200 12875
174203 12876
174223 12877
174226 12878
174234 12879
174312 12880
174327 12881
174340 12882
174348 12883
174354 12884
174355 12885
174359 12886
174393 12887
174394 12888
174397 12889
174406 12890
174429 12891
174434 12892
174450 12893
174451 12894
174454 12895
174458 12896
174476 12897
174503 12898
174513 12899
174526 12900
174553 12901
174566 12902
174571 12903
174578 12904
174588 12905
174597 12906
174617 12907
174642 12908
174662 12909
174680 12910
174697 12911
174707 12912
174714 12913
174716 12914
174722 12915
174723 12916
174736 12917
174745 12918
174746 12919
174768 12920
174786 12921
174796 12922
174832 12923
174843 12924
174856 12925
174900 12926
174913 12927
174919 12928
174920 12929
174953 12930
174955 12931
174974 12932
174976 12933
174981 12934
175000 12935
175029 12936
175032 12937
175045 12938
175062 12939
175064 12940
175068 12941
175084 12942
175092 12943
175099 12944
175101 12945
175103 12946
175108 12947
175142 12948
175152 12949
175162 12950
175207 12951
175224 12952
175243 12953
175258 12954
175286 12955
175298 12956
175299 12957
175303 12958
175309 12959
175313 12960
175345 12961
175369 12962
175375 12963
175396 12964
175400 12965
175402 12966
175440 12967
175444 12968
175453 12969
175487 12970
175505 12971
175514 12972
175547 12973
175584 12974
175585 12975
175638 12976
175639 12977
175681 12978
175685 12979
175696 12980
175705 12981
175715 12982
175724 12983
175738 12984
175743 12985
175776 12986
175788 12987
175797 12988
175813 12989
175832 12990
175847 12991
175852 12992
175866 12993
175882 12994
175894 12995
175900 12996
175903 12997
175909 12998
175929 12999
175941 13000
175953 13001
175996 13002
176006 13003
176009 13004
176022 13005
176039 13006
176051 13007
176076 13008
176077 13009
176096 13010
176101 13011
176102 13012
176104 13013
176115 13014
176116 13015
176140 13016
176152 13017
176164 13018
176168 13019
176179 13020
176195 13021
176196 13022
176198 13023
176200 13024
176203 13025
176221 13026
176227 13027
176256 13028
176288 13029
176311 13030
176318 13031
176328 13032
176331 13033
176334 13034
176337 13035
176342 13036
176351 13037
176354 13038
176368 13039
176394 13040
176401 13041
176413 13042
176415 13043
176417 13044
176444 13045
176446 13046
176449 13047
176472 13048
176473 13049
176474 13050
176499 13051
176512 13052
176518 13053
176520 13054
176522 13055
176526 13056
176533 13057
176546 13058
176548 13059
176550 13060
176556 13061
176560 13062
176563 13063
176564 13064
176593 13065
176607 13066
176609 13067
176617 13068
176632 13069
176638 13070
176648 13071
176653 13072
176663 13073
176676 13074
176678 13075
176684 13076
176693 13077
176703 13078
176721 13079
176730 13080
176732 13081
176748 13082
176755 13083
176756 13084
176780 13085
176785 13086
176789 13087
176794 13088
176822 13089
176824 13090
176829 13091
176831 13092
176854 13093
176862 13094
176879 13095
176886 13096
176887 13097
176912 13098
176914 13099
176922 13100
176924 13101
176940 13102
176964 13103
176968 13104
176969 13105
176978 13106
176982 13107
176984 13108
176992 13109
177015 13110
177022 13111
177024 13112
177031 13113
177041 13114
177042 13115
177046 13116
177066 13117
177074 13118
177079 13119
177083 13120
177090 13121
177096 13122
177097 13123
177108 13124
177117 13125
177135 13126
177167 13127
177174 13128
177181 13129
177186 13130
177199 13131
177223 13132
177265 13133
177273 13134
177328 13135
177330 13136
177347 13137
177354 13138
177364 13139
177478 13140
177487 13141
177488 13142
177491 13143
177495 13144
177511 13145
177530 13146
177537 13147
177546 13148
177549 13149
177551 13150
177559 13151
177570 13152
177595 13153
177597 13154
177616 13155
177624 13156
177639 13157
177640 13158
177643 13159
177644 13160
177678 13161
177761 13162
177769 13163
177800 13164
177804 13165
177818 13166
177823 13167
177825 13168
177899 13169
177904 13170
177908 13171
177919 13172
177953 13173
177956 13174
177969 13175
177981 13176
177990 13177
177998 13178
178012 13179
178016 13180
178021 13181
178027 13182
178042 13183
178046 13184
178047 13185
178055 13186
178077 13187
178080 13188
178096 13189
178099 13190
178102 13191
178113 13192
178114 13193
178116 13194
178118 13195
178120 13196
178135 13197
178150 13198
178191 13199
178243 13200
178247 13201
178250 13202
178277 13203
178295 13204
178297 13205
178318 13206
178322 13207
178332 13208
178334 13209
178346 13210
178360 13211
178375 13212
178382 13213
178387 13214
178404 13215
178405 13216
178411 13217
178423 13218
178432 13219
178435 13220
178462 13221
178486 13222
178495 13223
178499 13224
178518 13225
178526 13226
178552 13227
178555 13228
178560 13229
178582 13230
178589 13231
178597 13232
178598 13233
178607 13234
178609 13235
178647 13236
178648 13237
178653 13238
178672 13239
178673 13240
178679 13241
178688 13242
178690 13243
178692 13244
178699 13245
178700 13246
178711 13247
178714 13248
178717 13249
178722 13250
178731 13251
178789 13252
178795 13253
178804 13254
178806 13255
178819 13256
178825 13257
178844 13258
178864 13259
178875 13260
178889 13261
178923 13262
178927 13263
178944 13264
178948 13265
179004 13266
179008 13267
179031 13268
179059 13269
179072 13270
179089 13271
179133 13272
179137 13273
179140 13274
179148 13275
179153 13276
179163 13277
179171 13278
179189 13279
179201 13280
179204 13281
179228 13282
179256 13283
179263 13284
179275 13285
179308 13286
179310 13287
179315 13288
179330 13289
179351 13290
179355 13291
179359 13292
179370 13293
179373 13294
179386 13295
179388 13296
179418 13297
179463 13298
179468 13299
179482 13300
179517 13301
179526 13302
179528 13303
179533 13304
179536 13305
179555 13306
179561 13307
179579 13308
179582 13309
179583 13310
179603 13311
179618 13312
179634 13313
179638 13314
179677 13315
179678 13316
179680 13317
179694 13318
179699 13319
179701 13320
179769 13321
179796 13322
179799 13323
179845 13324
179882 13325
179889 13326
179893 13327
179898 13328
179900 13329
179906 13330
179910 13331
179913 13332
179931 13333
179962 13334
179969 13335
179980 13336
179990 13337
180006 13338
180008 13339
180028 13340
180029 13341
180035 13342
180044 13343
180047 13344
180059 13345
180068 13346
180088 13347
180130 13348
180131 13349
180133 13350
180153 13351
180170 13352
180188 13353
180204 13354
180240 13355
180260 13356
180268 13357
180277 13358
180348 13359
180356 13360
180357 13361
180365 13362
180400 13363
180412 13364
180413 13365
180417 13366
180452 13367
180458 13368
180470 13369
180482 13370
180500 13371
180511 13372
180528 13373
180540 13374
180551 13375
180579 13376
180582 13377
180584 13378
180587 13379
180589 13380
180606 13381
180624 13382
180632 13383
180665 13384
180666 13385
180678 13386
180710 13387
180715 13388
180724 13389
180757 13390
180791 13391
180806 13392
180833 13393
180840 13394
180843 13395
180846 13396
180858 13397
180919 13398
180939 13399
180967 13400
180986 13401
180988 13402
180998 13403
180999 13404
181003 13405
181007 13406
181008 13407
181023 13408
181032 13409
181048 13410
181057 13411
181081 13412
181082 13413
181089 13414
181103 13415
181109 13416
181115 13417
181129 13418
181135 13419
181145 13420
181185 13421
181191 13422
181194 13423
181202 13424
181213 13425
181220 13426
181252 13427
181259 13428
181266 13429
181312 13430
181317 13431
181352 13432
181360 13433
181394 13434
181395 13435
181399 13436
181410 13437
181411 13438
181422 13439
181481 13440
181540 13441
181546 13442
181553 13443
181555 13444
181557 13445
181593 13446
181639 13447
181640 13448
181648 13449
181693 13450
181700 13451
181718 13452
181749 13453
181758 13454
181760 13455
181773 13456
181776 13457
181783 13458
181784 13459
181796 13460
181808 13461
181831 13462
181836 13463
181860 13464
181877 13465
181880 13466
181902 13467
181906 13468
181916 13469
181928 13470
181954 13471
181962 13472
181966 13473
181968 13474
181989 13475
182014 13476
182015 13477
182018 13478
182021 13479
182027 13480
182033 13481
182045 13482
182050 13483
182055 13484
182063 13485
182100 13486
182114 13487
182126 13488
182130 13489
182151 13490
182158 13491
182172 13492
182184 13493
182187 13494
182189 13495
182191 13496
182202 13497
182210 13498
182217 13499
182221 13500
182232 13501
182233 13502
182244 13503
182262 13504
182265 13505
182287 13506
182341 13507
182363 13508
182368 13509
182377 13510
182410 13511
182424 13512
182447 13513
182473 13514
182479 13515
182498 13516
182529 13517
182541 13518
182555 13519
182618 13520
182622 13521
182635 13522
182636 13523
182637 13524
182660 13525
182672 13526
182673 13527
182681 13528
182689 13529
182711 13530
182714 13531
182732 13532
182752 13533
182758 13534
182762 13535
182766 13536
182771 13537
182775 13538
182788 13539
182795 13540
182796 13541
182809 13542
182835 13543
182853 13544
182856 13545
182888 13546
182902 13547
182905 13548
182951 13549
182974 13550
182989 13551
182994 13552
183018 13553
183032 13554
183057 13555
183062 13556
183064 13557
183078 13558
183081 13559
183087 13560
183096 13561
183103 13562
183106 13563
183111 13564
183120 13565
183121 13566
183142 13567
183144 13568
183154 13569
183173 13570
183177 13571
183181 13572
183191 13573
183198 13574
183202 13575
183213 13576
183266 13577
183271 13578
183306 13579
183325 13580
183376 13581
183382 13582
183418 13583
183422 13584
183425 13585
183426 13586
183445 13587
183447 13588
183454 13589
183455 13590
183473 13591
183481 13592
183485 13593
183500 13594
183511 13595
183512 13596
183533 13597
183534 13598
183546 13599
183552 13600
183563 13601
183587 13602
183588 13603
183600 13604
183612 13605
183613 13606
183650 13607
183655 13608
183657 13609
183666 13610
183671 13611
183678 13612
183680 13613
183689 13614
183706 13615
183728 13616
183732 13617
183742 13618
183749 13619
183755 13620
183764 13621
183775 13622
183778 13623
183795 13624
183805 13625
183813 13626
183869 13627
183902 13628
183911 13629
183916 13630
183917 13631
183952 13632
183965 13633
183980 13634
183981 13635
183984 13636
183994 13637
184001 13638
184004 13639
184020 13640
184035 13641
184038 13642
184063 13643
184066 13644
184084 13645
184086 13646
184104 13647
184121 13648
184122 13649
184135 13650
184137 13651
184139 13652
184146 13653
184152 13654
184159 13655
184176 13656
184200 13657
184206 13658
184207 13659
184223 13660
184253 13661
184261 13662
184264 13663
184268 13664
184303 13665
184334 13666
184343 13667
184350 13668
184372 13669
184378 13670
184397 13671
184426 13672
184430 13673
184459 13674
184468 13675
184472 13676
184479 13677
184494 13678
184499 13679
184501 13680
184504 13681
184528 13682
184535 13683
184537 13684
184539 13685
184556 13686
184571 13687
184575 13688
184603 13689
184608 13690
184633 13691
184634 13692
184652 13693
184670 13694
184673 13695
184688 13696
184699 13697
184725 13698
184741 13699
184747 13700
184754 13701
184759 13702
184782 13703
184821 13704
184838 13705
184839 13706
184850 13707
184851 13708
184869 13709
184873 13710
184900 13711
184902 13712
184910 13713
184925 13714
184947 13715
184949 13716
184957 13717
184970 13718
184975 13719
184994 13720
185029 13721
185043 13722
185080 13723
185083 13724
185096 13725
185097 13726
185129 13727
185151 13728
185163 13729
185174 13730
185186 13731
185206 13732
185214 13733
185216 13734
185222 13735
185254 13736
185255 13737
185266 13738
185272 13739
185286 13740
185351 13741
185358 13742
185372 13743
185377 13744
185389 13745
185420 13746
185440 13747
185447 13748
185476 13749
185479 13750
185481 13751
185498 13752
185500 13753
185517 13754
185520 13755
185556 13756
185619 13757
185626 13758
185638 13759
185654 13760
185675 13761
185689 13762
185695 13763
185700 13764
185712 13765
185719 13766
185747 13767
185765 13768
185769 13769
185776 13770
185794 13771
185802 13772
185813 13773
185840 13774
185850 13775
185862 13776
185868 13777
185875 13778
185876 13779
185878 13780
185890 13781
185906 13782
185935 13783
185954 13784
185966 13785
185968 13786
185979 13787
185984 13788
185994 13789
186009 13790
186021 13791
186024 13792
186027 13793
186076 13794
186105 13795
186116 13796
186124 13797
186127 13798
186159 13799
186160 13800
186164 13801
186193 13802
186226 13803
186243 13804
186281 13805
186288 13806
186293 13807
186313 13808
186316 13809
186327 13810
186331 13811
186346 13812
186367 13813
186372 13814
186382 13815
186391 13816
186396 13817
186414 13818
186415 13819
186418 13820
186441 13821
186444 13822
186538 13823
186623 13824
186631 13825
186654 13826
186671 13827
186704 13828
186709 13829
186711 13830
186713 13831
186731 13832
186733 13833
186779 13834
186803 13835
186805 13836
186824 13837
186844 13838
186852 13839
186859 13840
186863 13841
186868 13842
186871 13843
186876 13844
186879 13845
186882 13846
186887 13847
186894 13848
186906 13849
186911 13850
186930 13851
186947 13852
186964 13853
186983 13854
187014 13855
187026 13856
187038 13857
187039 13858
187042 13859
187094 13860
187096 13861
187106 13862
187131 13863
187137 13864
187153 13865
187177 13866
187179 13867
187217 13868
187237 13869
187241 13870
187252 13871
187261 13872
187274 13873
187282 13874
187290 13875
187301 13876
187328 13877
187338 13878
187354 13879
187356 13880
187371 13881
187374 13882
187388 13883
187399 13884
187402 13885
187427 13886
187432 13887
187439 13888
187473 13889
187502 13890
187508 13891
187514 13892
187560 13893
187590 13894
187607 13895
187609 13896
187638 13897
187667 13898
187669 13899
187671 13900
187683 13901
187691 13902
187702 13903
187717 13904
187720 13905
187738 13906
187740 13907
187772 13908
187774 13909
187775 13910
187780 13911
187789 13912
187799 13913
187818 13914
187847 13915
187852 13916
187874 13917
187888 13918
187910 13919
187929 13920
187934 13921
187943 13922
187948 13923
187950 13924
187962 13925
187965 13926
187978 13927
187982 13928
188026 13929
188043 13930
188054 13931
188086 13932
188098 13933
188195 13934
188200 13935
188210 13936
188230 13937
188263 13938
188301 13939
188327 13940
188334 13941
188345 13942
188367 13943
188381 13944
188392 13945
188397 13946
188415 13947
188430 13948
188477 13949
188482 13950
188494 13951
188504 13952
188511 13953
188530 13954
188590 13955
188595 13956
188624 13957
188626 13958
188639 13959
188641 13960
188689 13961
188702 13962
188713 13963
188726 13964
188740 13965
188775 13966
188786 13967
188801 13968
188810 13969
188818 13970
188843 13971
188861 13972
188872 13973
188879 13974
188890 13975
188904 13976
188909 13977
188932 13978
188943 13979
188946 13980
188997 13981
189008 13982
189036 13983
189038 13984
189047 13985
189115 13986
189133 13987
189152 13988
189156 13989
189166 13990
189173 13991
189208 13992
189210 13993
189225 13994
189233 13995
189235 13996
189244 13997
189255 13998
189260 13999
189273 14000
189287 14001
189314 14002
189318 14003
189322 14004
189367 14005
189369 14006
189375 14007
189387 14008
189399 14009
189403 14010
189422 14011
189427 14012
189435 14013
189441 14014
189460 14015
189462 14016
189484 14017
189492 14018
189496 14019
189499 14020
189501 14021
189502 14022
189515 14023
189522 14024
189537 14025
189573 14026
189593 14027
189598 14028
189603 14029
189613 14030
189622 14031
189648 14032
189692 14033
189706 14034
189713 14035
189788 14036
189793 14037
189801 14038
189826 14039
189836 14040
189837 14041
189856 14042
189861 14043
189865 14044
189868 14045
189876 14046
189883 14047
189933 14048
189945 14049
189947 14050
189958 14051
189962 14052
190012 14053
190031 14054
190065 14055
190098 14056
190105 14057
190113 14058
190157 14059
190195 14060
190205 14061
190206 14062
190213 14063
190218 14064
190221 14065
190224 14066
190225 14067
190237 14068
190244 14069
190283 14070
190286 14071
190301 14072
190376 14073
190383 14074
190387 14075
190390 14076
190411 14077
190512 14078
190537 14079
190547 14080
190550 14081
190573 14082
190612 14083
190619 14084
190642 14085
190668 14086
190671 14087
190672 14088
190680 14089
190681 14090
190693 14091
190705 14092
190708 14093
190719 14094
190748 14095
190791 14096
190798 14097
190811 14098
190846 14099
190852 14100
190866 14101
190884 14102
190890 14103
190900 14104
190919 14105
190920 14106
190941 14107
190975 14108
190979 14109
190997 14110
191004 14111
191007 14112
191008 14113
191019 14114
191048 14115
191058 14116
191065 14117
191074 14118
191084 14119
191087 14120
191095 14121
191097 14122
191106 14123
191107 14124
191128 14125
191151 14126
191220 14127
191230 14128
191251 14129
191265 14130
191269 14131
191277 14132
191284 14133
191312 14134
191314 14135
191323 14136
191341 14137
191345 14138
191358 14139
191372 14140
191376 14141
191377 14142
191395 14143
191432 14144
191433 14145
191442 14146
191443 14147
191448 14148
191460 14149
191462 14150
191477 14151
191497 14152
191498 14153
191505 14154
191520 14155
191524 14156
191550 14157
191576 14158
191588 14159
191617 14160
191625 14161
191633 14162
191644 14163
191662 14164
191670 14165
191674 14166
191682 14167
191686 14168
191693 14169
191718 14170
191728 14171
191742 14172
191753 14173
191756 14174
191761 14175
191763 14176
191828 14177
191833 14178
191868 14179
191914 14180
191926 14181
191935 14182
191945 14183
191950 14184
191977 14185
192004 14186
192014 14187
192027 14188
192055 14189
192075 14190
192085 14191
192088 14192
192105 14193
192111 14194
192228 14195
192229 14196
192256 14197
192264 14198
192345 14199
192351 14200
192356 14201
192373 14202
192391 14203
192399 14204
192401 14205
192407 14206
192417 14207
192425 14208
192435 14209
192444 14210
192447 14211
192450 14212
192465 14213
192488 14214
192495 14215
192502 14216
192523 14217
192534 14218
192542 14219
192565 14220
192567 14221
192571 14222
192584 14223
192587 14224
192589 14225
192593 14226
192601 14227
192602 14228
192627 14229
192630 14230
192641 14231
192644 14232
192661 14233
192678 14234
192687 14235
192695 14236
192708 14237
192736 14238
192743 14239
192759 14240
192776 14241
192788 14242
192789 14243
192838 14244
192850 14245
192866 14246
192897 14247
192904 14248
192941 14249
192948 14250
192957 14251
192960 14252
192987 14253
193009 14254
193013 14255
193023 14256
193034 14257
193063 14258
193064 14259
193068 14260
193070 14261
193080 14262
193097 14263
193101 14264
193120 14265
193138 14266
193140 14267
193145 14268
193149 14269
193162 14270
193167 14271
193180 14272
193183 14273
193186 14274
193191 14275
193198 14276
193211 14277
193226 14278
193241 14279
193258 14280
193269 14281
193273 14282
193281 14283
193322 14284
193326 14285
193346 14286
193351 14287
193359 14288
193368 14289
193378 14290
193394 14291
193396 14292
193403 14293
193413 14294
193440 14295
193456 14296
193468 14297
193479 14298
193488 14299
193493 14300
193525 14301
193529 14302
193530 14303
193531 14304
193536 14305
193578 14306
193623 14307
193628 14308
193662 14309
193675 14310
193695 14311
193706 14312
193729 14313
193742 14314
193750 14315
193754 14316
193780 14317
193786 14318
193790 14319
193821 14320
193825 14321
193826 14322
193845 14323
193865 14324
193869 14325
193894 14326
193896 14327
193918 14328
193928 14329
193930 14330
193934 14331
193938 14332
193939 14333
193943 14334
193948 14335
193965 14336
193966 14337
193972 14338
193973 14339
193977 14340
193993 14341
194001 14342
194005 14343
194037 14344
194044 14345
194056 14346
194064 14347
194071 14348
194072 14349
194075 14350
194081 14351
194086 14352
194104 14353
194107 14354
194128 14355
194132 14356
194164 14357
194166 14358
194168 14359
194174 14360
194179 14361
194184 14362
194190 14363
194194 14364
194215 14365
194228 14366
194240 14367
194247 14368
194255 14369
194284 14370
194294 14371
194297 14372
194309 14373
194313 14374
194315 14375
194327 14376
194373 14377
194413 14378
194416 14379
194437 14380
194442 14381
194448 14382
194462 14383
194493 14384
194529 14385
194535 14386
194536 14387
194538 14388
194555 14389
194568 14390
194572 14391
194575 14392
194586 14393
194598 14394
194609 14395
194614 14396
194619 14397
194637 14398
194675 14399
194679 14400
194690 14401
194715 14402
194768 14403
194789 14404
194794 14405
194801 14406
194802 14407
194809 14408
194884 14409
194894 14410
194910 14411
194918 14412
194938 14413
194948 14414
194955 14415
194967 14416
194969 14417
194977 14418
195000 14419
195005 14420
195010 14421
195018 14422
195039 14423
195053 14424
195111 14425
195115 14426
195116 14427
195122 14428
195166 14429
195181 14430
195185 14431
195192 14432
195211 14433
195213 14434
195229 14435
195247 14436
195249 14437
195262 14438
195292 14439
195295 14440
195303 14441
195311 14442
195327 14443
195330 14444
195347 14445
195367 14446
195379 14447
195391 14448
195397 14449
195418 14450
195423 14451
195427 14452
195473 14453
195476 14454
195480 14455
195481 14456
195488 14457
195509 14458
195516 14459
195536 14460
195543 14461
195544 14462
195577 14463
195579 14464
195598 14465
195618 14466
195639 14467
195651 14468
195652 14469
195664 14470
195668 14471
195673 14472
195693 14473
195708 14474
195748 14475
195755 14476
195764 14477
195768 14478
195771 14479
195805 14480
195825 14481
195826 14482
195832 14483
195834 14484
195842 14485
195856 14486
195868 14487
195870 14488
195881 14489
195883 14490
195914 14491
195918 14492
195919 14493
195921 14494
195925 14495
195926 14496
195929 14497
195937 14498
195939 14499
195952 14500
195982 14501
195984 14502
196011 14503
196027 14504
196029 14505
196037 14506
196038 14507
196091 14508
196094 14509
196103 14510
196110 14511
196139 14512
196143 14513
196145 14514
196163 14515
196167 14516
196168 14517
196177 14518
196188 14519
196196 14520
196212 14521
196217 14522
196227 14523
196241 14524
196242 14525
196262 14526
196272 14527
196281 14528
196285 14529
196307 14530
196329 14531
196365 14532
196415 14533
196418 14534
196439 14535
196440 14536
196441 14537
196459 14538
196460 14539
196464 14540
196470 14541
196478 14542
196494 14543
196495 14544
196500 14545
196501 14546
196518 14547
196519 14548
196522 14549
196550 14550
196553 14551
196555 14552
196602 14553
196608 14554
196626 14555
196630 14556
196641 14557
196658 14558
196664 14559
196700 14560
196708 14561
196709 14562
196712 14563
196744 14564
196747 14565
196786 14566
196793 14567
196798 14568
196832 14569
196839 14570
196841 14571
196846 14572
196850 14573
196865 14574
196868 14575
196876 14576
196877 14577
196878 14578
196892 14579
196893 14580
196904 14581
196912 14582
196921 14583
196930 14584
196933 14585
196934 14586
196935 14587
196951 14588
196963 14589
196971 14590
196982 14591
196993 14592
196997 14593
197012 14594
197030 14595
197034 14596
197051 14597
197066 14598
197067 14599
197071 14600
197104 14601
197118 14602
197137 14603
197152 14604
197159 14605
197160 14606
197161 14607
197167 14608
197174 14609
197176 14610
197190 14611
197193 14612
197226 14613
197228 14614
197231 14615
197242 14616
197259 14617
197260 14618
197270 14619
197272 14620
197275 14621
197277 14622
197286 14623
197289 14624
197292 14625
197325 14626
197347 14627
197360 14628
197381 14629
197385 14630
197394 14631
197410 14632
197415 14633
197418 14634
197423 14635
197427 14636
197432 14637
197437 14638
197455 14639
197456 14640
197462 14641
197465 14642
197473 14643
197475 14644
197491 14645
197559 14646
197564 14647
197570 14648
197578 14649
197629 14650
197665 14651
197675 14652
197688 14653
197691 14654
197694 14655
197705 14656
197710 14657
197714 14658
197749 14659
197759 14660
197799 14661
197823 14662
197854 14663
197858 14664
197861 14665
197880 14666
197905 14667
197915 14668
197926 14669
197938 14670
197963 14671
197972 14672
197975 14673
197987 14674
197993 14675
198000 14676
198010 14677
198036 14678
198059 14679
198068 14680
198071 14681
198100 14682
198110 14683
198114 14684
198120 14685
198124 14686
198129 14687
198130 14688
198165 14689
198199 14690
198202 14691
198206 14692
198220 14693
198226 14694
198232 14695
198236 14696
198237 14697
198246 14698
198250 14699
198287 14700
198301 14701
198317 14702
198328 14703
198341 14704
198357 14705
198358 14706
198359 14707
198366 14708
198367 14709
198432 14710
198436 14711
198458 14712
198463 14713
198471 14714
198473 14715
198501 14716
198503 14717
198530 14718
198579 14719
198590 14720
198633 14721
198673 14722
198686 14723
198705 14724
198711 14725
198725 14726
198726 14727
198734 14728
198742 14729
198753 14730
198755 14731
198774 14732
198793 14733
198801 14734
198811 14735
198817 14736
198819 14737
198828 14738
198845 14739
198863 14740
198871 14741
198884 14742
198885 14743
198890 14744
198892 14745
198900 14746
198901 14747
198921 14748
198922 14749
198923 14750
198947 14751
198951 14752
198958 14753
198964 14754
198967 14755
198969 14756
199017 14757
199020 14758
199028 14759
199034 14760
199048 14761
199055 14762
199061 14763
199062 14764
199088 14765
199091 14766
199097 14767
199104 14768
199129 14769
199163 14770
199178 14771
199183 14772
199187 14773
199188 14774
199194 14775
199203 14776
199204 14777
199223 14778
199224 14779
199244 14780
199245 14781
199295 14782
199299 14783
199303 14784
199325 14785
199384 14786
199420 14787
199424 14788
199429 14789
199432 14790
199455 14791
199477 14792
199485 14793
199506 14794
199573 14795
199584 14796
199587 14797
199589 14798
199607 14799
199618 14800
199635 14801
199640 14802
199651 14803
199659 14804
199662 14805
199666 14806
199671 14807
199691 14808
199693 14809
199706 14810
199720 14811
199726 14812
199736 14813
199799 14814
199824 14815
199825 14816
199826 14817
199843 14818
199862 14819
199864 14820
199873 14821
199898 14822
199903 14823
199914 14824
199919 14825
199923 14826
199940 14827
199951 14828
199955 14829
199959 14830
199962 14831
199969 14832
199994 14833
199995 14834
200003 14835
200025 14836
200031 14837
200049 14838
200055 14839
200069 14840
200077 14841
200093 14842
200096 14843
200105 14844
200161 14845
200164 14846
200172 14847
200185 14848
200196 14849
200203 14850
200209 14851
200224 14852
200237 14853
200244 14854
200271 14855
200294 14856
200305 14857
200307 14858
200325 14859
200328 14860
200330 14861
200335 14862
200351 14863
200352 14864
200353 14865
200354 14866
200360 14867
200367 14868
200369 14869
200397 14870
200400 14871
200438 14872
200451 14873
200464 14874
200470 14875
200480 14876
200509 14877
200552 14878
200556 14879
200588 14880
200626 14881
200633 14882
200661 14883
200664 14884
200676 14885
200681 14886
200687 14887
200706 14888
200709 14889
200724 14890
200725 14891
200741 14892
200748 14893
200751 14894
200758 14895
200787 14896
200813 14897
200835 14898
200846 14899
200853 14900
200863 14901
200890 14902
200900 14903
200905 14904
200911 14905
200920 14906
200921 14907
200937 14908
200938 14909
200941 14910
200944 14911
200946 14912
200957 14913
200965 14914
200971 14915
200987 14916
200997 14917
201002 14918
201005 14919
201044 14920
201045 14921
201058 14922
201067 14923
201093 14924
201127 14925
201166 14926
201182 14927
201226 14928
201240 14929
201251 14930
201276 14931
201283 14932
201287 14933
201297 14934
201311 14935
201316 14936
201341 14937
201354 14938
201392 14939
201394 14940
201413 14941
201431 14942
201448 14943
201453 14944
201469 14945
201485 14946
201488 14947
201523 14948
201536 14949
201537 14950
201547 14951
201550 14952
201556 14953
201571 14954
201589 14955
201648 14956
201655 14957
201664 14958
201674 14959
201686 14960
201687 14961
201688 14962
201712 14963
201738 14964
201749 14965
201760 14966
201761 14967
201783 14968
201800 14969
201841 14970
201850 14971
201851 14972
201854 14973
201867 14974
201874 14975
201877 14976
201880 14977
201883 14978
201884 14979
201912 14980
201935 14981
201975 14982
202013 14983
202023 14984
202027 14985
202055 14986
202098 14987
202105 14988
202109 14989
202122 14990
202136 14991
202140 14992
202141 14993
202144 14994
202154 14995
202171 14996
202174 14997
202177 14998
202226 14999
202234 15000
202246 15001
202265 15002
202267 15003
202268 15004
202272 15005
202347 15006
202361 15007
202363 15008
202373 15009
202389 15010
202392 15011
202432 15012
202459 15013
202484 15014
202498 15015
202499 15016
202502 15017
202508 15018
202536 15019
202538 15020
202558 15021
202601 15022
202602 15023
202605 15024
202608 15025
202621 15026
202624 15027
202627 15028
202644 15029
202653 15030
202685 15031
202688 15032
202689 15033
202707 15034
202754 15035
202760 15036
202762 15037
202763 15038
202770 15039
202772 15040
202774 15041
202778 15042
202791 15043
202809 15044
202814 15045
202824 15046
202835 15047
202836 15048
202837 15049
202852 15050
202854 15051
202862 15052
202864 15053
202866 15054
202867 15055
202876 15056
202897 15057
202901 15058
202927 15059
202934 15060
202935 15061
202980 15062
203031 15063
203075 15064
203088 15065
203112 15066
203114 15067
203126 15068
203132 15069
203136 15070
203139 15071
203148 15072
203159 15073
203162 15074
203176 15075
203181 15076
203184 15077
203206 15078
203220 15079
203222 15080
203230 15081
203251 15082
203253 15083
203273 15084
203291 15085
203311 15086
203323 15087
203351 15088
203352 15089
203365 15090
203393 15091
203400 15092
203421 15093
203441 15094
203442 15095
203444 15096
203447 15097
203465 15098
203469 15099
203481 15100
203498 15101
203504 15102
203518 15103
203519 15104
203523 15105
203535 15106
203561 15107
203596 15108
203606 15109
203629 15110
203636 15111
203653 15112
203664 15113
203681 15114
203736 15115
203738 15116
203750 15117
203755 15118
203776 15119
203784 15120
203797 15121
203821 15122
203841 15123
203845 15124
203864 15125
203867 15126
203871 15127
203883 15128
203895 15129
203898 15130
203901 15131
203903 15132
203915 15133
203921 15134
203967 15135
203970 15136
203972 15137
203979 15138
203997 15139
204000 15140
204001 15141
204007 15142
204051 15143
204057 15144
204075 15145
204078 15146
204080 15147
204094 15148
204121 15149
204144 15150
204148 15151
204155 15152
204164 15153
204177 15154
204195 15155
204203 15156
204207 15157
204214 15158
204215 15159
204220 15160
204222 15161
204242 15162
204253 15163
204279 15164
204289 15165
204327 15166
204331 15167
204336 15168
204349 15169
204366 15170
204380 15171
204384 15172
204402 15173
204403 15174
204409 15175
204415 15176
204428 15177
204458 15178
204470 15179
204477 15180
204491 15181
204505 15182
204508 15183
204517 15184
204525 15185
204536 15186
204564 15187
204572 15188
204599 15189
204624 15190
204659 15191
204661 15192
204686 15193
204690 15194
204700 15195
204705 15196
204716 15197
204728 15198
204750 15199
204760 15200
204763 15201
204768 15202
204792 15203
204815 15204
204829 15205
204840 15206
204887 15207
204888 15208
204897 15209
204905 15210
204906 15211
204911 15212
204913 15213
204914 15214
204921 15215
204922 15216
204923 15217
204939 15218
204950 15219
204962 15220
204964 15221
204972 15222
204973 15223
204990 15224
205023 15225
205029 15226
205041 15227
205050 15228
205054 15229
205071 15230
205072 15231
205111 15232
205129 15233
205132 15234
205136 15235
205144 15236
205146 15237
205156 15238
205161 15239
205170 15240
205194 15241
205199 15242
205208 15243
205213 15244
205240 15245
205254 15246
205296 15247
205301 15248
205303 15249
205337 15250
205343 15251
205366 15252
205383 15253
205433 15254
205435 15255
205437 15256
205438 15257
205477 15258
205486 15259
205507 15260
205520 15261
205524 15262
205529 15263
205540 15264
205542 15265
205560 15266
205591 15267
205618 15268
205627 15269
205639 15270
205640 15271
205643 15272
205659 15273
205675 15274
205681 15275
205713 15276
205734 15277
205742 15278
205769 15279
205770 15280
205771 15281
205779 15282
205780 15283
205782 15284
205787 15285
205788 15286
205789 15287
205811 15288
205818 15289
205825 15290
205844 15291
205863 15292
205906 15293
205909 15294
205920 15295
205935 15296
205941 15297
205964 15298
205977 15299
205983 15300
206008 15301
206055 15302
206081 15303
206082 15304
206102 15305
206107 15306
206109 15307
206113 15308
206120 15309
206135 15310
206164 15311
206168 15312
206184 15313
206193 15314
206221 15315
206235 15316
206241 15317
206242 15318
206246 15319
206249 15320
206251 15321
206254 15322
206255 15323
206279 15324
206302 15325
206315 15326
206343 15327
206359 15328
206361 15329
206379 15330
206396 15331
206407 15332
206424 15333
206427 15334
206433 15335
206455 15336
206456 15337
206458 15338
206462 15339
206491 15340
206505 15341
206506 15342
206525 15343
206532 15344
206541 15345
206542 15346
206578 15347
206590 15348
206603 15349
206611 15350
206618 15351
206629 15352
206630 15353
206632 15354
206640 15355
206644 15356
206661 15357
206676 15358
206680 15359
206685 15360
206710 15361
206711 15362
206713 15363
206719 15364
206732 15365
206746 15366
206750 15367
206754 15368
206771 15369
206857 15370
206862 15371
206870 15372
206887 15373
206890 15374
206902 15375
206919 15376
206928 15377
206947 15378
206952 15379
206977 15380
206982 15381
206986 15382
206987 15383
206988 15384
206996 15385
207004 15386
207006 15387
207032 15388
207037 15389
207052 15390
207055 15391
207056 15392
207073 15393
207080 15394
207092 15395
207102 15396
207111 15397
207132 15398
207153 15399
207176 15400
207180 15401
207182 15402
207188 15403
207197 15404
207213 15405
207232 15406
207245 15407
207247 15408
207256 15409
207257 15410
207271 15411
207275 15412
207280 15413
207313 15414
207317 15415
207318 15416
207322 15417
207330 15418
207332 15419
207337 15420
207344 15421
207350 15422
207362 15423
207391 15424
207400 15425
207406 15426
207423 15427
207426 15428
207437 15429
207438 15430
207464 15431
207473 15432
207496 15433
207512 15434
207514 15435
207515 15436
207528 15437
207541 15438
207549 15439
207572 15440
207581 15441
207587 15442
207593 15443
207615 15444
207624 15445
207632 15446
207633 15447
207648 15448
207679 15449
207682 15450
207707 15451
207711 15452
207729 15453
207735 15454
207769 15455
207771 15456
207802 15457
207803 15458
207805 15459
207818 15460
207830 15461
207858 15462
207859 15463
207863 15464
207873 15465
207878 15466
207885 15467
207905 15468
207913 15469
207926 15470
207932 15471
207938 15472
207972 15473
207975 15474
208021 15475
208023 15476
208024 15477
208037 15478
208064 15479
208069 15480
208082 15481
208090 15482
208098 15483
208112 15484
208131 15485
208174 15486
208192 15487
208193 15488
208217 15489
208240 15490
208245 15491
208255 15492
208259 15493
208269 15494
208270 15495
208273 15496
208288 15497
208315 15498
208322 15499
208330 15500
208334 15501
208343 15502
208370 15503
208378 15504
208381 15505
208395 15506
208420 15507
208421 15508
208424 15509
208451 15510
208452 15511
208493 15512
208498 15513
208502 15514
208504 15515
208505 15516
208514 15517
208547 15518
208552 15519
208579 15520
208592 15521
208601 15522
208606 15523
208608 15524
208638 15525
208644 15526
208658 15527
208659 15528
208663 15529
208687 15530
208694 15531
208696 15532
208720 15533
208728 15534
208729 15535
208735 15536
208745 15537
208746 15538
208780 15539
208781 15540
208784 15541
208806 15542
208821 15543
208842 15544
208857 15545
208864 15546
208888 15547
208901 15548
208916 15549
208963 15550
208965 15551
208976 15552
208978 15553
208991 15554
209017 15555
209019 15556
209022 15557
209060 15558
209062 15559
209071 15560
209075 15561
209079 15562
209116 15563
209130 15564
209136 15565
209153 15566
209159 15567
209164 15568
209194 15569
209199 15570
209215 15571
209281 15572
209294 15573
209301 15574
209319 15575
209321 15576
209332 15577
209338 15578
209349 15579
209355 15580
209385 15581
209387 15582
209390 15583
209401 15584
209420 15585
209421 15586
209423 15587
209430 15588
209439 15589
209453 15590
209469 15591
209472 15592
209483 15593
209518 15594
209520 15595
209527 15596
209537 15597
209545 15598
209556 15599
209580 15600
209599 15601
209611 15602
209617 15603
209623 15604
209632 15605
209641 15606
209646 15607
209649 15608
209665 15609
209675 15610
209677 15611
209685 15612
209712 15613
209713 15614
209725 15615
209742 15616
209798 15617
209811 15618
209814 15619
209817 15620
209821 15621
209827 15622
209833 15623
209870 15624
209899 15625
209907 15626
209914 15627
209919 15628
209921 15629
209924 15630
209932 15631
209934 15632
209946 15633
209947 15634
209953 15635
209966 15636
209978 15637
209982 15638
209998 15639
210030 15640
210073 15641
210083 15642
210100 15643
210123 15644
210148 15645
210164 15646
210165 15647
210169 15648
210177 15649
210180 15650
210192 15651
210200 15652
210211 15653
210214 15654
210216 15655
210248 15656
210277 15657
210282 15658
210289 15659
210307 15660
210311 15661
210383 15662
210384 15663
210427 15664
210429 15665
210431 15666
210447 15667
210448 15668
210449 15669
210460 15670
210484 15671
210502 15672
210508 15673
210514 15674
210548 15675
210563 15676
210566 15677
210579 15678
210623 15679
210630 15680
210641 15681
210642 15682
210653 15683
210696 15684
210699 15685
210705 15686
210766 15687
210793 15688
210818 15689
210823 15690
210824 15691
210826 15692
210850 15693
210862 15694
210864 15695
210869 15696
210876 15697
210879 15698
210888 15699
210900 15700
210901 15701
210947 15702
210951 15703
210954 15704
210972 15705
210974 15706
210979 15707
210981 15708
211007 15709
211008 15710
211010 15711
211013 15712
211026 15713
211044 15714
211069 15715
211076 15716
211096 15717
211128 15718
211171 15719
211174 15720
211185 15721
211192 15722
211203 15723
211212 15724
211215 15725
211265 15726
211266 15727
211274 15728
211279 15729
211291 15730
211301 15731
211307 15732
211316 15733
211318 15734
211323 15735
211331 15736
211338 15737
211348 15738
211350 15739
211358 15740
211365 15741
211385 15742
211437 15743
211442 15744
211457 15745
211464 15746
211481 15747
211568 15748
211571 15749
211572 15750
211581 15751
211589 15752
211597 15753
211623 15754
211626 15755
211662 15756
211664 15757
211671 15758
211677 15759
211684 15760
211699 15761
211703 15762
211709 15763
211711 15764
211723 15765
211728 15766
211732 15767
211747 15768
211750 15769
211752 15770
211762 15771
211768 15772
211783 15773
211820 15774
211830 15775
211833 15776
211864 15777
211874 15778
211885 15779
211923 15780
211924 15781
211934 15782
211940 15783
211944 15784
211972 15785
211983 15786
211984 15787
211991 15788
211999 15789
212010 15790
212023 15791
212099 15792
212112 15793
212119 15794
212124 15795
212125 15796
212133 15797
212148 15798
212155 15799
212167 15800
212172 15801
212187 15802
212192 15803
212194 15804
212203 15805
212204 15806
212223 15807
212232 15808
212249 15809
212266 15810
212273 15811
212274 15812
212276 15813
212279 15814
212296 15815
212315 15816
212335 15817
212342 15818
212359 15819
212365 15820
212403 15821
212405 15822
212409 15823
212423 15824
212433 15825
212448 15826
212459 15827
212460 15828
212478 15829
212511 15830
212524 15831
212538 15832
212549 15833
212550 15834
212555 15835
212556 15836
212561 15837
212567 15838
212586 15839
212597 15840
212607 15841
212631 15842
212638 15843
212639 15844
212655 15845
212674 15846
212698 15847
212718 15848
212722 15849
212733 15850
212781 15851
212796 15852
212824 15853
212829 15854
212832 15855
212834 15856
212853 15857
212862 15858
212874 15859
212879 15860
212892 15861
212917 15862
212922 15863
212944 15864
212984 15865
212985 15866
212995 15867
212997 15868
213020 15869
213023 15870
213029 15871
213037 15872
213064 15873
213065 15874
213067 15875
213096 15876
213103 15877
213133 15878
213136 15879
213140 15880
213145 15881
213148 15882
213166 15883
213168 15884
213189 15885
213202 15886
213205 15887
213210 15888
213212 15889
213233 15890
213244 15891
213245 15892
213272 15893
213275 15894
213276 15895
213280 15896
213287 15897
213333 15898
213351 15899
213366 15900
213370 15901
213394 15902
213396 15903
213434 15904
213471 15905
213477 15906
213482 15907
213488 15908
213537 15909
213555 15910
213558 15911
213578 15912
213593 15913
213600 15914
213612 15915
213613 15916
213615 15917
213625 15918
213649 15919
213657 15920
213666 15921
213689 15922
213711 15923
213718 15924
213720 15925
213737 15926
213742 15927
213748 15928
213751 15929
213762 15930
213772 15931
213789 15932
213800 15933
213803 15934
213809 15935
213841 15936
213842 15937
213859 15938
213866 15939
213875 15940
213884 15941
213885 15942
213890 15943
213912 15944
213942 15945
213963 15946
213966 15947
213980 15948
213986 15949
213990 15950
214001 15951
214005 15952
214034 15953
214050 15954
214061 15955
214085 15956
214087 15957
214103 15958
214114 15959
214134 15960
214136 15961
214158 15962
214166 15963
214171 15964
214180 15965
214187 15966
214198 15967
214249 15968
214261 15969
214271 15970
214292 15971
214304 15972
214319 15973
214333 15974
214336 15975
214362 15976
214412 15977
214436 15978
214445 15979
214455 15980
214473 15981
214477 15982
214480 15983
214483 15984
214488 15985
214492 15986
214500 15987
214521 15988
214532 15989
214541 15990
214544 15991
214549 15992
214582 15993
214587 15994
214631 15995
214639 15996
214644 15997
214648 15998
214656 15999
214664 16000
214703 16001
214711 16002
214725 16003
214755 16004
214765 16005
214770 16006
214778 16007
214792 16008
214806 16009
214811 16010
214831 16011
214838 16012
214842 16013
214862 16014
214889 16015
214907 16016
214913 16017
214917 16018
214919 16019
214943 16020
214951 16021
215037 16022
215051 16023
215071 16024
215090 16025
215102 16026
215111 16027
215121 16028
215129 16029
215141 16030
215148 16031
215167 16032
215170 16033
215178 16034
215193 16035
215203 16036
215207 16037
215223 16038
215276 16039
215285 16040
215296 16041
215301 16042
215318 16043
215324 16044
215376 16045
215383 16046
215385 16047
215386 16048
215390 16049
215403 16050
215405 16051
215408 16052
215413 16053
215448 16054
215517 16055
215528 16056
215532 16057
215571 16058
215586 16059
215591 16060
215595 16061
215596 16062
215616 16063
215639 16064
215641 16065
215658 16066
215659 16067
215676 16068
215681 16069
215703 16070
215706 16071
215713 16072
215737 16073
215745 16074
215749 16075
215798 16076
215808 16077
215813 16078
215822 16079
215849 16080
215862 16081
215871 16082
215886 16083
215891 16084
215911 16085
215915 16086
215927 16087
215938 16088
215944 16089
215947 16090
215955 16091
215958 16092
215959 16093
215967 16094
215968 16095
215985 16096
216029 16097
216041 16098
216071 16099
216075 16100
216077 16101
216083 16102
216085 16103
216093 16104
216130 16105
216134 16106
216150 16107
216178 16108
216182 16109
216196 16110
216205 16111
216219 16112
216229 16113
216259 16114
216269 16115
216274 16116
216288 16117
216292 16118
216297 16119
216315 16120
216318 16121
216323 16122
216325 16123
216328 16124
216345 16125
216358 16126
216361 16127
216363 16128
216370 16129
216376 16130
216387 16131
216403 16132
216448 16133
216452 16134
216468 16135
216472 16136
216482 16137
216488 16138
216498 16139
216521 16140
216536 16141
216561 16142
216596 16143
216622 16144
216635 16145
216640 16146
216646 16147
216655 16148
216663 16149
216674 16150
216684 16151
216742 16152
216748 16153
216772 16154
216773 16155
216777 16156
216808 16157
216810 16158
216813 16159
216833 16160
216834 16161
216837 16162
216841 16163
216843 16164
216846 16165
216854 16166
216864 16167
216881 16168
216902 16169
216904 16170
216918 16171
216926 16172
216958 16173
216961 16174
216980 16175
216981 16176
216989 16177
217004 16178
217006 16179
217018 16180
217054 16181
217074 16182
217081 16183
217114 16184
217116 16185
217136 16186
217168 16187
217173 16188
217175 16189
217195 16190
217200 16191
217212 16192
217224 16193
217230 16194
217250 16195
217264 16196
217270 16197
217278 16198
217279 16199
217290 16200
217328 16201
217368 16202
217418 16203
217457 16204
217462 16205
217464 16206
217488 16207
217511 16208
217540 16209
217544 16210
217549 16211
217569 16212
217570 16213
217596 16214
217626 16215
217628 16216
217631 16217
217633 16218
217691 16219
217692 16220
217701 16221
217712 16222
217714 16223
217727 16224
217739 16225
217743 16226
217757 16227
217758 16228
217759 16229
217783 16230
217787 16231
217789 16232
217797 16233
217806 16234
217820 16235
217834 16236
217890 16237
217898 16238
217903 16239
217904 16240
217905 16241
217908 16242
217919 16243
217927 16244
217929 16245
217937 16246
217939 16247
217949 16248
217961 16249
217977 16250
217982 16251
217989 16252
218033 16253
218042 16254
218046 16255
218050 16256
218053 16257
218077 16258
218093 16259
218112 16260
218132 16261
218157 16262
218175 16263
218191 16264
218209 16265
218212 16266
218242 16267
218262 16268
218280 16269
218308 16270
218334 16271
218343 16272
218356 16273
218359 16274
218365 16275
218383 16276
218402 16277
218419 16278
218423 16279
218427 16280
218447 16281
218450 16282
218455 16283
218462 16284
218475 16285
218476 16286
218481 16287
218482 16288
218489 16289
218511 16290
218516 16291
218541 16292
218548 16293
218549 16294
218554 16295
218579 16296
218585 16297
218592 16298
218598 16299
218600 16300
218608 16301
218624 16302
218633 16303
218635 16304
218649 16305
218650 16306
218657 16307
218672 16308
218675 16309
218681 16310
218703 16311
218712 16312
218713 16313
218715 16314
218720 16315
218740 16316
218743 16317
218754 16318
218757 16319
218758 16320
218761 16321
218785 16322
218786 16323
218791 16324
218803 16325
218814 16326
218825 16327
218826 16328
218827 16329
218904 16330
218922 16331
218942 16332
218944 16333
218973 16334
218992 16335
219007 16336
219023 16337
219037 16338
219048 16339
219052 16340
219054 16341
219098 16342
219107 16343
219115 16344
219119 16345
219150 16346
219179 16347
219203 16348
219208 16349
219229 16350
219261 16351
219273 16352
219276 16353
219291 16354
219294 16355
219299 16356
219338 16357
219340 16358
219355 16359
219392 16360
219397 16361
219402 16362
219435 16363
219437 16364
219446 16365
219451 16366
219472 16367
219482 16368
219511 16369
219517 16370
219529 16371
219534 16372
219536 16373
219547 16374
219598 16375
219614 16376
219622 16377
219631 16378
219655 16379
219674 16380
219683 16381
219695 16382
219699 16383
219710 16384
219714 16385
219727 16386
219754 16387
219755 16388
219765 16389
219781 16390
219800 16391
219808 16392
219817 16393
219856 16394
219861 16395
219873 16396
219876 16397
219898 16398
219915 16399
219924 16400
219934 16401
219940 16402
219941 16403
219964 16404
219987 16405
220001 16406
220036 16407
220040 16408
220044 16409
220072 16410
220094 16411
220103 16412
220105 16413
220138 16414
220145 16415
220151 16416
220178 16417
220185 16418
220219 16419
220248 16420
220254 16421
220259 16422
220269 16423
220271 16424
220275 16425
220278 16426
220323 16427
220364 16428
220365 16429
220391 16430
220395 16431
220400 16432
220416 16433
220419 16434
220423 16435
220432 16436
220437 16437
220438 16438
220453 16439
220482 16440
220489 16441
220493 16442
220500 16443
220504 16444
220511 16445
220534 16446
220561 16447
220562 16448
220595 16449
220604 16450
220609 16451
220634 16452
220635 16453
220641 16454
220644 16455
220655 16456
220676 16457
220727 16458
220732 16459
220753 16460
220764 16461
220768 16462
220770 16463
220816 16464
220824 16465
220825 16466
220829 16467
220858 16468
220902 16469
220908 16470
220916 16471
220966 16472
220979 16473
220995 16474
221001 16475
221020 16476
221030 16477
221035 16478
221047 16479
221120 16480
221122 16481
221129 16482
221137 16483
221144 16484
221161 16485
221184 16486
221204 16487
221209 16488
221211 16489
221215 16490
221241 16491
221245 16492
221254 16493
221269 16494
221281 16495
221287 16496
221308 16497
221310 16498
221312 16499
221322 16500
221328 16501
221329 16502
221370 16503
221381 16504
221392 16505
221405 16506
221441 16507
221445 16508
221469 16509
221474 16510
221476 16511
221483 16512
221498 16513
221503 16514
221533 16515
221537 16516
221542 16517
221549 16518
221551 16519
221553 16520
221579 16521
221595 16522
221597 16523
221667 16524
221683 16525
221702 16526
221704 16527
221707 16528
221709 16529
221710 16530
221718 16531
221774 16532
221793 16533
221838 16534
221843 16535
221848 16536
221851 16537
221885 16538
221922 16539
221928 16540
221963 16541
221998 16542
222030 16543
222035 16544
222092 16545
222157 16546
222172 16547
222179 16548
222200 16549
222205 16550
222265 16551
222280 16552
222295 16553
222305 16554
222325 16555
222331 16556
222341 16557
222359 16558
222368 16559
222395 16560
222419 16561
222440 16562
222442 16563
222452 16564
222523 16565
222531 16566
222549 16567
222566 16568
222568 16569
222575 16570
222609 16571
222622 16572
222636 16573
222649 16574
222671 16575
222678 16576
222685 16577
222697 16578
222704 16579
222723 16580
222730 16581
222737 16582
222753 16583
222754 16584
222767 16585
222769 16586
222784 16587
222785 16588
222804 16589
222805 16590
222807 16591
222818 16592
222820 16593
222822 16594
222835 16595
222841 16596
222843 16597
222860 16598
222869 16599
222875 16600
222903 16601
222982 16602
222983 16603
223011 16604
223020 16605
223022 16606
223042 16607
223063 16608
223064 16609
223074 16610
223078 16611
223080 16612
223088 16613
223100 16614
223130 16615
223140 16616
223148 16617
223163 16618
223166 16619
223199 16620
223202 16621
223205 16622
223224 16623
223238 16624
223247 16625
223253 16626
223257 16627
223262 16628
223274 16629
223298 16630
223319 16631
223332 16632
223334 16633
223339 16634
223357 16635
223370 16636
223373 16637
223389 16638
223390 16639
223393 16640
223422 16641
223434 16642
223445 16643
223449 16644
223457 16645
223458 16646
223471 16647
223487 16648
223518 16649
223520 16650
223527 16651
223532 16652
223541 16653
223546 16654
223547 16655
223560 16656
223571 16657
223633 16658
223647 16659
223652 16660
223656 16661
223657 16662
223660 16663
223663 16664
223691 16665
223694 16666
223713 16667
223745 16668
223773 16669
223774 16670
223802 16671
223850 16672
223863 16673
223871 16674
223874 16675
223885 16676
223896 16677
223898 16678
223906 16679
223909 16680
223918 16681
223933 16682
223944 16683
223949 16684
223951 16685
223964 16686
223982 16687
