0 0 16688
0 1 16689
0 3 16690
1 0 16688
1 1 16689
1 2 16691
1 3 16690
2 0 16692
2 1 16693
2 2 16694
2 3 16690
2 4 16695
3 0 16688
3 1 16689
3 2 16694
3 3 16696
3 4 16697
4 0 16692
4 1 16693
4 2 16691
4 3 16698
5 0 16692
5 1 16693
5 2 16699
5 3 16698
6 0 16688
6 1 16693
6 2 16694
6 3 16690
7 0 16688
7 1 16700
7 2 16694
7 3 16690
8 0 16701
8 1 16693
8 2 16694
8 3 16690
8 4 16695
9 0 16692
9 1 16689
9 2 16691
9 3 16698
10 0 16702
10 1 16693
10 2 16703
10 3 16696
11 0 16688
11 1 16689
11 2 16694
11 3 16690
12 0 16688
12 1 16689
12 2 16694
12 3 16698
13 0 16688
13 1 16693
13 2 16704
13 3 16690
13 4 16697
14 0 16688
14 1 16689
14 3 16690
15 0 16692
15 1 16693
15 2 16694
15 3 16690
16 0 16705
16 1 16693
16 2 16691
16 3 16690
17 0 16688
17 1 16689
17 2 16694
17 3 16690
17 4 16697
18 0 16688
18 1 16689
18 2 16706
18 3 16690
19 0 16692
19 1 16693
19 2 16694
19 3 16698
19 4 16695
20 0 16692
20 1 16689
20 2 16694
20 3 16690
21 0 16688
21 1 16689
21 2 16694
21 3 16690
21 4 16697
22 0 16688
22 1 16707
22 2 16694
22 3 16690
23 0 16688
23 1 16700
23 2 16708
23 3 16709
24 0 16688
24 1 16700
24 2 16710
24 3 16690
25 0 16688
25 1 16689
25 2 16708
25 3 16698
26 0 16692
26 1 16693
26 2 16694
26 3 16690
27 0 16692
27 1 16689
27 2 16694
27 3 16690
27 4 16697
28 0 16692
28 1 16707
28 2 16694
28 3 16698
28 4 16695
29 0 16688
29 1 16689
29 2 16704
29 3 16690
30 0 16688
30 1 16693
30 2 16694
30 3 16698
31 0 16702
31 1 16693
31 2 16703
31 3 16690
32 0 16688
32 1 16707
32 2 16694
32 3 16690
32 4 16695
33 0 16688
33 1 16693
33 2 16694
33 3 16698
34 0 16711
34 1 16689
34 2 16694
34 3 16696
34 4 16697
35 0 16712
35 1 16707
35 2 16694
35 3 16696
35 4 16695
36 0 16692
36 1 16707
36 2 16694
36 3 16690
36 4 16697
37 0 16688
37 1 16707
37 2 16704
37 3 16698
37 4 16697
38 0 16688
38 1 16689
38 2 16708
38 3 16698
39 0 16688
39 1 16689
39 2 16694
39 3 16696
39 4 16697
40 0 16712
40 1 16707
40 2 16694
40 3 16698
41 0 16688
41 1 16689
41 3 16690
42 0 16688
42 1 16689
42 3 16698
43 0 16688
43 1 16693
43 2 16694
43 3 16696
43 4 16697
44 0 16688
44 1 16689
44 2 16708
44 3 16696
44 4 16697
45 0 16692
45 1 16693
45 2 16691
45 3 16698
46 0 16688
46 1 16693
46 2 16694
46 3 16696
47 0 16692
47 1 16689
47 2 16694
47 3 16690
47 4 16695
48 0 16692
48 1 16707
48 2 16694
48 3 16690
48 4 16695
49 0 16688
49 1 16689
49 2 16708
49 3 16698
50 0 16692
50 1 16707
50 2 16694
50 3 16690
50 4 16697
51 0 16712
51 1 16707
51 2 16694
51 3 16690
51 4 16697
52 0 16692
52 1 16693
52 2 16694
52 3 16698
52 4 16697
53 0 16688
53 1 16693
53 2 16694
53 3 16698
53 4 16697
54 0 16692
54 1 16693
54 2 16694
54 3 16698
54 4 16697
55 0 16692
55 1 16700
55 2 16694
55 3 16696
55 4 16697
56 0 16688
56 1 16707
56 2 16694
56 3 16696
57 0 16688
57 1 16689
57 3 16690
57 4 16697
58 0 16688
58 1 16689
58 2 16708
58 3 16698
59 0 16688
59 1 16707
59 2 16694
59 3 16698
59 4 16695
60 0 16688
60 1 16707
60 2 16694
60 3 16690
61 0 16712
61 1 16707
61 2 16694
61 3 16698
61 4 16697
62 0 16688
62 1 16700
62 2 16694
62 3 16698
62 4 16697
63 0 16712
63 1 16707
63 2 16694
63 3 16698
64 0 16688
64 1 16707
64 2 16691
64 3 16698
65 0 16712
65 1 16707
65 2 16694
65 3 16698
66 0 16688
66 1 16689
66 2 16694
66 3 16690
67 0 16688
67 1 16693
67 3 16690
68 0 16692
68 1 16707
68 2 16694
68 3 16690
68 4 16695
69 0 16692
69 1 16707
69 2 16694
69 3 16690
69 4 16695
70 0 16688
70 1 16693
70 2 16694
70 3 16690
70 4 16697
71 0 16688
71 1 16693
71 2 16694
71 3 16690
71 4 16695
72 0 16688
72 1 16689
72 2 16691
72 3 16698
72 4 16697
73 0 16688
73 1 16700
73 3 16690
74 0 16713
74 1 16689
74 3 16690
75 0 16714
75 1 16707
75 2 16694
75 3 16696
75 4 16695
76 0 16688
76 1 16689
76 2 16694
76 3 16698
77 0 16688
77 1 16693
77 2 16694
77 3 16690
77 4 16697
78 0 16688
78 1 16689
78 2 16694
78 3 16690
79 0 16688
79 1 16689
79 2 16694
79 3 16690
80 0 16692
80 1 16707
80 2 16694
80 3 16690
80 4 16695
81 0 16688
81 1 16689
81 2 16694
81 3 16698
82 0 16688
82 1 16689
82 2 16694
82 3 16690
82 4 16697
83 0 16688
83 1 16707
83 2 16694
83 3 16690
83 4 16697
84 0 16688
84 1 16689
84 2 16708
84 3 16698
85 0 16688
85 1 16707
85 2 16694
85 3 16690
85 4 16697
86 0 16715
86 1 16693
86 2 16694
86 3 16696
86 4 16695
87 0 16688
87 1 16689
87 2 16694
87 3 16690
87 4 16697
88 0 16692
88 1 16707
88 2 16694
88 3 16698
88 4 16697
89 0 16692
89 1 16693
89 2 16694
89 3 16698
90 0 16688
90 1 16707
90 2 16694
90 3 16696
90 4 16697
91 0 16688
91 1 16689
91 2 16694
91 3 16696
92 0 16688
92 1 16707
92 2 16694
92 3 16696
92 4 16697
93 0 16692
93 1 16689
93 2 16710
93 3 16690
94 0 16688
94 1 16689
94 2 16708
94 3 16698
95 0 16688
95 1 16693
95 3 16690
96 0 16688
96 1 16700
96 2 16708
96 3 16698
97 0 16688
97 1 16693
97 2 16694
97 3 16698
97 4 16697
98 0 16712
98 1 16707
98 2 16694
98 3 16690
98 4 16697
99 0 16688
99 1 16689
99 2 16694
99 3 16696
99 4 16695
100 0 16712
100 1 16689
100 2 16694
100 3 16696
100 4 16695
101 0 16692
101 1 16707
101 2 16699
101 3 16696
101 4 16697
102 0 16688
102 1 16707
102 2 16694
102 3 16698
102 4 16697
103 0 16688
103 1 16689
103 2 16691
103 3 16690
104 0 16688
104 1 16707
104 2 16694
104 3 16696
104 4 16695
105 0 16688
105 1 16693
105 2 16694
105 3 16690
105 4 16697
106 0 16715
106 1 16693
106 2 16694
106 3 16696
106 4 16697
107 0 16688
107 1 16707
107 2 16694
107 3 16690
107 4 16697
108 0 16688
108 1 16707
108 2 16694
108 3 16690
108 4 16697
109 0 16688
109 1 16693
109 2 16694
109 3 16698
110 0 16688
110 1 16689
110 2 16694
110 3 16690
110 4 16695
111 0 16692
111 1 16689
111 2 16694
111 3 16690
111 4 16695
112 0 16712
112 1 16689
112 2 16694
112 3 16696
112 4 16697
113 0 16702
113 1 16693
113 2 16694
113 3 16690
114 0 16688
114 1 16689
114 2 16691
114 3 16698
115 0 16688
115 1 16700
115 2 16694
115 3 16696
115 4 16697
116 0 16692
116 1 16689
116 2 16694
116 3 16696
116 4 16695
117 0 16688
117 1 16689
117 2 16694
117 3 16690
117 4 16697
118 0 16688
118 1 16707
118 2 16694
118 3 16690
118 4 16697
119 0 16688
119 1 16689
119 2 16694
119 3 16690
119 4 16695
120 0 16688
120 1 16689
120 2 16694
120 3 16696
120 4 16697
121 0 16688
121 1 16689
121 3 16690
121 4 16697
122 0 16692
122 1 16707
122 2 16694
122 3 16696
122 4 16695
123 0 16702
123 1 16689
123 2 16694
123 3 16696
123 4 16697
124 0 16688
124 1 16689
124 2 16694
124 3 16690
125 0 16692
125 1 16689
125 2 16694
125 3 16698
125 4 16695
126 0 16688
126 1 16689
126 2 16708
126 3 16696
127 0 16688
127 1 16689
127 2 16694
127 3 16696
127 4 16695
128 0 16688
128 1 16707
128 2 16694
128 3 16690
128 4 16695
129 0 16692
129 1 16707
129 2 16694
129 3 16690
129 4 16695
130 0 16688
130 1 16689
130 2 16691
130 3 16698
131 0 16702
131 1 16689
131 2 16703
131 3 16696
131 4 16695
132 0 16692
132 1 16693
132 2 16694
132 3 16698
133 0 16688
133 1 16700
133 2 16694
133 3 16690
133 4 16697
134 0 16688
134 1 16689
134 2 16694
134 3 16696
134 4 16697
135 0 16702
135 1 16693
135 2 16694
135 3 16696
136 0 16692
136 1 16707
136 2 16694
136 3 16698
136 4 16697
137 0 16688
137 1 16707
137 2 16694
137 3 16698
137 4 16695
138 0 16692
138 1 16689
138 2 16694
138 3 16690
139 0 16688
139 1 16693
139 2 16694
139 3 16690
139 4 16697
140 0 16688
140 1 16689
140 2 16694
140 3 16690
140 4 16695
141 0 16688
141 1 16689
141 3 16690
141 4 16697
142 0 16688
142 1 16689
142 3 16690
142 4 16695
143 0 16692
143 1 16689
143 2 16691
143 3 16698
144 0 16688
144 1 16693
144 2 16694
144 3 16698
144 4 16697
145 0 16688
145 1 16693
145 2 16694
145 3 16690
145 4 16695
146 0 16688
146 1 16689
146 2 16691
146 3 16690
147 0 16692
147 1 16693
147 2 16694
147 3 16698
147 4 16695
148 0 16688
148 1 16707
148 2 16694
148 3 16696
148 4 16697
149 0 16713
149 1 16689
149 2 16694
149 3 16690
149 4 16697
150 0 16688
150 1 16700
150 3 16696
151 0 16692
151 1 16689
151 2 16694
151 3 16698
152 0 16688
152 1 16689
152 2 16708
152 3 16698
153 0 16692
153 1 16700
153 2 16703
153 3 16690
153 4 16697
154 0 16688
154 1 16689
154 2 16691
154 3 16698
155 0 16688
155 1 16689
155 2 16708
155 3 16698
156 0 16712
156 1 16707
156 2 16694
156 3 16698
157 0 16688
157 1 16693
157 2 16691
157 3 16698
158 0 16688
158 1 16689
158 2 16708
158 3 16690
159 0 16688
159 1 16689
159 2 16694
159 3 16690
159 4 16695
160 0 16688
160 1 16689
160 3 16690
160 4 16695
161 0 16688
161 1 16707
161 2 16694
161 3 16696
161 4 16697
162 0 16692
162 1 16689
162 2 16694
162 3 16696
162 4 16697
163 0 16692
163 1 16707
163 2 16704
163 3 16690
163 4 16695
164 0 16688
164 1 16693
164 2 16694
164 3 16690
165 0 16688
165 1 16693
165 2 16694
165 3 16690
165 4 16697
166 0 16692
166 1 16689
166 2 16694
166 3 16698
167 0 16702
167 1 16689
167 2 16703
167 3 16698
168 0 16712
168 1 16693
168 2 16694
168 3 16698
168 4 16695
169 0 16688
169 1 16693
169 2 16694
169 3 16690
170 0 16692
170 1 16689
170 2 16694
170 3 16690
170 4 16697
171 0 16688
171 1 16689
171 2 16694
171 3 16696
171 4 16697
172 0 16712
172 1 16689
172 2 16694
172 3 16698
172 4 16697
173 0 16688
173 1 16707
173 2 16694
173 3 16690
173 4 16695
174 0 16688
174 1 16689
174 2 16694
174 3 16698
175 0 16688
175 1 16689
175 2 16694
175 3 16698
175 4 16697
176 0 16688
176 1 16689
176 2 16694
176 3 16690
176 4 16697
177 0 16688
177 1 16689
177 3 16698
177 4 16697
178 0 16688
178 1 16689
178 2 16710
178 3 16696
179 0 16692
179 1 16689
179 2 16694
179 3 16696
180 0 16688
180 1 16689
180 2 16694
180 3 16698
181 0 16688
181 1 16689
181 2 16704
181 3 16696
181 4 16697
182 0 16692
182 1 16689
182 2 16694
182 3 16698
183 0 16692
183 1 16689
183 2 16694
183 3 16698
184 0 16713
184 1 16689
184 2 16704
184 3 16696
184 4 16697
185 0 16688
185 1 16689
185 2 16708
185 3 16696
186 0 16688
186 1 16707
186 2 16694
186 3 16690
186 4 16695
187 0 16688
187 1 16689
187 2 16694
187 3 16698
188 0 16692
188 1 16693
188 2 16691
188 3 16698
188 4 16697
189 0 16688
189 1 16689
189 2 16708
189 3 16698
190 0 16688
190 1 16689
190 3 16690
191 0 16692
191 1 16689
191 3 16690
192 0 16712
192 1 16707
192 2 16694
192 3 16696
192 4 16695
193 0 16688
193 1 16689
193 3 16696
193 4 16695
194 0 16688
194 1 16689
194 2 16691
194 3 16698
195 0 16688
195 1 16693
195 2 16694
195 3 16698
195 4 16697
196 0 16712
196 1 16707
196 2 16694
196 3 16698
197 0 16688
197 1 16689
197 2 16708
197 3 16698
198 0 16692
198 1 16700
198 2 16694
198 3 16696
198 4 16697
199 0 16688
199 1 16689
199 3 16690
200 0 16688
200 1 16707
200 2 16694
200 3 16698
201 0 16692
201 1 16707
201 2 16694
201 3 16698
201 4 16695
202 0 16688
202 1 16689
202 2 16694
202 3 16690
203 0 16692
203 1 16689
203 2 16691
203 3 16690
204 0 16688
204 1 16689
204 2 16708
204 3 16698
205 0 16688
205 1 16689
205 2 16708
205 3 16698
206 0 16713
206 1 16689
206 2 16694
206 3 16696
206 4 16697
207 0 16692
207 1 16707
207 2 16694
207 3 16698
207 4 16697
208 0 16688
208 1 16689
208 2 16704
208 3 16690
208 4 16697
209 0 16688
209 1 16693
209 2 16694
209 3 16690
209 4 16695
210 0 16712
210 1 16689
210 2 16694
210 3 16698
211 0 16692
211 1 16707
211 2 16694
211 3 16690
211 4 16695
212 0 16712
212 1 16707
212 2 16694
212 3 16698
213 0 16688
213 1 16700
213 3 16696
214 0 16711
214 1 16707
214 2 16694
214 3 16690
215 0 16712
215 1 16707
215 2 16694
215 3 16698
215 4 16695
216 0 16712
216 1 16689
216 2 16694
216 3 16696
216 4 16695
217 0 16688
217 1 16689
217 2 16710
217 3 16696
218 0 16688
218 1 16689
218 2 16694
218 3 16696
219 0 16688
219 1 16689
219 2 16708
219 3 16698
220 0 16688
220 1 16689
220 2 16694
220 3 16696
220 4 16697
221 0 16688
221 1 16693
221 2 16691
221 3 16698
222 0 16701
222 1 16689
222 2 16708
222 3 16698
223 0 16712
223 1 16689
223 2 16694
223 3 16696
224 0 16702
224 1 16693
224 2 16694
224 3 16690
224 4 16697
225 0 16688
225 1 16689
225 2 16694
225 3 16698
226 0 16692
226 1 16707
226 2 16694
226 3 16698
227 0 16692
227 1 16693
227 2 16706
227 3 16698
227 4 16695
228 0 16692
228 1 16689
228 2 16691
228 3 16698
229 0 16712
229 1 16689
229 2 16694
229 3 16698
229 4 16697
230 0 16688
230 1 16689
230 2 16694
230 3 16696
230 4 16697
231 0 16712
231 1 16689
231 2 16694
231 3 16698
231 4 16695
232 0 16688
232 1 16707
232 2 16694
232 3 16690
232 4 16697
233 0 16688
233 1 16707
233 2 16694
233 3 16690
233 4 16695
234 0 16712
234 1 16707
234 2 16694
234 3 16698
235 0 16688
235 1 16689
235 2 16710
235 3 16696
236 0 16688
236 1 16707
236 2 16694
236 3 16698
236 4 16695
237 0 16692
237 1 16707
237 2 16694
237 3 16690
237 4 16697
238 0 16688
238 1 16689
238 2 16694
238 3 16696
238 4 16697
239 0 16688
239 1 16707
239 2 16694
239 3 16698
239 4 16695
240 0 16692
240 1 16707
240 2 16704
240 3 16690
241 0 16688
241 1 16689
241 2 16694
241 3 16690
241 4 16697
242 0 16688
242 1 16707
242 2 16694
242 3 16698
242 4 16697
243 0 16688
243 1 16689
243 3 16698
244 0 16712
244 1 16693
244 2 16694
244 3 16696
245 0 16688
245 1 16707
245 2 16694
245 3 16698
245 4 16695
246 0 16692
246 1 16689
246 2 16704
246 3 16698
246 4 16695
247 0 16688
247 1 16707
247 2 16694
247 3 16696
247 4 16697
248 0 16688
248 1 16689
248 2 16716
248 3 16690
249 0 16692
249 1 16707
249 2 16694
249 3 16690
249 4 16697
250 0 16692
250 1 16693
250 2 16694
250 3 16698
250 4 16697
251 0 16692
251 1 16689
251 2 16694
251 3 16696
251 4 16697
252 0 16688
252 1 16689
252 2 16691
252 3 16690
252 4 16697
253 0 16688
253 1 16707
253 2 16694
253 3 16690
253 4 16697
254 0 16712
254 1 16693
254 2 16694
254 3 16690
255 0 16688
255 1 16689
255 2 16694
255 3 16690
255 4 16697
256 0 16688
256 1 16707
256 2 16694
256 3 16696
256 4 16695
257 0 16688
257 1 16689
257 2 16706
257 3 16696
257 4 16695
258 0 16688
258 1 16689
258 2 16704
258 3 16698
259 0 16688
259 1 16689
259 2 16706
259 3 16690
260 0 16692
260 1 16689
260 2 16694
260 3 16698
261 0 16712
261 1 16707
261 2 16694
261 3 16698
261 4 16697
262 0 16702
262 1 16689
262 2 16694
262 3 16696
263 0 16688
263 1 16707
263 2 16694
263 3 16698
263 4 16695
264 0 16688
264 1 16693
264 2 16704
264 3 16698
264 4 16697
265 0 16692
265 1 16689
265 2 16708
265 3 16690
266 0 16717
266 1 16689
266 3 16696
267 0 16688
267 1 16689
267 2 16704
267 3 16690
267 4 16697
268 0 16688
268 1 16693
268 2 16704
268 3 16709
268 4 16697
269 0 16688
269 1 16693
269 2 16718
269 3 16696
269 4 16697
270 0 16688
270 1 16693
270 3 16698
270 4 16695
271 0 16717
271 1 16689
271 2 16694
271 3 16690
272 0 16705
272 1 16693
272 2 16718
272 3 16690
272 4 16697
273 0 16701
273 1 16693
273 2 16718
273 3 16696
273 4 16697
274 0 16692
274 1 16689
274 2 16694
274 3 16696
274 4 16697
275 0 16688
275 1 16689
275 2 16708
275 3 16709
276 0 16719
276 1 16689
276 2 16703
276 3 16698
277 0 16720
277 1 16689
277 2 16718
277 3 16698
277 4 16697
278 0 16721
278 1 16693
278 2 16706
278 3 16709
278 4 16697
279 0 16713
279 1 16689
279 2 16710
279 3 16698
279 4 16695
280 0 16702
280 1 16693
280 2 16716
280 3 16698
280 4 16697
281 0 16688
281 1 16693
281 2 16694
281 3 16698
281 4 16697
282 0 16692
282 1 16693
282 2 16716
282 3 16698
282 4 16695
283 0 16688
283 1 16693
283 2 16716
283 3 16698
283 4 16697
284 0 16719
284 1 16689
284 2 16703
284 3 16709
284 4 16697
285 0 16702
285 1 16693
285 2 16716
285 3 16696
285 4 16695
286 0 16688
286 1 16693
286 2 16718
286 3 16690
286 4 16697
287 0 16688
287 1 16689
287 2 16718
287 3 16696
287 4 16697
288 0 16721
288 1 16693
288 2 16706
288 3 16698
288 4 16695
289 0 16702
289 1 16693
289 2 16718
289 3 16698
289 4 16695
290 0 16702
290 1 16693
290 2 16694
290 3 16696
290 4 16697
291 0 16688
291 1 16689
291 2 16708
291 3 16690
292 0 16722
292 1 16689
292 2 16691
292 3 16696
292 4 16695
293 0 16688
293 1 16693
293 3 16709
294 0 16688
294 1 16689
294 2 16694
294 3 16723
294 4 16695
295 0 16722
295 1 16689
295 2 16718
295 3 16696
295 4 16697
296 0 16688
296 1 16693
296 2 16704
296 3 16696
296 4 16697
297 0 16688
297 1 16689
297 2 16708
297 3 16709
298 0 16688
298 1 16689
298 2 16708
298 3 16709
299 0 16688
299 1 16689
299 2 16708
299 3 16709
300 0 16688
300 1 16689
300 2 16706
300 3 16690
300 4 16697
301 0 16688
301 1 16689
301 2 16708
301 3 16690
302 0 16688
302 1 16689
302 2 16708
302 3 16690
303 0 16722
303 1 16693
303 2 16703
303 3 16698
303 4 16697
304 0 16688
304 1 16689
304 2 16708
304 3 16696
305 0 16719
305 1 16693
305 2 16703
305 3 16696
305 4 16697
306 0 16688
306 1 16689
306 2 16694
306 3 16690
306 4 16697
307 0 16688
307 1 16693
307 2 16710
307 3 16698
308 0 16719
308 1 16693
308 2 16716
308 3 16690
308 4 16697
309 0 16702
309 1 16693
309 2 16718
309 3 16690
309 4 16697
310 0 16702
310 1 16693
310 2 16703
310 3 16696
310 4 16697
311 0 16714
311 1 16689
311 2 16708
311 3 16709
312 0 16688
312 1 16689
312 2 16708
312 3 16690
313 0 16702
313 1 16689
313 2 16694
313 3 16709
313 4 16697
314 0 16688
314 1 16689
314 2 16708
314 3 16690
315 0 16717
315 1 16693
315 2 16694
315 3 16696
315 4 16697
316 0 16688
316 1 16689
316 2 16708
316 3 16696
317 0 16713
317 1 16689
317 2 16694
317 3 16690
317 4 16697
318 0 16702
318 1 16689
318 2 16694
318 3 16698
318 4 16697
319 0 16724
319 1 16689
319 2 16718
319 3 16723
319 4 16697
320 0 16701
320 1 16689
320 2 16708
320 3 16696
321 0 16702
321 1 16693
321 2 16706
321 3 16709
321 4 16697
322 0 16688
322 1 16693
322 2 16694
322 3 16696
322 4 16697
323 0 16705
323 1 16689
323 2 16703
323 3 16698
323 4 16697
324 0 16725
324 1 16689
324 2 16718
324 3 16698
324 4 16695
325 0 16713
325 1 16689
325 2 16708
325 3 16696
326 0 16688
326 1 16689
326 2 16708
326 3 16709
327 0 16692
327 1 16689
327 2 16694
327 3 16698
327 4 16697
328 0 16701
328 1 16689
328 2 16718
328 3 16698
329 0 16688
329 1 16693
329 2 16718
329 3 16698
329 4 16695
330 0 16702
330 1 16689
330 2 16703
330 3 16698
330 4 16695
331 0 16688
331 1 16689
331 2 16718
331 3 16698
331 4 16695
332 0 16721
332 1 16689
332 2 16708
332 3 16696
333 0 16688
333 1 16689
333 2 16726
333 3 16709
333 4 16695
334 0 16692
334 1 16689
334 2 16694
334 3 16709
334 4 16695
335 0 16688
335 1 16689
335 2 16718
335 3 16696
335 4 16695
336 0 16717
336 1 16693
336 2 16716
336 3 16709
336 4 16697
337 0 16705
337 1 16689
337 2 16718
337 3 16696
337 4 16697
338 0 16719
338 1 16693
338 2 16694
338 3 16698
338 4 16697
339 0 16688
339 1 16689
339 2 16708
339 3 16709
340 0 16688
340 1 16689
340 2 16718
340 3 16690
340 4 16697
341 0 16688
341 1 16689
341 2 16718
341 3 16698
341 4 16695
342 0 16688
342 1 16693
342 2 16718
342 3 16698
342 4 16697
343 0 16719
343 1 16689
343 2 16694
343 3 16696
343 4 16697
344 0 16719
344 1 16693
344 2 16703
344 3 16698
344 4 16695
345 0 16705
345 1 16693
345 2 16706
345 3 16696
345 4 16697
346 0 16688
346 1 16689
346 2 16718
346 3 16709
346 4 16697
347 0 16688
347 1 16693
347 2 16706
347 3 16696
347 4 16695
348 0 16719
348 1 16693
348 2 16703
348 3 16698
349 0 16719
349 1 16689
349 2 16708
349 3 16709
350 0 16702
350 1 16689
350 2 16703
350 3 16698
350 4 16695
351 0 16713
351 1 16693
351 2 16727
351 3 16690
351 4 16697
352 0 16719
352 1 16693
352 2 16726
352 3 16709
352 4 16697
353 0 16701
353 1 16689
353 2 16718
353 3 16698
353 4 16697
354 0 16721
354 1 16693
354 2 16703
354 3 16690
355 0 16702
355 1 16689
355 2 16718
355 3 16698
355 4 16695
356 0 16713
356 1 16693
356 2 16694
356 3 16690
356 4 16697
357 0 16702
357 1 16689
357 2 16694
357 3 16698
357 4 16728
358 0 16688
358 1 16689
358 2 16718
358 3 16698
358 4 16728
359 0 16688
359 1 16693
359 2 16694
359 3 16696
359 4 16728
360 0 16688
360 1 16689
360 2 16708
360 3 16709
361 0 16719
361 1 16689
361 3 16698
361 4 16695
362 0 16692
362 1 16689
362 2 16694
362 3 16698
362 4 16695
363 0 16719
363 1 16693
363 3 16723
363 4 16695
364 0 16688
364 1 16689
364 2 16708
364 3 16723
365 0 16688
365 1 16707
365 2 16708
365 3 16696
366 0 16701
366 1 16693
366 2 16706
366 3 16723
366 4 16697
367 0 16701
367 1 16689
367 3 16696
367 4 16697
368 0 16688
368 1 16707
368 2 16694
368 3 16690
368 4 16695
369 0 16722
369 1 16693
369 2 16706
369 3 16696
370 0 16729
370 1 16689
370 2 16703
370 3 16698
370 4 16695
371 0 16711
371 1 16689
371 2 16694
371 3 16698
371 4 16695
372 0 16713
372 1 16689
372 2 16694
372 3 16696
372 4 16697
373 0 16692
373 1 16693
373 2 16694
373 3 16698
373 4 16728
374 0 16730
374 1 16700
374 2 16694
374 3 16696
374 4 16697
375 0 16713
375 1 16693
375 2 16694
375 3 16698
375 4 16697
376 0 16713
376 1 16689
376 2 16694
376 3 16690
377 0 16688
377 1 16693
377 2 16694
377 3 16698
377 4 16697
378 0 16713
378 1 16689
378 2 16694
378 3 16698
378 4 16695
379 0 16702
379 1 16693
379 2 16718
379 3 16698
379 4 16695
380 0 16688
380 1 16689
380 2 16706
380 3 16690
380 4 16695
381 0 16688
381 1 16689
381 2 16694
381 3 16709
381 4 16695
382 0 16713
382 1 16707
382 2 16694
382 3 16690
382 4 16697
383 0 16731
383 1 16689
383 2 16706
383 3 16698
383 4 16697
384 0 16731
384 1 16707
384 2 16694
384 3 16698
384 4 16697
385 0 16731
385 1 16693
385 2 16694
385 3 16696
385 4 16697
386 0 16731
386 1 16689
386 2 16694
386 3 16698
387 0 16731
387 1 16693
387 2 16706
387 3 16698
387 4 16697
388 0 16731
388 1 16693
388 2 16718
388 3 16698
388 4 16695
389 0 16731
389 1 16689
389 2 16706
389 3 16723
389 4 16697
390 0 16731
390 1 16693
390 2 16718
390 3 16698
390 4 16697
391 0 16731
391 1 16693
391 2 16694
391 3 16698
391 4 16697
392 0 16731
392 1 16693
392 2 16694
392 3 16696
392 4 16697
393 0 16731
393 1 16689
393 2 16718
393 3 16698
393 4 16697
394 0 16688
394 1 16689
394 2 16691
394 3 16709
395 0 16688
395 1 16689
395 2 16708
395 3 16709
396 0 16688
396 1 16700
396 2 16708
396 3 16690
397 0 16713
397 1 16693
397 2 16694
397 3 16698
397 4 16697
398 0 16688
398 1 16693
398 2 16727
398 3 16723
398 4 16697
399 0 16688
399 1 16707
399 2 16694
399 3 16709
399 4 16697
400 0 16688
400 1 16693
400 3 16696
400 4 16695
401 0 16688
401 1 16693
401 2 16699
401 3 16723
401 4 16695
402 0 16712
402 1 16707
402 2 16727
402 3 16698
402 4 16695
403 0 16688
403 1 16689
403 2 16708
403 3 16723
404 0 16702
404 1 16693
404 2 16703
404 3 16690
404 4 16728
405 0 16702
405 1 16693
405 2 16694
405 3 16698
405 4 16695
406 0 16702
406 1 16689
406 2 16708
406 3 16696
407 0 16720
407 1 16689
407 2 16726
407 3 16709
407 4 16697
408 0 16720
408 1 16689
408 2 16726
408 3 16723
409 0 16713
409 1 16693
409 2 16694
409 3 16698
409 4 16695
410 0 16688
410 1 16693
410 2 16699
410 3 16709
411 0 16705
411 1 16689
411 2 16718
411 3 16698
411 4 16697
412 0 16713
412 1 16693
412 2 16718
412 3 16696
412 4 16695
413 0 16702
413 1 16693
413 2 16718
413 3 16696
413 4 16695
414 0 16688
414 1 16693
414 2 16704
414 3 16698
414 4 16697
415 0 16688
415 1 16689
415 2 16694
415 3 16696
415 4 16697
416 0 16688
416 1 16707
416 2 16704
416 3 16690
416 4 16695
417 0 16688
417 1 16689
417 2 16691
417 3 16698
418 0 16719
418 1 16689
418 2 16694
418 3 16698
418 4 16695
419 0 16705
419 1 16689
419 2 16703
419 3 16698
420 0 16705
420 1 16693
420 2 16694
420 3 16690
420 4 16697
421 0 16688
421 1 16689
421 2 16726
421 3 16696
421 4 16695
422 0 16688
422 1 16707
422 2 16699
422 3 16709
423 0 16688
423 1 16689
423 2 16710
423 3 16698
423 4 16695
424 0 16688
424 1 16689
424 2 16727
424 3 16698
424 4 16695
425 0 16701
425 1 16693
425 2 16694
425 3 16690
425 4 16697
426 0 16701
426 1 16693
426 2 16694
426 3 16690
426 4 16695
427 0 16701
427 1 16689
427 2 16726
427 3 16696
428 0 16701
428 1 16707
428 2 16694
428 3 16709
428 4 16697
429 0 16701
429 1 16707
429 2 16718
429 3 16698
429 4 16695
430 0 16701
430 1 16700
430 2 16718
430 3 16696
430 4 16697
431 0 16701
431 1 16689
431 2 16718
431 3 16698
432 0 16688
432 1 16693
432 2 16694
432 3 16698
432 4 16728
433 0 16688
433 1 16689
433 2 16694
433 3 16698
433 4 16697
434 0 16688
434 1 16689
434 2 16718
434 3 16698
434 4 16697
435 0 16701
435 1 16689
435 2 16708
435 3 16696
436 0 16705
436 1 16689
436 2 16718
436 3 16698
436 4 16697
437 0 16705
437 1 16693
437 2 16694
437 3 16696
437 4 16695
438 0 16713
438 1 16693
438 2 16694
438 3 16696
438 4 16695
439 0 16713
439 1 16689
439 2 16694
439 3 16698
439 4 16695
440 0 16732
440 1 16689
440 2 16718
440 3 16698
440 4 16697
441 0 16701
441 1 16693
441 2 16694
441 3 16698
442 0 16705
442 1 16693
442 2 16710
442 3 16698
443 0 16713
443 1 16707
443 2 16694
443 3 16709
443 4 16697
444 0 16724
444 1 16693
444 2 16694
444 3 16696
444 4 16695
445 0 16688
445 1 16689
445 2 16691
445 3 16698
445 4 16695
446 0 16688
446 1 16707
446 2 16694
446 3 16698
446 4 16695
447 0 16721
447 1 16689
447 2 16708
447 3 16723
448 0 16688
448 1 16707
448 2 16708
448 3 16723
449 0 16702
449 1 16693
449 2 16718
449 3 16690
449 4 16695
450 0 16712
450 1 16689
450 2 16708
450 3 16723
451 0 16688
451 1 16689
451 2 16703
451 3 16690
452 0 16688
452 1 16693
452 2 16694
452 3 16698
452 4 16728
453 0 16688
453 1 16689
453 2 16694
453 3 16698
454 0 16717
454 1 16693
454 2 16694
454 3 16698
454 4 16697
455 0 16702
455 1 16693
455 2 16694
455 3 16690
455 4 16695
456 0 16717
456 1 16693
456 2 16694
456 3 16698
457 0 16688
457 1 16689
457 2 16691
457 3 16690
458 0 16702
458 1 16693
458 2 16703
458 3 16698
458 4 16695
459 0 16688
459 1 16689
459 2 16706
459 3 16698
460 0 16717
460 1 16689
460 2 16706
460 3 16696
460 4 16697
461 0 16688
461 1 16689
461 2 16706
461 3 16696
461 4 16695
462 0 16688
462 1 16689
462 2 16718
462 3 16698
462 4 16695
463 0 16702
463 1 16693
463 2 16694
463 3 16698
463 4 16695
464 0 16688
464 1 16689
464 2 16718
464 3 16698
464 4 16697
465 0 16722
465 1 16693
465 2 16718
465 3 16698
465 4 16695
466 0 16724
466 1 16693
466 2 16694
466 3 16698
466 4 16697
467 0 16701
467 1 16689
467 2 16694
467 3 16698
467 4 16697
468 0 16701
468 1 16689
468 2 16694
468 3 16690
468 4 16728
469 0 16713
469 1 16693
469 2 16691
469 3 16698
469 4 16695
470 0 16713
470 1 16693
470 2 16694
470 3 16723
470 4 16695
471 0 16713
471 1 16693
471 2 16694
471 3 16698
471 4 16695
472 0 16688
472 1 16693
472 2 16694
472 3 16698
472 4 16695
473 0 16688
473 1 16693
473 2 16694
473 3 16696
473 4 16695
474 0 16688
474 1 16689
474 2 16710
474 3 16690
474 4 16695
475 0 16692
475 1 16689
475 2 16710
475 3 16709
475 4 16695
476 0 16688
476 1 16689
476 2 16718
476 3 16709
477 0 16688
477 1 16689
477 2 16710
477 3 16696
477 4 16697
478 0 16702
478 1 16689
478 2 16694
478 3 16698
478 4 16697
479 0 16717
479 1 16707
479 2 16694
479 3 16696
479 4 16695
480 0 16717
480 1 16693
480 2 16703
480 3 16698
480 4 16695
481 0 16717
481 1 16689
481 2 16726
481 3 16696
481 4 16728
482 0 16717
482 1 16693
482 2 16694
482 3 16698
483 0 16717
483 1 16693
483 2 16694
483 3 16696
483 4 16695
484 0 16688
484 1 16707
484 2 16704
484 3 16690
484 4 16697
485 0 16688
485 1 16707
485 2 16694
485 3 16709
485 4 16697
486 0 16714
486 1 16707
486 2 16718
486 3 16698
486 4 16697
487 0 16688
487 1 16707
487 2 16718
487 3 16698
487 4 16695
488 0 16688
488 1 16707
488 2 16694
488 3 16696
488 4 16697
489 0 16688
489 1 16689
489 2 16718
489 3 16698
489 4 16695
490 0 16688
490 1 16707
490 2 16699
490 3 16698
490 4 16695
491 0 16688
491 1 16700
491 2 16708
491 3 16723
492 0 16688
492 1 16689
492 2 16708
492 3 16709
493 0 16688
493 1 16689
493 2 16708
493 3 16723
494 0 16713
494 1 16689
494 2 16694
494 3 16698
494 4 16728
495 0 16701
495 1 16693
495 2 16694
495 3 16696
495 4 16697
496 0 16688
496 1 16689
496 2 16704
496 3 16690
497 0 16688
497 1 16707
497 2 16699
497 3 16696
497 4 16695
498 0 16688
498 1 16689
498 2 16691
498 3 16723
499 0 16688
499 1 16700
499 2 16708
499 3 16709
500 0 16702
500 1 16693
500 2 16706
500 3 16698
500 4 16728
501 0 16688
501 1 16689
501 2 16708
501 3 16723
502 0 16688
502 1 16700
502 2 16708
502 3 16723
503 0 16688
503 1 16700
503 2 16694
503 3 16696
503 4 16695
504 0 16688
504 1 16689
504 2 16694
504 3 16690
504 4 16695
505 0 16688
505 1 16689
505 2 16708
505 3 16698
506 0 16688
506 1 16693
506 2 16694
506 3 16690
506 4 16728
507 0 16688
507 1 16700
507 2 16708
507 3 16709
508 0 16721
508 1 16689
508 2 16708
508 3 16723
509 0 16688
509 1 16689
509 2 16704
509 3 16696
510 0 16688
510 1 16700
510 2 16708
510 3 16709
511 0 16688
511 1 16707
511 2 16704
511 3 16696
511 4 16695
512 0 16688
512 1 16707
512 2 16704
512 3 16698
513 0 16688
513 1 16693
513 2 16699
513 3 16690
513 4 16697
514 0 16688
514 1 16689
514 2 16694
514 3 16696
514 4 16697
515 0 16688
515 1 16689
515 2 16706
515 3 16690
515 4 16697
516 0 16719
516 1 16693
516 2 16703
516 3 16709
517 0 16688
517 1 16693
517 2 16691
517 3 16698
518 0 16688
518 1 16689
518 2 16691
518 3 16698
518 4 16697
519 0 16713
519 1 16707
519 2 16706
519 3 16696
519 4 16695
520 0 16692
520 1 16689
520 2 16694
520 3 16696
520 4 16728
521 0 16705
521 1 16689
521 2 16694
521 3 16709
521 4 16695
522 0 16688
522 1 16707
522 2 16704
522 3 16698
522 4 16695
523 0 16725
523 1 16689
523 2 16694
523 3 16698
523 4 16695
524 0 16713
524 1 16689
524 2 16726
524 3 16690
524 4 16697
525 0 16713
525 1 16693
525 2 16706
525 3 16698
525 4 16695
526 0 16701
526 1 16700
526 2 16694
526 3 16696
526 4 16697
527 0 16721
527 1 16689
527 2 16694
527 3 16709
528 0 16712
528 1 16693
528 2 16710
528 3 16690
529 0 16717
529 1 16693
529 2 16694
529 3 16698
530 0 16721
530 1 16689
530 2 16708
530 3 16690
531 0 16688
531 1 16689
531 2 16691
531 3 16696
532 0 16731
532 1 16689
532 2 16694
532 3 16698
532 4 16697
533 0 16702
533 1 16693
533 2 16727
533 3 16698
533 4 16728
534 0 16713
534 1 16689
534 2 16694
534 3 16698
534 4 16697
535 0 16713
535 1 16689
535 2 16694
535 3 16709
535 4 16697
536 0 16731
536 1 16693
536 2 16694
536 3 16698
536 4 16697
537 0 16731
537 1 16693
537 2 16694
537 3 16698
537 4 16728
538 0 16702
538 1 16693
538 2 16694
538 3 16690
538 4 16695
539 0 16705
539 1 16693
539 2 16718
539 3 16696
539 4 16695
540 0 16688
540 1 16700
540 2 16703
540 3 16698
540 4 16695
541 0 16702
541 1 16689
541 2 16703
541 3 16698
541 4 16695
542 0 16688
542 1 16689
542 2 16708
542 3 16709
543 0 16688
543 1 16700
543 2 16708
543 3 16723
544 0 16688
544 1 16689
544 2 16708
544 3 16696
545 0 16688
545 1 16689
545 2 16708
545 3 16709
546 0 16688
546 1 16689
546 2 16704
546 3 16709
546 4 16697
547 0 16688
547 1 16707
547 2 16694
547 3 16696
547 4 16695
548 0 16688
548 1 16700
548 2 16708
548 3 16698
549 0 16702
549 1 16689
549 2 16718
549 3 16709
549 4 16695
550 0 16688
550 1 16707
550 2 16694
550 3 16690
550 4 16695
551 0 16692
551 1 16689
551 2 16708
551 3 16723
552 0 16688
552 1 16689
552 2 16727
552 3 16690
552 4 16695
553 0 16688
553 1 16689
553 2 16694
553 3 16723
553 4 16697
554 0 16688
554 1 16689
554 2 16710
554 3 16709
554 4 16695
555 0 16688
555 1 16693
555 2 16694
555 3 16698
555 4 16697
556 0 16715
556 1 16693
556 2 16694
556 3 16698
556 4 16697
557 0 16715
557 1 16693
557 2 16694
557 3 16696
557 4 16695
558 0 16720
558 1 16689
558 2 16694
558 3 16690
558 4 16697
559 0 16722
559 1 16693
559 2 16706
559 3 16709
559 4 16697
560 0 16688
560 1 16689
560 2 16706
560 3 16698
561 0 16713
561 1 16693
561 2 16718
561 3 16698
561 4 16695
562 0 16688
562 1 16693
562 2 16699
562 3 16698
562 4 16697
563 0 16713
563 1 16689
563 2 16718
563 3 16696
563 4 16695
564 0 16702
564 1 16693
564 2 16706
564 3 16690
564 4 16697
565 0 16702
565 1 16693
565 2 16694
565 3 16698
565 4 16697
566 0 16688
566 1 16707
566 2 16694
566 3 16698
566 4 16695
567 0 16688
567 1 16689
567 3 16698
567 4 16697
568 0 16688
568 1 16693
568 2 16694
568 3 16709
568 4 16697
569 0 16722
569 1 16689
569 2 16718
569 3 16698
569 4 16697
570 0 16722
570 1 16689
570 2 16708
570 3 16690
571 0 16688
571 1 16689
571 2 16708
571 3 16690
572 0 16719
572 1 16693
572 2 16703
572 3 16698
572 4 16695
573 0 16725
573 1 16689
573 2 16708
573 3 16723
574 0 16688
574 1 16693
574 2 16710
574 3 16698
575 0 16688
575 1 16689
575 2 16710
575 3 16709
576 0 16688
576 1 16689
576 2 16691
576 3 16709
576 4 16695
577 0 16688
577 1 16689
577 2 16718
577 3 16698
577 4 16695
578 0 16688
578 1 16689
578 2 16694
578 3 16696
578 4 16697
579 0 16688
579 1 16689
579 2 16718
579 3 16723
580 0 16688
580 1 16700
580 2 16704
580 3 16709
580 4 16695
581 0 16688
581 1 16700
581 2 16699
581 3 16696
581 4 16695
582 0 16688
582 1 16700
582 2 16703
582 3 16698
582 4 16697
583 0 16729
583 1 16693
583 2 16706
583 3 16698
583 4 16695
584 0 16688
584 1 16689
584 2 16718
584 3 16698
584 4 16697
585 0 16688
585 1 16689
585 2 16704
585 3 16690
586 0 16688
586 1 16689
586 2 16708
586 3 16696
587 0 16688
587 1 16693
587 2 16718
587 3 16698
587 4 16695
588 0 16688
588 1 16693
588 2 16708
588 3 16690
589 0 16719
589 1 16693
589 2 16694
589 3 16709
589 4 16695
590 0 16702
590 1 16689
590 2 16706
590 3 16698
590 4 16697
591 0 16714
591 1 16707
591 2 16718
591 3 16709
591 4 16697
592 0 16702
592 1 16693
592 2 16703
592 3 16698
592 4 16695
593 0 16713
593 1 16693
593 2 16699
593 3 16698
593 4 16697
594 0 16688
594 1 16693
594 2 16694
594 3 16698
594 4 16695
595 0 16688
595 1 16693
595 2 16718
595 3 16698
595 4 16697
596 0 16713
596 1 16693
596 2 16703
596 3 16696
596 4 16697
597 0 16688
597 1 16693
597 2 16706
597 3 16698
597 4 16697
598 0 16717
598 1 16689
598 2 16703
598 3 16698
598 4 16695
599 0 16688
599 1 16700
599 2 16694
599 3 16696
599 4 16695
600 0 16688
600 1 16689
600 2 16704
600 3 16709
600 4 16697
601 0 16688
601 1 16689
601 2 16699
601 3 16723
602 0 16688
602 1 16689
602 2 16727
602 3 16698
602 4 16697
603 0 16688
603 1 16689
603 2 16708
603 3 16696
604 0 16725
604 1 16693
604 2 16694
604 3 16698
604 4 16695
605 0 16701
605 1 16693
605 2 16694
605 3 16696
606 0 16720
606 1 16693
606 2 16718
606 3 16698
606 4 16695
607 0 16725
607 1 16693
607 2 16694
607 3 16696
607 4 16697
608 0 16713
608 1 16707
608 2 16710
608 3 16698
609 0 16705
609 1 16693
609 2 16708
609 3 16690
610 0 16713
610 1 16693
610 2 16694
610 3 16698
611 0 16722
611 1 16693
611 2 16694
611 3 16709
611 4 16697
612 0 16705
612 1 16693
612 2 16694
612 3 16698
612 4 16728
613 0 16688
613 1 16707
613 2 16726
613 3 16698
613 4 16697
614 0 16688
614 1 16693
614 2 16699
614 3 16698
614 4 16728
615 0 16713
615 1 16693
615 2 16694
615 3 16698
615 4 16695
616 0 16713
616 1 16693
616 2 16694
616 3 16690
616 4 16697
617 0 16705
617 1 16693
617 2 16706
617 3 16690
617 4 16695
618 0 16705
618 1 16693
618 2 16706
618 3 16690
618 4 16728
619 0 16717
619 1 16693
619 2 16708
619 3 16709
620 0 16717
620 1 16689
620 2 16694
620 3 16698
620 4 16695
621 0 16719
621 1 16689
621 2 16718
621 3 16696
622 0 16702
622 1 16693
622 2 16718
622 3 16696
622 4 16697
623 0 16719
623 1 16693
623 2 16694
623 3 16698
623 4 16695
624 0 16722
624 1 16693
624 2 16718
624 3 16698
624 4 16697
625 0 16722
625 1 16689
625 2 16710
625 3 16696
625 4 16697
626 0 16719
626 1 16693
626 2 16718
626 3 16698
626 4 16695
627 0 16719
627 1 16693
627 2 16694
627 3 16698
627 4 16695
628 0 16719
628 1 16693
628 2 16699
628 3 16690
628 4 16697
629 0 16719
629 1 16707
629 2 16694
629 3 16698
629 4 16697
630 0 16719
630 1 16689
630 2 16708
630 3 16696
630 4 16697
631 0 16719
631 1 16693
631 2 16706
631 3 16698
631 4 16697
632 0 16719
632 1 16693
632 2 16706
632 3 16690
632 4 16695
633 0 16702
633 1 16693
633 2 16706
633 3 16696
633 4 16695
634 0 16719
634 1 16693
634 2 16694
634 3 16690
634 4 16695
635 0 16711
635 1 16700
635 2 16694
635 3 16698
635 4 16697
636 0 16688
636 1 16689
636 2 16708
636 3 16696
637 0 16711
637 1 16693
637 2 16718
637 3 16698
637 4 16695
638 0 16711
638 1 16689
638 2 16694
638 3 16709
639 0 16713
639 1 16689
639 2 16694
639 3 16696
639 4 16697
640 0 16717
640 1 16689
640 2 16694
640 3 16698
640 4 16697
641 0 16713
641 1 16707
641 2 16726
641 3 16723
641 4 16697
642 0 16721
642 1 16693
642 2 16694
642 3 16696
642 4 16695
643 0 16688
643 1 16689
643 2 16706
643 3 16696
644 0 16715
644 1 16689
644 2 16694
644 3 16690
644 4 16695
645 0 16721
645 1 16693
645 2 16694
645 3 16696
645 4 16697
646 0 16721
646 1 16693
646 2 16694
646 3 16696
646 4 16697
647 0 16721
647 1 16693
647 2 16694
647 3 16690
648 0 16721
648 1 16693
648 3 16709
649 0 16721
649 1 16707
649 2 16694
649 3 16696
649 4 16695
650 0 16688
650 1 16689
650 2 16694
650 3 16723
650 4 16697
651 0 16721
651 1 16689
651 2 16694
651 3 16696
651 4 16697
652 0 16721
652 1 16693
652 2 16706
652 3 16690
652 4 16697
653 0 16721
653 1 16693
653 2 16694
653 3 16696
653 4 16697
654 0 16721
654 1 16707
654 2 16694
654 3 16696
654 4 16697
655 0 16713
655 1 16689
655 2 16691
655 3 16709
656 0 16688
656 1 16689
656 2 16708
656 3 16696
657 0 16713
657 1 16689
657 2 16708
657 3 16696
658 0 16724
658 1 16689
658 2 16708
658 3 16696
659 0 16713
659 1 16693
659 2 16718
659 3 16698
659 4 16695
660 0 16688
660 1 16689
660 2 16726
660 3 16696
660 4 16695
661 0 16688
661 1 16689
661 2 16694
661 3 16698
661 4 16728
662 0 16688
662 1 16689
662 2 16726
662 3 16698
662 4 16697
663 0 16688
663 1 16689
663 2 16694
663 3 16698
664 0 16719
664 1 16693
664 2 16694
664 3 16698
664 4 16697
665 0 16705
665 1 16707
665 2 16726
665 3 16698
665 4 16697
666 0 16705
666 1 16693
666 2 16706
666 3 16698
666 4 16695
667 0 16702
667 1 16689
667 2 16694
667 3 16698
667 4 16728
668 0 16688
668 1 16693
668 2 16726
668 3 16696
668 4 16695
669 0 16688
669 1 16693
669 2 16718
669 3 16690
669 4 16695
670 0 16719
670 1 16707
670 2 16694
670 3 16709
670 4 16697
671 0 16702
671 1 16693
671 2 16706
671 3 16690
672 0 16717
672 1 16693
672 2 16694
672 3 16696
672 4 16695
673 0 16688
673 1 16689
673 2 16694
673 3 16696
673 4 16697
674 0 16688
674 1 16689
674 2 16694
674 3 16696
675 0 16722
675 1 16689
675 2 16708
675 3 16709
676 0 16688
676 1 16689
676 2 16703
676 3 16698
676 4 16695
677 0 16688
677 1 16693
677 2 16694
677 3 16709
677 4 16697
678 0 16688
678 1 16689
678 2 16710
678 3 16698
678 4 16695
679 0 16717
679 1 16689
679 2 16706
679 3 16709
679 4 16695
680 0 16688
680 1 16693
680 2 16691
680 3 16696
681 0 16688
681 1 16693
681 3 16698
681 4 16695
682 0 16688
682 1 16707
682 2 16694
682 3 16698
682 4 16697
683 0 16688
683 1 16689
683 2 16691
683 3 16690
684 0 16688
684 1 16689
684 2 16727
684 3 16698
684 4 16695
685 0 16713
685 1 16689
685 2 16718
685 3 16698
685 4 16697
686 0 16705
686 1 16689
686 2 16708
686 3 16723
687 0 16705
687 1 16693
687 2 16716
687 3 16698
687 4 16695
688 0 16705
688 1 16689
688 2 16718
688 3 16696
688 4 16695
689 0 16705
689 1 16693
689 2 16694
689 3 16698
689 4 16697
690 0 16724
690 1 16689
690 2 16718
690 3 16696
690 4 16697
691 0 16721
691 1 16707
691 2 16726
691 3 16696
691 4 16697
692 0 16717
692 1 16689
692 2 16694
692 3 16690
692 4 16697
693 0 16733
693 1 16689
693 2 16708
693 3 16723
694 0 16688
694 1 16693
694 2 16726
694 3 16698
694 4 16728
695 0 16715
695 1 16689
695 2 16708
695 3 16723
696 0 16688
696 1 16689
696 2 16703
696 3 16696
697 0 16713
697 1 16689
697 2 16708
697 3 16723
698 0 16688
698 1 16689
698 2 16708
698 3 16709
699 0 16688
699 1 16689
699 2 16708
699 3 16723
700 0 16713
700 1 16689
700 2 16691
700 3 16709
701 0 16717
701 1 16689
701 2 16708
701 3 16723
702 0 16688
702 1 16693
702 2 16726
702 3 16690
703 0 16688
703 1 16700
703 2 16703
703 3 16696
703 4 16697
704 0 16688
704 1 16689
704 2 16691
704 3 16698
704 4 16695
705 0 16688
705 1 16693
705 2 16694
705 3 16690
706 0 16688
706 1 16693
706 2 16694
706 3 16690
707 0 16713
707 1 16689
707 2 16694
707 3 16698
707 4 16728
708 0 16701
708 1 16693
708 2 16694
708 3 16698
708 4 16697
709 0 16713
709 1 16693
709 2 16703
709 3 16698
709 4 16695
710 0 16705
710 1 16693
710 2 16718
710 3 16698
710 4 16695
711 0 16721
711 1 16689
711 2 16726
711 3 16698
712 0 16719
712 1 16707
712 2 16726
712 3 16690
713 0 16692
713 1 16689
713 2 16726
713 3 16696
713 4 16728
714 0 16713
714 1 16693
714 2 16694
714 3 16690
714 4 16695
715 0 16688
715 1 16693
715 2 16694
715 3 16698
715 4 16728
716 0 16688
716 1 16689
716 2 16694
716 3 16698
716 4 16697
717 0 16688
717 1 16689
717 2 16718
717 3 16690
718 0 16717
718 1 16707
718 2 16718
718 3 16698
718 4 16697
719 0 16717
719 1 16689
719 2 16694
719 3 16690
720 0 16688
720 1 16689
720 2 16708
720 3 16696
721 0 16688
721 1 16707
721 2 16718
721 3 16690
721 4 16697
722 0 16702
722 1 16689
722 2 16703
722 3 16698
722 4 16695
723 0 16712
723 1 16689
723 2 16726
723 3 16698
723 4 16697
724 0 16713
724 1 16693
724 2 16718
724 3 16698
724 4 16697
725 0 16688
725 1 16693
725 2 16718
725 3 16690
725 4 16697
726 0 16688
726 1 16693
726 2 16718
726 3 16690
726 4 16697
727 0 16702
727 1 16693
727 2 16703
727 3 16698
727 4 16697
728 0 16713
728 1 16693
728 2 16694
728 3 16698
728 4 16695
729 0 16688
729 1 16689
729 2 16708
729 3 16723
730 0 16713
730 1 16693
730 2 16694
730 3 16698
730 4 16695
731 0 16688
731 1 16707
731 2 16704
731 3 16709
731 4 16697
732 0 16688
732 1 16689
732 2 16694
732 3 16698
732 4 16695
733 0 16717
733 1 16693
733 2 16694
733 3 16698
734 0 16717
734 1 16689
734 2 16718
734 3 16690
734 4 16695
735 0 16720
735 1 16707
735 2 16694
735 3 16698
735 4 16697
736 0 16721
736 1 16689
736 2 16694
736 3 16709
737 0 16702
737 1 16693
737 2 16706
737 3 16698
737 4 16697
738 0 16701
738 1 16707
738 2 16694
738 3 16696
738 4 16697
739 0 16688
739 1 16700
739 2 16718
739 3 16723
739 4 16697
740 0 16688
740 1 16689
740 2 16727
740 3 16690
741 0 16719
741 1 16689
741 2 16703
741 3 16690
741 4 16697
742 0 16713
742 1 16693
742 2 16694
742 3 16698
742 4 16697
743 0 16688
743 1 16693
743 2 16726
743 3 16696
743 4 16697
744 0 16688
744 1 16689
744 2 16694
744 3 16698
744 4 16697
745 0 16688
745 1 16693
745 2 16718
745 3 16698
745 4 16697
746 0 16721
746 1 16693
746 2 16694
746 3 16696
746 4 16728
747 0 16702
747 1 16700
747 2 16694
747 3 16698
748 0 16721
748 1 16707
748 2 16694
748 3 16709
748 4 16695
749 0 16721
749 1 16707
749 2 16694
749 3 16709
749 4 16697
750 0 16688
750 1 16707
750 2 16694
750 3 16696
750 4 16695
751 0 16720
751 1 16689
751 2 16726
751 3 16696
752 0 16712
752 1 16689
752 2 16694
752 3 16696
752 4 16697
753 0 16688
753 1 16707
753 2 16708
753 3 16723
754 0 16713
754 1 16689
754 2 16694
754 3 16709
754 4 16695
755 0 16688
755 1 16693
755 2 16694
755 3 16696
755 4 16697
756 0 16688
756 1 16689
756 2 16708
756 3 16696
757 0 16688
757 1 16689
757 2 16708
757 3 16723
758 0 16688
758 1 16693
758 2 16704
758 3 16698
758 4 16697
759 0 16688
759 1 16689
759 2 16727
759 3 16698
759 4 16695
760 0 16688
760 1 16689
760 2 16708
760 3 16709
761 0 16713
761 1 16700
761 2 16718
761 3 16698
761 4 16695
762 0 16688
762 1 16707
762 2 16694
762 3 16690
762 4 16697
763 0 16713
763 1 16689
763 2 16694
763 3 16696
763 4 16695
764 0 16702
764 1 16707
764 2 16694
764 3 16698
765 0 16713
765 1 16689
765 2 16694
765 3 16698
766 0 16688
766 1 16689
766 2 16703
766 3 16696
766 4 16697
767 0 16715
767 1 16689
767 2 16710
767 3 16698
767 4 16695
768 0 16688
768 1 16700
768 2 16708
768 3 16723
769 0 16688
769 1 16693
769 2 16691
769 3 16690
770 0 16688
770 1 16689
770 2 16691
770 3 16723
771 0 16733
771 1 16693
771 2 16718
771 3 16698
771 4 16697
772 0 16717
772 1 16689
772 2 16694
772 3 16696
772 4 16697
773 0 16717
773 1 16689
773 2 16694
773 3 16698
773 4 16697
774 0 16722
774 1 16689
774 2 16694
774 3 16690
774 4 16695
775 0 16722
775 1 16693
775 2 16694
775 3 16698
776 0 16713
776 1 16693
776 2 16694
776 3 16698
776 4 16728
777 0 16692
777 1 16689
777 2 16710
777 3 16698
777 4 16695
778 0 16731
778 1 16693
778 2 16694
778 3 16723
778 4 16697
779 0 16688
779 1 16700
779 2 16708
779 3 16696
780 0 16725
780 1 16689
780 2 16694
780 3 16698
780 4 16728
781 0 16713
781 1 16689
781 2 16710
781 3 16698
781 4 16728
782 0 16713
782 1 16689
782 2 16694
782 3 16690
782 4 16728
783 0 16713
783 1 16689
783 3 16696
783 4 16695
784 0 16713
784 1 16689
784 2 16694
784 3 16696
784 4 16695
785 0 16688
785 1 16700
785 2 16708
785 3 16696
786 0 16717
786 1 16689
786 2 16694
786 3 16690
786 4 16697
787 0 16725
787 1 16689
787 2 16694
787 3 16698
787 4 16697
788 0 16729
788 1 16693
788 2 16694
788 3 16698
788 4 16697
789 0 16729
789 1 16693
789 2 16694
789 3 16709
789 4 16697
790 0 16717
790 1 16689
790 2 16694
790 3 16690
790 4 16695
791 0 16713
791 1 16693
791 2 16694
791 3 16698
791 4 16695
792 0 16688
792 1 16689
792 2 16691
792 3 16698
793 0 16688
793 1 16689
793 2 16699
793 3 16709
793 4 16695
794 0 16701
794 1 16693
794 2 16694
794 3 16698
794 4 16728
795 0 16701
795 1 16693
795 2 16694
795 3 16698
795 4 16728
796 0 16721
796 1 16689
796 2 16708
796 3 16696
797 0 16692
797 1 16689
797 2 16726
797 3 16696
797 4 16728
798 0 16688
798 1 16689
798 2 16708
798 3 16709
799 0 16688
799 1 16689
799 2 16704
799 3 16723
799 4 16695
800 0 16688
800 1 16689
800 2 16691
800 3 16696
801 0 16692
801 1 16693
801 2 16718
801 3 16698
801 4 16697
802 0 16688
802 1 16700
802 2 16708
802 3 16698
802 4 16695
803 0 16688
803 1 16707
803 2 16694
803 3 16696
803 4 16697
804 0 16688
804 1 16707
804 2 16726
804 3 16698
804 4 16695
805 0 16713
805 1 16707
805 2 16704
805 3 16696
805 4 16697
806 0 16717
806 1 16689
806 2 16694
806 3 16698
806 4 16697
807 0 16688
807 1 16689
807 2 16710
807 3 16690
807 4 16697
808 0 16713
808 1 16689
808 2 16710
808 3 16690
808 4 16695
809 0 16688
809 1 16707
809 2 16699
809 3 16698
810 0 16688
810 1 16689
810 2 16718
810 3 16709
811 0 16702
811 1 16693
811 2 16694
811 3 16698
811 4 16697
812 0 16719
812 1 16700
812 2 16708
812 3 16690
813 0 16692
813 1 16689
813 2 16708
813 3 16690
814 0 16688
814 1 16693
814 2 16726
814 3 16696
814 4 16697
815 0 16688
815 1 16700
815 2 16708
815 3 16709
816 0 16688
816 1 16689
816 2 16727
816 3 16698
816 4 16695
817 0 16717
817 1 16689
817 2 16718
817 3 16698
818 0 16719
818 1 16689
818 2 16710
818 3 16690
818 4 16695
819 0 16719
819 1 16689
819 3 16698
820 0 16717
820 1 16693
820 2 16718
820 3 16698
820 4 16695
821 0 16725
821 1 16689
821 2 16694
821 3 16709
821 4 16697
822 0 16725
822 1 16689
822 2 16710
822 3 16690
822 4 16697
823 0 16725
823 1 16689
823 2 16694
823 3 16690
823 4 16697
824 0 16713
824 1 16689
824 2 16710
824 3 16698
824 4 16695
825 0 16701
825 1 16689
825 2 16708
825 3 16709
826 0 16688
826 1 16689
826 2 16706
826 3 16698
826 4 16695
827 0 16688
827 1 16689
827 2 16699
827 3 16698
827 4 16695
828 0 16713
828 1 16689
828 2 16694
828 3 16698
828 4 16697
829 0 16692
829 1 16693
829 2 16694
829 3 16698
829 4 16697
830 0 16688
830 1 16689
830 2 16694
830 3 16696
830 4 16697
831 0 16688
831 1 16689
831 2 16726
831 3 16698
832 0 16688
832 1 16700
832 2 16708
832 3 16723
833 0 16688
833 1 16700
833 2 16708
833 3 16709
834 0 16688
834 1 16707
834 3 16698
834 4 16697
835 0 16688
835 1 16689
835 2 16727
835 3 16698
835 4 16697
836 0 16688
836 1 16689
836 2 16694
836 3 16709
836 4 16697
837 0 16688
837 1 16689
837 2 16694
837 3 16696
837 4 16695
838 0 16688
838 1 16693
838 2 16727
838 3 16690
838 4 16695
839 0 16688
839 1 16700
839 2 16703
839 3 16698
839 4 16697
840 0 16731
840 1 16707
840 2 16694
840 3 16690
840 4 16695
841 0 16717
841 1 16693
841 2 16694
841 3 16690
841 4 16697
842 0 16713
842 1 16689
842 2 16726
842 3 16690
843 0 16688
843 1 16700
843 2 16708
843 3 16696
844 0 16688
844 1 16689
844 2 16708
844 3 16723
845 0 16705
845 1 16700
845 2 16694
845 3 16698
845 4 16728
846 0 16692
846 1 16689
846 2 16694
846 3 16696
846 4 16697
847 0 16692
847 1 16689
847 2 16694
847 3 16698
847 4 16728
848 0 16692
848 1 16689
848 2 16726
848 3 16698
848 4 16695
849 0 16724
849 1 16689
849 2 16710
849 3 16690
849 4 16695
850 0 16688
850 1 16707
850 2 16704
850 3 16690
850 4 16695
851 0 16688
851 1 16689
851 2 16699
851 3 16690
852 0 16688
852 1 16700
852 2 16704
852 3 16690
852 4 16695
853 0 16688
853 1 16689
853 2 16694
853 3 16696
853 4 16697
854 0 16702
854 1 16693
854 2 16694
854 3 16698
855 0 16702
855 1 16693
855 2 16694
855 3 16698
855 4 16695
856 0 16711
856 1 16707
856 2 16694
856 3 16709
856 4 16697
857 0 16688
857 1 16689
857 2 16708
857 3 16723
858 0 16688
858 1 16707
858 2 16718
858 3 16698
858 4 16695
859 0 16688
859 1 16700
859 2 16708
859 3 16709
860 0 16688
860 1 16707
860 2 16704
860 3 16696
860 4 16697
861 0 16732
861 1 16693
861 2 16694
861 3 16698
861 4 16695
862 0 16688
862 1 16700
862 2 16694
862 3 16696
862 4 16695
863 0 16701
863 1 16689
863 2 16694
863 3 16698
863 4 16695
864 0 16702
864 1 16693
864 2 16703
864 3 16696
864 4 16695
865 0 16702
865 1 16693
865 2 16694
865 3 16698
866 0 16702
866 1 16689
866 2 16691
866 3 16690
867 0 16702
867 1 16707
867 2 16694
867 3 16690
867 4 16697
868 0 16702
868 1 16693
868 2 16694
868 3 16698
869 0 16702
869 1 16689
869 2 16726
869 3 16698
869 4 16695
870 0 16688
870 1 16693
870 2 16704
870 3 16690
870 4 16695
871 0 16688
871 1 16689
871 2 16694
871 3 16723
871 4 16697
872 0 16688
872 1 16689
872 2 16726
872 3 16690
872 4 16697
873 0 16715
873 1 16693
873 2 16694
873 3 16698
873 4 16695
874 0 16688
874 1 16707
874 2 16704
874 3 16696
874 4 16695
875 0 16688
875 1 16693
875 2 16718
875 3 16698
875 4 16697
876 0 16713
876 1 16689
876 2 16703
876 3 16709
876 4 16697
877 0 16688
877 1 16689
877 2 16704
877 3 16709
877 4 16695
878 0 16688
878 1 16689
878 2 16704
878 3 16709
878 4 16697
879 0 16688
879 1 16689
879 2 16710
879 3 16698
880 0 16705
880 1 16693
880 2 16694
880 3 16698
880 4 16695
881 0 16688
881 1 16689
881 2 16694
881 3 16696
881 4 16697
882 0 16688
882 1 16700
882 2 16694
882 3 16696
882 4 16695
883 0 16719
883 1 16693
883 2 16718
883 3 16698
883 4 16697
884 0 16688
884 1 16689
884 2 16708
884 3 16723
885 0 16688
885 1 16689
885 2 16704
885 3 16709
885 4 16695
886 0 16688
886 1 16700
886 2 16708
886 3 16690
887 0 16688
887 1 16693
887 2 16704
887 3 16696
887 4 16697
888 0 16688
888 1 16689
888 2 16694
888 3 16696
888 4 16697
889 0 16713
889 1 16689
889 2 16710
889 3 16698
889 4 16697
890 0 16713
890 1 16693
890 2 16694
890 3 16698
891 0 16688
891 1 16689
891 2 16699
891 3 16696
891 4 16697
892 0 16702
892 1 16689
892 2 16706
892 3 16723
892 4 16697
893 0 16688
893 1 16707
893 2 16694
893 3 16723
894 0 16713
894 1 16689
894 2 16694
894 3 16698
894 4 16697
895 0 16719
895 1 16689
895 2 16708
895 3 16723
896 0 16688
896 1 16693
896 2 16708
896 3 16696
897 0 16701
897 1 16707
897 2 16699
897 3 16696
897 4 16695
898 0 16688
898 1 16693
898 2 16694
898 3 16690
898 4 16697
899 0 16688
899 1 16693
899 2 16691
899 3 16696
899 4 16728
900 0 16688
900 1 16693
900 2 16694
900 3 16698
900 4 16697
901 0 16688
901 1 16693
901 2 16704
901 3 16690
902 0 16713
902 1 16689
902 2 16694
902 3 16690
902 4 16728
903 0 16688
903 1 16700
903 2 16706
903 3 16698
903 4 16695
904 0 16729
904 1 16693
904 2 16694
904 3 16709
904 4 16697
905 0 16688
905 1 16707
905 2 16694
905 3 16696
905 4 16697
906 0 16688
906 1 16707
906 2 16726
906 3 16709
907 0 16688
907 1 16689
907 2 16694
907 3 16709
907 4 16695
908 0 16688
908 1 16689
908 3 16709
909 0 16688
909 1 16689
909 2 16708
909 3 16696
909 4 16695
910 0 16717
910 1 16693
910 2 16694
910 3 16698
911 0 16719
911 1 16693
911 2 16703
911 3 16690
912 0 16688
912 1 16689
912 2 16726
912 3 16696
913 0 16688
913 1 16693
913 2 16718
913 3 16696
913 4 16695
914 0 16717
914 1 16689
914 2 16718
914 3 16690
915 0 16688
915 1 16693
915 2 16699
915 3 16698
915 4 16697
916 0 16688
916 1 16689
916 2 16726
916 3 16690
916 4 16697
917 0 16719
917 1 16689
917 2 16694
917 3 16698
917 4 16695
918 0 16702
918 1 16693
918 2 16706
918 3 16698
918 4 16728
919 0 16702
919 1 16693
919 2 16694
919 3 16698
919 4 16695
920 0 16702
920 1 16689
920 2 16694
920 3 16696
920 4 16728
921 0 16688
921 1 16693
921 2 16706
921 3 16696
921 4 16695
922 0 16732
922 1 16689
922 2 16718
922 3 16723
922 4 16695
923 0 16688
923 1 16689
923 2 16704
923 3 16696
923 4 16697
924 0 16719
924 1 16689
924 2 16726
924 3 16696
925 0 16719
925 1 16693
925 2 16694
925 3 16696
925 4 16697
926 0 16719
926 1 16689
926 2 16694
926 3 16698
926 4 16697
927 0 16713
927 1 16689
927 2 16694
927 3 16696
927 4 16728
928 0 16688
928 1 16693
928 2 16694
928 3 16698
928 4 16695
929 0 16731
929 1 16693
929 2 16694
929 3 16698
929 4 16695
930 0 16719
930 1 16689
930 2 16694
930 3 16709
930 4 16695
931 0 16717
931 1 16689
931 2 16694
931 3 16696
931 4 16697
932 0 16717
932 1 16693
932 2 16694
932 3 16690
932 4 16697
933 0 16688
933 1 16700
933 2 16694
933 3 16709
933 4 16697
934 0 16713
934 1 16689
934 2 16694
934 3 16696
934 4 16695
935 0 16702
935 1 16693
935 2 16718
935 3 16698
935 4 16695
936 0 16712
936 1 16689
936 2 16726
936 3 16696
936 4 16697
937 0 16688
937 1 16693
937 2 16704
937 3 16698
937 4 16697
938 0 16702
938 1 16689
938 2 16703
938 3 16690
938 4 16695
939 0 16688
939 1 16689
939 2 16694
939 3 16709
939 4 16697
940 0 16688
940 1 16689
940 2 16694
940 3 16723
940 4 16697
941 0 16688
941 1 16693
941 2 16704
941 3 16698
941 4 16695
942 0 16717
942 1 16693
942 2 16694
942 3 16698
943 0 16717
943 1 16693
943 2 16694
943 3 16698
943 4 16695
944 0 16688
944 1 16693
944 2 16694
944 3 16698
945 0 16688
945 1 16689
945 2 16704
945 3 16690
946 0 16688
946 1 16693
946 2 16706
946 3 16696
947 0 16688
947 1 16693
947 2 16704
947 3 16723
947 4 16697
948 0 16688
948 1 16693
948 2 16699
948 3 16690
948 4 16695
949 0 16688
949 1 16689
949 2 16699
949 3 16698
949 4 16695
950 0 16688
950 1 16689
950 2 16694
950 3 16696
950 4 16695
951 0 16688
951 1 16689
951 2 16710
951 3 16709
952 0 16688
952 1 16689
952 2 16710
952 3 16690
953 0 16688
953 1 16700
953 2 16708
953 3 16696
954 0 16713
954 1 16689
954 2 16708
954 3 16696
955 0 16713
955 1 16707
955 2 16710
955 3 16696
955 4 16697
956 0 16688
956 1 16689
956 2 16704
956 3 16696
956 4 16697
957 0 16688
957 1 16689
957 2 16708
957 3 16709
958 0 16688
958 1 16693
958 2 16694
958 3 16690
958 4 16695
959 0 16688
959 1 16700
959 2 16704
959 3 16698
959 4 16695
960 0 16692
960 1 16689
960 2 16718
960 3 16696
960 4 16697
961 0 16688
961 1 16689
961 2 16708
961 3 16696
962 0 16688
962 1 16707
962 2 16704
962 3 16690
962 4 16695
963 0 16688
963 1 16689
963 2 16708
963 3 16723
964 0 16688
964 1 16689
964 2 16694
964 3 16698
964 4 16695
965 0 16688
965 1 16689
965 2 16716
965 3 16698
965 4 16697
966 0 16688
966 1 16707
966 2 16704
966 3 16690
966 4 16697
967 0 16688
967 1 16707
967 2 16704
967 3 16696
967 4 16697
968 0 16688
968 1 16707
968 2 16716
968 3 16698
968 4 16695
969 0 16688
969 1 16689
969 2 16708
969 3 16696
970 0 16688
970 1 16693
970 3 16696
971 0 16688
971 1 16689
971 2 16708
971 3 16723
972 0 16688
972 1 16689
972 2 16694
972 3 16698
972 4 16697
973 0 16721
973 1 16693
973 2 16706
973 3 16709
974 0 16731
974 1 16693
974 2 16694
974 3 16698
974 4 16697
975 0 16688
975 1 16689
975 2 16708
975 3 16723
976 0 16692
976 1 16689
976 2 16703
976 3 16698
976 4 16695
977 0 16731
977 1 16707
977 2 16694
977 3 16690
977 4 16695
978 0 16731
978 1 16689
978 2 16694
978 3 16696
978 4 16695
979 0 16688
979 1 16707
979 2 16716
979 3 16698
980 0 16688
980 1 16689
980 2 16716
980 3 16696
980 4 16697
981 0 16731
981 1 16689
981 2 16716
981 3 16696
981 4 16697
982 0 16721
982 1 16689
982 2 16716
982 3 16709
982 4 16697
983 0 16712
983 1 16689
983 2 16708
983 3 16698
984 0 16731
984 1 16689
984 2 16694
984 3 16698
985 0 16688
985 1 16689
985 2 16708
985 3 16709
986 0 16688
986 1 16693
986 2 16706
986 3 16690
986 4 16695
987 0 16688
987 1 16689
987 2 16691
987 3 16696
987 4 16697
988 0 16688
988 1 16689
988 2 16708
988 3 16696
989 0 16705
989 1 16689
989 2 16703
989 3 16709
989 4 16695
990 0 16688
990 1 16689
990 2 16708
990 3 16723
991 0 16713
991 1 16689
991 2 16703
991 3 16698
991 4 16695
992 0 16712
992 1 16707
992 2 16694
992 3 16696
992 4 16697
993 0 16721
993 1 16689
993 2 16694
993 3 16696
994 0 16692
994 1 16689
994 2 16694
994 3 16723
994 4 16697
995 0 16688
995 1 16689
995 2 16708
995 3 16696
996 0 16705
996 1 16693
996 2 16718
996 3 16696
996 4 16695
997 0 16717
997 1 16689
997 2 16694
997 3 16709
997 4 16697
998 0 16713
998 1 16689
998 2 16708
998 3 16709
999 0 16692
999 1 16700
999 2 16716
999 3 16690
999 4 16697
1000 0 16719
1000 1 16689
1000 2 16708
1000 3 16698
1001 0 16688
1001 1 16689
1001 2 16708
1001 3 16723
1002 0 16712
1002 1 16689
1002 2 16694
1002 3 16690
1002 4 16695
1003 0 16731
1003 1 16689
1003 2 16694
1003 3 16698
1003 4 16695
1004 0 16688
1004 1 16689
1004 2 16716
1004 3 16698
1004 4 16697
1005 0 16688
1005 1 16689
1005 2 16703
1005 3 16709
1005 4 16697
1006 0 16692
1006 1 16689
1006 2 16694
1006 3 16709
1006 4 16697
1007 0 16688
1007 1 16689
1007 2 16694
1007 3 16709
1007 4 16697
1008 0 16688
1008 1 16689
1008 2 16703
1008 3 16696
1008 4 16697
1009 0 16711
1009 1 16689
1009 2 16694
1009 3 16698
1009 4 16697
1010 0 16717
1010 1 16693
1010 2 16694
1010 3 16709
1010 4 16697
1011 0 16719
1011 1 16693
1011 2 16703
1011 3 16690
1012 0 16721
1012 1 16693
1012 2 16703
1012 3 16698
1013 0 16717
1013 1 16689
1013 2 16703
1013 3 16698
1013 4 16695
1014 0 16717
1014 1 16689
1014 2 16703
1014 3 16698
1014 4 16695
1015 0 16702
1015 1 16693
1015 2 16703
1015 3 16690
1015 4 16695
1016 0 16717
1016 1 16693
1016 2 16703
1016 3 16698
1016 4 16695
1017 0 16717
1017 1 16693
1017 2 16703
1017 3 16698
1017 4 16697
1018 0 16717
1018 1 16693
1018 2 16706
1018 3 16698
1018 4 16695
1019 0 16717
1019 1 16689
1019 2 16716
1019 3 16698
1019 4 16695
1020 0 16717
1020 1 16693
1020 2 16706
1020 3 16698
1020 4 16695
1021 0 16717
1021 1 16693
1021 3 16698
1021 4 16695
1022 0 16717
1022 1 16689
1022 2 16694
1022 3 16698
1022 4 16695
1023 0 16717
1023 1 16689
1023 2 16694
1023 3 16698
1023 4 16695
1024 0 16717
1024 1 16693
1024 2 16694
1024 3 16698
1024 4 16697
1025 0 16717
1025 1 16693
1025 2 16716
1025 3 16698
1025 4 16695
1026 0 16717
1026 1 16693
1026 2 16716
1026 3 16698
1027 0 16717
1027 1 16693
1027 2 16716
1027 3 16698
1028 0 16717
1028 1 16693
1028 2 16716
1028 3 16698
1029 0 16717
1029 1 16693
1029 2 16716
1029 3 16698
1029 4 16695
1030 0 16717
1030 1 16693
1030 2 16716
1030 3 16698
1030 4 16695
1031 0 16717
1031 1 16693
1031 2 16716
1031 3 16698
1031 4 16697
1032 0 16688
1032 1 16693
1032 2 16706
1032 3 16698
1032 4 16697
1033 0 16717
1033 1 16693
1033 2 16706
1033 3 16698
1033 4 16695
1034 0 16717
1034 1 16693
1034 2 16716
1034 3 16698
1035 0 16717
1035 1 16689
1035 2 16691
1035 3 16690
1036 0 16717
1036 1 16689
1036 2 16716
1036 3 16698
1037 0 16717
1037 1 16693
1037 2 16706
1037 3 16698
1037 4 16695
1038 0 16717
1038 1 16693
1038 2 16716
1038 3 16698
1038 4 16697
1039 0 16717
1039 1 16693
1039 2 16716
1039 3 16698
1040 0 16717
1040 1 16693
1040 2 16716
1040 3 16698
1041 0 16717
1041 1 16693
1041 2 16716
1041 3 16698
1042 0 16717
1042 1 16693
1042 2 16727
1042 3 16698
1042 4 16695
1043 0 16717
1043 1 16693
1043 2 16694
1043 3 16690
1044 0 16717
1044 1 16689
1044 2 16726
1044 3 16690
1045 0 16717
1045 1 16689
1045 2 16699
1045 3 16690
1045 4 16695
1046 0 16688
1046 1 16689
1046 2 16699
1046 3 16698
1046 4 16695
1047 0 16717
1047 1 16689
1047 2 16694
1047 3 16698
1047 4 16695
1048 0 16688
1048 1 16693
1048 2 16718
1048 3 16698
1049 0 16717
1049 1 16693
1049 2 16704
1049 3 16698
1049 4 16695
1050 0 16717
1050 1 16689
1050 2 16718
1050 3 16698
1050 4 16697
1051 0 16688
1051 1 16693
1051 2 16718
1051 3 16698
1051 4 16695
1052 0 16688
1052 1 16689
1052 2 16727
1052 3 16698
1052 4 16695
1053 0 16688
1053 1 16689
1053 2 16708
1053 3 16698
1054 0 16717
1054 1 16689
1054 2 16704
1054 3 16698
1055 0 16717
1055 1 16689
1055 2 16708
1055 3 16698
1056 0 16717
1056 1 16693
1056 2 16708
1056 3 16698
1057 0 16717
1057 1 16689
1057 2 16708
1057 3 16698
1058 0 16717
1058 1 16689
1058 2 16708
1058 3 16698
1059 0 16717
1059 1 16689
1059 2 16708
1059 3 16698
1060 0 16717
1060 1 16689
1060 2 16708
1060 3 16698
1061 0 16688
1061 1 16693
1061 2 16708
1062 0 16688
1062 1 16693
1062 2 16708
1063 0 16688
1063 1 16693
1063 2 16708
1064 0 16705
1064 1 16693
1064 2 16694
1065 0 16688
1065 1 16693
1065 2 16694
1066 0 16688
1066 1 16693
1066 2 16708
1067 0 16692
1067 1 16693
1067 2 16694
1068 0 16688
1068 1 16693
1068 2 16718
1068 4 16728
1069 0 16688
1069 1 16693
1069 2 16718
1070 0 16688
1070 1 16693
1070 2 16708
1071 0 16688
1071 1 16693
1071 2 16694
1072 0 16688
1072 1 16693
1072 2 16708
1073 0 16713
1073 1 16693
1073 2 16694
1074 0 16722
1074 1 16693
1074 2 16694
1075 0 16688
1075 1 16693
1075 2 16708
1076 0 16688
1076 1 16693
1076 2 16718
1077 0 16688
1077 1 16693
1077 2 16718
1078 0 16688
1078 1 16693
1078 2 16718
1079 0 16692
1079 1 16693
1079 2 16718
1080 0 16713
1080 1 16693
1080 2 16694
1080 4 16695
1081 0 16688
1081 1 16693
1081 2 16703
1082 0 16720
1082 1 16693
1082 2 16694
1082 4 16728
1083 0 16688
1083 1 16693
1083 2 16718
1084 0 16701
1084 1 16693
1084 2 16708
1085 0 16692
1085 1 16693
1085 2 16710
1086 0 16688
1086 1 16693
1087 0 16688
1087 1 16693
1087 2 16718
1088 0 16688
1088 1 16693
1088 2 16718
1088 4 16728
1089 0 16688
1089 1 16693
1089 2 16718
1090 0 16688
1090 1 16693
1090 2 16704
1091 0 16688
1091 1 16693
1091 2 16694
1092 0 16688
1092 1 16693
1092 2 16718
1093 0 16688
1093 1 16693
1093 2 16708
1094 0 16702
1094 1 16693
1095 0 16725
1095 1 16693
1095 2 16708
1096 0 16688
1096 1 16693
1096 2 16708
1097 0 16705
1097 1 16693
1097 2 16708
1098 0 16721
1098 1 16693
1098 2 16708
1099 0 16688
1099 1 16693
1099 2 16708
1100 0 16688
1100 1 16693
1100 2 16694
1101 0 16688
1101 1 16693
1101 2 16708
1102 0 16688
1102 1 16693
1102 2 16727
1103 0 16725
1103 1 16693
1103 2 16708
1104 0 16688
1104 1 16693
1104 2 16694
1105 0 16688
1105 1 16693
1105 2 16708
1106 0 16688
1106 1 16693
1106 2 16708
1107 0 16688
1107 1 16693
1108 0 16688
1108 1 16693
1108 2 16718
1109 0 16688
1109 1 16693
1109 2 16718
1110 0 16688
1110 1 16693
1110 2 16718
1111 0 16688
1111 1 16693
1112 0 16705
1112 1 16693
1112 2 16718
1113 0 16722
1113 1 16693
1113 2 16718
1114 0 16712
1114 1 16693
1114 2 16718
1115 0 16688
1115 1 16693
1115 2 16706
1116 0 16719
1116 1 16693
1116 2 16708
1117 0 16688
1117 1 16693
1117 2 16708
1118 0 16688
1118 1 16693
1118 2 16708
1119 0 16688
1119 1 16693
1119 2 16708
1120 0 16717
1120 1 16693
1120 2 16691
1120 3 16698
1121 0 16717
1121 1 16689
1121 2 16694
1121 3 16698
1121 4 16695
1122 0 16717
1122 1 16693
1122 2 16718
1122 3 16696
1122 4 16695
1123 0 16717
1123 1 16689
1123 2 16718
1123 3 16698
1124 0 16717
1124 1 16689
1124 2 16703
1124 3 16709
1124 4 16695
1125 0 16717
1125 1 16693
1125 2 16716
1125 3 16723
1125 4 16697
1126 0 16717
1126 1 16689
1126 2 16694
1126 3 16709
1126 4 16695
1127 0 16717
1127 1 16689
1127 2 16718
1127 3 16690
1127 4 16695
1128 0 16717
1128 1 16693
1128 2 16718
1128 3 16690
1128 4 16695
1129 0 16717
1129 1 16689
1129 2 16718
1129 3 16690
1129 4 16695
1130 0 16702
1130 1 16693
1130 2 16716
1130 3 16698
1130 4 16695
1131 0 16717
1131 1 16689
1131 2 16694
1131 3 16690
1131 4 16695
1132 0 16717
1132 1 16700
1132 2 16703
1132 3 16690
1133 0 16717
1133 1 16689
1133 2 16718
1133 3 16696
1134 0 16721
1134 1 16689
1134 2 16708
1134 3 16696
1135 0 16719
1135 1 16693
1135 2 16699
1135 3 16698
1135 4 16695
1136 0 16717
1136 1 16689
1136 2 16708
1136 3 16709
1137 0 16702
1137 1 16693
1137 2 16703
1137 3 16696
1137 4 16697
1138 0 16702
1138 1 16689
1138 2 16718
1138 3 16723
1139 0 16717
1139 1 16693
1139 2 16716
1139 3 16698
1139 4 16697
1140 0 16717
1140 1 16689
1140 2 16691
1140 3 16698
1141 0 16717
1141 1 16689
1141 2 16694
1141 3 16696
1142 0 16717
1142 1 16693
1142 2 16718
1142 3 16698
1142 4 16695
1143 0 16717
1143 1 16693
1143 2 16718
1143 3 16690
1143 4 16697
1144 0 16717
1144 1 16689
1144 2 16694
1144 3 16696
1144 4 16695
1145 0 16717
1145 1 16689
1145 2 16716
1145 3 16690
1145 4 16697
1146 0 16717
1146 1 16689
1146 2 16718
1146 3 16690
1147 0 16717
1147 1 16689
1147 2 16708
1147 3 16696
1148 0 16717
1148 1 16693
1148 2 16716
1148 3 16698
1148 4 16697
1149 0 16717
1149 1 16689
1149 2 16691
1149 3 16709
1150 0 16721
1150 1 16689
1150 2 16708
1150 3 16696
1151 0 16702
1151 1 16693
1151 2 16703
1151 3 16690
1151 4 16695
1152 0 16702
1152 1 16689
1152 2 16703
1152 3 16690
1152 4 16697
1153 0 16701
1153 1 16689
1153 2 16708
1153 3 16696
1154 0 16702
1154 1 16693
1154 2 16718
1154 3 16698
1155 0 16717
1155 1 16693
1155 2 16694
1155 3 16690
1155 4 16695
1156 0 16721
1156 1 16689
1156 2 16708
1156 3 16698
1157 0 16721
1157 1 16693
1157 2 16716
1157 3 16690
1157 4 16697
1158 0 16717
1158 1 16689
1158 2 16718
1158 3 16690
1159 0 16717
1159 1 16689
1159 2 16718
1159 3 16690
1159 4 16695
1160 0 16717
1160 1 16689
1160 2 16691
1160 3 16690
1161 0 16702
1161 1 16689
1161 2 16706
1161 3 16709
1161 4 16695
1162 0 16717
1162 1 16689
1162 2 16703
1162 3 16723
1163 0 16717
1163 1 16689
1163 2 16691
1163 3 16698
1163 4 16697
1164 0 16688
1164 1 16693
1164 2 16694
1164 3 16696
1164 4 16697
1165 0 16702
1165 1 16689
1165 2 16716
1165 3 16696
1165 4 16697
1166 0 16688
1166 1 16689
1166 2 16718
1166 3 16696
1167 0 16688
1167 1 16689
1167 2 16716
1167 3 16690
1167 4 16697
1168 0 16717
1168 1 16689
1168 2 16708
1168 3 16723
1169 0 16717
1169 1 16689
1169 2 16691
1169 3 16709
1170 0 16721
1170 1 16693
1170 2 16703
1170 3 16698
1171 0 16702
1171 1 16693
1171 2 16694
1171 3 16690
1171 4 16695
1172 0 16719
1172 1 16689
1172 2 16703
1172 3 16698
1172 4 16697
1173 0 16717
1173 1 16693
1173 2 16718
1173 3 16690
1174 0 16717
1174 1 16689
1174 2 16708
1174 3 16698
1175 0 16702
1175 1 16693
1175 2 16703
1175 3 16696
1175 4 16695
1176 0 16702
1176 1 16693
1176 2 16694
1176 3 16698
1176 4 16697
1177 0 16717
1177 1 16689
1177 2 16694
1177 3 16709
1177 4 16697
1178 0 16717
1178 1 16689
1178 2 16718
1178 3 16696
1179 0 16717
1179 1 16693
1179 2 16691
1179 3 16696
1180 0 16717
1180 1 16693
1180 2 16718
1180 3 16690
1181 0 16722
1181 1 16689
1181 2 16694
1181 3 16698
1181 4 16695
1182 0 16717
1182 1 16693
1182 2 16694
1182 3 16690
1182 4 16695
1183 0 16717
1183 1 16689
1183 2 16694
1183 3 16709
1183 4 16695
1184 0 16719
1184 1 16689
1184 2 16703
1184 3 16709
1184 4 16697
1185 0 16702
1185 1 16689
1185 2 16694
1185 3 16698
1185 4 16695
1186 0 16717
1186 1 16689
1186 2 16694
1186 3 16696
1187 0 16719
1187 1 16693
1187 2 16703
1187 3 16690
1188 0 16717
1188 1 16689
1188 2 16691
1188 3 16698
1188 4 16695
1189 0 16721
1189 1 16689
1189 2 16716
1189 3 16696
1189 4 16695
1190 0 16717
1190 1 16689
1190 2 16718
1190 3 16696
1191 0 16717
1191 1 16689
1191 2 16718
1191 3 16696
1191 4 16695
1192 0 16721
1192 1 16689
1192 2 16708
1192 3 16696
1193 0 16702
1193 1 16689
1193 2 16691
1193 3 16690
1194 0 16717
1194 1 16693
1194 2 16718
1194 3 16698
1194 4 16695
1195 0 16717
1195 1 16689
1195 2 16716
1195 3 16696
1195 4 16697
1196 0 16717
1196 1 16689
1196 2 16708
1196 3 16696
1197 0 16717
1197 1 16689
1197 2 16694
1197 3 16696
1197 4 16697
1198 0 16717
1198 1 16693
1198 2 16718
1198 3 16690
1198 4 16697
1199 0 16717
1199 1 16693
1199 2 16716
1199 3 16696
1199 4 16697
1200 0 16717
1200 1 16689
1200 2 16703
1200 3 16696
1200 4 16695
1201 0 16717
1201 1 16693
1201 2 16718
1201 3 16698
1201 4 16695
1202 0 16719
1202 1 16689
1202 2 16703
1202 3 16696
1202 4 16695
1203 0 16717
1203 1 16689
1203 2 16694
1203 3 16698
1203 4 16695
1204 0 16717
1204 1 16689
1204 2 16704
1204 3 16698
1204 4 16697
1205 0 16701
1205 1 16689
1205 2 16708
1205 3 16696
1206 0 16717
1206 1 16689
1206 2 16708
1206 3 16696
1207 0 16702
1207 1 16689
1207 2 16703
1207 3 16690
1207 4 16695
1208 0 16702
1208 1 16689
1208 2 16703
1208 3 16690
1208 4 16695
1209 0 16702
1209 1 16693
1209 2 16716
1209 3 16690
1209 4 16697
1210 0 16702
1210 1 16693
1210 2 16703
1210 3 16690
1210 4 16695
1211 0 16717
1211 1 16693
1211 2 16691
1211 3 16723
1212 0 16717
1212 1 16689
1212 2 16708
1212 3 16690
1213 0 16705
1213 1 16689
1213 2 16703
1213 3 16696
1213 4 16695
1214 0 16717
1214 1 16689
1214 2 16691
1214 3 16690
1215 0 16724
1215 1 16689
1215 2 16708
1215 3 16690
1216 0 16717
1216 1 16689
1216 2 16694
1216 3 16690
1216 4 16695
1217 0 16702
1217 1 16689
1217 2 16708
1217 3 16690
1218 0 16724
1218 1 16693
1218 2 16691
1218 3 16690
1218 4 16697
1219 0 16717
1219 1 16693
1219 2 16716
1219 3 16696
1220 0 16717
1220 1 16689
1220 2 16694
1220 3 16723
1220 4 16695
1221 0 16717
1221 1 16693
1221 2 16716
1221 3 16690
1221 4 16695
1222 0 16702
1222 1 16693
1222 2 16716
1222 3 16696
1223 0 16717
1223 1 16689
1223 2 16691
1223 3 16690
1224 0 16717
1224 1 16693
1224 2 16716
1224 3 16696
1224 4 16695
1225 0 16702
1225 1 16689
1225 2 16703
1225 3 16698
1225 4 16695
1226 0 16717
1226 1 16689
1226 2 16694
1226 3 16723
1226 4 16697
1227 0 16717
1227 1 16689
1227 2 16691
1227 3 16723
1228 0 16717
1228 1 16689
1228 2 16718
1228 3 16690
1228 4 16695
1229 0 16717
1229 1 16689
1229 2 16718
1229 3 16696
1229 4 16697
1230 0 16702
1230 1 16693
1230 2 16718
1230 3 16698
1231 0 16717
1231 1 16689
1231 2 16703
1231 3 16698
1232 0 16717
1232 1 16689
1232 2 16718
1232 3 16696
1233 0 16717
1233 1 16689
1233 2 16691
1233 3 16698
1234 0 16688
1234 1 16689
1234 2 16691
1234 3 16690
1235 0 16717
1235 1 16689
1235 2 16716
1235 3 16696
1235 4 16695
1236 0 16717
1236 1 16689
1236 2 16691
1236 3 16709
1236 4 16695
1237 0 16717
1237 1 16693
1237 2 16718
1237 3 16698
1237 4 16695
1238 0 16717
1238 1 16689
1238 2 16708
1238 3 16696
1239 0 16688
1239 1 16689
1239 2 16716
1239 3 16698
1239 4 16697
1240 0 16702
1240 1 16693
1240 2 16716
1240 3 16696
1240 4 16695
1241 0 16717
1241 1 16689
1241 2 16718
1241 3 16698
1242 0 16717
1242 1 16689
1242 2 16691
1242 3 16709
1243 0 16717
1243 1 16693
1243 2 16718
1243 3 16690
1243 4 16695
1244 0 16717
1244 1 16693
1244 2 16694
1244 3 16698
1244 4 16697
1245 0 16717
1245 1 16689
1245 2 16699
1245 3 16696
1245 4 16695
1246 0 16702
1246 1 16689
1246 2 16694
1246 3 16698
1246 4 16695
1247 0 16688
1247 1 16689
1247 2 16726
1247 3 16698
1248 0 16688
1248 1 16693
1248 2 16694
1248 3 16690
1249 0 16688
1249 1 16693
1249 2 16706
1249 3 16696
1250 0 16692
1250 1 16689
1250 2 16694
1250 3 16696
1250 4 16697
1251 0 16688
1251 1 16689
1251 2 16703
1251 3 16690
1252 0 16688
1252 1 16689
1252 2 16703
1252 3 16698
1253 0 16688
1253 1 16689
1253 2 16708
1253 3 16723
1254 0 16688
1254 1 16689
1254 2 16694
1254 3 16698
1254 4 16697
1255 0 16725
1255 1 16693
1255 2 16703
1255 3 16698
1255 4 16695
1256 0 16705
1256 1 16689
1256 2 16694
1256 3 16690
1256 4 16697
1257 0 16692
1257 1 16689
1257 2 16694
1257 3 16690
1257 4 16695
1258 0 16692
1258 1 16689
1258 2 16694
1258 3 16696
1258 4 16695
1259 0 16705
1259 1 16689
1259 2 16703
1259 3 16698
1259 4 16697
1260 0 16692
1260 1 16693
1260 2 16694
1260 3 16696
1260 4 16697
1261 0 16692
1261 1 16689
1261 2 16694
1261 3 16690
1261 4 16695
1262 0 16692
1262 1 16689
1262 2 16694
1262 3 16690
1262 4 16695
1263 0 16692
1263 1 16689
1263 2 16694
1263 3 16698
1263 4 16697
1264 0 16733
1264 1 16689
1264 2 16706
1264 3 16709
1264 4 16695
1265 0 16732
1265 1 16693
1265 2 16704
1265 3 16696
1265 4 16697
1266 0 16688
1266 1 16693
1266 2 16691
1266 3 16698
1267 0 16688
1267 1 16689
1267 2 16703
1267 3 16690
1268 0 16688
1268 1 16689
1268 2 16708
1268 3 16690
1269 0 16692
1269 1 16689
1269 2 16694
1269 3 16698
1269 4 16695
1270 0 16688
1270 1 16693
1270 2 16694
1270 3 16698
1271 0 16688
1271 1 16689
1271 2 16708
1271 3 16690
1272 0 16688
1272 1 16689
1272 2 16691
1272 3 16696
1273 0 16688
1273 1 16693
1273 2 16704
1273 3 16698
1273 4 16695
1274 0 16688
1274 1 16689
1274 2 16703
1274 3 16690
1275 0 16688
1275 1 16689
1275 2 16708
1275 3 16698
1275 4 16697
1276 0 16688
1276 1 16689
1276 2 16694
1276 3 16709
1276 4 16697
1277 0 16692
1277 1 16689
1277 2 16694
1277 3 16696
1277 4 16695
1278 0 16692
1278 1 16689
1278 2 16694
1278 3 16698
1278 4 16695
1279 0 16692
1279 1 16689
1279 2 16694
1279 3 16690
1279 4 16695
1280 0 16722
1280 1 16693
1280 2 16703
1280 3 16698
1280 4 16695
1281 0 16725
1281 1 16689
1281 2 16708
1281 3 16698
1282 0 16692
1282 1 16689
1282 2 16710
1282 3 16698
1283 0 16705
1283 1 16689
1283 2 16718
1283 3 16698
1284 0 16688
1284 1 16689
1284 3 16696
1284 4 16697
1285 0 16688
1285 1 16689
1285 2 16694
1285 3 16696
1286 0 16688
1286 1 16693
1286 2 16718
1286 3 16698
1286 4 16695
1287 0 16688
1287 1 16693
1287 2 16704
1287 3 16698
1287 4 16695
1288 0 16688
1288 1 16689
1288 2 16703
1288 3 16690
1289 0 16688
1289 1 16689
1289 2 16706
1289 3 16723
1289 4 16697
1290 0 16688
1290 1 16689
1290 2 16708
1290 3 16709
1291 0 16688
1291 1 16689
1291 2 16703
1291 3 16696
1292 0 16688
1292 1 16689
1292 2 16708
1292 3 16723
1293 0 16722
1293 1 16693
1293 2 16694
1293 3 16696
1293 4 16695
1294 0 16705
1294 1 16693
1294 2 16694
1294 3 16698
1294 4 16695
1295 0 16705
1295 1 16693
1295 2 16704
1295 3 16698
1295 4 16697
1296 0 16688
1296 1 16689
1296 2 16694
1296 3 16723
1296 4 16695
1297 0 16688
1297 1 16693
1297 3 16690
1297 4 16695
1298 0 16688
1298 1 16689
1298 2 16699
1298 3 16698
1299 0 16688
1299 1 16693
1299 2 16703
1299 3 16698
1299 4 16697
1300 0 16688
1300 1 16689
1300 2 16699
1300 3 16690
1300 4 16695
1301 0 16705
1301 1 16689
1301 2 16703
1301 3 16709
1301 4 16695
1302 0 16701
1302 1 16689
1302 2 16694
1302 3 16698
1302 4 16697
1303 0 16688
1303 1 16693
1303 2 16694
1303 3 16698
1303 4 16697
1304 0 16692
1304 1 16689
1304 2 16710
1304 3 16698
1305 0 16688
1305 1 16689
1305 2 16694
1305 3 16698
1305 4 16697
1306 0 16688
1306 1 16689
1306 2 16706
1306 3 16698
1306 4 16695
1307 0 16688
1307 1 16693
1307 2 16694
1307 3 16698
1308 0 16688
1308 1 16689
1308 2 16691
1308 3 16723
1309 0 16688
1309 1 16689
1309 2 16703
1309 3 16690
1310 0 16692
1310 1 16693
1310 2 16703
1310 3 16690
1310 4 16695
1311 0 16692
1311 1 16689
1311 2 16703
1311 3 16698
1311 4 16695
1312 0 16688
1312 1 16693
1312 2 16694
1312 3 16698
1313 0 16688
1313 1 16689
1313 2 16694
1313 3 16696
1314 0 16688
1314 1 16689
1314 2 16726
1314 3 16698
1314 4 16695
1315 0 16688
1315 1 16689
1315 2 16704
1315 3 16698
1315 4 16695
1316 0 16688
1316 1 16689
1316 2 16694
1316 3 16690
1316 4 16695
1317 0 16688
1317 1 16689
1317 2 16704
1317 3 16690
1317 4 16695
1318 0 16702
1318 1 16689
1318 2 16703
1318 3 16690
1318 4 16695
1319 0 16688
1319 1 16689
1319 2 16704
1319 3 16690
1319 4 16695
1320 0 16688
1320 1 16689
1320 2 16703
1320 3 16696
1321 0 16702
1321 1 16693
1321 2 16703
1321 3 16698
1321 4 16697
1322 0 16688
1322 1 16689
1322 2 16718
1322 3 16690
1322 4 16695
1323 0 16688
1323 1 16689
1323 2 16708
1323 3 16723
1324 0 16702
1324 1 16689
1324 2 16694
1324 3 16698
1324 4 16695
1325 0 16722
1325 1 16693
1325 2 16706
1325 3 16698
1325 4 16697
1326 0 16688
1326 1 16700
1326 2 16703
1326 3 16698
1327 0 16688
1327 1 16693
1327 2 16694
1327 3 16698
1327 4 16695
1328 0 16688
1328 1 16689
1328 2 16703
1328 3 16690
1329 0 16688
1329 1 16693
1329 2 16703
1329 3 16698
1329 4 16695
1330 0 16717
1330 1 16689
1330 2 16694
1330 3 16690
1330 4 16695
1331 0 16688
1331 1 16693
1331 3 16698
1332 0 16688
1332 1 16693
1332 2 16703
1332 3 16698
1333 0 16702
1333 1 16693
1333 2 16703
1333 3 16698
1333 4 16697
1334 0 16688
1334 1 16689
1334 2 16703
1334 3 16690
1334 4 16697
1335 0 16701
1335 1 16693
1335 2 16710
1335 3 16698
1335 4 16695
1336 0 16722
1336 1 16689
1336 2 16703
1336 3 16698
1336 4 16695
1337 0 16688
1337 1 16689
1337 2 16703
1337 3 16690
1337 4 16695
1338 0 16692
1338 1 16689
1338 2 16694
1338 3 16696
1338 4 16695
1339 0 16688
1339 1 16689
1339 2 16704
1339 3 16690
1339 4 16695
1340 0 16688
1340 1 16689
1340 2 16694
1340 3 16709
1340 4 16695
1341 0 16688
1341 1 16689
1341 2 16704
1341 3 16696
1341 4 16697
1342 0 16688
1342 1 16689
1342 2 16704
1342 3 16696
1343 0 16688
1343 1 16689
1343 2 16694
1343 3 16696
1343 4 16697
1344 0 16688
1344 1 16689
1344 2 16691
1344 3 16690
1344 4 16695
1345 0 16688
1345 1 16693
1345 2 16710
1345 3 16698
1345 4 16695
1346 0 16688
1346 1 16689
1346 2 16727
1346 3 16698
1346 4 16695
1347 0 16688
1347 1 16693
1347 2 16691
1347 3 16698
1347 4 16695
1348 0 16688
1348 1 16689
1348 2 16704
1348 3 16698
1348 4 16695
1349 0 16688
1349 1 16700
1349 2 16726
1349 3 16690
1349 4 16695
1350 0 16688
1350 1 16689
1350 2 16694
1350 3 16696
1350 4 16697
1351 0 16688
1351 1 16693
1351 2 16727
1351 3 16698
1351 4 16697
1352 0 16688
1352 1 16689
1352 2 16703
1352 3 16696
1353 0 16688
1353 1 16689
1353 2 16708
1353 3 16696
1354 0 16688
1354 1 16689
1354 2 16708
1354 3 16698
1355 0 16688
1355 1 16693
1355 2 16703
1355 3 16698
1356 0 16688
1356 1 16689
1356 2 16708
1356 3 16723
1357 0 16688
1357 1 16700
1357 2 16708
1357 3 16723
1358 0 16688
1358 1 16689
1358 2 16694
1358 3 16696
1359 0 16688
1359 1 16693
1359 2 16694
1359 3 16698
1360 0 16688
1360 1 16707
1360 2 16691
1360 3 16696
1361 0 16688
1361 1 16689
1361 2 16708
1361 3 16690
1362 0 16722
1362 1 16693
1362 2 16703
1362 3 16690
1363 0 16688
1363 1 16689
1363 2 16704
1363 3 16698
1363 4 16695
1364 0 16688
1364 1 16693
1364 2 16694
1364 3 16690
1365 0 16688
1365 1 16689
1365 2 16704
1365 3 16690
1365 4 16695
1366 0 16705
1366 1 16689
1366 2 16691
1366 3 16690
1366 4 16697
1367 0 16688
1367 1 16689
1367 2 16694
1367 3 16698
1368 0 16688
1368 1 16689
1368 2 16704
1368 3 16690
1368 4 16695
1369 0 16688
1369 1 16689
1369 2 16691
1369 3 16690
1369 4 16695
1370 0 16688
1370 1 16689
1370 2 16727
1370 3 16696
1370 4 16697
1371 0 16688
1371 1 16689
1371 2 16706
1371 3 16696
1371 4 16695
1372 0 16692
1372 1 16689
1372 2 16703
1372 3 16698
1372 4 16697
1373 0 16688
1373 1 16689
1373 2 16708
1373 3 16690
1374 0 16688
1374 1 16693
1374 2 16704
1374 3 16698
1374 4 16695
1375 0 16688
1375 1 16689
1375 2 16699
1375 3 16723
1376 0 16688
1376 1 16693
1376 2 16699
1376 3 16698
1376 4 16695
1377 0 16688
1377 1 16693
1377 2 16699
1377 3 16690
1377 4 16695
1378 0 16722
1378 1 16689
1378 2 16710
1378 3 16698
1378 4 16695
1379 0 16688
1379 1 16693
1379 2 16691
1379 3 16698
1380 0 16688
1380 1 16707
1380 2 16699
1380 3 16696
1381 0 16712
1381 1 16689
1381 2 16694
1381 3 16690
1381 4 16697
1382 0 16722
1382 1 16689
1382 2 16694
1382 3 16698
1382 4 16695
1383 0 16692
1383 1 16693
1383 2 16694
1383 3 16698
1383 4 16697
1384 0 16692
1384 1 16693
1384 2 16694
1384 3 16698
1384 4 16697
1385 0 16688
1385 1 16689
1385 2 16708
1385 3 16698
1386 0 16688
1386 1 16689
1386 2 16708
1386 3 16723
1387 0 16692
1387 1 16689
1387 2 16710
1387 3 16698
1387 4 16695
1388 0 16722
1388 1 16689
1388 2 16691
1388 3 16698
1389 0 16688
1389 1 16689
1389 2 16727
1389 3 16709
1390 0 16688
1390 1 16689
1390 2 16704
1390 3 16709
1391 0 16702
1391 1 16693
1391 2 16694
1391 3 16690
1391 4 16697
1392 0 16692
1392 1 16689
1392 2 16694
1392 3 16698
1392 4 16697
1393 0 16692
1393 1 16700
1393 2 16694
1393 3 16690
1393 4 16697
1394 0 16688
1394 1 16689
1394 3 16698
1394 4 16695
1395 0 16688
1395 1 16689
1395 2 16708
1395 3 16696
1396 0 16688
1396 1 16689
1396 2 16708
1396 3 16709
1397 0 16688
1397 1 16689
1397 2 16703
1397 3 16696
1398 0 16688
1398 1 16689
1398 2 16703
1398 3 16696
1399 0 16688
1399 1 16689
1399 2 16708
1399 3 16723
1400 0 16688
1400 1 16700
1400 2 16703
1400 3 16690
1401 0 16692
1401 1 16689
1401 2 16708
1401 3 16698
1402 0 16721
1402 1 16689
1402 2 16708
1402 3 16709
1403 0 16688
1403 1 16689
1403 2 16694
1403 3 16709
1404 0 16688
1404 1 16689
1404 2 16704
1404 3 16690
1404 4 16695
1405 0 16705
1405 1 16689
1405 2 16703
1405 3 16698
1405 4 16697
1406 0 16713
1406 1 16689
1406 2 16718
1406 3 16690
1406 4 16697
1407 0 16688
1407 1 16689
1407 2 16694
1407 3 16696
1407 4 16695
1408 0 16688
1408 1 16689
1408 2 16704
1408 3 16698
1409 0 16688
1409 1 16693
1409 2 16704
1409 3 16709
1409 4 16697
1410 0 16705
1410 1 16693
1410 2 16706
1410 3 16698
1410 4 16695
1411 0 16688
1411 1 16700
1411 2 16703
1411 3 16696
1411 4 16695
1412 0 16688
1412 1 16693
1412 2 16727
1412 3 16696
1413 0 16692
1413 1 16693
1413 2 16706
1413 3 16696
1414 0 16705
1414 1 16700
1414 2 16691
1414 3 16690
1415 0 16688
1415 1 16689
1415 2 16708
1415 3 16696
1416 0 16688
1416 1 16693
1416 2 16708
1416 3 16698
1417 0 16688
1417 1 16689
1417 2 16699
1417 3 16696
1418 0 16688
1418 1 16693
1418 2 16708
1418 3 16696
1419 0 16722
1419 1 16693
1419 2 16699
1419 3 16696
1419 4 16728
1420 0 16692
1420 1 16689
1420 2 16703
1420 3 16698
1420 4 16695
1421 0 16725
1421 1 16689
1421 2 16694
1421 3 16698
1421 4 16695
1422 0 16692
1422 1 16689
1422 2 16694
1422 3 16696
1422 4 16697
1423 0 16722
1423 1 16689
1423 2 16704
1423 3 16698
1423 4 16695
1424 0 16688
1424 1 16693
1424 3 16696
1424 4 16697
1425 0 16688
1425 1 16693
1425 3 16698
1426 0 16692
1426 1 16693
1426 2 16694
1426 3 16690
1426 4 16697
1427 0 16722
1427 1 16689
1427 2 16708
1427 3 16690
1428 0 16688
1428 1 16693
1428 2 16691
1428 3 16698
1429 0 16688
1429 1 16689
1429 2 16691
1429 3 16698
1429 4 16695
1430 0 16702
1430 1 16693
1430 2 16703
1430 3 16698
1430 4 16695
1431 0 16725
1431 1 16693
1431 2 16694
1431 3 16698
1431 4 16697
1432 0 16688
1432 1 16693
1432 2 16699
1432 3 16698
1432 4 16697
1433 0 16705
1433 1 16693
1433 2 16694
1433 3 16696
1433 4 16695
1434 0 16688
1434 1 16689
1434 2 16727
1434 3 16696
1434 4 16695
1435 0 16692
1435 1 16689
1435 2 16710
1435 3 16698
1435 4 16695
1436 0 16688
1436 1 16689
1436 2 16694
1436 3 16709
1436 4 16695
1437 0 16688
1437 1 16693
1437 2 16706
1437 3 16690
1438 0 16688
1438 1 16693
1438 2 16691
1438 3 16698
1438 4 16695
1439 0 16688
1439 1 16689
1439 2 16691
1439 3 16698
1440 0 16692
1440 1 16689
1440 2 16703
1440 3 16698
1441 0 16725
1441 1 16689
1441 2 16694
1441 3 16698
1441 4 16695
1442 0 16688
1442 1 16693
1442 2 16706
1442 3 16709
1442 4 16697
1443 0 16688
1443 1 16689
1443 2 16694
1443 3 16698
1443 4 16697
1444 0 16705
1444 1 16689
1444 2 16694
1444 3 16690
1444 4 16695
1445 0 16688
1445 1 16689
1445 2 16694
1445 3 16690
1445 4 16695
1446 0 16688
1446 1 16693
1446 2 16703
1446 3 16696
1447 0 16688
1447 1 16689
1447 2 16708
1447 3 16690
1448 0 16688
1448 1 16689
1448 2 16691
1448 3 16696
1449 0 16692
1449 1 16689
1449 2 16694
1449 3 16698
1449 4 16695
1450 0 16688
1450 1 16689
1450 2 16718
1450 3 16698
1451 0 16688
1451 1 16689
1451 2 16708
1451 3 16698
1452 0 16688
1452 1 16689
1452 2 16694
1452 3 16690
1452 4 16695
1453 0 16722
1453 1 16689
1453 2 16703
1453 3 16698
1453 4 16695
1454 0 16688
1454 1 16689
1454 2 16694
1454 3 16709
1455 0 16688
1455 1 16689
1455 2 16718
1455 3 16690
1455 4 16695
1456 0 16688
1456 1 16693
1456 2 16694
1456 3 16709
1456 4 16695
1457 0 16692
1457 1 16689
1457 2 16694
1457 3 16698
1457 4 16695
1458 0 16688
1458 1 16689
1458 2 16703
1458 3 16696
1459 0 16722
1459 1 16689
1459 3 16723
1459 4 16697
1460 0 16688
1460 1 16689
1460 2 16708
1460 3 16696
1461 0 16688
1461 1 16689
1461 2 16708
1461 3 16698
1462 0 16688
1462 1 16693
1462 2 16694
1462 3 16698
1463 0 16688
1463 1 16689
1463 2 16694
1463 3 16698
1464 0 16688
1464 1 16689
1464 2 16691
1464 3 16709
1465 0 16688
1465 1 16700
1465 2 16703
1465 3 16696
1466 0 16688
1466 1 16689
1466 2 16694
1466 3 16696
1466 4 16697
1467 0 16702
1467 1 16689
1467 2 16703
1467 3 16698
1467 4 16695
1468 0 16705
1468 1 16689
1468 2 16691
1468 3 16696
1468 4 16695
1469 0 16688
1469 1 16689
1469 2 16699
1469 3 16698
1470 0 16702
1470 1 16689
1470 2 16703
1470 3 16696
1471 0 16705
1471 1 16689
1471 2 16703
1471 3 16698
1471 4 16697
1472 0 16688
1472 1 16689
1472 2 16708
1472 3 16690
1473 0 16688
1473 1 16689
1473 2 16694
1473 3 16723
1474 0 16719
1474 1 16689
1474 2 16708
1474 3 16723
1475 0 16692
1475 1 16693
1475 2 16694
1475 3 16698
1475 4 16697
1476 0 16701
1476 1 16689
1476 2 16708
1476 3 16690
1477 0 16711
1477 1 16689
1477 2 16694
1477 3 16690
1477 4 16695
1478 0 16692
1478 1 16689
1478 2 16694
1478 3 16698
1478 4 16697
1479 0 16722
1479 1 16689
1479 2 16694
1479 3 16698
1479 4 16697
1480 0 16702
1480 1 16693
1480 2 16694
1480 3 16696
1480 4 16695
1481 0 16688
1481 1 16689
1481 2 16718
1481 3 16698
1482 0 16688
1482 1 16689
1482 2 16708
1482 3 16690
1483 0 16688
1483 1 16689
1483 2 16708
1483 3 16696
1484 0 16713
1484 1 16693
1484 2 16706
1484 3 16709
1484 4 16695
1485 0 16688
1485 1 16689
1485 2 16703
1485 3 16698
1486 0 16722
1486 1 16689
1486 2 16691
1486 3 16690
1486 4 16695
1487 0 16722
1487 1 16689
1487 2 16704
1487 3 16690
1487 4 16697
1488 0 16713
1488 1 16689
1488 2 16691
1488 3 16698
1488 4 16695
1489 0 16692
1489 1 16689
1489 2 16708
1489 3 16696
1490 0 16688
1490 1 16689
1490 2 16704
1490 3 16698
1490 4 16697
1491 0 16688
1491 1 16689
1491 2 16691
1491 3 16723
1492 0 16688
1492 1 16689
1492 2 16694
1492 3 16698
1492 4 16695
1493 0 16722
1493 1 16689
1493 2 16708
1493 3 16709
1494 0 16688
1494 1 16689
1494 2 16708
1494 3 16696
1495 0 16688
1495 1 16693
1495 2 16694
1495 3 16698
1495 4 16697
1496 0 16705
1496 1 16693
1496 2 16694
1496 3 16698
1496 4 16697
1497 0 16701
1497 1 16689
1497 2 16694
1497 3 16698
1497 4 16697
1498 0 16688
1498 1 16689
1498 3 16690
1498 4 16695
1499 0 16688
1499 1 16689
1499 2 16694
1499 3 16698
1499 4 16695
1500 0 16688
1500 1 16693
1500 2 16699
1500 3 16723
1501 0 16688
1501 1 16693
1501 2 16699
1501 3 16723
1502 0 16688
1502 1 16689
1502 2 16691
1502 3 16696
1503 0 16688
1503 1 16689
1503 2 16708
1503 3 16696
1504 0 16688
1504 1 16689
1504 2 16708
1504 3 16696
1505 0 16688
1505 1 16689
1505 2 16694
1505 3 16709
1505 4 16697
1506 0 16722
1506 1 16689
1506 2 16694
1506 3 16690
1506 4 16695
1507 0 16688
1507 1 16693
1507 2 16708
1507 3 16698
1508 0 16688
1508 1 16693
1508 3 16698
1508 4 16697
1509 0 16702
1509 1 16693
1509 2 16691
1509 3 16698
1509 4 16695
1510 0 16705
1510 1 16689
1510 2 16694
1510 3 16696
1510 4 16697
1511 0 16705
1511 1 16689
1511 2 16710
1511 3 16698
1512 0 16692
1512 1 16689
1512 2 16704
1512 3 16690
1512 4 16695
1513 0 16722
1513 1 16689
1513 2 16703
1513 3 16696
1513 4 16695
1514 0 16712
1514 1 16689
1514 2 16708
1514 3 16709
1515 0 16688
1515 1 16689
1515 2 16703
1515 3 16698
1515 4 16695
1516 0 16722
1516 1 16689
1516 2 16694
1516 3 16690
1516 4 16695
1517 0 16692
1517 1 16689
1517 2 16694
1517 3 16696
1517 4 16697
1518 0 16692
1518 1 16689
1518 2 16694
1518 3 16696
1518 4 16697
1519 0 16705
1519 1 16693
1519 2 16727
1519 3 16698
1519 4 16697
1520 0 16688
1520 1 16689
1520 2 16708
1520 3 16690
1521 0 16688
1521 1 16689
1521 2 16708
1521 3 16698
1522 0 16688
1522 1 16689
1522 2 16694
1522 3 16723
1523 0 16688
1523 1 16689
1523 3 16690
1524 0 16705
1524 1 16689
1524 2 16708
1524 3 16709
1525 0 16688
1525 1 16689
1525 2 16694
1525 3 16698
1525 4 16695
1526 0 16688
1526 1 16693
1526 2 16694
1526 3 16698
1526 4 16695
1527 0 16725
1527 1 16689
1527 2 16708
1527 3 16696
1528 0 16688
1528 1 16700
1528 2 16703
1528 3 16709
1528 4 16695
1529 0 16705
1529 1 16693
1529 2 16706
1529 3 16723
1529 4 16695
1530 0 16688
1530 1 16693
1530 2 16691
1530 3 16698
1531 0 16688
1531 1 16689
1531 2 16691
1531 3 16690
1532 0 16688
1532 1 16689
1532 2 16694
1532 3 16696
1532 4 16697
1533 0 16688
1533 1 16693
1533 2 16694
1533 3 16698
1534 0 16688
1534 1 16689
1534 3 16698
1534 4 16697
1535 0 16688
1535 1 16689
1535 2 16703
1535 3 16696
1535 4 16695
1536 0 16705
1536 1 16693
1536 2 16703
1536 3 16690
1536 4 16697
1537 0 16688
1537 1 16689
1537 2 16708
1537 3 16709
1538 0 16688
1538 1 16689
1538 2 16691
1538 3 16696
1538 4 16695
1539 0 16702
1539 1 16689
1539 2 16703
1539 3 16698
1539 4 16695
1540 0 16688
1540 1 16689
1540 2 16703
1540 3 16698
1540 4 16695
1541 0 16688
1541 1 16689
1541 2 16718
1541 3 16709
1542 0 16688
1542 1 16689
1542 2 16694
1542 3 16698
1543 0 16688
1543 1 16693
1543 2 16699
1543 3 16698
1543 4 16695
1544 0 16688
1544 1 16693
1544 2 16703
1544 3 16709
1545 0 16705
1545 1 16689
1545 2 16694
1545 3 16709
1545 4 16697
1546 0 16688
1546 1 16689
1546 2 16708
1546 3 16696
1547 0 16701
1547 1 16689
1547 2 16708
1547 3 16690
1548 0 16688
1548 1 16693
1548 2 16703
1548 3 16696
1548 4 16695
1549 0 16688
1549 1 16693
1549 2 16694
1549 3 16698
1549 4 16697
1550 0 16688
1550 1 16689
1550 2 16703
1550 3 16696
1550 4 16695
1551 0 16702
1551 1 16689
1551 2 16694
1551 3 16696
1551 4 16697
1552 0 16688
1552 1 16689
1552 2 16694
1552 3 16698
1552 4 16695
1553 0 16688
1553 1 16689
1553 2 16691
1553 3 16698
1553 4 16697
1554 0 16702
1554 1 16693
1554 2 16691
1554 3 16698
1554 4 16695
1555 0 16702
1555 1 16689
1555 2 16703
1555 3 16698
1555 4 16695
1556 0 16722
1556 1 16689
1556 2 16694
1556 3 16698
1556 4 16695
1557 0 16688
1557 1 16700
1557 2 16703
1557 3 16698
1557 4 16697
1558 0 16702
1558 1 16693
1558 2 16703
1558 3 16698
1558 4 16695
1559 0 16688
1559 1 16689
1559 2 16694
1559 3 16696
1559 4 16697
1560 0 16688
1560 1 16689
1560 2 16726
1560 3 16690
1560 4 16695
1561 0 16731
1561 1 16693
1561 2 16703
1561 3 16698
1561 4 16695
1562 0 16688
1562 1 16689
1562 2 16703
1562 3 16696
1563 0 16712
1563 1 16689
1563 2 16694
1563 3 16709
1563 4 16697
1564 0 16688
1564 1 16693
1564 2 16706
1564 3 16723
1564 4 16697
1565 0 16702
1565 1 16689
1565 2 16694
1565 3 16698
1565 4 16697
1566 0 16688
1566 1 16693
1566 2 16706
1566 3 16696
1567 0 16688
1567 1 16689
1567 2 16706
1567 3 16698
1567 4 16697
1568 0 16688
1568 1 16689
1568 2 16694
1568 3 16709
1569 0 16688
1569 1 16689
1569 2 16703
1569 3 16696
1570 0 16688
1570 1 16693
1570 2 16718
1570 3 16698
1570 4 16697
1571 0 16702
1571 1 16689
1571 2 16691
1571 3 16698
1571 4 16695
1572 0 16702
1572 1 16689
1572 2 16691
1572 3 16698
1572 4 16697
1573 0 16702
1573 1 16693
1573 2 16703
1573 3 16690
1573 4 16695
1574 0 16719
1574 1 16693
1574 2 16703
1574 3 16698
1574 4 16695
1575 0 16719
1575 1 16689
1575 2 16708
1575 3 16698
1575 4 16695
1576 0 16688
1576 1 16689
1576 2 16708
1576 3 16709
1577 0 16688
1577 1 16689
1577 2 16718
1577 3 16696
1578 0 16688
1578 1 16689
1578 2 16727
1578 3 16698
1579 0 16688
1579 1 16689
1579 2 16703
1579 3 16709
1580 0 16688
1580 1 16689
1580 2 16703
1580 3 16698
1581 0 16692
1581 1 16689
1581 2 16703
1581 3 16698
1581 4 16695
1582 0 16722
1582 1 16689
1582 2 16703
1582 3 16698
1582 4 16697
1583 0 16688
1583 1 16689
1583 2 16703
1583 3 16690
1584 0 16692
1584 1 16693
1584 2 16694
1584 3 16698
1584 4 16695
1585 0 16692
1585 1 16693
1585 2 16703
1585 3 16698
1585 4 16695
1586 0 16688
1586 1 16689
1586 2 16718
1586 3 16698
1586 4 16695
1587 0 16692
1587 1 16689
1587 2 16710
1587 3 16698
1587 4 16697
1588 0 16688
1588 1 16689
1588 2 16718
1588 3 16696
1588 4 16695
1589 0 16701
1589 1 16689
1589 2 16708
1589 3 16690
1590 0 16688
1590 1 16689
1590 2 16708
1590 3 16696
1591 0 16688
1591 1 16689
1591 2 16691
1591 3 16698
1591 4 16697
1592 0 16692
1592 1 16689
1592 2 16694
1592 3 16696
1592 4 16695
1593 0 16692
1593 1 16689
1593 2 16694
1593 3 16690
1593 4 16695
1594 0 16705
1594 1 16689
1594 2 16703
1594 3 16698
1594 4 16697
1595 0 16705
1595 1 16693
1595 2 16703
1595 3 16698
1595 4 16697
1596 0 16688
1596 1 16689
1596 2 16694
1596 3 16698
1596 4 16697
1597 0 16688
1597 1 16689
1597 2 16704
1597 3 16690
1597 4 16697
1598 0 16688
1598 1 16689
1598 2 16694
1598 3 16690
1598 4 16697
1599 0 16725
1599 1 16693
1599 2 16694
1599 3 16698
1599 4 16697
1600 0 16688
1600 1 16689
1600 2 16704
1600 3 16709
1600 4 16697
1601 0 16712
1601 1 16689
1601 2 16704
1601 3 16698
1601 4 16695
1602 0 16688
1602 1 16689
1602 2 16708
1602 3 16698
1603 0 16692
1603 1 16689
1603 2 16708
1603 3 16709
1604 0 16692
1604 1 16689
1604 2 16694
1604 3 16696
1604 4 16695
1605 0 16688
1605 1 16689
1605 2 16703
1605 3 16696
1605 4 16695
1606 0 16692
1606 1 16689
1606 2 16703
1606 3 16696
1606 4 16697
1607 0 16688
1607 1 16689
1607 3 16690
1607 4 16695
1608 0 16688
1608 1 16693
1608 2 16699
1608 3 16690
1608 4 16695
1609 0 16688
1609 1 16689
1609 2 16691
1609 3 16696
1610 0 16688
1610 1 16693
1610 2 16691
1610 3 16696
1611 0 16688
1611 1 16693
1611 2 16718
1611 3 16698
1612 0 16688
1612 1 16693
1612 2 16699
1612 3 16709
1613 0 16705
1613 1 16689
1613 2 16694
1613 3 16696
1613 4 16697
1614 0 16705
1614 1 16689
1614 2 16694
1614 3 16698
1614 4 16695
1615 0 16688
1615 1 16689
1615 2 16708
1615 3 16696
1616 0 16688
1616 1 16693
1616 2 16694
1616 3 16690
1616 4 16695
1617 0 16731
1617 1 16693
1617 2 16694
1617 3 16698
1617 4 16695
1618 0 16722
1618 1 16689
1618 2 16691
1618 3 16698
1618 4 16695
1619 0 16688
1619 1 16689
1619 2 16694
1619 3 16696
1619 4 16695
1620 0 16688
1620 1 16689
1620 2 16718
1620 3 16698
1620 4 16697
1621 0 16688
1621 1 16693
1621 3 16709
1622 0 16688
1622 1 16689
1622 2 16703
1622 3 16696
1623 0 16688
1623 1 16693
1623 2 16691
1623 3 16723
1624 0 16688
1624 1 16689
1624 2 16708
1624 3 16690
1625 0 16688
1625 1 16700
1625 2 16691
1625 3 16690
1626 0 16688
1626 1 16693
1626 2 16691
1626 3 16709
1627 0 16688
1627 1 16693
1627 2 16691
1627 3 16696
1628 0 16688
1628 1 16693
1628 2 16691
1628 3 16690
1629 0 16688
1629 1 16689
1629 2 16710
1629 3 16698
1630 0 16688
1630 1 16689
1630 2 16694
1630 3 16690
1630 4 16695
1631 0 16688
1631 1 16693
1631 2 16704
1631 3 16698
1632 0 16688
1632 1 16693
1632 2 16691
1632 3 16698
1633 0 16688
1633 1 16689
1633 2 16703
1633 3 16698
1633 4 16697
1634 0 16702
1634 1 16689
1634 2 16703
1634 3 16690
1635 0 16701
1635 1 16689
1635 2 16703
1635 3 16698
1635 4 16695
1636 0 16688
1636 1 16689
1636 2 16726
1636 3 16690
1636 4 16697
1637 0 16692
1637 1 16689
1637 2 16694
1637 3 16698
1637 4 16695
1638 0 16688
1638 1 16689
1638 2 16727
1638 3 16698
1639 0 16720
1639 1 16689
1639 2 16704
1639 3 16698
1639 4 16697
1640 0 16688
1640 1 16689
1640 2 16694
1640 3 16709
1641 0 16688
1641 1 16693
1641 2 16691
1641 3 16698
1642 0 16688
1642 1 16689
1642 2 16704
1642 3 16696
1642 4 16697
1643 0 16688
1643 1 16689
1643 2 16691
1643 3 16723
1643 4 16697
1644 0 16692
1644 1 16689
1644 2 16706
1644 3 16696
1644 4 16697
1645 0 16688
1645 1 16693
1645 2 16691
1645 3 16698
1646 0 16725
1646 1 16693
1646 2 16694
1646 3 16698
1646 4 16695
1647 0 16713
1647 1 16693
1647 2 16691
1647 3 16698
1648 0 16688
1648 1 16700
1648 2 16708
1648 3 16709
1649 0 16688
1649 1 16689
1649 2 16694
1649 4 16697
1650 0 16722
1650 1 16689
1650 2 16703
1650 3 16690
1650 4 16697
1651 0 16705
1651 1 16693
1651 2 16704
1651 3 16698
1651 4 16695
1652 0 16688
1652 1 16689
1652 2 16708
1652 3 16696
1653 0 16688
1653 1 16689
1653 2 16691
1653 3 16709
1654 0 16688
1654 1 16700
1654 2 16708
1654 3 16709
1655 0 16688
1655 1 16689
1655 2 16708
1655 3 16690
1656 0 16722
1656 1 16689
1656 2 16703
1656 3 16698
1656 4 16695
1657 0 16719
1657 1 16693
1657 2 16691
1657 3 16698
1657 4 16695
1658 0 16719
1658 1 16693
1658 2 16703
1658 3 16698
1658 4 16695
1659 0 16719
1659 1 16689
1659 2 16694
1659 3 16698
1659 4 16695
1660 0 16719
1660 1 16689
1660 2 16708
1660 3 16696
1661 0 16725
1661 1 16689
1661 2 16694
1661 3 16698
1661 4 16697
1662 0 16702
1662 1 16689
1662 2 16703
1662 3 16690
1662 4 16695
1663 0 16692
1663 1 16689
1663 2 16703
1663 3 16698
1663 4 16697
1664 0 16692
1664 1 16693
1664 2 16694
1664 3 16698
1664 4 16695
1665 0 16688
1665 1 16693
1665 2 16699
1665 3 16698
1666 0 16722
1666 1 16693
1666 2 16703
1666 3 16698
1666 4 16695
1667 0 16702
1667 1 16693
1667 2 16691
1667 3 16690
1667 4 16697
1668 0 16701
1668 1 16689
1668 2 16708
1668 3 16709
1669 0 16722
1669 1 16689
1669 2 16703
1669 3 16690
1669 4 16695
1670 0 16688
1670 1 16689
1670 2 16694
1670 3 16698
1670 4 16695
1671 0 16702
1671 1 16693
1671 2 16706
1671 3 16709
1671 4 16695
1672 0 16688
1672 1 16693
1672 3 16690
1672 4 16697
1673 0 16688
1673 1 16689
1673 2 16708
1673 3 16723
1674 0 16717
1674 1 16689
1674 2 16694
1674 3 16696
1674 4 16697
1675 0 16688
1675 1 16689
1675 2 16694
1675 3 16690
1676 0 16688
1676 1 16693
1676 3 16698
1676 4 16695
1677 0 16688
1677 1 16693
1677 2 16699
1677 3 16709
1677 4 16697
1678 0 16701
1678 1 16689
1678 2 16708
1678 3 16696
1679 0 16688
1679 1 16689
1679 2 16710
1679 3 16698
1679 4 16695
1680 0 16688
1680 1 16689
1680 2 16694
1680 3 16696
1680 4 16695
1681 0 16702
1681 1 16689
1681 2 16694
1681 3 16723
1681 4 16697
1682 0 16705
1682 1 16693
1682 2 16694
1682 3 16698
1683 0 16688
1683 1 16689
1683 2 16704
1683 3 16709
1683 4 16697
1684 0 16688
1684 1 16700
1684 2 16703
1684 3 16690
1684 4 16695
1685 0 16702
1685 1 16689
1685 2 16703
1685 3 16709
1685 4 16695
1686 0 16688
1686 1 16700
1686 2 16704
1686 3 16698
1686 4 16695
1687 0 16705
1687 1 16693
1687 2 16691
1687 3 16698
1687 4 16695
1688 0 16692
1688 1 16693
1688 2 16708
1688 3 16696
1689 0 16688
1689 1 16689
1689 2 16694
1689 3 16698
1689 4 16697
1690 0 16732
1690 1 16693
1690 2 16694
1690 3 16690
1690 4 16697
1691 0 16688
1691 1 16693
1691 2 16694
1691 3 16696
1691 4 16695
1692 0 16688
1692 1 16689
1692 2 16704
1692 3 16709
1692 4 16695
1693 0 16688
1693 1 16689
1693 2 16727
1693 3 16690
1694 0 16688
1694 1 16689
1694 3 16709
1695 0 16705
1695 1 16689
1695 2 16708
1695 3 16696
1696 0 16702
1696 1 16693
1696 2 16726
1696 3 16696
1696 4 16695
1697 0 16692
1697 1 16689
1697 2 16710
1697 3 16698
1697 4 16695
1698 0 16688
1698 1 16707
1698 3 16698
1699 0 16688
1699 1 16707
1699 2 16710
1699 3 16698
1699 4 16697
1700 0 16692
1700 1 16689
1700 2 16703
1700 3 16698
1700 4 16695
1701 0 16722
1701 1 16693
1701 2 16703
1701 3 16698
1701 4 16697
1702 0 16688
1702 1 16689
1702 2 16704
1702 3 16698
1702 4 16697
1703 0 16702
1703 1 16689
1703 2 16703
1703 3 16690
1703 4 16697
1704 0 16688
1704 1 16689
1704 2 16694
1704 3 16696
1704 4 16695
1705 0 16688
1705 1 16689
1705 2 16694
1705 3 16690
1705 4 16697
1706 0 16692
1706 1 16689
1706 2 16694
1706 3 16698
1706 4 16697
1707 0 16688
1707 1 16693
1707 2 16727
1707 3 16698
1708 0 16688
1708 1 16689
1708 2 16718
1708 3 16696
1708 4 16695
1709 0 16688
1709 1 16693
1709 2 16704
1709 3 16696
1710 0 16705
1710 1 16693
1710 2 16704
1710 3 16698
1710 4 16697
1711 0 16702
1711 1 16693
1711 2 16703
1711 3 16698
1711 4 16695
1712 0 16688
1712 1 16689
1712 2 16694
1712 3 16696
1713 0 16688
1713 1 16689
1713 2 16718
1713 3 16698
1714 0 16688
1714 1 16693
1714 2 16694
1714 3 16698
1715 0 16688
1715 1 16689
1715 2 16708
1715 3 16723
1716 0 16688
1716 1 16689
1716 2 16691
1716 3 16696
1717 0 16705
1717 1 16689
1717 2 16694
1717 3 16709
1717 4 16697
1718 0 16688
1718 1 16689
1718 2 16704
1718 3 16690
1719 0 16702
1719 1 16689
1719 2 16694
1719 3 16709
1719 4 16697
1720 0 16688
1720 1 16689
1720 3 16696
1720 4 16695
1721 0 16692
1721 1 16689
1721 2 16710
1721 3 16690
1721 4 16695
1722 0 16688
1722 1 16689
1722 2 16708
1722 3 16698
1723 0 16688
1723 1 16689
1723 2 16704
1723 3 16698
1724 0 16705
1724 1 16700
1724 2 16703
1724 3 16690
1725 0 16688
1725 1 16689
1725 3 16690
1725 4 16697
1726 0 16688
1726 1 16693
1726 2 16710
1726 3 16690
1726 4 16697
1727 0 16688
1727 1 16689
1727 2 16727
1727 3 16698
1727 4 16695
1728 0 16688
1728 1 16689
1728 2 16708
1728 3 16709
1729 0 16692
1729 1 16689
1729 2 16691
1729 3 16709
1730 0 16705
1730 1 16693
1730 3 16698
1731 0 16722
1731 1 16689
1731 2 16694
1731 3 16698
1731 4 16697
1732 0 16692
1732 1 16689
1732 2 16694
1732 3 16690
1732 4 16695
1733 0 16725
1733 1 16693
1733 2 16706
1733 3 16696
1733 4 16697
1734 0 16692
1734 1 16689
1734 2 16694
1734 3 16698
1734 4 16695
1735 0 16692
1735 1 16689
1735 2 16694
1735 3 16723
1735 4 16697
1736 0 16688
1736 1 16689
1736 2 16691
1736 3 16696
1737 0 16688
1737 1 16693
1737 2 16694
1737 3 16698
1737 4 16697
1738 0 16688
1738 1 16689
1738 2 16727
1738 3 16709
1738 4 16697
1739 0 16688
1739 1 16689
1739 2 16718
1739 3 16698
1740 0 16688
1740 1 16689
1740 2 16694
1740 3 16690
1741 0 16688
1741 1 16689
1741 2 16727
1741 3 16696
1741 4 16728
1742 0 16705
1742 1 16689
1742 2 16708
1742 3 16690
1743 0 16688
1743 1 16689
1743 2 16703
1743 3 16698
1743 4 16695
1744 0 16688
1744 1 16689
1744 2 16710
1744 3 16698
1744 4 16697
1745 0 16688
1745 1 16689
1745 2 16710
1745 3 16698
1745 4 16695
1746 0 16688
1746 1 16689
1746 2 16727
1746 3 16696
1747 0 16688
1747 1 16689
1747 2 16691
1747 3 16696
1747 4 16695
1748 0 16692
1748 1 16689
1748 2 16727
1748 3 16696
1748 4 16695
1749 0 16702
1749 1 16689
1749 2 16703
1749 3 16690
1749 4 16695
1750 0 16688
1750 1 16689
1750 2 16694
1750 4 16695
1751 0 16688
1751 1 16689
1751 2 16703
1751 3 16698
1751 4 16695
1752 0 16717
1752 1 16693
1752 2 16703
1752 3 16698
1752 4 16697
1753 0 16705
1753 1 16693
1753 2 16726
1753 3 16690
1753 4 16697
1754 0 16702
1754 1 16689
1754 2 16703
1754 3 16698
1754 4 16695
1755 0 16688
1755 1 16693
1755 2 16694
1755 3 16698
1755 4 16695
1756 0 16712
1756 1 16693
1756 2 16726
1756 3 16696
1756 4 16695
1757 0 16688
1757 1 16689
1757 2 16704
1757 3 16696
1757 4 16695
1758 0 16688
1758 1 16693
1758 2 16704
1758 3 16690
1758 4 16697
1759 0 16688
1759 1 16693
1759 2 16694
1760 0 16705
1760 1 16689
1760 2 16694
1760 3 16723
1760 4 16695
1761 0 16688
1761 1 16693
1761 2 16694
1761 3 16690
1761 4 16697
1762 0 16688
1762 1 16689
1762 2 16708
1762 3 16696
1763 0 16688
1763 1 16693
1763 2 16694
1763 3 16696
1764 0 16688
1764 1 16693
1764 2 16691
1764 3 16696
1765 0 16688
1765 1 16693
1765 2 16708
1765 3 16696
1766 0 16688
1766 1 16689
1766 2 16706
1766 3 16709
1767 0 16688
1767 1 16689
1767 2 16726
1767 3 16696
1767 4 16695
1768 0 16688
1768 1 16689
1768 2 16691
1768 3 16696
1769 0 16692
1769 1 16689
1769 2 16710
1769 3 16690
1769 4 16695
1770 0 16722
1770 1 16693
1770 2 16703
1770 3 16698
1770 4 16695
1771 0 16688
1771 1 16689
1771 2 16694
1771 3 16696
1771 4 16697
1772 0 16692
1772 1 16693
1772 2 16703
1772 3 16698
1772 4 16695
1773 0 16688
1773 1 16689
1773 2 16691
1773 3 16709
1774 0 16705
1774 1 16693
1774 2 16694
1774 3 16698
1774 4 16697
1775 0 16722
1775 1 16693
1775 2 16703
1775 3 16698
1775 4 16695
1776 0 16688
1776 1 16693
1776 2 16699
1776 3 16696
1777 0 16701
1777 1 16689
1777 2 16694
1777 3 16698
1777 4 16697
1778 0 16688
1778 1 16693
1778 2 16703
1778 3 16690
1779 0 16688
1779 1 16693
1779 2 16694
1779 3 16698
1780 0 16688
1780 1 16693
1780 2 16694
1780 3 16698
1781 0 16688
1781 1 16689
1781 2 16694
1781 3 16690
1782 0 16688
1782 1 16693
1782 2 16694
1783 0 16688
1783 1 16693
1783 2 16694
1783 3 16698
1784 0 16688
1784 1 16693
1784 2 16694
1784 3 16698
1785 0 16688
1785 1 16693
1785 2 16694
1785 3 16698
1786 0 16688
1786 1 16693
1786 2 16694
1786 3 16698
1786 4 16728
1787 0 16688
1787 1 16693
1787 2 16708
1787 3 16698
1788 0 16688
1788 1 16693
1788 2 16694
1789 0 16688
1789 1 16693
1789 2 16694
1789 3 16698
1790 0 16702
1790 1 16693
1790 2 16694
1790 3 16698
1791 0 16692
1791 1 16693
1791 2 16694
1791 3 16698
1792 0 16688
1792 1 16693
1792 2 16694
1792 3 16698
1793 0 16688
1793 1 16689
1793 2 16703
1793 3 16709
1794 0 16688
1794 1 16707
1794 2 16694
1794 3 16709
1794 4 16697
1795 0 16688
1795 1 16689
1795 2 16708
1795 3 16709
1796 0 16688
1796 1 16689
1796 2 16708
1796 3 16723
1797 0 16688
1797 1 16689
1797 2 16694
1797 3 16723
1797 4 16697
1798 0 16688
1798 1 16689
1798 3 16723
1799 0 16702
1799 1 16693
1799 2 16694
1799 3 16709
1800 0 16692
1800 1 16689
1800 2 16694
1800 3 16723
1800 4 16697
1801 0 16692
1801 1 16689
1801 2 16694
1801 3 16723
1801 4 16697
1802 0 16688
1802 1 16689
1802 2 16727
1802 3 16723
1802 4 16697
1803 0 16692
1803 1 16707
1803 2 16694
1803 3 16690
1803 4 16695
1804 0 16688
1804 1 16693
1804 2 16694
1804 3 16709
1804 4 16697
1805 0 16692
1805 1 16689
1805 2 16716
1805 3 16696
1805 4 16697
1806 0 16692
1806 1 16689
1806 2 16694
1806 3 16709
1806 4 16695
1807 0 16732
1807 1 16689
1807 2 16718
1807 3 16696
1807 4 16697
1808 0 16713
1808 1 16689
1808 2 16704
1808 3 16696
1808 4 16697
1809 0 16702
1809 1 16693
1809 2 16694
1809 3 16696
1809 4 16697
1810 0 16701
1810 1 16689
1810 2 16694
1810 3 16709
1810 4 16697
1811 0 16692
1811 1 16689
1811 2 16716
1811 3 16698
1811 4 16697
1812 0 16692
1812 1 16693
1812 2 16716
1812 3 16698
1812 4 16697
1813 0 16714
1813 1 16689
1813 2 16708
1813 3 16723
1814 0 16688
1814 1 16689
1814 2 16708
1814 3 16709
1815 0 16688
1815 1 16689
1815 2 16716
1815 3 16698
1815 4 16695
1816 0 16688
1816 1 16689
1816 2 16703
1816 3 16690
1816 4 16697
1817 0 16688
1817 1 16689
1817 2 16727
1817 3 16698
1817 4 16695
1818 0 16701
1818 1 16689
1818 2 16694
1818 3 16696
1818 4 16697
1819 0 16713
1819 1 16689
1819 2 16694
1819 3 16690
1820 0 16688
1820 1 16689
1820 2 16718
1820 3 16698
1820 4 16697
1821 0 16688
1821 1 16689
1821 2 16703
1821 3 16723
1821 4 16697
1822 0 16688
1822 1 16689
1822 2 16708
1822 3 16696
1823 0 16688
1823 1 16689
1823 2 16691
1823 3 16723
1824 0 16688
1824 1 16689
1824 2 16718
1824 3 16698
1825 0 16692
1825 1 16689
1825 2 16694
1825 3 16698
1825 4 16697
1826 0 16717
1826 1 16689
1826 2 16694
1826 3 16709
1827 0 16688
1827 1 16693
1827 2 16718
1827 3 16696
1827 4 16697
1828 0 16688
1828 1 16689
1828 2 16694
1828 3 16696
1828 4 16697
1829 0 16688
1829 1 16689
1829 2 16716
1829 3 16696
1829 4 16695
1830 0 16688
1830 1 16689
1830 2 16708
1830 3 16723
1831 0 16722
1831 1 16689
1831 2 16718
1831 3 16696
1831 4 16697
1832 0 16688
1832 1 16689
1832 2 16708
1832 3 16723
1833 0 16688
1833 1 16689
1833 2 16704
1833 3 16696
1833 4 16697
1834 0 16702
1834 1 16689
1834 2 16703
1834 3 16698
1835 0 16688
1835 1 16689
1835 2 16691
1835 3 16698
1836 0 16731
1836 1 16689
1836 2 16694
1836 3 16696
1837 0 16702
1837 1 16689
1837 2 16703
1837 3 16709
1837 4 16695
1838 0 16702
1838 1 16689
1838 2 16703
1838 3 16698
1839 0 16692
1839 1 16689
1839 2 16708
1839 3 16690
1840 0 16692
1840 1 16689
1840 2 16694
1840 3 16690
1840 4 16695
1841 0 16714
1841 1 16689
1841 2 16694
1841 3 16709
1841 4 16697
1842 0 16688
1842 1 16689
1842 2 16708
1842 3 16698
1843 0 16702
1843 1 16689
1843 2 16694
1843 3 16709
1844 0 16692
1844 1 16689
1844 2 16694
1844 3 16696
1844 4 16697
1845 0 16688
1845 1 16693
1845 2 16708
1845 3 16723
1846 0 16702
1846 1 16693
1846 2 16694
1846 3 16690
1846 4 16695
1847 0 16701
1847 1 16693
1847 2 16716
1847 3 16690
1847 4 16697
1848 0 16688
1848 1 16689
1848 3 16709
1849 0 16719
1849 1 16689
1849 2 16694
1849 3 16709
1849 4 16695
1850 0 16688
1850 1 16689
1850 2 16708
1850 3 16696
1851 0 16713
1851 1 16689
1851 2 16703
1851 3 16696
1851 4 16697
1852 0 16688
1852 1 16689
1852 2 16718
1852 3 16709
1852 4 16697
1853 0 16719
1853 1 16693
1853 2 16718
1853 3 16690
1853 4 16697
1854 0 16702
1854 1 16693
1854 2 16718
1854 3 16698
1854 4 16697
1855 0 16702
1855 1 16689
1855 2 16694
1855 3 16723
1855 4 16697
1856 0 16713
1856 1 16693
1856 2 16718
1856 3 16698
1856 4 16697
1857 0 16688
1857 1 16689
1857 2 16691
1857 3 16698
1858 0 16731
1858 1 16693
1858 2 16704
1858 3 16696
1858 4 16697
1859 0 16725
1859 1 16693
1859 2 16718
1859 3 16696
1859 4 16697
1860 0 16713
1860 1 16689
1860 2 16691
1860 3 16709
1861 0 16713
1861 1 16689
1861 2 16716
1861 3 16698
1861 4 16697
1862 0 16720
1862 1 16689
1862 2 16694
1862 3 16696
1862 4 16697
1863 0 16702
1863 1 16693
1863 2 16694
1863 3 16690
1864 0 16688
1864 1 16693
1864 2 16703
1864 3 16696
1864 4 16697
1865 0 16692
1865 1 16689
1865 2 16694
1865 3 16723
1865 4 16697
1866 0 16719
1866 1 16689
1866 2 16694
1866 3 16696
1866 4 16697
1867 0 16702
1867 1 16693
1867 2 16716
1867 3 16696
1867 4 16728
1868 0 16692
1868 1 16689
1868 2 16703
1868 3 16690
1869 0 16713
1869 1 16689
1869 2 16716
1869 3 16696
1869 4 16697
1870 0 16713
1870 1 16689
1870 2 16694
1870 3 16698
1871 0 16714
1871 1 16689
1871 2 16704
1871 3 16723
1871 4 16697
1872 0 16713
1872 1 16689
1872 2 16694
1872 3 16709
1872 4 16697
1873 0 16713
1873 1 16689
1873 2 16694
1873 3 16696
1873 4 16697
1874 0 16705
1874 1 16689
1874 2 16708
1874 3 16709
1875 0 16688
1875 1 16689
1875 2 16691
1875 3 16709
1876 0 16713
1876 1 16689
1876 2 16716
1876 3 16698
1877 0 16688
1877 1 16689
1877 2 16694
1877 3 16709
1877 4 16697
1878 0 16721
1878 1 16689
1878 2 16716
1878 3 16709
1878 4 16697
1879 0 16688
1879 1 16689
1879 2 16703
1879 3 16698
1880 0 16702
1880 1 16693
1880 2 16716
1880 3 16709
1880 4 16697
1881 0 16701
1881 1 16689
1881 2 16694
1881 3 16696
1881 4 16697
1882 0 16717
1882 1 16693
1882 2 16716
1882 3 16696
1882 4 16695
1883 0 16688
1883 1 16689
1883 2 16703
1883 3 16696
1883 4 16695
1884 0 16719
1884 1 16689
1884 2 16694
1884 3 16698
1885 0 16702
1885 1 16693
1885 2 16704
1885 3 16696
1886 0 16715
1886 1 16689
1886 2 16708
1886 3 16696
1887 0 16688
1887 1 16689
1887 2 16704
1887 3 16698
1887 4 16695
1888 0 16724
1888 1 16693
1888 2 16691
1888 3 16709
1889 0 16712
1889 1 16689
1889 2 16694
1889 3 16696
1889 4 16697
1890 0 16714
1890 1 16689
1890 2 16708
1890 3 16690
1891 0 16705
1891 1 16693
1891 2 16716
1891 3 16690
1891 4 16695
1892 0 16705
1892 1 16693
1892 2 16694
1892 3 16696
1892 4 16695
1893 0 16702
1893 1 16693
1893 2 16703
1893 3 16696
1893 4 16695
1894 0 16713
1894 1 16689
1894 2 16718
1894 3 16698
1894 4 16697
1895 0 16688
1895 1 16689
1895 2 16708
1895 3 16723
1896 0 16702
1896 1 16693
1896 2 16694
1896 3 16698
1896 4 16697
1897 0 16717
1897 1 16693
1897 2 16716
1897 3 16709
1897 4 16695
1898 0 16688
1898 1 16700
1898 2 16703
1898 3 16696
1898 4 16697
1899 0 16702
1899 1 16693
1899 2 16704
1899 3 16698
1899 4 16695
1900 0 16713
1900 1 16689
1900 2 16704
1900 3 16696
1900 4 16697
1901 0 16721
1901 1 16689
1901 2 16694
1901 3 16696
1901 4 16697
1902 0 16688
1902 1 16689
1902 2 16694
1902 3 16709
1902 4 16697
1903 0 16688
1903 1 16689
1903 2 16694
1903 3 16709
1903 4 16697
1904 0 16688
1904 1 16689
1904 2 16694
1904 3 16698
1904 4 16695
1905 0 16688
1905 1 16693
1905 2 16691
1905 3 16698
1906 0 16688
1906 1 16689
1906 2 16694
1906 3 16690
1906 4 16697
1907 0 16688
1907 1 16689
1907 2 16708
1907 3 16709
1908 0 16688
1908 1 16689
1908 2 16694
1908 3 16698
1908 4 16695
1909 0 16688
1909 1 16689
1909 2 16694
1909 3 16698
1909 4 16695
1910 0 16688
1910 1 16693
1910 2 16694
1910 3 16696
1910 4 16697
1911 0 16688
1911 1 16689
1911 2 16703
1911 3 16690
1912 0 16715
1912 1 16707
1912 2 16694
1912 3 16690
1912 4 16695
1913 0 16688
1913 1 16689
1913 2 16691
1913 3 16696
1913 4 16697
1914 0 16688
1914 1 16700
1914 2 16708
1914 3 16696
1915 0 16688
1915 1 16707
1915 2 16694
1915 3 16696
1915 4 16697
1916 0 16688
1916 1 16689
1916 2 16694
1916 3 16690
1917 0 16688
1917 1 16689
1917 2 16694
1917 3 16690
1917 4 16697
1918 0 16688
1918 1 16700
1918 2 16708
1918 3 16698
1919 0 16688
1919 1 16693
1919 2 16704
1919 3 16696
1920 0 16688
1920 1 16689
1920 2 16694
1920 3 16696
1920 4 16695
1921 0 16688
1921 1 16689
1921 2 16708
1921 3 16698
1921 4 16695
1922 0 16688
1922 1 16693
1922 2 16704
1922 3 16690
1922 4 16695
1923 0 16688
1923 1 16693
1923 3 16723
1924 0 16688
1924 1 16707
1924 2 16694
1924 3 16723
1924 4 16697
1925 0 16688
1925 1 16700
1925 2 16708
1925 3 16723
1925 4 16697
1926 0 16688
1926 1 16689
1926 2 16694
1926 3 16698
1926 4 16697
1927 0 16688
1927 1 16693
1927 2 16694
1927 3 16696
1927 4 16697
1928 0 16688
1928 1 16689
1928 2 16710
1928 3 16690
1929 0 16688
1929 1 16693
1929 2 16694
1929 3 16709
1930 0 16712
1930 1 16689
1930 2 16708
1930 3 16696
1931 0 16688
1931 1 16693
1931 2 16708
1931 3 16698
1932 0 16688
1932 1 16689
1932 2 16708
1932 3 16709
1933 0 16688
1933 1 16689
1933 2 16708
1933 3 16696
1934 0 16688
1934 1 16689
1934 2 16718
1934 3 16709
1934 4 16697
1935 0 16688
1935 1 16700
1935 2 16708
1935 3 16696
1936 0 16688
1936 1 16707
1936 2 16694
1936 3 16690
1936 4 16697
1937 0 16688
1937 1 16693
1937 2 16718
1937 3 16690
1937 4 16697
1938 0 16715
1938 1 16693
1938 2 16694
1938 3 16696
1938 4 16695
1939 0 16688
1939 1 16693
1939 2 16694
1939 3 16696
1939 4 16695
1940 0 16719
1940 1 16689
1940 2 16703
1940 3 16696
1941 0 16688
1941 1 16707
1941 2 16704
1941 3 16696
1941 4 16697
1942 0 16722
1942 1 16689
1942 2 16718
1942 3 16696
1942 4 16697
1943 0 16688
1943 1 16700
1943 2 16708
1943 3 16723
1944 0 16688
1944 1 16707
1944 2 16704
1944 3 16696
1944 4 16697
1945 0 16705
1945 1 16689
1945 2 16703
1945 3 16698
1945 4 16695
1946 0 16715
1946 1 16689
1946 2 16708
1946 3 16698
1947 0 16688
1947 1 16689
1947 2 16704
1947 3 16690
1947 4 16697
1948 0 16688
1948 1 16689
1948 2 16708
1948 3 16696
1949 0 16688
1949 1 16707
1949 2 16694
1949 3 16709
1949 4 16697
1950 0 16688
1950 1 16689
1950 2 16708
1950 3 16690
1951 0 16688
1951 1 16700
1951 2 16716
1951 3 16696
1951 4 16697
1952 0 16688
1952 1 16707
1952 2 16694
1952 3 16709
1952 4 16695
1953 0 16688
1953 1 16707
1953 2 16704
1953 3 16709
1953 4 16697
1954 0 16688
1954 1 16689
1954 2 16718
1954 3 16690
1955 0 16688
1955 1 16707
1955 2 16704
1955 3 16698
1955 4 16697
1956 0 16688
1956 1 16693
1956 2 16708
1956 3 16698
1957 0 16688
1957 1 16689
1957 2 16703
1957 3 16696
1958 0 16688
1958 1 16689
1958 2 16694
1958 3 16698
1958 4 16728
1959 0 16712
1959 1 16707
1959 2 16694
1959 3 16723
1959 4 16695
1960 0 16717
1960 1 16689
1960 2 16718
1960 3 16723
1960 4 16728
1961 0 16702
1961 1 16700
1961 2 16694
1961 3 16723
1961 4 16695
1962 0 16721
1962 1 16689
1962 2 16694
1962 3 16709
1963 0 16715
1963 1 16693
1963 2 16716
1963 3 16723
1963 4 16697
1964 0 16702
1964 1 16689
1964 2 16704
1964 3 16723
1964 4 16695
1965 0 16713
1965 1 16707
1965 2 16704
1965 3 16690
1965 4 16695
1966 0 16688
1966 1 16689
1966 2 16708
1966 3 16709
1967 0 16713
1967 1 16693
1967 2 16704
1967 3 16723
1967 4 16695
1968 0 16702
1968 1 16693
1968 2 16716
1968 3 16690
1968 4 16695
1969 0 16721
1969 1 16689
1969 2 16708
1969 3 16696
1970 0 16702
1970 1 16693
1970 2 16694
1970 3 16709
1970 4 16697
1971 0 16688
1971 1 16689
1971 2 16691
1971 3 16723
1972 0 16717
1972 1 16693
1972 2 16716
1972 3 16709
1972 4 16697
1973 0 16688
1973 1 16700
1973 2 16703
1973 3 16723
1974 0 16688
1974 1 16689
1974 2 16727
1974 3 16696
1974 4 16695
1975 0 16717
1975 1 16693
1975 2 16718
1975 3 16698
1976 0 16688
1976 1 16707
1976 2 16694
1976 3 16696
1976 4 16695
1977 0 16688
1977 1 16707
1977 2 16727
1977 3 16696
1977 4 16695
1978 0 16717
1978 1 16693
1978 2 16718
1978 3 16698
1979 0 16719
1979 1 16693
1979 2 16718
1979 3 16709
1979 4 16695
1980 0 16688
1980 1 16689
1980 2 16708
1980 3 16723
1981 0 16688
1981 1 16689
1981 2 16694
1981 3 16723
1981 4 16697
1982 0 16688
1982 1 16689
1982 2 16708
1982 3 16690
1983 0 16688
1983 1 16689
1983 2 16718
1983 3 16723
1983 4 16695
1984 0 16688
1984 1 16693
1984 2 16694
1984 3 16723
1984 4 16697
1985 0 16713
1985 1 16689
1985 2 16703
1985 3 16723
1985 4 16695
1986 0 16688
1986 1 16689
1986 2 16704
1986 3 16723
1986 4 16695
1987 0 16688
1987 1 16693
1987 2 16718
1987 3 16709
1987 4 16697
1988 0 16688
1988 1 16689
1988 2 16727
1988 3 16696
1988 4 16697
1989 0 16688
1989 1 16707
1989 2 16694
1989 3 16696
1989 4 16695
1990 0 16688
1990 1 16689
1990 2 16691
1990 3 16696
1991 0 16688
1991 1 16707
1991 2 16694
1991 3 16709
1991 4 16695
1992 0 16688
1992 1 16707
1992 2 16694
1992 3 16723
1992 4 16697
1993 0 16688
1993 1 16693
1993 2 16694
1993 3 16698
1993 4 16697
1994 0 16688
1994 1 16700
1994 2 16708
1994 3 16709
1995 0 16688
1995 1 16693
1995 2 16694
1995 3 16696
1995 4 16697
1996 0 16719
1996 1 16689
1996 2 16703
1996 3 16709
1996 4 16695
1997 0 16688
1997 1 16693
1997 2 16704
1997 3 16690
1997 4 16697
1998 0 16717
1998 1 16693
1998 2 16716
1998 3 16709
1999 0 16688
1999 1 16707
1999 2 16694
1999 3 16696
1999 4 16697
2000 0 16688
2000 1 16689
2000 2 16694
2000 3 16690
2000 4 16697
2001 0 16688
2001 1 16700
2001 2 16718
2001 3 16723
2002 0 16722
2002 1 16693
2002 2 16718
2002 3 16723
2002 4 16697
2003 0 16717
2003 1 16689
2003 2 16694
2003 3 16696
2003 4 16695
2004 0 16688
2004 1 16689
2004 2 16694
2004 3 16696
2005 0 16688
2005 1 16689
2005 2 16694
2005 3 16709
2005 4 16697
2006 0 16688
2006 1 16707
2006 2 16694
2006 3 16723
2006 4 16697
2007 0 16712
2007 1 16689
2007 2 16694
2007 3 16723
2007 4 16695
2008 0 16688
2008 1 16689
2008 2 16694
2008 3 16696
2008 4 16697
2009 0 16688
2009 1 16707
2009 2 16694
2009 3 16698
2009 4 16695
2010 0 16688
2010 1 16693
2010 2 16694
2010 3 16709
2010 4 16697
2011 0 16688
2011 1 16689
2011 2 16699
2011 3 16690
2011 4 16697
2012 0 16688
2012 1 16693
2012 2 16718
2012 3 16696
2012 4 16695
2013 0 16688
2013 1 16693
2013 2 16708
2013 3 16709
2014 0 16702
2014 1 16693
2014 2 16716
2014 3 16723
2014 4 16697
2015 0 16688
2015 1 16693
2015 2 16694
2015 3 16723
2015 4 16697
2016 0 16688
2016 1 16693
2016 2 16694
2016 3 16723
2016 4 16697
2017 0 16688
2017 1 16689
2017 2 16708
2017 3 16723
2018 0 16688
2018 1 16689
2018 2 16694
2018 3 16723
2018 4 16695
2019 0 16688
2019 1 16689
2019 2 16716
2019 3 16723
2019 4 16695
2020 0 16688
2020 1 16689
2020 2 16694
2020 3 16696
2021 0 16702
2021 1 16693
2021 2 16703
2021 3 16696
2021 4 16695
2022 0 16688
2022 1 16689
2022 2 16704
2022 3 16723
2022 4 16695
2023 0 16688
2023 1 16689
2023 2 16703
2023 3 16723
2024 0 16688
2024 1 16693
2024 2 16703
2024 3 16709
2024 4 16697
2025 0 16702
2025 1 16689
2025 2 16703
2025 3 16709
2026 0 16701
2026 1 16689
2026 2 16694
2026 3 16723
2026 4 16695
2027 0 16688
2027 1 16689
2027 2 16704
2027 3 16709
2027 4 16697
2028 0 16688
2028 1 16707
2028 2 16694
2028 3 16709
2028 4 16695
2029 0 16688
2029 1 16693
2029 2 16718
2029 3 16696
2029 4 16728
2030 0 16702
2030 1 16693
2030 2 16694
2030 3 16723
2031 0 16717
2031 1 16693
2031 2 16694
2031 3 16709
2031 4 16695
2032 0 16688
2032 1 16689
2032 2 16708
2032 3 16696
2033 0 16688
2033 1 16693
2033 2 16694
2033 3 16709
2033 4 16697
2034 0 16688
2034 1 16689
2034 2 16694
2034 3 16690
2034 4 16695
2035 0 16688
2035 1 16693
2035 2 16716
2035 3 16723
2035 4 16697
2036 0 16688
2036 1 16693
2036 2 16716
2036 3 16709
2036 4 16695
2037 0 16688
2037 1 16693
2037 2 16716
2037 3 16709
2037 4 16695
2038 0 16731
2038 1 16689
2038 2 16716
2038 3 16698
2038 4 16695
2039 0 16712
2039 1 16689
2039 2 16694
2039 3 16696
2039 4 16695
2040 0 16688
2040 1 16689
2040 2 16704
2040 3 16696
2040 4 16695
2041 0 16722
2041 1 16693
2041 2 16718
2041 3 16709
2041 4 16697
2042 0 16688
2042 1 16689
2042 2 16718
2042 3 16690
2043 0 16688
2043 1 16689
2043 2 16694
2043 3 16709
2043 4 16697
2044 0 16688
2044 1 16689
2044 2 16716
2044 3 16696
2044 4 16697
2045 0 16688
2045 1 16707
2045 2 16694
2045 3 16723
2045 4 16697
2046 0 16688
2046 1 16689
2046 2 16708
2046 3 16709
2047 0 16688
2047 1 16707
2047 2 16694
2047 3 16709
2047 4 16697
2048 0 16688
2048 1 16693
2048 2 16718
2048 3 16723
2048 4 16695
2049 0 16688
2049 1 16689
2049 2 16718
2049 3 16696
2050 0 16712
2050 1 16689
2050 2 16694
2050 3 16723
2050 4 16695
2051 0 16688
2051 1 16707
2051 2 16694
2051 3 16696
2051 4 16697
2052 0 16721
2052 1 16689
2052 2 16716
2052 3 16690
2053 0 16688
2053 1 16700
2053 2 16694
2053 3 16723
2053 4 16695
2054 0 16688
2054 1 16689
2054 2 16694
2054 3 16723
2054 4 16697
2055 0 16702
2055 1 16689
2055 2 16708
2055 3 16723
2056 0 16702
2056 1 16693
2056 2 16718
2056 3 16690
2056 4 16697
2057 0 16688
2057 1 16689
2057 2 16708
2057 3 16723
2058 0 16717
2058 1 16689
2058 2 16708
2058 3 16709
2059 0 16702
2059 1 16693
2059 2 16704
2059 3 16723
2059 4 16695
2060 0 16717
2060 1 16689
2060 2 16718
2060 3 16696
2061 0 16688
2061 1 16689
2061 2 16718
2061 3 16696
2061 4 16695
2062 0 16688
2062 1 16689
2062 2 16703
2062 3 16709
2063 0 16688
2063 1 16700
2063 2 16718
2063 3 16709
2064 0 16688
2064 1 16689
2064 2 16708
2064 3 16709
2065 0 16688
2065 1 16689
2065 2 16708
2065 3 16723
2066 0 16688
2066 1 16689
2066 2 16708
2066 3 16723
2067 0 16688
2067 1 16707
2067 2 16694
2067 3 16723
2067 4 16695
2068 0 16688
2068 1 16689
2068 2 16708
2068 3 16723
2069 0 16688
2069 1 16689
2069 2 16718
2069 3 16698
2069 4 16695
2070 0 16688
2070 1 16689
2070 2 16718
2070 3 16723
2071 0 16688
2071 1 16700
2071 2 16694
2071 3 16709
2071 4 16695
2072 0 16722
2072 1 16693
2072 2 16718
2072 3 16696
2072 4 16697
2073 0 16688
2073 1 16689
2073 2 16708
2073 3 16696
2074 0 16688
2074 1 16693
2074 2 16694
2074 3 16709
2074 4 16697
2075 0 16688
2075 1 16689
2075 2 16691
2075 3 16696
2076 0 16688
2076 1 16693
2076 2 16718
2076 3 16696
2076 4 16697
2077 0 16688
2077 1 16700
2077 2 16704
2077 3 16723
2078 0 16717
2078 1 16693
2078 2 16694
2078 3 16723
2078 4 16697
2079 0 16688
2079 1 16707
2079 2 16699
2079 3 16698
2079 4 16695
2080 0 16713
2080 1 16693
2080 2 16694
2080 3 16709
2080 4 16695
2081 0 16688
2081 1 16689
2081 2 16704
2081 3 16696
2081 4 16695
2082 0 16688
2082 1 16707
2082 2 16694
2082 3 16723
2082 4 16695
2083 0 16721
2083 1 16689
2083 2 16694
2083 3 16696
2084 0 16717
2084 1 16689
2084 2 16694
2084 3 16696
2084 4 16695
2085 0 16688
2085 1 16693
2085 2 16694
2085 3 16696
2085 4 16697
2086 0 16702
2086 1 16693
2086 2 16694
2086 3 16709
2087 0 16702
2087 1 16693
2087 2 16718
2087 3 16690
2087 4 16697
2088 0 16688
2088 1 16689
2088 2 16694
2088 3 16698
2088 4 16695
2089 0 16688
2089 1 16693
2089 2 16694
2089 3 16698
2089 4 16695
2090 0 16722
2090 1 16689
2090 2 16694
2090 3 16723
2090 4 16697
2091 0 16688
2091 1 16689
2091 2 16694
2091 3 16696
2091 4 16695
2092 0 16688
2092 1 16689
2092 2 16708
2092 3 16709
2093 0 16688
2093 1 16693
2093 2 16694
2093 3 16698
2093 4 16697
2094 0 16688
2094 1 16693
2094 2 16694
2094 3 16696
2095 0 16688
2095 1 16689
2095 2 16694
2095 3 16696
2095 4 16697
2096 0 16688
2096 1 16689
2096 2 16708
2096 3 16709
2097 0 16688
2097 1 16693
2097 3 16698
2097 4 16695
2098 0 16688
2098 1 16689
2098 2 16694
2098 3 16723
2098 4 16697
2099 0 16688
2099 1 16693
2099 2 16694
2099 3 16696
2099 4 16697
2100 0 16688
2100 1 16700
2100 2 16710
2100 3 16696
2101 0 16688
2101 1 16689
2101 2 16708
2101 3 16696
2102 0 16688
2102 1 16693
2102 2 16704
2102 3 16690
2102 4 16697
2103 0 16688
2103 1 16689
2103 2 16708
2103 3 16698
2104 0 16688
2104 1 16700
2104 2 16708
2104 3 16698
2105 0 16688
2105 1 16689
2105 2 16708
2105 3 16690
2106 0 16688
2106 1 16689
2106 2 16704
2106 3 16696
2106 4 16695
2107 0 16688
2107 1 16689
2107 2 16708
2107 3 16723
2108 0 16688
2108 1 16689
2108 2 16694
2108 3 16690
2108 4 16697
2109 0 16688
2109 1 16689
2109 2 16694
2109 3 16698
2109 4 16697
2110 0 16692
2110 1 16689
2110 2 16694
2110 3 16696
2110 4 16697
2111 0 16688
2111 1 16693
2111 2 16694
2111 3 16690
2111 4 16695
2112 0 16688
2112 1 16689
2112 2 16708
2112 3 16698
2113 0 16688
2113 1 16689
2113 2 16708
2113 3 16698
2114 0 16705
2114 1 16689
2114 2 16708
2114 3 16723
2115 0 16688
2115 1 16693
2115 3 16690
2115 4 16695
2116 0 16688
2116 1 16700
2116 2 16708
2116 3 16696
2117 0 16705
2117 1 16693
2117 3 16696
2117 4 16697
2118 0 16688
2118 1 16689
2118 2 16704
2118 3 16698
2118 4 16697
2119 0 16688
2119 1 16689
2119 2 16694
2119 3 16696
2119 4 16697
2120 0 16688
2120 1 16700
2120 2 16708
2120 3 16690
2121 0 16688
2121 1 16689
2121 2 16694
2121 3 16698
2121 4 16695
2122 0 16688
2122 1 16689
2122 2 16703
2122 3 16698
2123 0 16688
2123 1 16693
2123 2 16704
2123 3 16698
2123 4 16695
2124 0 16731
2124 1 16693
2124 2 16716
2124 3 16690
2124 4 16695
2125 0 16702
2125 1 16693
2125 2 16694
2125 3 16696
2125 4 16697
2126 0 16688
2126 1 16689
2126 2 16708
2126 3 16723
2127 0 16702
2127 1 16693
2127 2 16718
2127 3 16696
2127 4 16695
2128 0 16688
2128 1 16693
2128 2 16691
2128 3 16698
2129 0 16688
2129 1 16693
2129 2 16691
2129 3 16690
2130 0 16688
2130 1 16689
2130 2 16716
2130 3 16696
2130 4 16697
2131 0 16688
2131 1 16689
2131 2 16703
2131 3 16723
2132 0 16731
2132 1 16689
2132 2 16694
2132 3 16690
2132 4 16695
2133 0 16688
2133 1 16693
2133 2 16718
2133 3 16698
2133 4 16695
2134 0 16702
2134 1 16693
2134 2 16694
2134 3 16709
2134 4 16697
2135 0 16702
2135 1 16689
2135 2 16708
2135 3 16698
2136 0 16688
2136 1 16693
2136 2 16704
2136 3 16698
2136 4 16697
2137 0 16688
2137 1 16689
2137 2 16708
2137 3 16690
2138 0 16702
2138 1 16693
2138 2 16694
2138 3 16696
2138 4 16697
2139 0 16688
2139 1 16689
2139 2 16703
2139 3 16698
2140 0 16688
2140 1 16689
2140 2 16694
2140 3 16696
2140 4 16695
2141 0 16688
2141 1 16689
2141 2 16708
2141 3 16709
2142 0 16713
2142 1 16689
2142 2 16716
2142 3 16696
2142 4 16697
2143 0 16688
2143 1 16693
2143 2 16691
2143 3 16696
2144 0 16702
2144 1 16689
2144 2 16694
2144 3 16698
2145 0 16705
2145 1 16689
2145 2 16703
2145 3 16696
2145 4 16695
2146 0 16721
2146 1 16689
2146 2 16708
2146 3 16723
2147 0 16688
2147 1 16693
2147 2 16704
2147 3 16698
2147 4 16695
2148 0 16688
2148 1 16689
2148 2 16708
2148 3 16723
2149 0 16688
2149 1 16689
2149 2 16708
2149 3 16698
2150 0 16688
2150 1 16689
2150 2 16703
2150 3 16709
2151 0 16688
2151 1 16689
2151 2 16703
2151 3 16696
2152 0 16688
2152 1 16689
2152 2 16708
2152 3 16690
2153 0 16688
2153 1 16693
2153 2 16708
2153 3 16698
2154 0 16688
2154 1 16693
2154 3 16698
2155 0 16688
2155 1 16689
2155 2 16708
2155 3 16690
2156 0 16692
2156 1 16693
2156 2 16716
2156 3 16690
2156 4 16697
2157 0 16722
2157 1 16689
2157 2 16703
2157 3 16696
2157 4 16695
2158 0 16688
2158 1 16693
2158 2 16704
2158 3 16690
2159 0 16702
2159 1 16693
2159 2 16703
2159 3 16698
2159 4 16695
2160 0 16688
2160 1 16693
2160 2 16718
2160 3 16698
2160 4 16695
2161 0 16713
2161 1 16689
2161 2 16716
2161 3 16690
2161 4 16697
2162 0 16713
2162 1 16689
2162 2 16716
2162 3 16690
2162 4 16697
2163 0 16688
2163 1 16693
2163 2 16691
2163 3 16696
2164 0 16713
2164 1 16693
2164 2 16718
2164 3 16698
2164 4 16695
2165 0 16688
2165 1 16693
2165 2 16691
2165 3 16698
2166 0 16688
2166 1 16689
2166 2 16708
2166 3 16709
2167 0 16688
2167 1 16693
2167 2 16716
2167 3 16690
2167 4 16695
2168 0 16713
2168 1 16689
2168 2 16716
2168 3 16709
2168 4 16697
2169 0 16702
2169 1 16693
2169 2 16716
2169 3 16696
2169 4 16697
2170 0 16721
2170 1 16693
2170 2 16716
2170 3 16709
2170 4 16697
2171 0 16713
2171 1 16689
2171 2 16716
2171 3 16690
2171 4 16695
2172 0 16721
2172 1 16693
2172 2 16716
2172 3 16696
2172 4 16695
2173 0 16688
2173 1 16700
2173 2 16716
2173 3 16698
2173 4 16697
2174 0 16713
2174 1 16689
2174 2 16708
2174 3 16723
2175 0 16713
2175 1 16693
2175 2 16716
2175 3 16696
2175 4 16697
2176 0 16702
2176 1 16689
2176 2 16703
2176 3 16698
2176 4 16695
2177 0 16713
2177 1 16693
2177 2 16716
2177 3 16698
2177 4 16695
2178 0 16702
2178 1 16700
2178 2 16716
2178 3 16698
2178 4 16697
2179 0 16713
2179 1 16693
2179 2 16716
2179 3 16690
2179 4 16695
2180 0 16688
2180 1 16689
2180 2 16708
2180 3 16690
2181 0 16713
2181 1 16693
2181 2 16718
2181 3 16690
2181 4 16697
2182 0 16688
2182 1 16700
2182 2 16718
2182 3 16696
2182 4 16697
2183 0 16702
2183 1 16693
2183 2 16694
2183 3 16723
2183 4 16697
2184 0 16717
2184 1 16693
2184 2 16694
2184 3 16696
2184 4 16695
2185 0 16688
2185 1 16700
2185 2 16708
2185 3 16696
2186 0 16713
2186 1 16693
2186 2 16694
2186 3 16698
2186 4 16695
2187 0 16702
2187 1 16700
2187 2 16716
2187 3 16698
2187 4 16695
2188 0 16725
2188 1 16689
2188 2 16716
2188 3 16698
2188 4 16697
2189 0 16713
2189 1 16689
2189 2 16716
2189 3 16698
2189 4 16697
2190 0 16717
2190 1 16693
2190 2 16716
2190 3 16723
2190 4 16695
2191 0 16688
2191 1 16700
2191 2 16703
2191 3 16698
2191 4 16695
2192 0 16688
2192 1 16693
2192 2 16716
2192 3 16698
2192 4 16695
2193 0 16702
2193 1 16693
2193 2 16708
2193 3 16723
2194 0 16713
2194 1 16693
2194 2 16718
2194 3 16698
2194 4 16695
2195 0 16717
2195 1 16693
2195 2 16716
2195 3 16698
2195 4 16695
2196 0 16688
2196 1 16689
2196 2 16716
2196 3 16723
2196 4 16695
2197 0 16688
2197 1 16693
2197 2 16718
2197 3 16698
2197 4 16695
2198 0 16688
2198 1 16689
2198 2 16694
2198 3 16698
2198 4 16695
2199 0 16721
2199 1 16689
2199 2 16708
2199 3 16690
2200 0 16688
2200 1 16689
2200 2 16703
2200 3 16696
2200 4 16697
2201 0 16702
2201 1 16693
2201 2 16704
2201 3 16698
2201 4 16695
2202 0 16713
2202 1 16689
2202 2 16703
2202 3 16698
2202 4 16695
2203 0 16702
2203 1 16693
2203 2 16716
2203 3 16690
2203 4 16697
2204 0 16688
2204 1 16700
2204 2 16703
2204 3 16698
2204 4 16695
2205 0 16688
2205 1 16689
2205 2 16708
2205 3 16698
2206 0 16701
2206 1 16689
2206 2 16694
2206 3 16698
2206 4 16695
2207 0 16712
2207 1 16707
2207 2 16694
2207 3 16696
2207 4 16695
2208 0 16701
2208 1 16689
2208 2 16694
2208 3 16698
2208 4 16695
2209 0 16701
2209 1 16700
2209 2 16708
2209 3 16690
2210 0 16701
2210 1 16689
2210 2 16708
2210 3 16698
2211 0 16701
2211 1 16693
2211 2 16694
2211 3 16723
2212 0 16701
2212 1 16689
2212 2 16708
2212 3 16690
2213 0 16701
2213 1 16707
2213 2 16694
2213 3 16696
2213 4 16695
2214 0 16701
2214 1 16707
2214 2 16694
2214 3 16709
2214 4 16695
2215 0 16712
2215 1 16707
2215 2 16694
2215 3 16709
2215 4 16697
2216 0 16701
2216 1 16689
2216 2 16708
2216 3 16698
2217 0 16701
2217 1 16693
2217 3 16709
2218 0 16701
2218 1 16693
2218 2 16694
2218 3 16698
2219 0 16701
2219 1 16707
2219 2 16694
2219 3 16696
2219 4 16697
2220 0 16701
2220 1 16689
2220 2 16708
2220 3 16709
2221 0 16701
2221 1 16693
2221 2 16694
2221 3 16690
2222 0 16714
2222 1 16707
2222 2 16694
2222 3 16723
2222 4 16697
2223 0 16705
2223 1 16689
2223 2 16708
2223 3 16696
2224 0 16702
2224 1 16693
2224 2 16703
2224 3 16696
2224 4 16697
2225 0 16701
2225 1 16689
2225 2 16708
2225 3 16698
2226 0 16701
2226 1 16707
2226 2 16694
2226 3 16696
2226 4 16697
2227 0 16701
2227 1 16689
2227 2 16691
2227 3 16696
2228 0 16701
2228 1 16707
2228 2 16718
2228 3 16696
2228 4 16697
2229 0 16701
2229 1 16700
2229 2 16708
2229 3 16696
2230 0 16701
2230 1 16693
2230 2 16706
2230 3 16698
2230 4 16695
2231 0 16701
2231 1 16707
2231 2 16694
2231 3 16723
2231 4 16697
2232 0 16712
2232 1 16707
2232 2 16694
2232 3 16709
2232 4 16697
2233 0 16701
2233 1 16707
2233 2 16694
2233 3 16696
2233 4 16697
2234 0 16701
2234 1 16707
2234 2 16718
2234 3 16696
2234 4 16697
2235 0 16701
2235 1 16707
2235 2 16694
2235 3 16709
2235 4 16697
2236 0 16701
2236 1 16689
2236 2 16694
2236 3 16698
2236 4 16697
2237 0 16701
2237 1 16693
2237 2 16694
2237 3 16696
2237 4 16695
2238 0 16701
2238 1 16689
2238 2 16694
2238 3 16690
2239 0 16701
2239 1 16689
2239 2 16694
2239 3 16698
2239 4 16697
2240 0 16701
2240 1 16700
2240 2 16708
2240 3 16709
2241 0 16701
2241 1 16707
2241 2 16694
2241 3 16709
2241 4 16697
2242 0 16701
2242 1 16689
2242 2 16694
2242 3 16696
2242 4 16697
2243 0 16701
2243 1 16689
2243 2 16718
2243 3 16709
2244 0 16701
2244 1 16693
2244 2 16708
2244 3 16690
2245 0 16701
2245 1 16707
2245 2 16694
2245 3 16696
2245 4 16697
2246 0 16701
2246 1 16689
2246 2 16718
2246 3 16690
2246 4 16697
2247 0 16701
2247 1 16707
2247 2 16694
2247 3 16696
2247 4 16697
2248 0 16701
2248 1 16707
2248 2 16694
2248 3 16696
2248 4 16695
2249 0 16701
2249 1 16693
2249 2 16706
2249 3 16696
2249 4 16695
2250 0 16688
2250 1 16693
2250 2 16691
2250 3 16698
2251 0 16688
2251 1 16689
2251 2 16694
2251 3 16723
2252 0 16688
2252 1 16707
2252 2 16718
2252 3 16690
2253 0 16721
2253 1 16689
2253 2 16703
2253 3 16690
2254 0 16688
2254 1 16707
2254 2 16704
2254 3 16698
2254 4 16697
2255 0 16721
2255 1 16693
2255 2 16694
2255 3 16696
2255 4 16697
2256 0 16688
2256 1 16700
2256 2 16703
2256 3 16709
2256 4 16697
2257 0 16688
2257 1 16700
2257 2 16703
2257 3 16698
2258 0 16688
2258 1 16707
2258 2 16694
2258 3 16696
2258 4 16695
2259 0 16688
2259 1 16689
2259 2 16703
2259 3 16698
2260 0 16702
2260 1 16693
2260 2 16716
2260 3 16696
2260 4 16697
2261 0 16688
2261 1 16700
2261 2 16694
2261 3 16690
2262 0 16688
2262 1 16707
2262 2 16694
2262 3 16723
2262 4 16697
2263 0 16721
2263 1 16707
2263 2 16694
2263 3 16690
2263 4 16728
2264 0 16713
2264 1 16700
2264 2 16694
2264 3 16698
2264 4 16697
2265 0 16688
2265 1 16689
2265 2 16694
2265 3 16698
2265 4 16697
2266 0 16688
2266 1 16707
2266 2 16694
2266 3 16709
2266 4 16695
2267 0 16721
2267 1 16693
2267 2 16694
2267 3 16690
2267 4 16697
2268 0 16688
2268 1 16700
2268 2 16703
2268 3 16709
2269 0 16688
2269 1 16707
2269 2 16726
2269 3 16698
2269 4 16697
2270 0 16688
2270 1 16707
2270 2 16694
2270 3 16690
2270 4 16697
2271 0 16688
2271 1 16707
2271 2 16694
2271 3 16698
2271 4 16697
2272 0 16688
2272 1 16700
2272 2 16703
2272 3 16698
2272 4 16697
2273 0 16688
2273 1 16689
2273 2 16727
2273 3 16696
2273 4 16697
2274 0 16688
2274 1 16693
2274 2 16706
2274 3 16698
2274 4 16697
2275 0 16688
2275 1 16689
2275 2 16708
2275 3 16690
2276 0 16688
2276 1 16693
2276 2 16704
2276 3 16723
2276 4 16695
2277 0 16688
2277 1 16689
2277 2 16703
2277 3 16696
2278 0 16688
2278 1 16689
2278 2 16703
2278 3 16698
2278 4 16695
2279 0 16688
2279 1 16689
2279 2 16694
2279 3 16690
2279 4 16697
2280 0 16702
2280 1 16693
2280 2 16694
2280 3 16698
2281 0 16702
2281 1 16689
2281 2 16694
2281 3 16698
2281 4 16695
2282 0 16688
2282 1 16689
2282 2 16694
2282 3 16696
2282 4 16697
2283 0 16688
2283 1 16689
2283 2 16708
2283 3 16698
2284 0 16688
2284 1 16693
2284 2 16694
2284 3 16698
2284 4 16697
2285 0 16688
2285 1 16693
2285 2 16694
2285 3 16690
2286 0 16688
2286 1 16689
2286 2 16708
2286 3 16709
2287 0 16688
2287 1 16693
2287 2 16706
2287 3 16696
2288 0 16688
2288 1 16689
2288 2 16708
2288 3 16690
2289 0 16688
2289 1 16689
2289 2 16694
2289 3 16698
2289 4 16695
2290 0 16692
2290 1 16689
2290 2 16694
2290 3 16690
2291 0 16688
2291 1 16689
2291 2 16708
2291 3 16696
2292 0 16688
2292 1 16689
2292 2 16708
2292 3 16723
2293 0 16688
2293 1 16689
2293 2 16704
2293 3 16690
2293 4 16697
2294 0 16688
2294 1 16689
2294 2 16708
2294 3 16723
2295 0 16701
2295 1 16689
2295 2 16708
2295 3 16690
2296 0 16688
2296 1 16689
2296 2 16694
2296 3 16698
2297 0 16688
2297 1 16693
2297 2 16691
2297 3 16698
2298 0 16721
2298 1 16689
2298 2 16708
2298 3 16698
2299 0 16721
2299 1 16700
2299 2 16708
2299 3 16698
2300 0 16688
2300 1 16700
2300 2 16703
2300 3 16696
2300 4 16697
2301 0 16721
2301 1 16689
2301 2 16716
2301 3 16698
2301 4 16697
2302 0 16688
2302 1 16689
2302 2 16708
2302 3 16698
2303 0 16712
2303 1 16689
2303 2 16694
2303 3 16723
2303 4 16697
2304 0 16713
2304 1 16689
2304 2 16694
2304 3 16709
2304 4 16697
2305 0 16713
2305 1 16689
2305 2 16694
2305 3 16696
2305 4 16697
2306 0 16688
2306 1 16689
2306 2 16694
2306 3 16698
2307 0 16701
2307 1 16693
2307 2 16694
2307 3 16696
2307 4 16695
2308 0 16688
2308 1 16689
2308 2 16694
2308 3 16696
2308 4 16697
2309 0 16719
2309 1 16689
2309 2 16694
2309 3 16709
2309 4 16695
2310 0 16688
2310 1 16693
2310 2 16694
2310 3 16698
2310 4 16697
2311 0 16719
2311 1 16689
2311 2 16694
2311 3 16696
2311 4 16697
2312 0 16705
2312 1 16689
2312 2 16704
2312 3 16696
2312 4 16697
2313 0 16688
2313 1 16689
2313 2 16694
2313 3 16698
2314 0 16712
2314 1 16689
2314 2 16694
2314 3 16723
2314 4 16697
2315 0 16688
2315 1 16689
2315 2 16694
2315 3 16698
2315 4 16697
2316 0 16688
2316 1 16689
2316 2 16694
2316 3 16690
2316 4 16697
2317 0 16688
2317 1 16700
2317 2 16694
2317 3 16696
2318 0 16705
2318 1 16689
2318 2 16708
2318 3 16698
2319 0 16688
2319 1 16689
2319 2 16704
2319 3 16709
2319 4 16697
2320 0 16692
2320 1 16689
2320 2 16694
2320 3 16690
2320 4 16697
2321 0 16714
2321 1 16707
2321 2 16694
2321 3 16709
2321 4 16697
2322 0 16692
2322 1 16693
2322 2 16694
2322 3 16698
2322 4 16697
2323 0 16688
2323 1 16689
2323 2 16694
2323 3 16696
2323 4 16697
2324 0 16688
2324 1 16689
2324 2 16704
2324 3 16709
2324 4 16697
2325 0 16688
2325 1 16689
2325 2 16694
2325 3 16698
2325 4 16697
2326 0 16692
2326 1 16689
2326 2 16694
2326 3 16698
2326 4 16697
2327 0 16714
2327 1 16707
2327 2 16694
2327 3 16709
2327 4 16697
2328 0 16688
2328 1 16689
2328 2 16704
2328 3 16698
2329 0 16688
2329 1 16689
2329 2 16708
2330 0 16688
2330 1 16689
2330 2 16704
2330 3 16698
2331 0 16688
2331 1 16700
2331 2 16694
2331 3 16690
2331 4 16697
2332 0 16688
2332 1 16693
2332 2 16708
2333 0 16688
2333 1 16693
2333 2 16708
2334 0 16688
2334 1 16693
2334 2 16708
2335 0 16688
2335 1 16693
2335 2 16694
2336 0 16688
2336 1 16693
2336 2 16691
2337 0 16688
2337 1 16693
2337 2 16694
2338 0 16688
2338 1 16693
2338 2 16708
2339 0 16688
2339 1 16693
2340 0 16688
2340 1 16693
2340 2 16691
2341 0 16688
2341 1 16693
2341 2 16699
2342 0 16688
2342 1 16693
2342 2 16694
2343 0 16688
2343 1 16693
2343 2 16694
2344 0 16688
2344 1 16693
2344 2 16694
2344 3 16698
2345 0 16688
2345 1 16693
2345 2 16694
2346 0 16692
2346 1 16693
2346 2 16694
2347 0 16688
2347 1 16693
2347 2 16694
2348 0 16712
2348 1 16693
2348 2 16694
2348 3 16698
2348 4 16728
2349 0 16688
2349 1 16693
2349 3 16698
2350 0 16692
2350 1 16693
2350 2 16694
2351 0 16688
2351 1 16693
2351 2 16694
2352 0 16688
2352 1 16693
2352 2 16694
2352 3 16690
2353 0 16688
2353 1 16693
2353 2 16708
2354 0 16705
2354 1 16693
2354 2 16694
2355 0 16688
2355 1 16693
2355 2 16704
2355 3 16698
2356 0 16688
2356 1 16693
2356 2 16694
2357 0 16688
2357 1 16693
2357 2 16694
2358 0 16688
2358 1 16693
2358 2 16694
2358 3 16698
2359 0 16688
2359 1 16693
2359 3 16698
2360 0 16688
2360 1 16693
2360 3 16698
2361 0 16688
2361 1 16693
2361 2 16694
2361 4 16695
2362 0 16688
2362 1 16693
2362 2 16694
2363 0 16688
2363 1 16693
2363 2 16708
2364 0 16688
2364 1 16693
2364 2 16694
2364 3 16698
2365 0 16688
2365 1 16693
2365 2 16694
2365 3 16698
2366 0 16688
2366 1 16693
2366 2 16694
2367 0 16688
2367 1 16693
2368 0 16688
2368 1 16693
2369 0 16688
2369 1 16693
2369 2 16694
2369 3 16690
2370 0 16688
2370 1 16693
2370 2 16694
2371 0 16688
2371 1 16693
2371 2 16694
2371 4 16697
2372 0 16688
2372 1 16693
2373 0 16688
2373 1 16693
2373 2 16694
2374 0 16688
2374 1 16693
2374 2 16716
2374 3 16698
2374 4 16728
2375 0 16688
2375 1 16693
2376 0 16688
2376 1 16693
2377 0 16688
2377 1 16693
2377 2 16694
2377 3 16698
2377 4 16728
2378 0 16688
2378 1 16693
2378 2 16694
2378 3 16698
2378 4 16728
2379 0 16688
2379 1 16707
2379 2 16704
2379 3 16690
2379 4 16695
2380 0 16688
2380 1 16689
2380 2 16691
2380 3 16696
2380 4 16728
2381 0 16688
2381 1 16689
2381 2 16708
2381 3 16723
2382 0 16688
2382 1 16707
2382 2 16704
2382 3 16723
2382 4 16697
2383 0 16688
2383 1 16689
2383 2 16691
2383 3 16723
2384 0 16712
2384 1 16707
2384 2 16694
2384 3 16698
2384 4 16695
2385 0 16712
2385 1 16707
2385 2 16694
2385 3 16723
2385 4 16697
2386 0 16688
2386 1 16689
2386 2 16708
2386 3 16698
2387 0 16688
2387 1 16707
2387 2 16694
2387 3 16696
2387 4 16697
2388 0 16688
2388 1 16707
2388 2 16694
2388 3 16709
2388 4 16697
2389 0 16688
2389 1 16707
2389 2 16704
2389 3 16723
2389 4 16697
2390 0 16688
2390 1 16707
2390 2 16694
2390 3 16690
2390 4 16695
2391 0 16688
2391 1 16700
2391 2 16703
2391 3 16723
2391 4 16697
2392 0 16717
2392 1 16689
2392 2 16708
2392 3 16698
2393 0 16717
2393 1 16689
2393 2 16694
2393 3 16698
2393 4 16695
2394 0 16717
2394 1 16689
2394 2 16694
2394 3 16690
2394 4 16697
2395 0 16717
2395 1 16689
2395 2 16694
2395 3 16698
2395 4 16697
2396 0 16721
2396 1 16693
2396 2 16694
2396 3 16698
2396 4 16697
2397 0 16721
2397 1 16689
2397 2 16708
2397 3 16698
2398 0 16719
2398 1 16693
2398 2 16726
2398 3 16696
2398 4 16695
2399 0 16717
2399 1 16689
2399 2 16706
2399 3 16696
2399 4 16697
2400 0 16717
2400 1 16693
2400 2 16718
2400 3 16698
2400 4 16697
2401 0 16717
2401 1 16689
2401 2 16718
2401 3 16698
2401 4 16695
2402 0 16702
2402 1 16693
2402 2 16716
2402 3 16698
2402 4 16695
2403 0 16721
2403 1 16689
2403 2 16708
2403 3 16698
2404 0 16717
2404 1 16689
2404 2 16694
2404 3 16698
2404 4 16695
2405 0 16713
2405 1 16689
2405 2 16694
2405 3 16698
2406 0 16717
2406 1 16689
2406 2 16708
2406 3 16698
2407 0 16717
2407 1 16689
2407 2 16706
2407 3 16698
2407 4 16697
2408 0 16717
2408 1 16689
2408 2 16716
2408 3 16690
2408 4 16695
2409 0 16717
2409 1 16693
2409 2 16706
2409 3 16698
2409 4 16697
2410 0 16717
2410 1 16693
2410 2 16708
2410 3 16698
2411 0 16717
2411 1 16693
2411 2 16708
2411 3 16690
2411 4 16695
2412 0 16717
2412 1 16693
2412 2 16694
2412 3 16698
2412 4 16697
2413 0 16717
2413 1 16693
2413 2 16716
2413 3 16690
2413 4 16695
2414 0 16717
2414 1 16693
2414 2 16716
2414 3 16698
2415 0 16717
2415 1 16689
2415 2 16716
2415 3 16696
2415 4 16697
2416 0 16715
2416 1 16689
2416 2 16708
2416 3 16698
2417 0 16705
2417 1 16689
2417 2 16708
2417 3 16698
2418 0 16717
2418 1 16689
2418 2 16691
2418 3 16698
2418 4 16695
2419 0 16717
2419 1 16689
2419 2 16708
2419 3 16690
2419 4 16697
2420 0 16717
2420 1 16689
2420 2 16703
2420 3 16698
2421 0 16702
2421 1 16693
2421 2 16703
2421 3 16698
2421 4 16695
2422 0 16717
2422 1 16689
2422 2 16694
2422 3 16698
2422 4 16697
2423 0 16717
2423 1 16689
2423 2 16708
2423 3 16690
2424 0 16702
2424 1 16693
2424 2 16706
2424 3 16698
2424 4 16697
2425 0 16717
2425 1 16693
2425 2 16694
2425 3 16698
2425 4 16695
2426 0 16717
2426 1 16689
2426 2 16718
2426 3 16698
2427 0 16702
2427 1 16689
2427 2 16694
2427 3 16698
2428 0 16717
2428 1 16693
2428 2 16694
2428 3 16698
2429 0 16705
2429 1 16693
2429 2 16694
2429 3 16698
2429 4 16695
2430 0 16702
2430 1 16693
2430 2 16718
2430 3 16698
2430 4 16697
2431 0 16702
2431 1 16689
2431 2 16708
2431 3 16698
2432 0 16702
2432 1 16693
2432 2 16716
2432 3 16690
2432 4 16695
2433 0 16702
2433 1 16689
2433 3 16698
2434 0 16702
2434 1 16693
2434 2 16710
2434 3 16698
2434 4 16695
2435 0 16717
2435 1 16693
2435 2 16726
2435 3 16698
2436 0 16717
2436 1 16689
2436 2 16726
2436 3 16698
2436 4 16697
2437 0 16721
2437 1 16689
2437 2 16708
2437 3 16698
2438 0 16717
2438 1 16693
2438 3 16690
2438 4 16697
2439 0 16717
2439 1 16693
2439 2 16694
2439 3 16696
2439 4 16695
2440 0 16702
2440 1 16689
2440 2 16703
2440 3 16698
2440 4 16697
2441 0 16717
2441 1 16693
2441 2 16718
2441 3 16698
2442 0 16717
2442 1 16689
2442 2 16694
2442 3 16698
2442 4 16697
2443 0 16717
2443 1 16689
2443 2 16708
2443 3 16698
2444 0 16717
2444 1 16689
2444 2 16708
2444 3 16698
2445 0 16717
2445 1 16689
2445 2 16703
2445 3 16698
2446 0 16717
2446 1 16689
2446 3 16698
2446 4 16697
2447 0 16717
2447 1 16693
2447 2 16703
2447 3 16698
2448 0 16717
2448 1 16689
2448 2 16703
2448 3 16698
2449 0 16717
2449 1 16693
2449 2 16716
2449 3 16698
2449 4 16695
2450 0 16717
2450 1 16689
2450 2 16703
2450 3 16690
2450 4 16695
2451 0 16702
2451 1 16693
2451 2 16716
2451 3 16690
2451 4 16697
2452 0 16717
2452 1 16689
2452 2 16694
2452 3 16690
2453 0 16717
2453 1 16693
2453 2 16716
2453 3 16690
2453 4 16697
2454 0 16717
2454 1 16689
2454 2 16716
2454 3 16690
2454 4 16697
2455 0 16702
2455 1 16689
2455 2 16718
2455 3 16698
2455 4 16697
2456 0 16717
2456 1 16689
2456 2 16708
2456 3 16698
2457 0 16721
2457 1 16689
2457 2 16708
2457 3 16698
2458 0 16717
2458 1 16693
2458 2 16706
2458 3 16698
2458 4 16695
2459 0 16722
2459 1 16693
2459 2 16704
2459 3 16709
2459 4 16695
2460 0 16688
2460 1 16689
2460 2 16694
2460 3 16690
2461 0 16688
2461 1 16693
2461 2 16694
2461 3 16690
2461 4 16697
2462 0 16688
2462 1 16689
2462 2 16694
2462 3 16698
2462 4 16697
2463 0 16701
2463 1 16689
2463 2 16694
2463 3 16690
2463 4 16697
2464 0 16688
2464 1 16693
2464 2 16699
2464 3 16698
2464 4 16695
2465 0 16688
2465 1 16689
2465 2 16703
2465 3 16709
2466 0 16688
2466 1 16693
2466 2 16716
2466 3 16696
2467 0 16688
2467 1 16689
2467 2 16710
2467 3 16723
2467 4 16695
2468 0 16705
2468 1 16689
2468 2 16703
2468 3 16698
2468 4 16695
2469 0 16688
2469 1 16693
2469 2 16703
2469 3 16690
2470 0 16692
2470 1 16689
2470 2 16694
2470 3 16696
2470 4 16697
2471 0 16688
2471 1 16693
2471 2 16718
2471 3 16698
2471 4 16695
2472 0 16688
2472 1 16693
2472 2 16694
2472 3 16698
2472 4 16695
2473 0 16692
2473 1 16689
2473 2 16694
2473 3 16698
2473 4 16697
2474 0 16688
2474 1 16707
2474 2 16694
2474 3 16698
2475 0 16688
2475 1 16689
2475 2 16727
2475 3 16690
2475 4 16695
2476 0 16688
2476 1 16700
2476 3 16690
2477 0 16688
2477 1 16707
2477 2 16699
2477 3 16698
2477 4 16695
2478 0 16688
2478 1 16689
2478 2 16699
2478 3 16690
2479 0 16688
2479 1 16689
2479 2 16716
2479 3 16696
2479 4 16697
2480 0 16717
2480 1 16693
2480 2 16694
2480 3 16709
2480 4 16695
2481 0 16713
2481 1 16693
2481 2 16716
2481 3 16690
2481 4 16697
2482 0 16688
2482 1 16693
2482 2 16706
2482 3 16690
2483 0 16688
2483 1 16693
2483 2 16694
2483 3 16698
2483 4 16695
2484 0 16688
2484 1 16693
2484 2 16716
2484 3 16709
2485 0 16688
2485 1 16693
2485 2 16694
2485 3 16723
2485 4 16695
2486 0 16688
2486 1 16693
2486 2 16716
2486 3 16696
2486 4 16695
2487 0 16688
2487 1 16693
2487 3 16690
2488 0 16688
2488 1 16693
2488 2 16699
2488 3 16690
2489 0 16688
2489 1 16689
2489 2 16708
2489 3 16723
2490 0 16688
2490 1 16693
2490 2 16694
2490 3 16698
2490 4 16695
2491 0 16688
2491 1 16693
2491 2 16703
2491 3 16709
2492 0 16688
2492 1 16693
2492 2 16726
2492 3 16696
2493 0 16688
2493 1 16693
2493 2 16716
2493 3 16696
2493 4 16695
2494 0 16688
2494 1 16693
2494 2 16716
2494 3 16696
2495 0 16721
2495 1 16693
2495 2 16710
2495 3 16698
2496 0 16688
2496 1 16693
2496 2 16694
2496 3 16696
2496 4 16697
2497 0 16688
2497 1 16693
2497 2 16694
2497 3 16723
2497 4 16697
2498 0 16688
2498 1 16693
2498 2 16699
2498 3 16723
2498 4 16695
2499 0 16688
2499 1 16693
2499 2 16708
2499 3 16696
2500 0 16688
2500 1 16693
2500 2 16708
2500 3 16709
2501 0 16688
2501 1 16693
2501 2 16694
2501 3 16696
2501 4 16695
2502 0 16688
2502 1 16693
2502 2 16699
2502 3 16696
2502 4 16695
2503 0 16688
2503 1 16693
2503 2 16706
2503 3 16723
2504 0 16688
2504 1 16693
2504 2 16727
2504 3 16696
2505 0 16688
2505 1 16693
2505 2 16694
2505 3 16696
2505 4 16695
2506 0 16688
2506 1 16693
2506 2 16706
2506 3 16723
2506 4 16695
2507 0 16688
2507 1 16693
2507 2 16727
2507 3 16696
2507 4 16697
2508 0 16688
2508 1 16689
2508 2 16694
2508 3 16698
2508 4 16697
2509 0 16688
2509 1 16693
2509 3 16690
2509 4 16695
2510 0 16688
2510 1 16689
2510 2 16691
2510 3 16698
2511 0 16688
2511 1 16689
2511 2 16694
2511 3 16723
2511 4 16695
2512 0 16688
2512 1 16689
2512 2 16727
2512 3 16723
2512 4 16695
2513 0 16688
2513 1 16689
2513 2 16691
2513 3 16696
2514 0 16688
2514 1 16689
2514 2 16694
2514 3 16690
2514 4 16695
2515 0 16688
2515 1 16689
2515 2 16694
2515 3 16723
2515 4 16695
2516 0 16713
2516 1 16689
2516 2 16694
2516 3 16698
2516 4 16695
2517 0 16688
2517 1 16689
2517 2 16694
2517 3 16698
2517 4 16695
2518 0 16688
2518 1 16689
2518 2 16694
2518 3 16698
2519 0 16688
2519 1 16689
2519 2 16694
2519 3 16698
2519 4 16697
2520 0 16688
2520 1 16689
2520 2 16694
2520 3 16698
2520 4 16697
2521 0 16688
2521 1 16689
2521 2 16694
2521 3 16690
2521 4 16695
2522 0 16688
2522 1 16689
2522 2 16694
2522 3 16698
2522 4 16697
2523 0 16688
2523 1 16689
2523 2 16691
2523 3 16723
2524 0 16702
2524 1 16689
2524 2 16703
2524 3 16696
2525 0 16688
2525 1 16689
2525 2 16691
2525 3 16723
2526 0 16688
2526 1 16689
2526 2 16694
2526 3 16698
2526 4 16697
2527 0 16688
2527 1 16689
2527 3 16696
2527 4 16695
2528 0 16688
2528 1 16689
2528 2 16691
2528 3 16698
2529 0 16712
2529 1 16700
2529 2 16694
2529 3 16690
2530 0 16688
2530 1 16700
2530 3 16698
2530 4 16697
2531 0 16688
2531 1 16689
2531 2 16703
2531 3 16698
2531 4 16697
2532 0 16688
2532 1 16689
2532 2 16694
2532 3 16698
2532 4 16697
2533 0 16688
2533 1 16689
2533 2 16691
2533 3 16690
2534 0 16688
2534 1 16689
2534 2 16694
2534 3 16698
2534 4 16695
2535 0 16688
2535 1 16689
2535 2 16694
2535 3 16698
2535 4 16697
2536 0 16688
2536 1 16689
2536 3 16698
2536 4 16695
2537 0 16702
2537 1 16689
2537 2 16703
2537 3 16698
2538 0 16688
2538 1 16689
2538 3 16696
2539 0 16688
2539 1 16689
2539 2 16708
2539 3 16690
2540 0 16688
2540 1 16689
2540 2 16694
2540 3 16690
2540 4 16695
2541 0 16688
2541 1 16689
2541 2 16694
2541 3 16698
2541 4 16695
2542 0 16688
2542 1 16689
2542 2 16694
2542 3 16698
2542 4 16697
2543 0 16702
2543 1 16689
2543 2 16703
2543 3 16696
2543 4 16695
2544 0 16717
2544 1 16689
2544 2 16694
2544 3 16698
2544 4 16695
2545 0 16688
2545 1 16689
2545 2 16694
2545 3 16698
2545 4 16697
2546 0 16688
2546 1 16689
2546 3 16690
2547 0 16688
2547 1 16689
2547 2 16694
2547 3 16698
2547 4 16697
2548 0 16719
2548 1 16689
2548 3 16698
2548 4 16695
2549 0 16702
2549 1 16689
2549 2 16703
2549 3 16698
2550 0 16688
2550 1 16689
2550 2 16691
2550 3 16690
2551 0 16688
2551 1 16689
2551 2 16694
2551 3 16698
2551 4 16695
2552 0 16702
2552 1 16689
2552 2 16703
2552 3 16698
2552 4 16697
2553 0 16688
2553 1 16689
2553 2 16694
2553 3 16698
2553 4 16697
2554 0 16688
2554 1 16689
2554 2 16694
2554 3 16698
2554 4 16697
2555 0 16688
2555 1 16689
2555 2 16694
2555 3 16698
2555 4 16697
2556 0 16717
2556 1 16689
2556 2 16694
2556 3 16698
2556 4 16695
2557 0 16702
2557 1 16689
2557 2 16703
2557 3 16698
2558 0 16688
2558 1 16689
2558 2 16694
2558 3 16698
2558 4 16697
2559 0 16702
2559 1 16689
2559 2 16694
2559 3 16698
2559 4 16695
2560 0 16688
2560 1 16689
2560 3 16709
2560 4 16695
2561 0 16688
2561 1 16689
2561 3 16690
2562 0 16688
2562 1 16689
2562 2 16727
2562 3 16696
2562 4 16695
2563 0 16688
2563 1 16689
2563 2 16694
2563 3 16698
2563 4 16697
2564 0 16688
2564 1 16689
2564 2 16694
2564 3 16698
2564 4 16695
2565 0 16688
2565 1 16689
2565 2 16694
2565 3 16698
2566 0 16688
2566 1 16689
2566 2 16694
2566 3 16698
2566 4 16697
2567 0 16688
2567 1 16689
2567 2 16694
2567 3 16698
2567 4 16695
2568 0 16688
2568 1 16689
2568 2 16694
2568 3 16690
2568 4 16697
2569 0 16688
2569 1 16689
2569 2 16694
2569 3 16698
2569 4 16695
2570 0 16688
2570 1 16689
2570 3 16698
2570 4 16695
2571 0 16688
2571 1 16689
2571 2 16694
2571 3 16723
2571 4 16695
2572 0 16688
2572 1 16689
2572 2 16694
2572 3 16698
2572 4 16697
2573 0 16688
2573 1 16689
2573 2 16694
2573 3 16690
2574 0 16688
2574 1 16689
2574 2 16694
2574 3 16698
2574 4 16695
2575 0 16702
2575 1 16689
2575 2 16694
2575 3 16698
2575 4 16695
2576 0 16688
2576 1 16689
2576 2 16694
2576 3 16698
2577 0 16688
2577 1 16689
2577 2 16694
2577 3 16723
2577 4 16695
2578 0 16688
2578 1 16689
2578 3 16698
2579 0 16688
2579 1 16689
2579 2 16699
2579 3 16698
2580 0 16688
2580 1 16689
2580 2 16694
2580 3 16698
2580 4 16695
2581 0 16688
2581 1 16689
2581 2 16691
2581 3 16698
2582 0 16688
2582 1 16689
2582 2 16699
2582 3 16698
2583 0 16688
2583 1 16689
2583 3 16698
2584 0 16688
2584 1 16689
2584 2 16691
2584 3 16690
2584 4 16695
2585 0 16688
2585 1 16689
2585 2 16694
2585 3 16698
2585 4 16697
2586 0 16688
2586 1 16689
2586 2 16703
2586 3 16723
2586 4 16697
2587 0 16688
2587 1 16689
2587 2 16694
2587 3 16690
2587 4 16697
2588 0 16688
2588 1 16689
2588 2 16694
2588 3 16690
2588 4 16697
2589 0 16688
2589 1 16689
2589 3 16698
2590 0 16721
2590 1 16689
2590 3 16690
2591 0 16702
2591 1 16689
2591 2 16703
2591 3 16698
2592 0 16688
2592 1 16689
2592 2 16694
2592 3 16698
2592 4 16697
2593 0 16688
2593 1 16689
2593 3 16698
2593 4 16697
2594 0 16688
2594 1 16689
2594 3 16698
2594 4 16697
2595 0 16688
2595 1 16689
2595 2 16694
2595 3 16723
2595 4 16695
2596 0 16688
2596 1 16689
2596 3 16690
2596 4 16695
2597 0 16688
2597 1 16689
2597 2 16694
2597 3 16723
2597 4 16695
2598 0 16688
2598 1 16689
2598 2 16694
2598 3 16690
2598 4 16695
2599 0 16688
2599 1 16689
2599 3 16698
2600 0 16688
2600 1 16689
2600 2 16694
2600 3 16709
2600 4 16697
2601 0 16688
2601 1 16689
2601 2 16694
2601 3 16698
2601 4 16697
2602 0 16688
2602 1 16689
2602 2 16704
2602 3 16698
2602 4 16695
2603 0 16688
2603 1 16689
2603 2 16694
2603 3 16698
2603 4 16697
2604 0 16688
2604 1 16689
2604 2 16694
2604 3 16696
2604 4 16697
2605 0 16688
2605 1 16689
2605 3 16709
2605 4 16695
2606 0 16688
2606 1 16689
2606 2 16708
2606 3 16696
2607 0 16688
2607 1 16689
2607 2 16708
2607 3 16723
2608 0 16688
2608 1 16689
2608 3 16696
2608 4 16695
2609 0 16688
2609 1 16689
2609 2 16694
2609 3 16698
2609 4 16697
2610 0 16702
2610 1 16689
2610 2 16694
2610 3 16698
2610 4 16697
2611 0 16702
2611 1 16689
2611 2 16703
2611 3 16698
2612 0 16688
2612 1 16707
2612 2 16691
2612 3 16698
2612 4 16697
2613 0 16702
2613 1 16689
2613 2 16694
2613 3 16690
2613 4 16697
2614 0 16688
2614 1 16689
2614 2 16691
2614 3 16696
2615 0 16688
2615 1 16689
2615 3 16698
2615 4 16695
2616 0 16688
2616 1 16689
2616 2 16694
2616 3 16723
2616 4 16695
2617 0 16688
2617 1 16689
2617 2 16694
2617 3 16690
2617 4 16697
2618 0 16688
2618 1 16689
2618 3 16698
2619 0 16688
2619 1 16689
2619 2 16694
2619 3 16698
2619 4 16697
2620 0 16688
2620 1 16689
2620 2 16694
2620 3 16690
2620 4 16695
2621 0 16702
2621 1 16689
2621 2 16694
2621 3 16690
2621 4 16697
2622 0 16688
2622 1 16689
2622 2 16694
2622 3 16698
2622 4 16695
2623 0 16688
2623 1 16689
2623 3 16696
2623 4 16695
2624 0 16702
2624 1 16689
2624 3 16709
2624 4 16697
2625 0 16688
2625 1 16689
2625 2 16694
2625 3 16698
2625 4 16697
2626 0 16688
2626 1 16689
2626 2 16694
2626 3 16696
2626 4 16697
2627 0 16688
2627 1 16689
2627 2 16691
2627 3 16690
2628 0 16688
2628 1 16689
2628 3 16690
2629 0 16702
2629 1 16689
2629 2 16703
2629 3 16698
2629 4 16697
2630 0 16688
2630 1 16689
2630 2 16694
2630 3 16698
2630 4 16697
2631 0 16688
2631 1 16689
2631 3 16698
2632 0 16712
2632 1 16700
2632 2 16694
2632 3 16690
2633 0 16688
2633 1 16700
2633 2 16703
2633 3 16690
2634 0 16688
2634 1 16689
2634 2 16694
2634 3 16698
2634 4 16695
2635 0 16688
2635 1 16693
2635 2 16694
2635 3 16698
2635 4 16695
2636 0 16688
2636 1 16689
2636 2 16691
2636 3 16690
2637 0 16688
2637 1 16689
2637 2 16694
2637 3 16698
2637 4 16697
2638 0 16688
2638 1 16689
2638 2 16694
2638 3 16709
2638 4 16695
2639 0 16688
2639 1 16689
2639 2 16691
2639 3 16698
2640 0 16688
2640 1 16689
2640 2 16708
2640 3 16723
2641 0 16688
2641 1 16689
2641 3 16698
2642 0 16688
2642 1 16689
2642 2 16708
2642 3 16690
2643 0 16688
2643 1 16689
2643 2 16691
2643 3 16696
2644 0 16688
2644 1 16689
2644 3 16696
2644 4 16695
2645 0 16705
2645 1 16689
2645 2 16706
2645 3 16698
2645 4 16695
2646 0 16702
2646 1 16689
2646 2 16694
2646 3 16690
2647 0 16688
2647 1 16689
2647 2 16694
2647 3 16698
2647 4 16697
2648 0 16688
2648 1 16689
2648 2 16708
2648 3 16723
2649 0 16688
2649 1 16689
2649 2 16708
2649 3 16696
2650 0 16688
2650 1 16689
2650 2 16706
2650 3 16698
2650 4 16695
2651 0 16688
2651 1 16700
2651 2 16708
2651 3 16723
2652 0 16688
2652 1 16689
2652 2 16694
2652 3 16698
2652 4 16697
2653 0 16688
2653 1 16689
2653 2 16694
2653 3 16698
2653 4 16697
2654 0 16688
2654 1 16689
2654 2 16691
2654 3 16698
2655 0 16702
2655 1 16689
2655 2 16703
2655 3 16698
2656 0 16688
2656 1 16689
2656 3 16696
2656 4 16695
2657 0 16688
2657 1 16689
2657 2 16694
2657 3 16698
2657 4 16695
2658 0 16712
2658 1 16700
2658 2 16694
2658 3 16698
2658 4 16697
2659 0 16702
2659 1 16689
2659 2 16694
2659 3 16698
2659 4 16695
2660 0 16688
2660 1 16689
2660 2 16691
2660 3 16698
2661 0 16688
2661 1 16689
2661 2 16694
2661 3 16698
2661 4 16697
2662 0 16688
2662 1 16689
2662 2 16694
2662 3 16698
2663 0 16688
2663 1 16689
2663 2 16694
2663 3 16690
2663 4 16697
2664 0 16688
2664 1 16689
2664 3 16690
2664 4 16695
2665 0 16688
2665 1 16689
2665 2 16691
2665 3 16698
2666 0 16702
2666 1 16689
2666 2 16703
2666 3 16698
2667 0 16688
2667 1 16689
2667 2 16694
2667 3 16698
2667 4 16695
2668 0 16702
2668 1 16689
2668 2 16703
2668 3 16698
2669 0 16688
2669 1 16689
2669 3 16696
2670 0 16702
2670 1 16689
2670 2 16703
2670 3 16698
2671 0 16688
2671 1 16689
2671 2 16708
2671 3 16723
2672 0 16688
2672 1 16689
2672 2 16708
2672 3 16696
2673 0 16688
2673 1 16689
2673 2 16691
2673 3 16698
2674 0 16688
2674 1 16689
2674 2 16694
2674 3 16698
2675 0 16688
2675 1 16689
2675 2 16694
2675 3 16698
2675 4 16697
2676 0 16688
2676 1 16689
2676 2 16694
2676 3 16696
2676 4 16697
2677 0 16688
2677 1 16689
2677 2 16694
2677 3 16690
2677 4 16695
2678 0 16688
2678 1 16689
2678 2 16694
2678 3 16690
2678 4 16695
2679 0 16688
2679 1 16689
2679 2 16691
2679 3 16698
2680 0 16688
2680 1 16689
2680 2 16694
2680 3 16690
2680 4 16697
2681 0 16688
2681 1 16689
2681 2 16727
2681 3 16698
2682 0 16688
2682 1 16689
2682 2 16694
2682 3 16698
2683 0 16688
2683 1 16689
2683 2 16694
2683 3 16698
2683 4 16695
2684 0 16688
2684 1 16689
2684 2 16694
2684 3 16696
2684 4 16697
2685 0 16688
2685 1 16689
2685 2 16699
2685 3 16696
2685 4 16695
2686 0 16688
2686 1 16689
2686 2 16694
2686 3 16698
2686 4 16697
2687 0 16688
2687 1 16689
2687 3 16696
2687 4 16697
2688 0 16688
2688 1 16689
2688 2 16694
2688 3 16690
2688 4 16697
2689 0 16702
2689 1 16689
2689 2 16703
2689 3 16698
2690 0 16688
2690 1 16689
2690 2 16694
2690 3 16698
2691 0 16702
2691 1 16689
2691 2 16703
2691 3 16690
2691 4 16695
2692 0 16688
2692 1 16689
2692 2 16694
2692 3 16723
2692 4 16695
2693 0 16702
2693 1 16689
2693 2 16703
2693 3 16698
2694 0 16688
2694 1 16689
2694 3 16696
2695 0 16702
2695 1 16689
2695 2 16703
2695 3 16696
2695 4 16695
2696 0 16688
2696 1 16689
2696 2 16694
2696 3 16698
2696 4 16695
2697 0 16688
2697 1 16689
2697 3 16690
2697 4 16695
2698 0 16702
2698 1 16689
2698 2 16703
2698 3 16698
2698 4 16697
2699 0 16688
2699 1 16689
2699 2 16694
2699 3 16698
2700 0 16717
2700 1 16689
2700 2 16694
2700 3 16698
2700 4 16695
2701 0 16724
2701 1 16689
2701 3 16709
2701 4 16695
2702 0 16702
2702 1 16689
2702 2 16703
2702 3 16698
2702 4 16697
2703 0 16688
2703 1 16689
2703 2 16694
2703 3 16696
2703 4 16695
2704 0 16688
2704 1 16700
2704 2 16708
2704 3 16723
2705 0 16688
2705 1 16689
2705 2 16694
2705 3 16696
2705 4 16697
2706 0 16688
2706 1 16689
2706 2 16694
2706 3 16690
2706 4 16695
2707 0 16702
2707 1 16689
2707 2 16694
2707 3 16698
2707 4 16695
2708 0 16688
2708 1 16689
2708 3 16698
2708 4 16697
2709 0 16688
2709 1 16689
2709 2 16691
2709 3 16690
2710 0 16688
2710 1 16689
2710 2 16691
2710 3 16723
2711 0 16688
2711 1 16689
2711 2 16694
2711 3 16698
2711 4 16697
2712 0 16688
2712 1 16689
2712 2 16694
2712 3 16698
2712 4 16695
2713 0 16688
2713 1 16689
2713 2 16694
2713 3 16698
2713 4 16697
2714 0 16688
2714 1 16689
2714 2 16694
2714 3 16698
2714 4 16697
2715 0 16688
2715 1 16689
2715 2 16691
2715 3 16690
2716 0 16688
2716 1 16689
2716 2 16699
2716 3 16698
2717 0 16688
2717 1 16689
2717 3 16690
2717 4 16695
2718 0 16688
2718 1 16689
2718 2 16694
2718 3 16698
2718 4 16695
2719 0 16702
2719 1 16689
2719 2 16703
2719 3 16698
2719 4 16697
2720 0 16688
2720 1 16689
2720 2 16694
2720 3 16690
2720 4 16697
2721 0 16702
2721 1 16689
2721 2 16694
2721 3 16698
2722 0 16688
2722 1 16689
2722 2 16694
2722 3 16698
2722 4 16695
2723 0 16688
2723 1 16689
2723 2 16694
2723 3 16698
2723 4 16697
2724 0 16688
2724 1 16689
2724 2 16704
2724 3 16698
2724 4 16695
2725 0 16688
2725 1 16689
2725 3 16698
2725 4 16697
2726 0 16688
2726 1 16689
2726 2 16694
2726 3 16696
2726 4 16695
2727 0 16688
2727 1 16689
2727 2 16694
2727 3 16690
2727 4 16697
2728 0 16688
2728 1 16689
2728 2 16694
2728 3 16698
2728 4 16697
2729 0 16688
2729 1 16689
2729 2 16694
2729 3 16698
2729 4 16697
2730 0 16688
2730 1 16689
2730 3 16696
2730 4 16695
2731 0 16688
2731 1 16689
2731 3 16698
2732 0 16688
2732 1 16689
2732 2 16694
2732 3 16696
2732 4 16697
2733 0 16688
2733 1 16689
2733 2 16694
2733 3 16698
2733 4 16695
2734 0 16688
2734 1 16689
2734 2 16694
2734 3 16698
2735 0 16717
2735 1 16689
2735 2 16694
2735 3 16709
2735 4 16697
2736 0 16688
2736 1 16689
2736 2 16694
2736 3 16698
2736 4 16697
2737 0 16688
2737 1 16689
2737 2 16694
2737 3 16723
2738 0 16688
2738 1 16689
2738 2 16727
2738 3 16690
2738 4 16695
2739 0 16702
2739 1 16689
2739 2 16694
2739 3 16698
2739 4 16695
2740 0 16688
2740 1 16689
2740 2 16694
2740 3 16698
2740 4 16697
2741 0 16688
2741 1 16689
2741 2 16694
2741 3 16698
2741 4 16697
2742 0 16688
2742 1 16689
2742 3 16698
2743 0 16688
2743 1 16689
2743 3 16698
2743 4 16695
2744 0 16688
2744 1 16689
2744 2 16694
2744 3 16698
2744 4 16697
2745 0 16688
2745 1 16689
2745 3 16698
2745 4 16697
2746 0 16688
2746 1 16689
2746 2 16694
2746 3 16690
2746 4 16695
2747 0 16702
2747 1 16689
2747 2 16694
2747 3 16690
2747 4 16695
2748 0 16702
2748 1 16689
2748 2 16703
2748 3 16690
2748 4 16695
2749 0 16688
2749 1 16689
2749 3 16709
2749 4 16695
2750 0 16688
2750 1 16689
2750 2 16691
2750 3 16690
2751 0 16717
2751 1 16689
2751 2 16727
2751 3 16698
2751 4 16697
2752 0 16688
2752 1 16689
2752 2 16694
2752 3 16709
2752 4 16697
2753 0 16688
2753 1 16689
2753 2 16694
2753 3 16696
2753 4 16697
2754 0 16688
2754 1 16689
2754 2 16691
2754 3 16690
2755 0 16688
2755 1 16689
2755 3 16709
2755 4 16695
2756 0 16702
2756 1 16689
2756 2 16703
2756 3 16698
2756 4 16695
2757 0 16688
2757 1 16689
2757 3 16690
2758 0 16688
2758 1 16689
2758 3 16698
2759 0 16688
2759 1 16689
2759 3 16698
2760 0 16688
2760 1 16689
2760 2 16699
2760 3 16690
2760 4 16695
2761 0 16688
2761 1 16689
2761 2 16694
2761 3 16723
2761 4 16697
2762 0 16712
2762 1 16689
2762 2 16694
2762 3 16698
2762 4 16697
2763 0 16688
2763 1 16689
2763 2 16708
2763 3 16696
2764 0 16688
2764 1 16689
2764 2 16694
2764 3 16690
2765 0 16688
2765 1 16689
2765 2 16694
2765 3 16698
2765 4 16695
2766 0 16688
2766 1 16689
2766 2 16694
2766 3 16698
2766 4 16695
2767 0 16688
2767 1 16689
2767 2 16694
2767 3 16723
2767 4 16695
2768 0 16688
2768 1 16689
2768 2 16694
2768 3 16698
2768 4 16695
2769 0 16688
2769 1 16689
2769 2 16694
2769 3 16698
2769 4 16695
2770 0 16688
2770 1 16689
2770 2 16691
2770 3 16723
2771 0 16688
2771 1 16689
2771 2 16694
2771 3 16696
2771 4 16697
2772 0 16688
2772 1 16689
2772 3 16698
2772 4 16697
2773 0 16688
2773 1 16689
2773 2 16694
2773 3 16696
2773 4 16695
2774 0 16688
2774 1 16689
2774 2 16703
2774 3 16698
2774 4 16697
2775 0 16688
2775 1 16689
2775 3 16698
2775 4 16697
2776 0 16688
2776 1 16689
2776 3 16698
2776 4 16697
2777 0 16688
2777 1 16689
2777 2 16694
2777 3 16698
2777 4 16695
2778 0 16688
2778 1 16689
2778 3 16696
2779 0 16688
2779 1 16689
2779 2 16708
2779 3 16696
2780 0 16688
2780 1 16689
2780 2 16694
2780 3 16698
2780 4 16695
2781 0 16688
2781 1 16689
2781 2 16694
2781 3 16698
2781 4 16697
2782 0 16688
2782 1 16689
2782 2 16694
2782 3 16698
2782 4 16697
2783 0 16688
2783 1 16689
2783 2 16694
2783 3 16698
2783 4 16697
2784 0 16731
2784 1 16689
2784 2 16694
2784 3 16698
2784 4 16695
2785 0 16688
2785 1 16689
2785 2 16694
2785 3 16698
2785 4 16695
2786 0 16688
2786 1 16689
2786 3 16696
2786 4 16695
2787 0 16688
2787 1 16689
2787 2 16694
2787 3 16690
2787 4 16695
2788 0 16688
2788 1 16689
2788 3 16698
2788 4 16697
2789 0 16688
2789 1 16689
2789 2 16691
2789 3 16698
2790 0 16688
2790 1 16689
2790 2 16694
2790 3 16698
2790 4 16697
2791 0 16688
2791 1 16707
2791 2 16694
2791 3 16696
2791 4 16695
2792 0 16688
2792 1 16689
2792 2 16694
2792 3 16698
2793 0 16712
2793 1 16689
2793 2 16694
2793 3 16690
2793 4 16697
2794 0 16688
2794 1 16689
2794 2 16694
2794 3 16698
2794 4 16695
2795 0 16688
2795 1 16689
2795 3 16709
2795 4 16697
2796 0 16688
2796 1 16689
2796 2 16694
2796 3 16696
2796 4 16697
2797 0 16688
2797 1 16689
2797 2 16694
2797 3 16696
2797 4 16695
2798 0 16688
2798 1 16689
2798 2 16694
2798 3 16698
2798 4 16697
2799 0 16688
2799 1 16689
2799 2 16691
2799 3 16696
2800 0 16688
2800 1 16689
2800 2 16694
2800 3 16723
2800 4 16695
2801 0 16688
2801 1 16689
2801 2 16691
2801 3 16723
2802 0 16688
2802 1 16689
2802 3 16698
2802 4 16697
2803 0 16688
2803 1 16689
2803 2 16691
2803 3 16698
2804 0 16688
2804 1 16689
2804 2 16699
2804 3 16698
2805 0 16688
2805 1 16689
2805 2 16691
2805 3 16698
2806 0 16688
2806 1 16689
2806 2 16691
2806 3 16690
2807 0 16688
2807 1 16689
2807 3 16698
2807 4 16695
2808 0 16688
2808 1 16689
2808 3 16723
2809 0 16688
2809 1 16689
2809 2 16691
2809 3 16696
2810 0 16688
2810 1 16689
2810 2 16708
2810 3 16723
2811 0 16688
2811 1 16689
2811 2 16708
2811 3 16696
2812 0 16688
2812 1 16689
2812 2 16691
2812 3 16698
2813 0 16688
2813 1 16689
2813 2 16691
2813 3 16698
2814 0 16688
2814 1 16689
2814 2 16691
2814 3 16698
2815 0 16688
2815 1 16689
2815 2 16727
2815 3 16696
2815 4 16695
2816 0 16717
2816 1 16689
2816 2 16694
2816 3 16698
2816 4 16695
2817 0 16688
2817 1 16689
2817 2 16694
2817 3 16698
2817 4 16697
2818 0 16702
2818 1 16689
2818 2 16694
2818 3 16690
2818 4 16695
2819 0 16688
2819 1 16689
2819 2 16699
2819 3 16690
2819 4 16697
2820 0 16688
2820 1 16689
2820 2 16694
2820 3 16698
2820 4 16697
2821 0 16688
2821 1 16689
2821 2 16691
2821 3 16723
2822 0 16688
2822 1 16689
2822 2 16694
2822 3 16698
2823 0 16688
2823 1 16689
2823 2 16694
2823 3 16690
2823 4 16697
2824 0 16688
2824 1 16689
2824 2 16694
2824 3 16698
2824 4 16695
2825 0 16688
2825 1 16700
2825 2 16694
2825 3 16698
2825 4 16697
2826 0 16688
2826 1 16689
2826 2 16694
2826 3 16709
2826 4 16695
2827 0 16688
2827 1 16689
2827 2 16694
2827 3 16723
2827 4 16695
2828 0 16717
2828 1 16689
2828 2 16694
2828 3 16698
2828 4 16695
2829 0 16688
2829 1 16689
2829 2 16694
2829 3 16690
2829 4 16697
2830 0 16688
2830 1 16689
2830 2 16694
2830 3 16698
2830 4 16695
2831 0 16702
2831 1 16689
2831 2 16694
2831 3 16698
2831 4 16695
2832 0 16702
2832 1 16689
2832 2 16694
2832 3 16698
2832 4 16695
2833 0 16688
2833 1 16689
2833 2 16727
2833 3 16698
2833 4 16695
2834 0 16688
2834 1 16689
2834 2 16694
2834 3 16698
2834 4 16695
2835 0 16688
2835 1 16689
2835 2 16727
2835 3 16709
2835 4 16695
2836 0 16688
2836 1 16689
2836 2 16694
2836 3 16698
2837 0 16717
2837 1 16689
2837 2 16694
2837 3 16709
2837 4 16695
2838 0 16688
2838 1 16689
2838 2 16694
2838 3 16698
2839 0 16717
2839 1 16689
2839 3 16698
2839 4 16695
2840 0 16688
2840 1 16689
2840 2 16703
2840 3 16723
2840 4 16695
2841 0 16688
2841 1 16689
2841 2 16694
2841 3 16698
2841 4 16697
2842 0 16702
2842 1 16689
2842 2 16703
2842 3 16698
2842 4 16697
2843 0 16688
2843 1 16689
2843 2 16694
2843 3 16696
2843 4 16697
2844 0 16688
2844 1 16689
2844 2 16691
2844 3 16698
2845 0 16688
2845 1 16689
2845 2 16694
2845 3 16698
2845 4 16695
2846 0 16688
2846 1 16689
2846 2 16694
2846 3 16698
2846 4 16697
2847 0 16688
2847 1 16689
2847 2 16708
2847 3 16723
2848 0 16688
2848 1 16689
2848 2 16708
2848 3 16723
2849 0 16688
2849 1 16689
2849 2 16694
2849 3 16698
2849 4 16697
2850 0 16688
2850 1 16689
2850 2 16694
2850 3 16698
2850 4 16695
2851 0 16688
2851 1 16689
2851 2 16694
2851 3 16709
2851 4 16695
2852 0 16688
2852 1 16700
2852 2 16708
2852 3 16696
2853 0 16688
2853 1 16689
2853 3 16698
2854 0 16688
2854 1 16689
2854 3 16698
2854 4 16697
2855 0 16688
2855 1 16689
2855 2 16727
2855 3 16696
2855 4 16695
2856 0 16688
2856 1 16689
2856 3 16690
2856 4 16695
2857 0 16688
2857 1 16689
2857 2 16694
2857 3 16698
2857 4 16697
2858 0 16688
2858 1 16689
2858 2 16694
2858 3 16698
2858 4 16695
2859 0 16688
2859 1 16689
2859 2 16694
2859 3 16698
2859 4 16695
2860 0 16688
2860 1 16689
2860 2 16694
2860 3 16698
2860 4 16697
2861 0 16688
2861 1 16689
2861 3 16698
2861 4 16697
2862 0 16702
2862 1 16689
2862 2 16703
2862 3 16698
2862 4 16697
2863 0 16717
2863 1 16689
2863 2 16694
2863 3 16698
2863 4 16695
2864 0 16717
2864 1 16689
2864 2 16694
2864 3 16698
2864 4 16697
2865 0 16688
2865 1 16689
2865 2 16691
2865 3 16690
2866 0 16688
2866 1 16689
2866 2 16694
2866 3 16690
2867 0 16688
2867 1 16689
2867 2 16694
2867 3 16690
2867 4 16697
2868 0 16688
2868 1 16689
2868 2 16699
2868 3 16698
2869 0 16717
2869 1 16689
2869 2 16694
2869 3 16698
2869 4 16695
2870 0 16688
2870 1 16689
2870 2 16691
2870 3 16698
2871 0 16688
2871 1 16689
2871 2 16694
2871 3 16723
2871 4 16695
2872 0 16688
2872 1 16689
2872 2 16694
2872 3 16698
2872 4 16695
2873 0 16719
2873 1 16689
2873 3 16698
2874 0 16719
2874 1 16689
2874 2 16703
2874 3 16698
2875 0 16717
2875 1 16689
2875 2 16703
2875 3 16698
2875 4 16697
2876 0 16719
2876 1 16689
2876 3 16698
2877 0 16719
2877 1 16689
2877 2 16694
2877 3 16690
2878 0 16688
2878 1 16689
2878 2 16694
2878 3 16723
2879 0 16688
2879 1 16689
2879 2 16694
2879 3 16709
2880 0 16721
2880 1 16689
2880 2 16703
2880 3 16690
2881 0 16688
2881 1 16689
2881 2 16694
2881 3 16696
2881 4 16695
2882 0 16688
2882 1 16689
2882 2 16694
2882 3 16698
2883 0 16688
2883 1 16689
2883 3 16698
2883 4 16695
2884 0 16688
2884 1 16689
2884 2 16694
2884 3 16698
2884 4 16695
2885 0 16688
2885 1 16689
2885 2 16694
2885 3 16698
2886 0 16688
2886 1 16689
2886 2 16694
2886 3 16698
2887 0 16688
2887 1 16693
2887 3 16698
2887 4 16695
2888 0 16702
2888 1 16689
2888 2 16694
2888 3 16690
2888 4 16697
2889 0 16688
2889 1 16689
2889 2 16694
2889 3 16698
2889 4 16697
2890 0 16688
2890 1 16689
2890 3 16698
2890 4 16695
2891 0 16688
2891 1 16689
2891 2 16694
2891 3 16698
2892 0 16702
2892 1 16689
2892 2 16694
2892 3 16698
2892 4 16695
2893 0 16688
2893 1 16689
2893 2 16694
2893 3 16698
2893 4 16697
2894 0 16688
2894 1 16700
2894 2 16694
2894 3 16698
2894 4 16697
2895 0 16688
2895 1 16689
2895 2 16694
2895 3 16690
2895 4 16697
2896 0 16702
2896 1 16689
2896 2 16703
2896 3 16698
2896 4 16697
2897 0 16702
2897 1 16689
2897 2 16703
2897 3 16698
2897 4 16695
2898 0 16688
2898 1 16689
2898 2 16694
2898 3 16698
2898 4 16695
2899 0 16688
2899 1 16689
2899 2 16694
2899 3 16698
2899 4 16695
2900 0 16688
2900 1 16689
2900 2 16694
2900 3 16723
2900 4 16697
2901 0 16688
2901 1 16689
2901 2 16727
2901 3 16698
2901 4 16697
2902 0 16688
2902 1 16689
2902 2 16694
2902 3 16698
2902 4 16697
2903 0 16688
2903 1 16689
2903 2 16694
2903 3 16698
2903 4 16697
2904 0 16688
2904 1 16689
2904 2 16694
2904 3 16698
2904 4 16695
2905 0 16688
2905 1 16689
2905 2 16691
2905 3 16698
2906 0 16688
2906 1 16689
2906 2 16694
2906 3 16698
2906 4 16697
2907 0 16688
2907 1 16689
2907 3 16698
2907 4 16697
2908 0 16688
2908 1 16689
2908 2 16694
2908 3 16698
2908 4 16695
2909 0 16688
2909 1 16689
2909 2 16694
2909 3 16698
2909 4 16697
2910 0 16688
2910 1 16689
2910 2 16708
2910 3 16696
2911 0 16688
2911 1 16689
2911 2 16694
2911 3 16698
2911 4 16695
2912 0 16688
2912 1 16689
2912 3 16723
2913 0 16688
2913 1 16689
2913 2 16694
2913 3 16709
2913 4 16695
2914 0 16688
2914 1 16689
2914 2 16694
2914 3 16698
2914 4 16697
2915 0 16688
2915 1 16689
2915 3 16698
2915 4 16695
2916 0 16688
2916 1 16689
2916 3 16698
2917 0 16688
2917 1 16689
2917 2 16694
2917 3 16698
2918 0 16688
2918 1 16689
2918 3 16698
2919 0 16688
2919 1 16689
2919 2 16694
2919 3 16698
2920 0 16688
2920 1 16700
2920 3 16690
2920 4 16695
2921 0 16702
2921 1 16689
2921 2 16694
2921 3 16698
2921 4 16697
2922 0 16688
2922 1 16689
2922 2 16691
2922 3 16709
2923 0 16688
2923 1 16689
2923 3 16698
2923 4 16697
2924 0 16688
2924 1 16689
2924 2 16699
2924 3 16698
2925 0 16702
2925 1 16689
2925 2 16703
2925 3 16698
2926 0 16688
2926 1 16689
2926 2 16691
2926 3 16698
2927 0 16688
2927 1 16689
2927 2 16727
2927 3 16698
2928 0 16688
2928 1 16689
2928 2 16703
2928 3 16690
2928 4 16697
2929 0 16688
2929 1 16689
2929 3 16698
2929 4 16695
2930 0 16688
2930 1 16689
2930 2 16699
2930 3 16698
2931 0 16688
2931 1 16689
2931 2 16691
2931 3 16698
2932 0 16688
2932 1 16689
2932 2 16694
2932 3 16690
2932 4 16697
2933 0 16688
2933 1 16689
2933 2 16691
2933 3 16723
2934 0 16688
2934 1 16689
2934 3 16723
2935 0 16688
2935 1 16689
2935 2 16727
2935 3 16696
2935 4 16695
2936 0 16688
2936 1 16689
2936 2 16694
2936 3 16698
2936 4 16695
2937 0 16688
2937 1 16689
2937 2 16703
2937 3 16690
2937 4 16697
2938 0 16688
2938 1 16689
2938 2 16694
2938 3 16698
2938 4 16695
2939 0 16688
2939 1 16689
2939 2 16694
2939 3 16698
2939 4 16697
2940 0 16688
2940 1 16689
2940 2 16694
2940 3 16698
2940 4 16695
2941 0 16688
2941 1 16689
2941 2 16694
2941 3 16698
2942 0 16692
2942 1 16689
2942 2 16694
2942 3 16698
2943 0 16688
2943 1 16689
2943 2 16694
2943 3 16698
2944 0 16688
2944 1 16689
2944 2 16694
2944 3 16698
2945 0 16688
2945 1 16689
2945 2 16694
2945 3 16698
2945 4 16695
2946 0 16688
2946 1 16700
2946 2 16694
2946 3 16698
2946 4 16695
2947 0 16688
2947 1 16689
2947 2 16694
2947 3 16723
2948 0 16717
2948 1 16689
2948 2 16694
2948 3 16698
2948 4 16697
2949 0 16688
2949 1 16689
2949 2 16694
2949 3 16698
2949 4 16695
2950 0 16688
2950 1 16689
2950 2 16694
2950 3 16698
2950 4 16697
2951 0 16688
2951 1 16693
2951 3 16690
2951 4 16695
2952 0 16702
2952 1 16689
2952 2 16694
2952 3 16698
2952 4 16695
2953 0 16688
2953 1 16693
2953 2 16694
2953 3 16690
2953 4 16695
2954 0 16688
2954 1 16689
2954 3 16698
2955 0 16688
2955 1 16689
2955 2 16694
2955 3 16696
2955 4 16695
2956 0 16688
2956 1 16689
2956 2 16694
2956 3 16698
2956 4 16697
2957 0 16688
2957 1 16689
2957 2 16694
2957 3 16698
2957 4 16697
2958 0 16731
2958 1 16689
2958 2 16694
2958 3 16698
2958 4 16697
2959 0 16731
2959 1 16689
2959 2 16716
2959 3 16698
2959 4 16697
2960 0 16688
2960 1 16689
2960 2 16694
2960 3 16698
2960 4 16695
2961 0 16688
2961 1 16689
2961 2 16694
2961 3 16690
2961 4 16697
2962 0 16688
2962 1 16689
2962 2 16694
2962 3 16698
2962 4 16697
2963 0 16688
2963 1 16689
2963 2 16694
2963 3 16698
2963 4 16695
2964 0 16688
2964 1 16689
2964 2 16694
2964 3 16696
2964 4 16697
2965 0 16702
2965 1 16689
2965 2 16703
2965 3 16690
2966 0 16702
2966 1 16689
2966 2 16716
2966 3 16709
2966 4 16695
2967 0 16688
2967 1 16693
2967 2 16694
2967 3 16698
2968 0 16692
2968 1 16689
2968 2 16694
2968 3 16698
2969 0 16688
2969 1 16689
2969 2 16691
2969 3 16690
2970 0 16688
2970 1 16689
2970 2 16694
2970 3 16690
2970 4 16695
2971 0 16717
2971 1 16689
2971 2 16703
2971 3 16690
2971 4 16697
2972 0 16702
2972 1 16693
2972 2 16703
2972 3 16690
2973 0 16688
2973 1 16689
2973 2 16708
2973 3 16696
2974 0 16692
2974 1 16689
2974 2 16718
2974 3 16698
2975 0 16688
2975 1 16693
2975 2 16691
2975 3 16690
2975 4 16697
2976 0 16688
2976 1 16689
2976 2 16708
2976 3 16698
2977 0 16688
2977 1 16689
2977 2 16708
2977 3 16696
2978 0 16688
2978 1 16689
2978 2 16708
2978 3 16696
2979 0 16702
2979 1 16693
2979 2 16716
2979 3 16696
2980 0 16688
2980 1 16689
2980 2 16704
2980 3 16698
2980 4 16697
2981 0 16688
2981 1 16693
2981 2 16716
2981 3 16723
2982 0 16688
2982 1 16689
2982 2 16691
2982 3 16698
2983 0 16688
2983 1 16693
2983 2 16718
2983 3 16723
2984 0 16705
2984 1 16693
2984 2 16716
2984 3 16696
2984 4 16695
2985 0 16702
2985 1 16693
2985 2 16718
2985 3 16709
2985 4 16697
2986 0 16717
2986 1 16689
2986 2 16694
2986 3 16690
2987 0 16688
2987 1 16693
2987 2 16694
2987 3 16723
2987 4 16697
2988 0 16688
2988 1 16693
2988 2 16691
2988 3 16698
2989 0 16688
2989 1 16689
2989 2 16708
2989 3 16696
2990 0 16688
2990 1 16689
2990 2 16691
2990 3 16709
2991 0 16688
2991 1 16689
2991 2 16716
2991 3 16723
2991 4 16695
2992 0 16688
2992 1 16689
2992 2 16691
2992 3 16723
2993 0 16692
2993 1 16689
2993 2 16708
2993 3 16696
2994 0 16688
2994 1 16689
2994 2 16708
2994 3 16698
2995 0 16688
2995 1 16693
2995 2 16704
2995 3 16698
2995 4 16697
2996 0 16692
2996 1 16689
2996 2 16716
2996 3 16709
2996 4 16695
2997 0 16688
2997 1 16689
2997 2 16708
2997 3 16709
2998 0 16688
2998 1 16689
2998 2 16703
2998 3 16696
2999 0 16702
2999 1 16693
2999 2 16694
2999 3 16698
3000 0 16688
3000 1 16693
3000 2 16718
3000 3 16696
3001 0 16705
3001 1 16689
3001 2 16708
3001 3 16696
3002 0 16688
3002 1 16689
3002 2 16708
3002 3 16696
3003 0 16688
3003 1 16693
3003 2 16716
3003 3 16690
3003 4 16695
3004 0 16688
3004 1 16689
3004 2 16718
3004 3 16696
3004 4 16697
3005 0 16688
3005 1 16689
3005 2 16694
3005 3 16696
3006 0 16688
3006 1 16689
3006 2 16708
3006 3 16723
3007 0 16688
3007 1 16693
3007 2 16691
3007 3 16690
3007 4 16695
3008 0 16688
3008 1 16689
3008 2 16694
3008 3 16690
3008 4 16697
3009 0 16721
3009 1 16689
3009 2 16716
3009 3 16723
3010 0 16688
3010 1 16689
3010 2 16708
3010 3 16690
3011 0 16688
3011 1 16693
3011 2 16694
3011 3 16723
3011 4 16697
3012 0 16688
3012 1 16689
3012 2 16704
3012 3 16709
3012 4 16697
3013 0 16688
3013 1 16689
3013 2 16699
3013 3 16709
3013 4 16697
3014 0 16688
3014 1 16693
3014 2 16699
3014 3 16723
3014 4 16697
3015 0 16688
3015 1 16689
3015 2 16716
3015 3 16690
3015 4 16697
3016 0 16692
3016 1 16689
3016 2 16694
3016 3 16723
3016 4 16695
3017 0 16688
3017 1 16689
3017 2 16691
3017 3 16698
3018 0 16688
3018 1 16689
3018 2 16694
3018 3 16690
3018 4 16695
3019 0 16688
3019 1 16689
3019 2 16703
3019 3 16696
3020 0 16688
3020 1 16689
3020 2 16694
3020 3 16696
3020 4 16697
3021 0 16688
3021 1 16689
3021 2 16718
3021 3 16709
3022 0 16688
3022 1 16693
3022 2 16718
3022 3 16698
3023 0 16692
3023 1 16689
3023 2 16694
3023 3 16696
3023 4 16695
3024 0 16688
3024 1 16693
3024 2 16716
3024 3 16696
3024 4 16695
3025 0 16688
3025 1 16689
3025 2 16708
3025 3 16723
3026 0 16688
3026 1 16689
3026 2 16708
3026 3 16723
3027 0 16692
3027 1 16689
3027 2 16716
3027 3 16698
3028 0 16688
3028 1 16693
3028 2 16691
3028 3 16709
3029 0 16688
3029 1 16693
3029 2 16716
3029 3 16696
3029 4 16695
3030 0 16688
3030 1 16689
3030 2 16708
3030 3 16723
3031 0 16688
3031 1 16689
3031 2 16694
3031 3 16698
3032 0 16688
3032 1 16689
3032 2 16704
3032 3 16723
3032 4 16695
3033 0 16688
3033 1 16689
3033 2 16708
3033 3 16723
3034 0 16705
3034 1 16693
3034 2 16718
3034 3 16696
3035 0 16692
3035 1 16689
3035 2 16703
3035 3 16696
3036 0 16688
3036 1 16689
3036 2 16708
3036 3 16723
3037 0 16702
3037 1 16693
3037 2 16694
3037 3 16709
3038 0 16688
3038 1 16689
3038 2 16694
3038 3 16709
3038 4 16697
3039 0 16688
3039 1 16689
3039 2 16694
3039 3 16696
3039 4 16695
3040 0 16688
3040 1 16689
3040 2 16703
3040 3 16723
3041 0 16688
3041 1 16689
3041 2 16694
3041 3 16698
3041 4 16697
3042 0 16688
3042 1 16689
3042 2 16691
3042 3 16709
3043 0 16688
3043 1 16689
3043 2 16694
3043 3 16698
3043 4 16697
3044 0 16702
3044 1 16689
3044 2 16694
3044 3 16698
3045 0 16688
3045 1 16693
3045 2 16694
3045 3 16698
3046 0 16688
3046 1 16693
3046 2 16703
3046 3 16698
3047 0 16688
3047 1 16693
3047 2 16694
3047 3 16698
3048 0 16688
3048 1 16693
3048 3 16698
3049 0 16688
3049 1 16689
3049 2 16703
3049 3 16698
3050 0 16688
3050 1 16689
3050 2 16708
3050 3 16696
3051 0 16688
3051 1 16689
3051 2 16694
3051 3 16709
3052 0 16702
3052 1 16689
3052 2 16703
3052 3 16698
3053 0 16688
3053 1 16693
3053 2 16699
3053 3 16696
3053 4 16695
3054 0 16688
3054 1 16689
3054 2 16704
3054 3 16696
3054 4 16697
3055 0 16705
3055 1 16689
3055 2 16708
3055 3 16698
3056 0 16702
3056 1 16693
3056 2 16726
3056 3 16709
3057 0 16688
3057 1 16689
3057 2 16694
3057 3 16698
3057 4 16697
3058 0 16692
3058 1 16689
3058 2 16694
3058 3 16698
3059 0 16702
3059 1 16689
3059 2 16694
3059 3 16709
3059 4 16695
3060 0 16688
3060 1 16689
3060 2 16694
3060 3 16698
3061 0 16688
3061 1 16689
3061 2 16726
3061 3 16696
3062 0 16692
3062 1 16689
3062 2 16694
3062 3 16696
3062 4 16697
3063 0 16688
3063 1 16689
3063 2 16694
3063 3 16696
3063 4 16697
3064 0 16717
3064 1 16693
3064 2 16716
3064 3 16690
3064 4 16695
3065 0 16688
3065 1 16693
3065 2 16708
3065 3 16698
3066 0 16717
3066 1 16693
3066 2 16703
3066 3 16690
3066 4 16695
3067 0 16688
3067 1 16689
3067 2 16703
3067 3 16723
3068 0 16688
3068 1 16689
3068 2 16694
3068 3 16690
3069 0 16688
3069 1 16689
3069 2 16703
3069 3 16698
3070 0 16688
3070 1 16689
3070 2 16708
3070 3 16723
3071 0 16688
3071 1 16693
3071 2 16703
3071 3 16709
3072 0 16688
3072 1 16689
3072 2 16708
3072 3 16696
3073 0 16688
3073 1 16689
3073 2 16694
3073 3 16690
3073 4 16695
3074 0 16688
3074 1 16700
3074 2 16708
3074 3 16709
3075 0 16714
3075 1 16693
3075 2 16716
3075 3 16696
3075 4 16697
3076 0 16688
3076 1 16700
3076 2 16708
3076 3 16696
3077 0 16688
3077 1 16689
3077 2 16706
3077 3 16723
3077 4 16695
3078 0 16688
3078 1 16693
3078 2 16703
3078 3 16698
3079 0 16688
3079 1 16700
3079 2 16710
3079 3 16696
3080 0 16688
3080 1 16700
3080 2 16708
3080 3 16723
3081 0 16688
3081 1 16689
3081 2 16708
3081 3 16723
3082 0 16688
3082 1 16689
3082 2 16726
3082 3 16709
3082 4 16697
3083 0 16688
3083 1 16693
3083 2 16704
3083 3 16698
3083 4 16695
3084 0 16688
3084 1 16689
3084 2 16708
3084 3 16698
3085 0 16688
3085 1 16693
3085 2 16718
3085 3 16698
3085 4 16697
3086 0 16688
3086 1 16689
3086 2 16706
3086 3 16723
3086 4 16697
3087 0 16688
3087 1 16693
3087 2 16699
3087 3 16709
3088 0 16688
3088 1 16689
3088 2 16703
3088 3 16709
3089 0 16688
3089 1 16693
3089 2 16691
3089 3 16696
3089 4 16695
3090 0 16688
3090 1 16693
3090 2 16691
3090 3 16698
3090 4 16695
3091 0 16692
3091 1 16689
3091 2 16694
3091 3 16698
3091 4 16695
3092 0 16688
3092 1 16689
3092 2 16704
3092 3 16690
3092 4 16697
3093 0 16688
3093 1 16689
3093 2 16703
3093 3 16698
3093 4 16695
3094 0 16705
3094 1 16689
3094 2 16708
3094 3 16698
3095 0 16688
3095 1 16693
3095 2 16706
3095 3 16690
3095 4 16695
3096 0 16692
3096 1 16689
3096 2 16694
3096 3 16698
3096 4 16695
3097 0 16688
3097 1 16693
3097 2 16706
3097 3 16690
3098 0 16688
3098 1 16689
3098 2 16694
3098 3 16696
3098 4 16697
3099 0 16688
3099 1 16689
3099 2 16694
3099 3 16698
3099 4 16695
3100 0 16705
3100 1 16693
3100 2 16716
3100 3 16690
3100 4 16695
3101 0 16688
3101 1 16693
3101 2 16694
3101 3 16709
3101 4 16697
3102 0 16688
3102 1 16689
3102 2 16708
3102 3 16690
3103 0 16688
3103 1 16689
3103 2 16708
3103 3 16696
3104 0 16688
3104 1 16689
3104 2 16708
3104 3 16690
3105 0 16712
3105 1 16689
3105 2 16708
3105 3 16723
3106 0 16688
3106 1 16689
3106 2 16704
3106 3 16698
3106 4 16695
3107 0 16722
3107 1 16693
3107 2 16706
3107 3 16723
3107 4 16695
3108 0 16688
3108 1 16689
3108 2 16716
3108 3 16690
3109 0 16688
3109 1 16689
3109 2 16708
3109 3 16696
3110 0 16688
3110 1 16693
3110 2 16716
3110 3 16690
3110 4 16697
3111 0 16688
3111 1 16693
3111 2 16703
3111 3 16698
3112 0 16688
3112 1 16689
3112 2 16694
3112 3 16723
3112 4 16695
3113 0 16688
3113 1 16689
3113 2 16694
3113 3 16696
3113 4 16697
3114 0 16702
3114 1 16689
3114 2 16694
3114 3 16698
3115 0 16688
3115 1 16693
3115 2 16706
3115 3 16698
3115 4 16695
3116 0 16688
3116 1 16689
3116 2 16716
3116 3 16723
3117 0 16688
3117 1 16693
3117 2 16704
3117 3 16709
3117 4 16697
3118 0 16705
3118 1 16689
3118 2 16704
3118 3 16696
3118 4 16697
3119 0 16688
3119 1 16693
3119 2 16716
3119 3 16709
3119 4 16695
3120 0 16688
3120 1 16693
3120 2 16704
3120 3 16698
3120 4 16697
3121 0 16688
3121 1 16693
3121 2 16716
3121 3 16696
3121 4 16697
3122 0 16688
3122 1 16693
3122 2 16704
3122 3 16696
3123 0 16712
3123 1 16689
3123 2 16694
3123 3 16696
3123 4 16697
3124 0 16721
3124 1 16693
3124 2 16694
3124 3 16709
3124 4 16695
3125 0 16688
3125 1 16693
3125 2 16706
3125 3 16698
3125 4 16697
3126 0 16688
3126 1 16693
3126 2 16727
3126 3 16723
3126 4 16697
3127 0 16688
3127 1 16707
3127 2 16694
3127 3 16709
3128 0 16713
3128 1 16693
3128 2 16694
3128 3 16690
3129 0 16688
3129 1 16693
3129 2 16704
3129 3 16696
3130 0 16688
3130 1 16689
3130 2 16718
3130 3 16698
3131 0 16688
3131 1 16693
3131 2 16694
3131 3 16696
3131 4 16697
3132 0 16721
3132 1 16689
3132 2 16694
3132 3 16696
3132 4 16697
3133 0 16688
3133 1 16693
3133 2 16716
3133 3 16698
3133 4 16697
3134 0 16688
3134 1 16693
3134 2 16716
3134 3 16709
3134 4 16695
3135 0 16688
3135 1 16689
3135 2 16704
3135 3 16723
3136 0 16688
3136 1 16693
3136 2 16691
3136 3 16698
3137 0 16688
3137 1 16689
3137 2 16691
3137 3 16698
3138 0 16688
3138 1 16689
3138 2 16691
3138 3 16709
3139 0 16688
3139 1 16689
3139 2 16704
3139 3 16690
3139 4 16728
3140 0 16688
3140 1 16700
3140 2 16703
3140 3 16696
3141 0 16717
3141 1 16689
3141 2 16704
3141 3 16709
3142 0 16688
3142 1 16689
3142 2 16704
3142 3 16709
3142 4 16697
3143 0 16688
3143 1 16693
3143 2 16704
3143 3 16696
3143 4 16695
3144 0 16688
3144 1 16689
3144 2 16716
3144 3 16690
3144 4 16695
3145 0 16692
3145 1 16689
3145 2 16694
3145 3 16696
3145 4 16697
3146 0 16702
3146 1 16693
3146 2 16703
3146 3 16698
3146 4 16695
3147 0 16688
3147 1 16693
3147 2 16716
3147 3 16696
3147 4 16697
3148 0 16688
3148 1 16689
3148 2 16691
3148 3 16690
3149 0 16688
3149 1 16689
3149 2 16708
3149 3 16696
3150 0 16688
3150 1 16689
3150 2 16708
3150 3 16709
3151 0 16688
3151 1 16689
3151 2 16708
3151 3 16723
3152 0 16688
3152 1 16689
3152 2 16699
3152 3 16690
3152 4 16697
3153 0 16688
3153 1 16700
3153 2 16703
3153 3 16696
3154 0 16717
3154 1 16693
3154 2 16716
3154 3 16709
3154 4 16697
3155 0 16688
3155 1 16689
3155 2 16708
3155 3 16696
3156 0 16688
3156 1 16689
3156 2 16708
3156 3 16696
3157 0 16688
3157 1 16689
3157 2 16703
3157 3 16698
3158 0 16717
3158 1 16693
3158 2 16703
3158 3 16698
3158 4 16695
3159 0 16713
3159 1 16689
3159 2 16716
3159 3 16723
3159 4 16697
3160 0 16717
3160 1 16689
3160 2 16716
3160 3 16723
3160 4 16695
3161 0 16717
3161 1 16689
3161 2 16718
3161 3 16690
3162 0 16713
3162 1 16689
3162 2 16708
3162 3 16698
3163 0 16717
3163 1 16689
3163 2 16716
3163 3 16690
3163 4 16697
3164 0 16713
3164 1 16693
3164 3 16709
3164 4 16695
3165 0 16688
3165 1 16689
3165 2 16704
3165 3 16698
3165 4 16697
3166 0 16688
3166 1 16689
3166 2 16694
3166 3 16723
3166 4 16695
3167 0 16731
3167 1 16689
3167 2 16706
3167 3 16709
3167 4 16697
3168 0 16720
3168 1 16689
3168 2 16694
3168 3 16709
3168 4 16695
3169 0 16688
3169 1 16689
3169 2 16718
3169 3 16690
3170 0 16717
3170 1 16693
3170 2 16703
3170 3 16696
3170 4 16695
3171 0 16717
3171 1 16689
3171 2 16708
3171 3 16690
3172 0 16713
3172 1 16689
3172 2 16708
3172 3 16690
3173 0 16717
3173 1 16689
3173 2 16718
3173 3 16723
3173 4 16695
3174 0 16731
3174 1 16689
3174 2 16694
3174 3 16709
3174 4 16697
3175 0 16717
3175 1 16689
3175 2 16716
3175 3 16690
3176 0 16705
3176 1 16689
3176 2 16694
3176 3 16698
3176 4 16695
3177 0 16717
3177 1 16693
3177 2 16694
3177 3 16723
3177 4 16695
3178 0 16717
3178 1 16693
3178 2 16716
3178 3 16696
3178 4 16697
3179 0 16702
3179 1 16693
3179 2 16703
3179 3 16690
3180 0 16688
3180 1 16689
3180 2 16708
3180 3 16723
3181 0 16713
3181 1 16693
3181 2 16704
3181 3 16709
3181 4 16695
3182 0 16717
3182 1 16689
3182 2 16704
3182 3 16690
3183 0 16701
3183 1 16689
3183 2 16708
3183 3 16696
3184 0 16702
3184 1 16693
3184 2 16706
3184 3 16723
3184 4 16697
3185 0 16692
3185 1 16689
3185 2 16694
3185 3 16696
3185 4 16697
3186 0 16688
3186 1 16689
3186 2 16708
3186 3 16690
3187 0 16688
3187 1 16693
3187 2 16694
3187 3 16696
3187 4 16697
3188 0 16702
3188 1 16689
3188 2 16694
3188 3 16698
3189 0 16701
3189 1 16689
3189 2 16708
3189 3 16690
3190 0 16702
3190 1 16693
3190 2 16704
3190 3 16698
3190 4 16695
3191 0 16702
3191 1 16693
3191 2 16704
3191 3 16690
3191 4 16695
3192 0 16713
3192 1 16689
3192 2 16710
3192 3 16698
3193 0 16688
3193 1 16689
3193 2 16718
3193 3 16723
3193 4 16695
3194 0 16688
3194 1 16693
3194 2 16703
3194 3 16709
3195 0 16702
3195 1 16693
3195 2 16694
3195 3 16723
3195 4 16697
3196 0 16717
3196 1 16689
3196 2 16704
3196 3 16698
3196 4 16695
3197 0 16702
3197 1 16693
3197 2 16703
3197 3 16698
3198 0 16688
3198 1 16689
3198 2 16708
3198 3 16698
3199 0 16702
3199 1 16689
3199 2 16694
3199 3 16723
3199 4 16695
3200 0 16688
3200 1 16693
3200 2 16691
3200 3 16723
3201 0 16713
3201 1 16689
3201 2 16694
3201 3 16698
3202 0 16688
3202 1 16689
3202 2 16691
3202 3 16696
3203 0 16717
3203 1 16693
3203 2 16716
3203 3 16696
3203 4 16695
3204 0 16702
3204 1 16693
3204 2 16703
3204 3 16698
3205 0 16717
3205 1 16689
3205 2 16716
3205 3 16690
3205 4 16695
3206 0 16692
3206 1 16689
3206 2 16694
3206 3 16709
3207 0 16688
3207 1 16707
3207 2 16694
3207 3 16698
3208 0 16721
3208 1 16689
3208 2 16708
3208 3 16690
3209 0 16688
3209 1 16689
3209 2 16708
3209 3 16709
3210 0 16688
3210 1 16693
3210 2 16716
3210 3 16698
3210 4 16697
3211 0 16692
3211 1 16689
3211 2 16716
3211 3 16698
3212 0 16688
3212 1 16689
3212 2 16708
3212 3 16698
3213 0 16688
3213 1 16700
3213 2 16703
3213 3 16690
3213 4 16695
3214 0 16688
3214 1 16693
3214 2 16694
3214 3 16698
3214 4 16695
3215 0 16688
3215 1 16689
3215 2 16704
3215 3 16698
3216 0 16688
3216 1 16693
3216 2 16694
3216 3 16723
3216 4 16695
3217 0 16692
3217 1 16689
3217 2 16694
3217 3 16690
3217 4 16695
3218 0 16688
3218 1 16689
3218 2 16708
3218 3 16709
3219 0 16692
3219 1 16689
3219 2 16694
3219 3 16698
3219 4 16697
3220 0 16688
3220 1 16689
3220 2 16694
3220 3 16690
3220 4 16697
3221 0 16688
3221 1 16689
3221 2 16694
3221 3 16698
3221 4 16697
3222 0 16688
3222 1 16693
3222 2 16694
3222 3 16698
3222 4 16697
3223 0 16688
3223 1 16707
3223 2 16694
3223 3 16690
3223 4 16697
3224 0 16688
3224 1 16689
3224 2 16694
3224 3 16698
3224 4 16697
3225 0 16688
3225 1 16707
3225 2 16694
3225 3 16690
3225 4 16695
3226 0 16688
3226 1 16707
3226 2 16694
3226 3 16696
3226 4 16695
3227 0 16688
3227 1 16693
3227 2 16694
3227 3 16696
3227 4 16695
3228 0 16688
3228 1 16707
3228 2 16704
3228 3 16698
3228 4 16695
3229 0 16688
3229 1 16707
3229 2 16694
3229 3 16696
3230 0 16688
3230 1 16707
3230 2 16694
3230 3 16723
3230 4 16695
3231 0 16688
3231 1 16689
3231 2 16708
3231 3 16709
3232 0 16688
3232 1 16707
3232 2 16694
3232 3 16696
3232 4 16697
3233 0 16688
3233 1 16707
3233 2 16694
3233 3 16690
3233 4 16697
3234 0 16688
3234 1 16700
3234 2 16703
3234 3 16696
3235 0 16688
3235 1 16707
3235 2 16694
3235 3 16690
3235 4 16697
3236 0 16688
3236 1 16689
3236 2 16703
3236 3 16696
3237 0 16688
3237 1 16693
3237 2 16694
3237 3 16696
3237 4 16695
3238 0 16688
3238 1 16693
3238 2 16694
3238 3 16690
3239 0 16688
3239 1 16693
3239 2 16703
3239 3 16690
3239 4 16695
3240 0 16688
3240 1 16689
3240 3 16690
3241 0 16712
3241 1 16689
3241 2 16708
3241 3 16696
3242 0 16688
3242 1 16693
3242 2 16718
3242 3 16698
3242 4 16695
3243 0 16688
3243 1 16689
3243 2 16691
3243 3 16698
3244 0 16688
3244 1 16693
3244 2 16694
3244 3 16696
3245 0 16688
3245 1 16689
3245 2 16708
3245 3 16709
3246 0 16688
3246 1 16689
3246 2 16716
3246 3 16690
3246 4 16695
3247 0 16688
3247 1 16689
3247 2 16694
3247 3 16698
3247 4 16695
3248 0 16692
3248 1 16693
3248 2 16694
3248 3 16723
3248 4 16695
3249 0 16688
3249 1 16693
3249 2 16704
3249 3 16690
3249 4 16695
3250 0 16688
3250 1 16689
3250 2 16694
3250 3 16690
3250 4 16697
3251 0 16688
3251 1 16693
3251 2 16727
3251 3 16698
3251 4 16697
3252 0 16688
3252 1 16689
3252 2 16708
3252 3 16709
3253 0 16717
3253 1 16693
3253 2 16694
3253 3 16696
3253 4 16695
3254 0 16715
3254 1 16689
3254 2 16708
3254 3 16709
3255 0 16688
3255 1 16693
3255 2 16691
3255 3 16698
3256 0 16688
3256 1 16689
3256 2 16708
3256 3 16709
3257 0 16702
3257 1 16693
3257 3 16690
3257 4 16695
3258 0 16688
3258 1 16689
3258 2 16708
3258 3 16690
3259 0 16688
3259 1 16689
3259 2 16708
3259 3 16709
3260 0 16688
3260 1 16689
3260 2 16708
3260 3 16723
3261 0 16688
3261 1 16689
3261 2 16708
3261 3 16723
3262 0 16688
3262 1 16693
3262 2 16694
3262 3 16696
3262 4 16695
3263 0 16688
3263 1 16689
3263 2 16718
3263 3 16698
3263 4 16695
3264 0 16688
3264 1 16689
3264 2 16708
3264 3 16723
3265 0 16688
3265 1 16689
3265 2 16703
3265 3 16723
3266 0 16688
3266 1 16689
3266 2 16703
3266 3 16696
3267 0 16688
3267 1 16689
3267 2 16708
3267 3 16709
3268 0 16688
3268 1 16689
3268 2 16703
3268 3 16709
3269 0 16688
3269 1 16689
3269 2 16694
3269 3 16690
3270 0 16688
3270 1 16689
3270 2 16704
3270 3 16696
3271 0 16688
3271 1 16689
3271 2 16703
3271 3 16709
3272 0 16688
3272 1 16689
3272 2 16708
3272 3 16698
3273 0 16688
3273 1 16689
3273 2 16694
3273 3 16709
3273 4 16695
3274 0 16688
3274 1 16689
3274 2 16718
3274 3 16690
3275 0 16688
3275 1 16693
3275 2 16694
3275 3 16698
3276 0 16688
3276 1 16693
3276 2 16704
3276 3 16690
3276 4 16695
3277 0 16688
3277 1 16693
3277 2 16694
3277 3 16698
3278 0 16702
3278 1 16689
3278 2 16694
3278 3 16690
3279 0 16688
3279 1 16693
3279 2 16694
3279 3 16696
3279 4 16697
3280 0 16688
3280 1 16693
3280 2 16718
3280 3 16696
3280 4 16695
3281 0 16688
3281 1 16689
3281 2 16703
3281 3 16709
3282 0 16688
3282 1 16689
3282 2 16694
3282 3 16696
3282 4 16697
3283 0 16688
3283 1 16707
3283 2 16694
3283 3 16696
3283 4 16695
3284 0 16688
3284 1 16700
3284 2 16694
3284 3 16723
3285 0 16688
3285 1 16693
3285 2 16694
3285 3 16723
3285 4 16695
3286 0 16688
3286 1 16693
3286 2 16694
3286 3 16709
3286 4 16697
3287 0 16688
3287 1 16689
3287 2 16694
3287 3 16696
3287 4 16697
3288 0 16688
3288 1 16689
3288 3 16723
3288 4 16697
3289 0 16688
3289 1 16693
3289 2 16694
3289 3 16690
3289 4 16697
3290 0 16688
3290 1 16693
3290 2 16694
3290 3 16709
3291 0 16688
3291 1 16689
3291 2 16703
3291 3 16690
3291 4 16697
3292 0 16688
3292 1 16689
3292 2 16694
3292 3 16709
3293 0 16688
3293 1 16689
3293 2 16694
3293 3 16709
3293 4 16697
3294 0 16705
3294 1 16689
3294 2 16694
3294 3 16709
3294 4 16697
3295 0 16692
3295 1 16689
3295 2 16694
3295 3 16723
3295 4 16695
3296 0 16713
3296 1 16689
3296 2 16694
3296 3 16723
3296 4 16695
3297 0 16692
3297 1 16689
3297 2 16694
3297 3 16690
3297 4 16695
3298 0 16692
3298 1 16689
3298 2 16703
3298 3 16723
3298 4 16695
3299 0 16688
3299 1 16689
3299 2 16704
3299 3 16723
3299 4 16697
3300 0 16701
3300 1 16689
3300 2 16704
3300 3 16690
3300 4 16697
3301 0 16688
3301 1 16689
3301 2 16694
3301 3 16690
3302 0 16713
3302 1 16689
3302 2 16704
3302 3 16696
3303 0 16692
3303 1 16689
3303 2 16694
3303 3 16696
3303 4 16695
3304 0 16701
3304 1 16689
3304 2 16694
3304 3 16696
3304 4 16697
3305 0 16692
3305 1 16689
3305 2 16694
3305 3 16709
3305 4 16697
3306 0 16688
3306 1 16689
3306 2 16704
3306 3 16696
3306 4 16697
3307 0 16688
3307 1 16689
3307 2 16694
3307 3 16696
3307 4 16695
3308 0 16688
3308 1 16689
3308 2 16694
3308 3 16709
3308 4 16697
3309 0 16688
3309 1 16689
3309 2 16708
3309 3 16696
3310 0 16720
3310 1 16689
3310 2 16694
3310 3 16723
3310 4 16697
3311 0 16712
3311 1 16689
3311 2 16694
3311 3 16690
3311 4 16697
3312 0 16712
3312 1 16700
3312 2 16694
3312 3 16696
3312 4 16695
3313 0 16714
3313 1 16689
3313 2 16694
3313 3 16723
3313 4 16697
3314 0 16712
3314 1 16707
3314 2 16694
3314 3 16709
3314 4 16697
3315 0 16712
3315 1 16689
3315 2 16694
3315 3 16690
3315 4 16697
3316 0 16688
3316 1 16689
3316 2 16694
3316 3 16709
3316 4 16695
3317 0 16688
3317 1 16689
3317 2 16694
3317 3 16709
3317 4 16695
3318 0 16712
3318 1 16689
3318 2 16694
3318 3 16696
3318 4 16697
3319 0 16712
3319 1 16689
3319 2 16694
3319 3 16723
3319 4 16697
3320 0 16688
3320 1 16707
3320 2 16694
3320 3 16696
3320 4 16697
3321 0 16712
3321 1 16689
3321 2 16694
3321 3 16709
3321 4 16697
3322 0 16701
3322 1 16689
3322 2 16694
3322 3 16698
3323 0 16688
3323 1 16689
3323 2 16694
3323 3 16709
3323 4 16695
3324 0 16701
3324 1 16689
3324 2 16694
3324 3 16698
3324 4 16695
3325 0 16688
3325 1 16693
3325 2 16703
3325 3 16698
3325 4 16697
3326 0 16688
3326 1 16693
3326 2 16704
3326 3 16698
3326 4 16697
3327 0 16688
3327 1 16689
3327 2 16694
3327 3 16696
3327 4 16695
3328 0 16688
3328 1 16693
3328 2 16694
3328 3 16698
3328 4 16697
3329 0 16688
3329 1 16689
3329 2 16704
3329 3 16698
3329 4 16695
3330 0 16688
3330 1 16693
3330 2 16694
3330 3 16698
3330 4 16697
3331 0 16724
3331 1 16689
3331 2 16694
3331 3 16696
3332 0 16705
3332 1 16689
3332 2 16708
3332 3 16696
3333 0 16701
3333 1 16693
3333 2 16694
3333 3 16709
3333 4 16697
3334 0 16688
3334 1 16689
3334 2 16708
3334 3 16723
3335 0 16688
3335 1 16689
3335 2 16708
3335 3 16723
3336 0 16731
3336 1 16693
3336 2 16704
3336 3 16698
3336 4 16695
3337 0 16688
3337 1 16693
3337 2 16704
3337 3 16696
3337 4 16695
3338 0 16701
3338 1 16689
3338 2 16694
3338 3 16698
3338 4 16697
3339 0 16688
3339 1 16689
3339 2 16703
3339 3 16698
3339 4 16697
3340 0 16702
3340 1 16693
3340 2 16704
3340 3 16698
3340 4 16695
3341 0 16688
3341 1 16707
3341 2 16694
3341 3 16690
3341 4 16695
3342 0 16688
3342 1 16707
3342 2 16704
3342 3 16696
3342 4 16697
3343 0 16688
3343 1 16707
3343 2 16694
3343 3 16696
3343 4 16697
3344 0 16688
3344 1 16707
3344 2 16704
3344 3 16696
3344 4 16697
3345 0 16701
3345 1 16707
3345 2 16694
3345 3 16690
3345 4 16697
3346 0 16688
3346 1 16689
3346 2 16704
3346 3 16690
3346 4 16697
3347 0 16688
3347 1 16689
3347 2 16704
3347 3 16696
3348 0 16705
3348 1 16693
3348 2 16694
3348 3 16723
3348 4 16728
3349 0 16688
3349 1 16689
3349 2 16694
3349 3 16709
3350 0 16688
3350 1 16689
3350 2 16694
3350 3 16709
3350 4 16697
3351 0 16688
3351 1 16693
3351 2 16694
3351 3 16698
3351 4 16695
3352 0 16688
3352 1 16689
3352 2 16703
3352 3 16696
3353 0 16688
3353 1 16689
3353 2 16694
3353 3 16696
3354 0 16688
3354 1 16689
3354 2 16694
3354 3 16723
3354 4 16695
3355 0 16688
3355 1 16689
3355 2 16703
3355 3 16698
3356 0 16688
3356 1 16689
3356 2 16694
3356 3 16698
3356 4 16695
3357 0 16688
3357 1 16693
3357 2 16703
3357 3 16698
3358 0 16688
3358 1 16689
3358 2 16703
3358 3 16690
3359 0 16688
3359 1 16689
3359 2 16694
3359 3 16696
3360 0 16688
3360 1 16693
3360 2 16694
3360 3 16698
3361 0 16688
3361 1 16689
3361 2 16694
3361 3 16690
3362 0 16688
3362 1 16693
3362 2 16703
3362 3 16690
3363 0 16688
3363 1 16689
3363 2 16694
3363 3 16709
3363 4 16697
3364 0 16719
3364 1 16693
3364 2 16703
3364 3 16696
3365 0 16702
3365 1 16689
3365 2 16703
3365 3 16690
3365 4 16697
3366 0 16702
3366 1 16693
3366 2 16703
3366 3 16723
3366 4 16695
3367 0 16702
3367 1 16693
3367 2 16703
3367 3 16709
3367 4 16697
3368 0 16702
3368 1 16693
3368 2 16703
3368 3 16698
3368 4 16695
3369 0 16702
3369 1 16689
3369 2 16703
3369 3 16690
3369 4 16695
3370 0 16688
3370 1 16689
3370 2 16703
3370 3 16690
3371 0 16688
3371 1 16689
3371 2 16703
3371 3 16698
3371 4 16697
3372 0 16702
3372 1 16689
3372 2 16703
3372 3 16696
3372 4 16695
3373 0 16702
3373 1 16689
3373 2 16703
3373 3 16698
3374 0 16717
3374 1 16693
3374 2 16703
3374 3 16696
3374 4 16695
3375 0 16702
3375 1 16693
3375 2 16703
3375 3 16698
3375 4 16697
3376 0 16688
3376 1 16693
3376 2 16703
3376 3 16698
3377 0 16702
3377 1 16689
3377 2 16703
3377 3 16698
3377 4 16697
3378 0 16702
3378 1 16693
3378 2 16703
3378 3 16698
3378 4 16695
3379 0 16702
3379 1 16693
3379 2 16703
3379 3 16698
3380 0 16702
3380 1 16693
3380 2 16703
3380 3 16698
3381 0 16702
3381 1 16693
3381 2 16703
3381 3 16690
3382 0 16702
3382 1 16693
3382 2 16703
3382 3 16698
3383 0 16705
3383 1 16689
3383 2 16703
3383 3 16696
3383 4 16697
3384 0 16719
3384 1 16689
3384 2 16703
3384 3 16690
3384 4 16695
3385 0 16719
3385 1 16689
3385 2 16703
3385 3 16698
3385 4 16695
3386 0 16702
3386 1 16693
3386 2 16703
3386 3 16698
3387 0 16702
3387 1 16693
3387 2 16704
3387 3 16698
3387 4 16697
3388 0 16705
3388 1 16693
3388 2 16703
3388 3 16690
3388 4 16697
3389 0 16702
3389 1 16689
3389 2 16703
3389 3 16709
3389 4 16697
3390 0 16702
3390 1 16693
3390 2 16703
3390 3 16690
3390 4 16695
3391 0 16702
3391 1 16689
3391 2 16703
3391 3 16690
3391 4 16695
3392 0 16719
3392 1 16693
3392 2 16703
3392 3 16698
3393 0 16702
3393 1 16693
3393 2 16703
3393 3 16709
3393 4 16695
3394 0 16721
3394 1 16689
3394 2 16694
3394 3 16698
3394 4 16697
3395 0 16702
3395 1 16693
3395 2 16703
3395 3 16696
3396 0 16688
3396 1 16700
3396 2 16694
3396 3 16723
3396 4 16697
3397 0 16688
3397 1 16693
3397 2 16703
3397 3 16698
3398 0 16702
3398 1 16693
3398 2 16703
3398 3 16698
3399 0 16702
3399 1 16693
3399 2 16703
3399 3 16690
3400 0 16702
3400 1 16693
3400 2 16703
3400 3 16698
3400 4 16697
3401 0 16702
3401 1 16693
3401 2 16694
3401 3 16698
3401 4 16697
3402 0 16702
3402 1 16693
3402 2 16694
3402 3 16709
3402 4 16697
3403 0 16702
3403 1 16693
3403 2 16694
3403 3 16698
3403 4 16697
3404 0 16702
3404 1 16693
3404 2 16703
3404 3 16698
3404 4 16695
3405 0 16702
3405 1 16693
3405 2 16694
3405 3 16696
3405 4 16695
3406 0 16702
3406 1 16693
3406 2 16694
3406 3 16690
3406 4 16695
3407 0 16688
3407 1 16689
3407 2 16694
3407 3 16709
3407 4 16697
3408 0 16702
3408 1 16693
3408 2 16694
3408 3 16698
3408 4 16697
3409 0 16702
3409 1 16689
3409 2 16703
3409 3 16690
3409 4 16697
3410 0 16702
3410 1 16693
3410 2 16703
3410 3 16709
3410 4 16697
3411 0 16702
3411 1 16693
3411 2 16694
3411 3 16698
3411 4 16697
3412 0 16702
3412 1 16689
3412 2 16703
3412 3 16723
3412 4 16695
3413 0 16702
3413 1 16693
3413 2 16694
3413 3 16696
3413 4 16697
3414 0 16702
3414 1 16689
3414 2 16703
3414 3 16696
3415 0 16702
3415 1 16693
3415 2 16703
3415 3 16723
3415 4 16697
3416 0 16701
3416 1 16689
3416 2 16694
3416 3 16696
3416 4 16697
3417 0 16705
3417 1 16693
3417 2 16703
3417 3 16698
3417 4 16697
3418 0 16688
3418 1 16689
3418 2 16694
3418 3 16696
3418 4 16697
3419 0 16688
3419 1 16689
3419 2 16708
3419 3 16690
3420 0 16701
3420 1 16700
3420 2 16694
3420 3 16696
3420 4 16695
3421 0 16701
3421 1 16693
3421 2 16694
3421 3 16696
3421 4 16697
3422 0 16688
3422 1 16693
3422 2 16694
3422 3 16709
3422 4 16697
3423 0 16688
3423 1 16693
3423 2 16704
3423 3 16709
3423 4 16695
3424 0 16688
3424 1 16689
3424 2 16694
3424 3 16690
3424 4 16695
3425 0 16688
3425 1 16689
3425 2 16694
3425 3 16690
3425 4 16697
3426 0 16701
3426 1 16689
3426 2 16694
3426 3 16709
3426 4 16697
3427 0 16717
3427 1 16689
3427 2 16694
3427 3 16690
3427 4 16695
3428 0 16688
3428 1 16693
3428 2 16694
3428 3 16709
3428 4 16697
3429 0 16688
3429 1 16693
3429 2 16703
3429 3 16690
3430 0 16717
3430 1 16689
3430 2 16694
3430 3 16723
3430 4 16695
3431 0 16688
3431 1 16693
3431 2 16694
3431 3 16698
3431 4 16695
3432 0 16688
3432 1 16693
3432 2 16694
3432 3 16690
3432 4 16697
3433 0 16702
3433 1 16693
3433 2 16694
3433 3 16709
3433 4 16695
3434 0 16688
3434 1 16693
3434 2 16694
3434 3 16709
3434 4 16697
3435 0 16701
3435 1 16689
3435 2 16694
3435 3 16696
3435 4 16695
3436 0 16688
3436 1 16693
3436 2 16694
3436 3 16698
3436 4 16697
3437 0 16717
3437 1 16689
3437 2 16694
3437 3 16709
3437 4 16695
3438 0 16688
3438 1 16689
3438 2 16694
3438 3 16709
3438 4 16695
3439 0 16705
3439 1 16689
3439 2 16694
3439 3 16698
3439 4 16697
3440 0 16688
3440 1 16693
3440 2 16694
3440 3 16696
3440 4 16695
3441 0 16688
3441 1 16689
3441 2 16694
3441 3 16709
3441 4 16695
3442 0 16688
3442 1 16689
3442 2 16703
3442 3 16696
3443 0 16688
3443 1 16689
3443 2 16694
3443 3 16709
3443 4 16697
3444 0 16724
3444 1 16689
3444 2 16703
3444 3 16696
3444 4 16697
3445 0 16688
3445 1 16689
3445 2 16703
3445 3 16709
3446 0 16713
3446 1 16689
3446 2 16703
3446 3 16696
3446 4 16697
3447 0 16701
3447 1 16689
3447 2 16703
3447 3 16698
3447 4 16697
3448 0 16692
3448 1 16689
3448 2 16703
3448 3 16698
3449 0 16688
3449 1 16689
3449 2 16703
3449 3 16698
3449 4 16695
3450 0 16688
3450 1 16689
3450 2 16703
3450 3 16698
3450 4 16697
3451 0 16688
3451 1 16693
3451 2 16703
3451 3 16698
3451 4 16695
3452 0 16688
3452 1 16689
3452 2 16703
3452 3 16698
3452 4 16697
3453 0 16692
3453 1 16689
3453 2 16703
3453 3 16696
3453 4 16695
3454 0 16701
3454 1 16689
3454 2 16703
3454 3 16690
3454 4 16695
3455 0 16688
3455 1 16693
3455 2 16703
3455 3 16698
3455 4 16695
3456 0 16705
3456 1 16689
3456 2 16703
3456 3 16690
3456 4 16695
3457 0 16688
3457 1 16693
3457 2 16704
3457 3 16723
3457 4 16695
3458 0 16688
3458 1 16693
3458 2 16704
3458 3 16698
3459 0 16688
3459 1 16693
3459 2 16694
3459 3 16723
3459 4 16728
3460 0 16688
3460 1 16689
3460 2 16694
3460 3 16709
3460 4 16695
3461 0 16688
3461 1 16693
3461 2 16704
3461 3 16698
3461 4 16697
3462 0 16705
3462 1 16693
3462 2 16704
3462 3 16698
3462 4 16697
3463 0 16688
3463 1 16689
3463 2 16704
3463 3 16698
3463 4 16695
3464 0 16705
3464 1 16693
3464 2 16694
3464 3 16696
3464 4 16697
3465 0 16702
3465 1 16693
3465 2 16704
3465 3 16696
3465 4 16728
3466 0 16688
3466 1 16693
3466 2 16704
3466 3 16690
3466 4 16695
3467 0 16688
3467 1 16693
3467 2 16704
3467 3 16696
3468 0 16688
3468 1 16693
3468 2 16704
3468 3 16698
3468 4 16695
3469 0 16702
3469 1 16689
3469 2 16703
3469 3 16723
3469 4 16695
3470 0 16688
3470 1 16693
3470 2 16694
3470 3 16690
3470 4 16697
3471 0 16688
3471 1 16693
3471 2 16694
3471 3 16696
3471 4 16695
3472 0 16713
3472 1 16689
3472 2 16694
3472 3 16723
3472 4 16697
3473 0 16701
3473 1 16693
3473 2 16694
3473 3 16698
3474 0 16725
3474 1 16689
3474 2 16694
3474 3 16709
3474 4 16697
3475 0 16688
3475 1 16693
3475 2 16694
3475 3 16709
3475 4 16695
3476 0 16701
3476 1 16689
3476 2 16694
3476 3 16709
3476 4 16695
3477 0 16692
3477 1 16689
3477 2 16694
3477 3 16696
3477 4 16697
3478 0 16734
3478 1 16693
3478 2 16694
3478 3 16698
3478 4 16695
3479 0 16701
3479 1 16693
3479 2 16694
3479 3 16698
3479 4 16697
3480 0 16688
3480 1 16693
3480 2 16694
3480 3 16698
3480 4 16695
3481 0 16688
3481 1 16693
3481 2 16694
3481 3 16696
3481 4 16697
3482 0 16688
3482 1 16693
3482 2 16694
3482 3 16698
3482 4 16695
3483 0 16713
3483 1 16689
3483 2 16694
3483 3 16709
3483 4 16695
3484 0 16722
3484 1 16693
3484 2 16694
3484 3 16709
3484 4 16697
3485 0 16722
3485 1 16693
3485 2 16694
3485 3 16698
3485 4 16697
3486 0 16688
3486 1 16693
3486 2 16694
3486 3 16696
3486 4 16695
3487 0 16688
3487 1 16700
3487 2 16703
3487 3 16709
3488 0 16688
3488 1 16689
3488 2 16708
3488 3 16709
3489 0 16688
3489 1 16689
3489 2 16708
3489 3 16696
3489 4 16695
3490 0 16688
3490 1 16689
3490 2 16708
3490 3 16709
3491 0 16724
3491 1 16689
3491 2 16708
3491 3 16696
3492 0 16688
3492 1 16689
3492 2 16708
3492 3 16709
3493 0 16688
3493 1 16689
3493 2 16708
3493 3 16723
3494 0 16688
3494 1 16689
3494 2 16694
3494 3 16709
3494 4 16695
3495 0 16732
3495 1 16689
3495 2 16708
3495 3 16709
3496 0 16688
3496 1 16689
3496 2 16708
3496 3 16723
3497 0 16717
3497 1 16689
3497 2 16708
3497 3 16709
3498 0 16688
3498 1 16689
3498 2 16708
3498 3 16723
3499 0 16688
3499 1 16689
3499 2 16708
3499 3 16709
3500 0 16688
3500 1 16689
3500 2 16708
3500 3 16723
3501 0 16688
3501 1 16689
3501 2 16708
3501 3 16690
3502 0 16724
3502 1 16689
3502 2 16708
3502 3 16709
3503 0 16688
3503 1 16689
3503 2 16708
3503 3 16696
3504 0 16688
3504 1 16689
3504 2 16708
3504 3 16698
3505 0 16688
3505 1 16689
3505 2 16708
3505 3 16696
3506 0 16688
3506 1 16689
3506 2 16708
3506 3 16709
3507 0 16688
3507 1 16693
3507 2 16708
3507 3 16709
3508 0 16688
3508 1 16693
3508 2 16694
3508 3 16690
3509 0 16688
3509 1 16689
3509 2 16708
3509 3 16709
3510 0 16688
3510 1 16693
3510 2 16708
3510 3 16698
3511 0 16724
3511 1 16689
3511 2 16694
3511 3 16723
3512 0 16688
3512 1 16689
3512 2 16708
3512 3 16723
3513 0 16688
3513 1 16689
3513 2 16708
3513 3 16690
3514 0 16688
3514 1 16689
3514 2 16708
3514 3 16690
3515 0 16688
3515 1 16693
3515 2 16694
3515 3 16696
3515 4 16697
3516 0 16688
3516 1 16693
3516 2 16703
3516 3 16690
3516 4 16695
3517 0 16688
3517 1 16689
3517 2 16694
3517 3 16723
3517 4 16697
3518 0 16688
3518 1 16689
3518 2 16708
3518 3 16696
3519 0 16688
3519 1 16689
3519 2 16703
3519 3 16698
3519 4 16695
3520 0 16702
3520 1 16693
3520 2 16703
3520 3 16698
3520 4 16695
3521 0 16688
3521 1 16689
3521 2 16703
3521 3 16698
3521 4 16695
3522 0 16688
3522 1 16693
3522 2 16703
3522 3 16696
3522 4 16697
3523 0 16688
3523 1 16693
3523 2 16694
3523 3 16690
3523 4 16695
3524 0 16688
3524 1 16693
3524 2 16703
3524 3 16709
3524 4 16695
3525 0 16705
3525 1 16693
3525 2 16703
3525 3 16696
3526 0 16688
3526 1 16693
3526 2 16704
3526 3 16709
3526 4 16695
3527 0 16705
3527 1 16693
3527 2 16704
3527 3 16696
3527 4 16695
3528 0 16688
3528 1 16693
3528 2 16703
3528 3 16696
3528 4 16695
3529 0 16688
3529 1 16693
3529 2 16703
3529 3 16723
3530 0 16705
3530 1 16693
3530 2 16694
3530 3 16696
3530 4 16695
3531 0 16705
3531 1 16689
3531 2 16694
3531 3 16690
3531 4 16697
3532 0 16722
3532 1 16689
3532 2 16703
3532 3 16698
3532 4 16695
3533 0 16688
3533 1 16689
3533 2 16703
3533 3 16696
3533 4 16695
3534 0 16688
3534 1 16693
3534 2 16694
3534 3 16696
3535 0 16705
3535 1 16693
3535 2 16703
3535 3 16696
3536 0 16702
3536 1 16693
3536 2 16703
3536 3 16690
3536 4 16695
3537 0 16702
3537 1 16689
3537 2 16703
3537 3 16690
3537 4 16697
3538 0 16702
3538 1 16689
3538 2 16703
3538 3 16690
3539 0 16702
3539 1 16689
3539 2 16703
3539 3 16696
3539 4 16695
3540 0 16702
3540 1 16689
3540 2 16703
3540 3 16696
3540 4 16695
3541 0 16702
3541 1 16693
3541 2 16703
3541 3 16698
3541 4 16695
3542 0 16702
3542 1 16693
3542 2 16703
3542 3 16696
3542 4 16695
3543 0 16702
3543 1 16693
3543 2 16703
3543 3 16696
3543 4 16695
3544 0 16702
3544 1 16689
3544 2 16703
3544 3 16709
3544 4 16695
3545 0 16702
3545 1 16689
3545 2 16703
3545 3 16709
3545 4 16697
3546 0 16702
3546 1 16693
3546 2 16703
3546 3 16723
3546 4 16697
3547 0 16702
3547 1 16689
3547 2 16703
3547 3 16696
3547 4 16697
3548 0 16702
3548 1 16693
3548 2 16703
3548 3 16709
3548 4 16695
3549 0 16702
3549 1 16689
3549 2 16703
3549 3 16690
3549 4 16695
3550 0 16702
3550 1 16689
3550 2 16703
3550 3 16690
3550 4 16695
3551 0 16702
3551 1 16693
3551 2 16703
3551 3 16709
3552 0 16702
3552 1 16689
3552 2 16703
3552 3 16709
3552 4 16697
3553 0 16702
3553 1 16693
3553 2 16703
3553 3 16709
3553 4 16697
3554 0 16702
3554 1 16693
3554 2 16703
3554 3 16690
3554 4 16697
3555 0 16702
3555 1 16689
3555 2 16703
3555 3 16696
3555 4 16695
3556 0 16702
3556 1 16689
3556 2 16703
3556 3 16690
3556 4 16697
3557 0 16702
3557 1 16693
3557 2 16703
3557 3 16698
3557 4 16697
3558 0 16688
3558 1 16689
3558 2 16694
3558 3 16696
3558 4 16695
3559 0 16688
3559 1 16693
3559 2 16694
3559 3 16698
3559 4 16695
3560 0 16688
3560 1 16693
3560 2 16694
3560 3 16723
3560 4 16695
3561 0 16692
3561 1 16689
3561 2 16694
3561 3 16698
3561 4 16697
3562 0 16688
3562 1 16693
3562 2 16694
3562 3 16698
3562 4 16695
3563 0 16692
3563 1 16693
3563 2 16694
3563 3 16709
3563 4 16697
3564 0 16692
3564 1 16693
3564 2 16694
3564 3 16709
3564 4 16697
3565 0 16692
3565 1 16693
3565 2 16694
3565 3 16698
3565 4 16697
3566 0 16688
3566 1 16693
3566 2 16694
3566 3 16698
3566 4 16697
3567 0 16688
3567 1 16693
3567 2 16694
3567 3 16698
3567 4 16695
3568 0 16692
3568 1 16693
3568 2 16694
3568 3 16698
3568 4 16697
3569 0 16688
3569 1 16693
3569 2 16694
3569 3 16690
3569 4 16697
3570 0 16692
3570 1 16693
3570 2 16694
3570 3 16698
3570 4 16697
3571 0 16692
3571 1 16689
3571 2 16694
3571 3 16698
3571 4 16695
3572 0 16688
3572 1 16693
3572 2 16694
3572 3 16698
3572 4 16695
3573 0 16688
3573 1 16689
3573 2 16704
3573 3 16696
3573 4 16695
3574 0 16692
3574 1 16689
3574 2 16694
3574 3 16698
3574 4 16695
3575 0 16692
3575 1 16689
3575 2 16694
3575 3 16698
3576 0 16692
3576 1 16693
3576 2 16694
3576 3 16698
3576 4 16697
3577 0 16701
3577 1 16693
3577 2 16694
3577 3 16690
3577 4 16697
3578 0 16692
3578 1 16693
3578 2 16694
3578 3 16698
3578 4 16697
3579 0 16692
3579 1 16689
3579 2 16694
3579 3 16696
3579 4 16697
3580 0 16692
3580 1 16693
3580 2 16694
3580 3 16696
3580 4 16695
3581 0 16692
3581 1 16689
3581 2 16694
3581 3 16690
3581 4 16697
3582 0 16692
3582 1 16693
3582 2 16704
3582 3 16698
3582 4 16697
3583 0 16692
3583 1 16693
3583 2 16694
3583 3 16709
3583 4 16697
3584 0 16692
3584 1 16689
3584 2 16704
3584 3 16698
3585 0 16692
3585 1 16689
3585 2 16694
3585 3 16698
3585 4 16697
3586 0 16692
3586 1 16689
3586 2 16694
3586 3 16690
3586 4 16695
3587 0 16692
3587 1 16693
3587 2 16694
3587 3 16698
3587 4 16697
3588 0 16692
3588 1 16689
3588 2 16694
3588 3 16696
3589 0 16692
3589 1 16689
3589 2 16694
3589 3 16696
3589 4 16697
3590 0 16712
3590 1 16693
3590 2 16694
3590 3 16696
3590 4 16697
3591 0 16712
3591 1 16689
3591 2 16694
3591 3 16709
3591 4 16697
3592 0 16712
3592 1 16689
3592 2 16694
3592 3 16696
3592 4 16697
3593 0 16712
3593 1 16693
3593 2 16694
3593 3 16690
3593 4 16697
3594 0 16692
3594 1 16689
3594 2 16694
3594 3 16696
3594 4 16697
3595 0 16712
3595 1 16689
3595 2 16694
3595 3 16696
3595 4 16697
3596 0 16688
3596 1 16693
3596 2 16694
3596 3 16698
3596 4 16697
3597 0 16712
3597 1 16693
3597 2 16694
3597 3 16723
3597 4 16697
3598 0 16712
3598 1 16693
3598 2 16694
3598 3 16698
3598 4 16697
3599 0 16712
3599 1 16689
3599 2 16694
3599 3 16709
3599 4 16697
3600 0 16712
3600 1 16700
3600 2 16694
3600 3 16709
3600 4 16697
3601 0 16692
3601 1 16689
3601 2 16694
3601 3 16709
3601 4 16697
3602 0 16701
3602 1 16689
3602 2 16694
3602 3 16698
3602 4 16697
3603 0 16701
3603 1 16689
3603 2 16694
3603 3 16696
3603 4 16695
3604 0 16701
3604 1 16689
3604 2 16694
3604 3 16709
3604 4 16697
3605 0 16692
3605 1 16689
3605 2 16704
3605 3 16698
3605 4 16695
3606 0 16692
3606 1 16689
3606 2 16694
3606 3 16696
3606 4 16697
3607 0 16692
3607 1 16689
3607 2 16694
3607 3 16696
3608 0 16692
3608 1 16689
3608 2 16704
3608 3 16696
3608 4 16695
3609 0 16692
3609 1 16707
3609 2 16694
3609 3 16690
3609 4 16697
3610 0 16692
3610 1 16689
3610 2 16694
3610 3 16696
3610 4 16697
3611 0 16692
3611 1 16707
3611 2 16694
3611 3 16690
3611 4 16695
3612 0 16692
3612 1 16689
3612 2 16704
3612 3 16723
3612 4 16697
3613 0 16692
3613 1 16707
3613 2 16694
3613 3 16698
3613 4 16697
3614 0 16692
3614 1 16707
3614 2 16694
3614 3 16690
3614 4 16695
3615 0 16692
3615 1 16689
3615 2 16704
3615 3 16690
3615 4 16697
3616 0 16692
3616 1 16689
3616 2 16704
3616 3 16696
3616 4 16695
3617 0 16688
3617 1 16693
3617 2 16694
3617 3 16723
3617 4 16697
3618 0 16712
3618 1 16689
3618 2 16694
3618 3 16696
3618 4 16697
3619 0 16712
3619 1 16689
3619 2 16694
3619 3 16709
3619 4 16697
3620 0 16692
3620 1 16700
3620 2 16694
3620 3 16696
3620 4 16697
3621 0 16712
3621 1 16689
3621 2 16694
3621 3 16723
3621 4 16695
3622 0 16712
3622 1 16707
3622 2 16694
3622 3 16723
3622 4 16695
3623 0 16692
3623 1 16689
3623 2 16694
3623 3 16696
3623 4 16697
3624 0 16712
3624 1 16707
3624 2 16694
3624 3 16690
3624 4 16697
3625 0 16724
3625 1 16689
3625 2 16694
3625 3 16709
3625 4 16697
3626 0 16688
3626 1 16689
3626 2 16694
3626 3 16696
3626 4 16697
3627 0 16688
3627 1 16689
3627 2 16694
3627 3 16709
3628 0 16711
3628 1 16707
3628 2 16694
3628 3 16696
3628 4 16695
3629 0 16688
3629 1 16689
3629 2 16694
3629 3 16709
3629 4 16697
3630 0 16701
3630 1 16693
3630 2 16694
3630 3 16696
3630 4 16695
3631 0 16688
3631 1 16689
3631 2 16694
3631 3 16696
3631 4 16697
3632 0 16688
3632 1 16693
3632 2 16694
3632 3 16698
3632 4 16697
3633 0 16705
3633 1 16689
3633 2 16694
3633 3 16709
3633 4 16695
3634 0 16688
3634 1 16689
3634 2 16694
3634 3 16690
3634 4 16695
3635 0 16688
3635 1 16693
3635 2 16694
3635 3 16696
3635 4 16697
3636 0 16705
3636 1 16689
3636 2 16694
3636 3 16709
3636 4 16697
3637 0 16688
3637 1 16689
3637 2 16694
3637 3 16696
3637 4 16695
3638 0 16688
3638 1 16689
3638 2 16694
3638 3 16723
3638 4 16695
3639 0 16688
3639 1 16689
3639 2 16694
3639 3 16709
3639 4 16697
3640 0 16688
3640 1 16693
3640 2 16694
3640 3 16698
3641 0 16688
3641 1 16689
3641 2 16694
3641 3 16723
3641 4 16697
3642 0 16688
3642 1 16693
3642 2 16694
3642 3 16690
3642 4 16697
3643 0 16688
3643 1 16689
3643 2 16694
3643 3 16696
3643 4 16695
3644 0 16688
3644 1 16689
3644 2 16694
3644 3 16696
3644 4 16697
3645 0 16688
3645 1 16689
3645 2 16694
3645 3 16709
3645 4 16695
3646 0 16688
3646 1 16693
3646 2 16694
3646 3 16698
3646 4 16695
3647 0 16688
3647 1 16689
3647 2 16694
3647 3 16698
3647 4 16697
3648 0 16688
3648 1 16689
3648 2 16708
3648 3 16709
3649 0 16688
3649 1 16689
3649 2 16708
3649 3 16709
3650 0 16719
3650 1 16689
3650 2 16708
3650 3 16709
3651 0 16688
3651 1 16689
3651 2 16708
3651 3 16696
3652 0 16688
3652 1 16689
3652 2 16708
3652 3 16696
3652 4 16695
3653 0 16705
3653 1 16689
3653 2 16708
3653 3 16709
3654 0 16688
3654 1 16689
3654 2 16708
3654 3 16696
3655 0 16688
3655 1 16689
3655 2 16708
3655 3 16696
3656 0 16688
3656 1 16689
3656 2 16708
3656 3 16690
3657 0 16688
3657 1 16689
3657 2 16708
3657 3 16696
3658 0 16688
3658 1 16689
3658 2 16708
3658 3 16723
3659 0 16688
3659 1 16689
3659 2 16704
3659 3 16696
3659 4 16697
3660 0 16705
3660 1 16689
3660 2 16694
3660 3 16690
3660 4 16695
3661 0 16688
3661 1 16689
3661 2 16694
3661 3 16709
3661 4 16695
3662 0 16688
3662 1 16689
3662 2 16704
3662 3 16698
3662 4 16697
3663 0 16688
3663 1 16689
3663 2 16704
3663 3 16690
3663 4 16697
3664 0 16713
3664 1 16689
3664 2 16704
3664 3 16690
3664 4 16697
3665 0 16688
3665 1 16689
3665 2 16694
3665 3 16696
3665 4 16697
3666 0 16688
3666 1 16689
3666 2 16694
3666 3 16690
3667 0 16688
3667 1 16689
3667 2 16704
3667 3 16696
3667 4 16697
3668 0 16713
3668 1 16689
3668 2 16704
3668 3 16690
3669 0 16688
3669 1 16689
3669 2 16694
3669 3 16690
3669 4 16697
3670 0 16688
3670 1 16693
3670 2 16704
3670 3 16696
3670 4 16697
3671 0 16701
3671 1 16689
3671 2 16704
3671 3 16696
3671 4 16695
3672 0 16688
3672 1 16693
3672 2 16704
3672 3 16698
3672 4 16697
3673 0 16688
3673 1 16693
3673 2 16704
3673 3 16698
3673 4 16695
3674 0 16701
3674 1 16693
3674 2 16704
3674 3 16698
3674 4 16697
3675 0 16688
3675 1 16693
3675 2 16704
3675 3 16698
3675 4 16697
3676 0 16688
3676 1 16693
3676 2 16704
3676 3 16698
3676 4 16697
3677 0 16688
3677 1 16693
3677 2 16704
3677 3 16698
3677 4 16695
3678 0 16705
3678 1 16693
3678 2 16704
3678 3 16696
3678 4 16697
3679 0 16688
3679 1 16693
3679 2 16704
3679 3 16698
3679 4 16697
3680 0 16688
3680 1 16693
3680 2 16704
3680 3 16690
3680 4 16697
3681 0 16692
3681 1 16693
3681 2 16704
3681 3 16709
3681 4 16697
3682 0 16688
3682 1 16700
3682 2 16704
3682 3 16698
3682 4 16695
3683 0 16688
3683 1 16693
3683 2 16704
3683 3 16709
3683 4 16695
3684 0 16688
3684 1 16689
3684 2 16704
3684 3 16709
3684 4 16697
3685 0 16688
3685 1 16693
3685 2 16704
3685 3 16696
3685 4 16697
3686 0 16688
3686 1 16689
3686 2 16704
3686 3 16698
3686 4 16695
3687 0 16688
3687 1 16693
3687 2 16704
3687 3 16690
3687 4 16695
3688 0 16688
3688 1 16689
3688 2 16704
3688 3 16709
3688 4 16697
3689 0 16688
3689 1 16693
3689 2 16704
3689 3 16698
3689 4 16695
3690 0 16688
3690 1 16693
3690 2 16704
3690 3 16696
3690 4 16695
3691 0 16688
3691 1 16693
3691 2 16704
3691 3 16698
3691 4 16695
3692 0 16705
3692 1 16700
3692 2 16704
3692 3 16698
3692 4 16695
3693 0 16688
3693 1 16693
3693 2 16704
3693 3 16690
3693 4 16695
3694 0 16688
3694 1 16689
3694 2 16704
3694 3 16698
3694 4 16697
3695 0 16688
3695 1 16689
3695 2 16704
3695 3 16709
3695 4 16697
3696 0 16688
3696 1 16693
3696 2 16704
3696 3 16690
3696 4 16697
3697 0 16688
3697 1 16689
3697 2 16704
3697 3 16696
3697 4 16695
3698 0 16688
3698 1 16693
3698 2 16704
3698 3 16698
3699 0 16688
3699 1 16693
3699 2 16704
3699 3 16698
3699 4 16697
3700 0 16713
3700 1 16689
3700 2 16704
3700 3 16698
3700 4 16697
3701 0 16705
3701 1 16693
3701 2 16694
3701 3 16696
3701 4 16695
3702 0 16713
3702 1 16689
3702 2 16704
3702 3 16723
3702 4 16695
3703 0 16705
3703 1 16693
3703 2 16704
3703 3 16696
3703 4 16697
3704 0 16688
3704 1 16693
3704 2 16704
3704 3 16690
3704 4 16697
3705 0 16688
3705 1 16693
3705 2 16704
3705 3 16709
3705 4 16697
3706 0 16713
3706 1 16689
3706 2 16704
3706 3 16698
3707 0 16688
3707 1 16693
3707 2 16704
3707 3 16698
3707 4 16697
3708 0 16702
3708 1 16693
3708 2 16703
3708 3 16690
3708 4 16697
3709 0 16702
3709 1 16693
3709 2 16703
3709 3 16690
3709 4 16695
3710 0 16701
3710 1 16693
3710 2 16704
3710 3 16696
3710 4 16697
3711 0 16702
3711 1 16693
3711 2 16704
3711 3 16698
3711 4 16697
3712 0 16719
3712 1 16689
3712 2 16704
3712 3 16696
3712 4 16697
3713 0 16705
3713 1 16689
3713 2 16704
3713 3 16690
3713 4 16697
3714 0 16702
3714 1 16693
3714 2 16704
3714 3 16698
3715 0 16702
3715 1 16689
3715 2 16703
3715 3 16698
3715 4 16697
3716 0 16702
3716 1 16689
3716 2 16703
3716 3 16690
3716 4 16695
3717 0 16702
3717 1 16689
3717 2 16703
3717 3 16698
3717 4 16695
3718 0 16724
3718 1 16693
3718 2 16703
3718 3 16696
3718 4 16697
3719 0 16702
3719 1 16693
3719 2 16703
3719 3 16698
3719 4 16695
3720 0 16702
3720 1 16693
3720 2 16703
3720 3 16696
3721 0 16702
3721 1 16689
3721 2 16703
3721 3 16690
3721 4 16697
3722 0 16719
3722 1 16689
3722 2 16703
3722 3 16698
3722 4 16695
3723 0 16702
3723 1 16689
3723 2 16703
3723 3 16698
3723 4 16695
3724 0 16702
3724 1 16689
3724 2 16703
3724 3 16696
3724 4 16697
3725 0 16702
3725 1 16693
3725 2 16703
3725 3 16698
3725 4 16695
3726 0 16702
3726 1 16689
3726 2 16703
3726 3 16709
3726 4 16695
3727 0 16702
3727 1 16689
3727 2 16703
3727 3 16690
3728 0 16702
3728 1 16689
3728 2 16703
3728 3 16698
3728 4 16697
3729 0 16702
3729 1 16693
3729 2 16703
3729 3 16698
3729 4 16697
3730 0 16702
3730 1 16689
3730 2 16703
3730 3 16698
3730 4 16695
3731 0 16702
3731 1 16689
3731 2 16703
3731 3 16696
3731 4 16697
3732 0 16719
3732 1 16689
3732 2 16703
3732 3 16698
3733 0 16705
3733 1 16693
3733 2 16694
3733 3 16696
3733 4 16697
3734 0 16702
3734 1 16689
3734 2 16703
3734 3 16709
3734 4 16697
3735 0 16688
3735 1 16689
3735 2 16694
3735 3 16690
3735 4 16695
3736 0 16688
3736 1 16689
3736 2 16694
3736 3 16709
3736 4 16697
3737 0 16705
3737 1 16689
3737 2 16694
3737 3 16723
3737 4 16695
3738 0 16705
3738 1 16689
3738 2 16694
3738 3 16709
3738 4 16695
3739 0 16688
3739 1 16689
3739 2 16694
3739 3 16698
3739 4 16697
3740 0 16705
3740 1 16693
3740 2 16694
3740 3 16709
3740 4 16697
3741 0 16688
3741 1 16689
3741 2 16694
3741 3 16696
3741 4 16697
3742 0 16688
3742 1 16689
3742 2 16694
3742 3 16698
3742 4 16695
3743 0 16688
3743 1 16693
3743 2 16694
3743 3 16698
3743 4 16697
3744 0 16701
3744 1 16689
3744 2 16694
3744 3 16696
3744 4 16695
3745 0 16688
3745 1 16689
3745 2 16694
3745 3 16696
3745 4 16695
3746 0 16692
3746 1 16689
3746 2 16694
3746 3 16723
3746 4 16697
3747 0 16692
3747 1 16689
3747 2 16694
3747 3 16723
3747 4 16697
3748 0 16688
3748 1 16689
3748 2 16694
3748 3 16690
3748 4 16697
3749 0 16722
3749 1 16689
3749 2 16694
3749 3 16696
3749 4 16697
3750 0 16725
3750 1 16689
3750 2 16694
3750 3 16709
3750 4 16697
3751 0 16688
3751 1 16693
3751 2 16694
3751 3 16690
3752 0 16705
3752 1 16689
3752 2 16694
3752 3 16723
3752 4 16697
3753 0 16688
3753 1 16689
3753 2 16704
3753 3 16690
3753 4 16695
3754 0 16688
3754 1 16689
3754 2 16703
3754 3 16723
3754 4 16695
3755 0 16688
3755 1 16689
3755 2 16694
3755 3 16723
3755 4 16697
3756 0 16688
3756 1 16689
3756 2 16708
3756 3 16696
3757 0 16692
3757 1 16689
3757 2 16694
3757 3 16698
3757 4 16697
3758 0 16688
3758 1 16689
3758 2 16694
3758 3 16723
3758 4 16695
3759 0 16705
3759 1 16693
3759 2 16694
3759 3 16709
3759 4 16695
3760 0 16688
3760 1 16689
3760 2 16694
3760 3 16690
3761 0 16688
3761 1 16693
3761 2 16694
3761 3 16709
3761 4 16697
3762 0 16688
3762 1 16689
3762 2 16694
3762 3 16723
3763 0 16688
3763 1 16693
3763 2 16694
3763 3 16698
3763 4 16695
3764 0 16688
3764 1 16689
3764 2 16694
3764 3 16698
3764 4 16697
3765 0 16688
3765 1 16693
3765 2 16704
3765 3 16709
3765 4 16697
3766 0 16702
3766 1 16693
3766 2 16694
3766 3 16698
3766 4 16695
3767 0 16688
3767 1 16693
3767 2 16694
3767 3 16698
3767 4 16695
3768 0 16705
3768 1 16689
3768 2 16694
3768 3 16698
3769 0 16688
3769 1 16689
3769 2 16691
3769 3 16698
3769 4 16697
3770 0 16692
3770 1 16693
3770 2 16694
3770 3 16690
3770 4 16697
3771 0 16688
3771 1 16693
3771 2 16694
3771 3 16698
3771 4 16697
3772 0 16724
3772 1 16689
3772 2 16704
3772 3 16696
3772 4 16695
3773 0 16688
3773 1 16689
3773 2 16694
3773 3 16698
3774 0 16692
3774 1 16689
3774 2 16704
3774 3 16698
3774 4 16697
3775 0 16692
3775 1 16689
3775 2 16694
3775 3 16723
3775 4 16697
3776 0 16692
3776 1 16693
3776 2 16704
3776 3 16723
3776 4 16695
3777 0 16692
3777 1 16689
3777 2 16694
3777 3 16698
3778 0 16692
3778 1 16689
3778 2 16694
3778 3 16696
3779 0 16692
3779 1 16707
3779 2 16694
3779 3 16698
3779 4 16697
3780 0 16724
3780 1 16689
3780 2 16694
3780 3 16698
3780 4 16697
3781 0 16692
3781 1 16689
3781 2 16704
3781 3 16723
3781 4 16695
3782 0 16701
3782 1 16689
3782 2 16704
3782 3 16723
3782 4 16697
3783 0 16692
3783 1 16689
3783 2 16694
3783 3 16698
3783 4 16695
3784 0 16725
3784 1 16689
3784 2 16694
3784 3 16696
3784 4 16697
3785 0 16688
3785 1 16689
3785 2 16704
3785 3 16696
3785 4 16697
3786 0 16688
3786 1 16693
3786 2 16704
3786 3 16696
3786 4 16697
3787 0 16688
3787 1 16689
3787 2 16704
3787 3 16696
3787 4 16697
3788 0 16688
3788 1 16689
3788 2 16704
3788 3 16698
3788 4 16697
3789 0 16688
3789 1 16689
3789 2 16704
3789 3 16709
3789 4 16697
3790 0 16688
3790 1 16693
3790 2 16704
3790 3 16696
3790 4 16695
3791 0 16688
3791 1 16707
3791 2 16704
3791 3 16698
3791 4 16697
3792 0 16688
3792 1 16693
3792 2 16704
3792 3 16709
3792 4 16695
3793 0 16688
3793 1 16693
3793 2 16704
3793 3 16709
3793 4 16697
3794 0 16688
3794 1 16689
3794 2 16704
3794 3 16723
3794 4 16695
3795 0 16692
3795 1 16693
3795 2 16704
3795 3 16698
3795 4 16697
3796 0 16688
3796 1 16689
3796 2 16704
3796 3 16723
3796 4 16697
3797 0 16688
3797 1 16693
3797 2 16704
3797 3 16698
3797 4 16697
3798 0 16692
3798 1 16689
3798 2 16704
3798 3 16723
3799 0 16688
3799 1 16689
3799 2 16704
3799 3 16696
3800 0 16692
3800 1 16689
3800 2 16704
3800 3 16696
3801 0 16688
3801 1 16689
3801 2 16694
3801 3 16696
3802 0 16692
3802 1 16689
3802 2 16704
3802 3 16690
3803 0 16688
3803 1 16689
3803 2 16694
3803 3 16696
3804 0 16688
3804 1 16689
3804 2 16704
3804 3 16696
3805 0 16688
3805 1 16689
3805 2 16694
3805 3 16698
3805 4 16695
3806 0 16692
3806 1 16689
3806 2 16704
3806 3 16709
3807 0 16701
3807 1 16689
3807 2 16704
3807 3 16698
3808 0 16688
3808 1 16689
3808 2 16694
3808 3 16709
3808 4 16695
3809 0 16688
3809 1 16689
3809 2 16694
3809 3 16690
3809 4 16697
3810 0 16712
3810 1 16689
3810 2 16694
3810 3 16723
3810 4 16695
3811 0 16688
3811 1 16689
3811 2 16704
3811 3 16696
3811 4 16695
3812 0 16705
3812 1 16689
3812 2 16694
3812 3 16690
3812 4 16697
3813 0 16719
3813 1 16689
3813 2 16703
3813 3 16698
3814 0 16688
3814 1 16693
3814 2 16694
3814 3 16698
3814 4 16695
3815 0 16720
3815 1 16693
3815 2 16694
3815 3 16709
3815 4 16697
3816 0 16688
3816 1 16693
3816 2 16704
3816 3 16696
3816 4 16697
3817 0 16702
3817 1 16693
3817 2 16703
3817 3 16698
3818 0 16688
3818 1 16693
3818 2 16703
3818 3 16723
3818 4 16695
3819 0 16722
3819 1 16693
3819 2 16694
3819 3 16698
3819 4 16695
3820 0 16688
3820 1 16693
3820 2 16704
3820 3 16698
3820 4 16695
3821 0 16688
3821 1 16693
3821 2 16704
3821 3 16698
3821 4 16695
3822 0 16688
3822 1 16693
3822 2 16694
3822 3 16696
3822 4 16695
3823 0 16688
3823 1 16693
3823 2 16716
3823 3 16698
3823 4 16695
3824 0 16688
3824 1 16693
3824 2 16694
3824 3 16698
3824 4 16695
3825 0 16688
3825 1 16693
3825 2 16704
3825 3 16696
3825 4 16695
3826 0 16688
3826 1 16693
3826 2 16694
3826 3 16698
3826 4 16695
3827 0 16688
3827 1 16693
3827 2 16694
3827 3 16696
3827 4 16695
3828 0 16688
3828 1 16689
3828 2 16694
3828 3 16698
3828 4 16697
3829 0 16688
3829 1 16693
3829 2 16716
3829 3 16698
3830 0 16688
3830 1 16689
3830 2 16694
3830 3 16690
3830 4 16697
3831 0 16701
3831 1 16700
3831 2 16704
3831 3 16690
3831 4 16695
3832 0 16688
3832 1 16693
3832 2 16694
3832 3 16698
3832 4 16695
3833 0 16688
3833 1 16689
3833 2 16694
3833 3 16690
3833 4 16697
3834 0 16688
3834 1 16693
3834 2 16694
3834 3 16690
3834 4 16695
3835 0 16688
3835 1 16689
3835 2 16704
3835 3 16698
3835 4 16695
3836 0 16688
3836 1 16693
3836 2 16703
3836 3 16723
3836 4 16695
3837 0 16688
3837 1 16689
3837 2 16694
3837 3 16723
3837 4 16697
3838 0 16688
3838 1 16689
3838 2 16694
3838 3 16723
3838 4 16697
3839 0 16702
3839 1 16693
3839 2 16704
3839 3 16698
3839 4 16695
3840 0 16688
3840 1 16693
3840 2 16704
3840 3 16696
3840 4 16697
3841 0 16688
3841 1 16693
3841 2 16694
3841 3 16709
3841 4 16695
3842 0 16688
3842 1 16693
3842 2 16716
3842 3 16698
3842 4 16695
3843 0 16688
3843 1 16693
3843 2 16694
3843 3 16698
3843 4 16695
3844 0 16722
3844 1 16693
3844 2 16694
3844 3 16690
3844 4 16695
3845 0 16722
3845 1 16693
3845 2 16704
3845 3 16698
3845 4 16695
3846 0 16722
3846 1 16693
3846 2 16704
3846 3 16696
3846 4 16695
3847 0 16688
3847 1 16693
3847 2 16694
3847 3 16690
3847 4 16697
3848 0 16722
3848 1 16693
3848 2 16694
3848 3 16690
3849 0 16688
3849 1 16689
3849 2 16694
3849 3 16696
3849 4 16697
3850 0 16688
3850 1 16693
3850 2 16694
3850 3 16690
3850 4 16695
3851 0 16688
3851 1 16693
3851 2 16704
3851 3 16709
3851 4 16697
3852 0 16688
3852 1 16693
3852 2 16704
3852 3 16723
3852 4 16695
3853 0 16688
3853 1 16689
3853 2 16704
3853 3 16696
3853 4 16697
3854 0 16722
3854 1 16689
3854 2 16694
3854 3 16709
3854 4 16695
3855 0 16688
3855 1 16693
3855 2 16704
3855 3 16698
3856 0 16705
3856 1 16693
3856 2 16704
3856 3 16723
3856 4 16695
3857 0 16688
3857 1 16689
3857 2 16704
3857 3 16698
3857 4 16697
3858 0 16688
3858 1 16689
3858 2 16708
3858 3 16696
3859 0 16688
3859 1 16693
3859 2 16704
3859 3 16723
3859 4 16697
3860 0 16722
3860 1 16689
3860 2 16691
3860 3 16696
3860 4 16695
3861 0 16688
3861 1 16689
3861 2 16691
3861 3 16690
3861 4 16695
3862 0 16688
3862 1 16693
3862 2 16694
3862 3 16696
3862 4 16695
3863 0 16688
3863 1 16689
3863 2 16708
3863 3 16709
3864 0 16688
3864 1 16693
3864 2 16694
3864 3 16698
3864 4 16697
3865 0 16722
3865 1 16693
3865 2 16704
3865 3 16698
3865 4 16697
3866 0 16713
3866 1 16693
3866 2 16704
3866 3 16690
3866 4 16697
3867 0 16688
3867 1 16693
3867 2 16704
3867 3 16698
3868 0 16688
3868 1 16693
3868 2 16704
3868 3 16723
3868 4 16697
3869 0 16722
3869 1 16693
3869 2 16704
3869 3 16709
3869 4 16695
3870 0 16722
3870 1 16693
3870 2 16704
3870 3 16690
3870 4 16728
3871 0 16705
3871 1 16693
3871 2 16704
3871 3 16696
3871 4 16695
3872 0 16705
3872 1 16689
3872 2 16694
3872 3 16690
3872 4 16695
3873 0 16688
3873 1 16693
3873 2 16694
3873 3 16698
3873 4 16695
3874 0 16713
3874 1 16689
3874 2 16704
3874 3 16690
3874 4 16695
3875 0 16688
3875 1 16689
3875 2 16704
3875 3 16690
3875 4 16697
3876 0 16688
3876 1 16693
3876 2 16704
3876 3 16698
3877 0 16688
3877 1 16693
3877 2 16704
3877 3 16698
3878 0 16688
3878 1 16693
3878 2 16704
3878 3 16690
3878 4 16697
3879 0 16713
3879 1 16689
3879 2 16704
3879 3 16709
3879 4 16697
3880 0 16701
3880 1 16693
3880 2 16704
3880 3 16696
3880 4 16697
3881 0 16688
3881 1 16689
3881 2 16691
3881 3 16696
3882 0 16688
3882 1 16689
3882 2 16691
3882 3 16709
3883 0 16692
3883 1 16689
3883 2 16691
3883 3 16690
3884 0 16688
3884 1 16689
3884 2 16691
3884 3 16696
3885 0 16692
3885 1 16689
3885 2 16691
3885 3 16709
3886 0 16688
3886 1 16689
3886 2 16691
3886 3 16723
3887 0 16688
3887 1 16689
3887 2 16691
3887 3 16690
3888 0 16688
3888 1 16689
3888 2 16691
3888 3 16723
3889 0 16692
3889 1 16689
3889 2 16691
3889 3 16696
3890 0 16688
3890 1 16689
3890 2 16691
3890 3 16696
3891 0 16688
3891 1 16689
3891 2 16691
3891 3 16723
3892 0 16688
3892 1 16689
3892 2 16691
3892 3 16696
3893 0 16692
3893 1 16689
3893 2 16691
3893 3 16723
3894 0 16688
3894 1 16689
3894 2 16708
3894 3 16723
3895 0 16688
3895 1 16689
3895 2 16708
3895 3 16698
3896 0 16688
3896 1 16689
3896 2 16708
3896 3 16723
3897 0 16688
3897 1 16689
3897 2 16708
3897 3 16690
3898 0 16688
3898 1 16689
3898 2 16708
3898 3 16709
3899 0 16719
3899 1 16689
3899 2 16708
3899 3 16723
3900 0 16688
3900 1 16689
3900 2 16708
3900 3 16723
3901 0 16688
3901 1 16689
3901 2 16708
3901 3 16723
3902 0 16688
3902 1 16689
3902 2 16708
3902 3 16696
3903 0 16688
3903 1 16689
3903 2 16708
3903 3 16709
3904 0 16688
3904 1 16689
3904 2 16708
3904 3 16696
3905 0 16719
3905 1 16689
3905 2 16708
3905 3 16723
3906 0 16688
3906 1 16689
3906 2 16708
3906 3 16696
3907 0 16688
3907 1 16689
3907 2 16708
3907 3 16709
3908 0 16719
3908 1 16689
3908 2 16708
3908 3 16723
3909 0 16724
3909 1 16689
3909 2 16704
3909 3 16723
3909 4 16697
3910 0 16688
3910 1 16693
3910 2 16708
3910 3 16709
3911 0 16688
3911 1 16689
3911 2 16708
3911 3 16709
3912 0 16688
3912 1 16689
3912 2 16708
3912 3 16723
3913 0 16688
3913 1 16693
3913 2 16708
3913 3 16690
3914 0 16688
3914 1 16689
3914 2 16708
3914 3 16696
3915 0 16688
3915 1 16689
3915 2 16708
3915 3 16709
3916 0 16688
3916 1 16689
3916 2 16708
3916 3 16690
3917 0 16688
3917 1 16689
3917 2 16708
3917 3 16696
3918 0 16688
3918 1 16689
3918 2 16708
3918 3 16709
3919 0 16688
3919 1 16689
3919 2 16708
3919 3 16723
3920 0 16688
3920 1 16689
3920 2 16708
3920 3 16696
3921 0 16688
3921 1 16689
3921 2 16708
3921 3 16709
3922 0 16688
3922 1 16689
3922 2 16708
3922 3 16696
3923 0 16688
3923 1 16689
3923 2 16708
3923 3 16696
3924 0 16688
3924 1 16689
3924 2 16708
3924 3 16709
3925 0 16688
3925 1 16689
3925 2 16708
3925 3 16709
3926 0 16688
3926 1 16689
3926 2 16708
3926 3 16709
3927 0 16688
3927 1 16689
3927 2 16708
3927 3 16698
3928 0 16688
3928 1 16689
3928 2 16708
3928 3 16696
3929 0 16688
3929 1 16689
3929 2 16708
3929 3 16709
3930 0 16688
3930 1 16689
3930 2 16708
3930 3 16709
3931 0 16688
3931 1 16693
3931 2 16708
3931 3 16698
3932 0 16688
3932 1 16689
3932 2 16708
3932 3 16709
3933 0 16688
3933 1 16689
3933 2 16708
3933 3 16696
3934 0 16688
3934 1 16689
3934 2 16708
3934 3 16690
3935 0 16688
3935 1 16689
3935 2 16708
3935 3 16696
3936 0 16688
3936 1 16689
3936 2 16708
3936 3 16690
3937 0 16688
3937 1 16689
3937 2 16708
3937 3 16723
3938 0 16688
3938 1 16689
3938 2 16708
3938 3 16723
3939 0 16688
3939 1 16689
3939 2 16708
3939 3 16696
3940 0 16688
3940 1 16689
3940 2 16708
3940 3 16696
3941 0 16688
3941 1 16689
3941 2 16708
3941 3 16723
3942 0 16712
3942 1 16689
3942 2 16708
3942 3 16696
3943 0 16688
3943 1 16693
3943 2 16691
3943 3 16723
3944 0 16712
3944 1 16689
3944 2 16708
3944 3 16696
3945 0 16712
3945 1 16689
3945 2 16708
3945 3 16709
3946 0 16688
3946 1 16693
3946 2 16691
3946 3 16709
3947 0 16712
3947 1 16689
3947 2 16708
3947 3 16709
3948 0 16688
3948 1 16689
3948 2 16708
3948 3 16709
3949 0 16712
3949 1 16689
3949 2 16708
3949 3 16723
3950 0 16712
3950 1 16689
3950 2 16708
3950 3 16723
3951 0 16712
3951 1 16689
3951 2 16708
3951 3 16709
3952 0 16712
3952 1 16689
3952 2 16708
3952 3 16696
3953 0 16712
3953 1 16689
3953 2 16708
3953 3 16709
3954 0 16712
3954 1 16689
3954 2 16708
3954 3 16690
3955 0 16712
3955 1 16689
3955 2 16708
3955 3 16709
3956 0 16712
3956 1 16693
3956 2 16708
3956 3 16696
3957 0 16712
3957 1 16689
3957 2 16708
3957 3 16690
3958 0 16712
3958 1 16689
3958 2 16708
3958 3 16709
3959 0 16712
3959 1 16689
3959 2 16708
3959 3 16709
3960 0 16712
3960 1 16689
3960 2 16708
3960 3 16696
3961 0 16712
3961 1 16689
3961 2 16708
3961 3 16709
3962 0 16712
3962 1 16693
3962 2 16708
3962 3 16696
3963 0 16712
3963 1 16689
3963 2 16708
3963 3 16723
3964 0 16701
3964 1 16689
3964 2 16708
3964 3 16696
3965 0 16701
3965 1 16689
3965 2 16708
3965 3 16709
3966 0 16688
3966 1 16689
3966 2 16708
3966 3 16690
3967 0 16705
3967 1 16689
3967 2 16708
3967 3 16690
3968 0 16701
3968 1 16689
3968 2 16708
3968 3 16696
3969 0 16701
3969 1 16689
3969 2 16708
3969 3 16723
3970 0 16701
3970 1 16689
3970 2 16708
3970 3 16696
3971 0 16701
3971 1 16689
3971 2 16708
3971 3 16696
3972 0 16701
3972 1 16689
3972 2 16708
3972 3 16723
3973 0 16701
3973 1 16700
3973 2 16708
3973 3 16696
3974 0 16701
3974 1 16689
3974 2 16708
3974 3 16709
3975 0 16701
3975 1 16689
3975 2 16708
3975 3 16696
3976 0 16701
3976 1 16689
3976 2 16708
3976 3 16698
3977 0 16701
3977 1 16689
3977 2 16708
3977 3 16723
3978 0 16701
3978 1 16689
3978 2 16708
3978 3 16696
3979 0 16688
3979 1 16689
3979 2 16704
3979 3 16690
3979 4 16697
3980 0 16722
3980 1 16689
3980 2 16703
3980 3 16690
3980 4 16697
3981 0 16722
3981 1 16689
3981 2 16703
3981 3 16698
3982 0 16722
3982 1 16693
3982 2 16704
3982 3 16690
3982 4 16697
3983 0 16722
3983 1 16693
3983 2 16694
3983 3 16709
3983 4 16695
3984 0 16722
3984 1 16689
3984 2 16703
3984 3 16698
3984 4 16697
3985 0 16722
3985 1 16689
3985 2 16704
3985 3 16690
3985 4 16695
3986 0 16722
3986 1 16693
3986 2 16703
3986 3 16698
3986 4 16697
3987 0 16722
3987 1 16693
3987 2 16704
3987 3 16698
3987 4 16695
3988 0 16722
3988 1 16689
3988 2 16704
3988 3 16690
3989 0 16722
3989 1 16689
3989 2 16704
3989 3 16709
3989 4 16697
3990 0 16722
3990 1 16689
3990 2 16704
3990 3 16690
3991 0 16722
3991 1 16689
3991 2 16704
3991 3 16690
3991 4 16695
3992 0 16722
3992 1 16693
3992 2 16704
3992 3 16696
3992 4 16695
3993 0 16722
3993 1 16689
3993 2 16703
3993 3 16696
3993 4 16697
3994 0 16722
3994 1 16689
3994 2 16694
3994 3 16690
3994 4 16695
3995 0 16722
3995 1 16689
3995 2 16694
3995 3 16698
3995 4 16697
3996 0 16722
3996 1 16689
3996 2 16694
3996 3 16696
3996 4 16695
3997 0 16722
3997 1 16693
3997 2 16703
3997 3 16698
3997 4 16697
3998 0 16722
3998 1 16689
3998 2 16694
3998 3 16690
3998 4 16695
3999 0 16722
3999 1 16689
3999 2 16694
3999 3 16690
3999 4 16697
4000 0 16722
4000 1 16689
4000 2 16703
4000 3 16698
4000 4 16695
4001 0 16722
4001 1 16689
4001 2 16694
4001 3 16698
4001 4 16695
4002 0 16722
4002 1 16689
4002 2 16694
4002 3 16698
4002 4 16695
4003 0 16722
4003 1 16689
4003 2 16694
4003 3 16698
4003 4 16695
4004 0 16688
4004 1 16693
4004 2 16694
4004 3 16696
4005 0 16722
4005 1 16689
4005 2 16694
4005 3 16698
4005 4 16697
4006 0 16722
4006 1 16693
4006 2 16694
4006 3 16696
4006 4 16697
4007 0 16722
4007 1 16689
4007 2 16694
4007 3 16696
4008 0 16722
4008 1 16693
4008 2 16694
4008 3 16690
4008 4 16695
4009 0 16722
4009 1 16689
4009 2 16694
4009 3 16709
4009 4 16697
4010 0 16722
4010 1 16689
4010 2 16694
4010 3 16696
4010 4 16695
4011 0 16688
4011 1 16689
4011 2 16704
4011 3 16690
4011 4 16697
4012 0 16705
4012 1 16689
4012 2 16694
4012 3 16690
4012 4 16697
4013 0 16688
4013 1 16689
4013 2 16703
4013 3 16690
4014 0 16688
4014 1 16693
4014 2 16694
4014 3 16709
4014 4 16697
4015 0 16688
4015 1 16689
4015 2 16708
4015 3 16696
4016 0 16688
4016 1 16693
4016 2 16704
4016 3 16696
4016 4 16697
4017 0 16688
4017 1 16689
4017 2 16704
4017 3 16723
4017 4 16695
4018 0 16688
4018 1 16693
4018 2 16704
4018 3 16696
4019 0 16692
4019 1 16693
4019 2 16704
4019 3 16696
4019 4 16695
4020 0 16688
4020 1 16693
4020 2 16704
4020 3 16696
4020 4 16697
4021 0 16701
4021 1 16693
4021 2 16694
4021 3 16696
4021 4 16695
4022 0 16688
4022 1 16700
4022 2 16716
4022 3 16698
4022 4 16697
4023 0 16688
4023 1 16693
4023 2 16704
4023 3 16698
4023 4 16697
4024 0 16688
4024 1 16693
4024 2 16694
4024 3 16698
4024 4 16695
4025 0 16701
4025 1 16689
4025 2 16694
4025 3 16690
4025 4 16697
4026 0 16688
4026 1 16689
4026 2 16694
4026 3 16698
4026 4 16697
4027 0 16688
4027 1 16693
4027 2 16694
4027 3 16690
4027 4 16695
4028 0 16688
4028 1 16689
4028 2 16694
4028 3 16698
4028 4 16697
4029 0 16688
4029 1 16689
4029 2 16694
4029 3 16696
4029 4 16695
4030 0 16692
4030 1 16693
4030 2 16694
4030 3 16698
4030 4 16697
4031 0 16688
4031 1 16689
4031 2 16694
4031 3 16698
4031 4 16695
4032 0 16692
4032 1 16689
4032 2 16694
4032 3 16709
4032 4 16697
4033 0 16712
4033 1 16689
4033 2 16694
4033 3 16709
4033 4 16695
4034 0 16701
4034 1 16693
4034 2 16694
4034 3 16690
4034 4 16695
4035 0 16688
4035 1 16693
4035 2 16694
4035 3 16698
4035 4 16695
4036 0 16688
4036 1 16689
4036 2 16694
4036 3 16723
4036 4 16697
4037 0 16688
4037 1 16693
4037 2 16694
4037 3 16690
4037 4 16697
4038 0 16701
4038 1 16693
4038 2 16694
4038 3 16709
4039 0 16688
4039 1 16693
4039 2 16704
4039 3 16696
4039 4 16697
4040 0 16701
4040 1 16689
4040 2 16694
4040 3 16696
4040 4 16697
4041 0 16688
4041 1 16693
4041 2 16704
4041 3 16698
4041 4 16695
4042 0 16722
4042 1 16689
4042 2 16694
4042 3 16690
4042 4 16697
4043 0 16692
4043 1 16689
4043 2 16694
4043 3 16690
4043 4 16697
4044 0 16701
4044 1 16693
4044 2 16694
4044 3 16690
4044 4 16695
4045 0 16701
4045 1 16693
4045 2 16694
4045 3 16690
4045 4 16697
4046 0 16688
4046 1 16693
4046 2 16694
4046 3 16690
4046 4 16695
4047 0 16692
4047 1 16689
4047 2 16694
4047 3 16723
4047 4 16695
4048 0 16692
4048 1 16689
4048 2 16694
4048 3 16698
4048 4 16697
4049 0 16688
4049 1 16689
4049 2 16694
4049 3 16698
4049 4 16697
4050 0 16688
4050 1 16693
4050 2 16694
4050 3 16690
4050 4 16695
4051 0 16688
4051 1 16693
4051 2 16694
4051 3 16698
4051 4 16697
4052 0 16688
4052 1 16693
4052 2 16694
4052 3 16696
4052 4 16697
4053 0 16701
4053 1 16693
4053 2 16694
4053 3 16698
4053 4 16697
4054 0 16701
4054 1 16693
4054 2 16694
4054 3 16698
4054 4 16697
4055 0 16688
4055 1 16693
4055 2 16694
4055 3 16690
4055 4 16695
4056 0 16688
4056 1 16693
4056 2 16694
4056 3 16698
4056 4 16697
4057 0 16701
4057 1 16693
4057 2 16694
4057 3 16698
4057 4 16697
4058 0 16722
4058 1 16693
4058 2 16694
4058 3 16698
4058 4 16697
4059 0 16688
4059 1 16693
4059 2 16694
4059 3 16690
4059 4 16695
4060 0 16692
4060 1 16693
4060 2 16694
4060 3 16709
4060 4 16697
4061 0 16701
4061 1 16693
4061 2 16694
4061 3 16698
4061 4 16695
4062 0 16701
4062 1 16693
4062 2 16694
4062 3 16690
4062 4 16697
4063 0 16688
4063 1 16693
4063 2 16694
4063 3 16698
4063 4 16695
4064 0 16692
4064 1 16693
4064 2 16694
4064 3 16690
4064 4 16695
4065 0 16688
4065 1 16693
4065 2 16704
4065 3 16698
4065 4 16695
4066 0 16701
4066 1 16693
4066 2 16694
4066 3 16698
4066 4 16697
4067 0 16692
4067 1 16693
4067 2 16694
4067 3 16698
4067 4 16697
4068 0 16692
4068 1 16689
4068 2 16694
4068 3 16698
4068 4 16695
4069 0 16692
4069 1 16693
4069 2 16694
4069 3 16698
4069 4 16697
4070 0 16688
4070 1 16689
4070 2 16704
4070 3 16696
4070 4 16697
4071 0 16692
4071 1 16689
4071 2 16704
4071 3 16698
4071 4 16697
4072 0 16688
4072 1 16693
4072 2 16704
4072 3 16709
4072 4 16697
4073 0 16713
4073 1 16693
4073 2 16704
4073 3 16709
4073 4 16697
4074 0 16688
4074 1 16689
4074 2 16694
4074 3 16709
4074 4 16697
4075 0 16688
4075 1 16693
4075 2 16694
4075 3 16698
4075 4 16695
4076 0 16688
4076 1 16689
4076 2 16694
4076 3 16696
4076 4 16695
4077 0 16688
4077 1 16689
4077 2 16704
4077 3 16696
4077 4 16695
4078 0 16688
4078 1 16693
4078 2 16704
4078 3 16696
4078 4 16697
4079 0 16724
4079 1 16689
4079 2 16694
4079 3 16709
4079 4 16697
4080 0 16688
4080 1 16693
4080 2 16703
4080 3 16690
4080 4 16695
4081 0 16688
4081 1 16689
4081 2 16691
4081 3 16698
4082 0 16688
4082 1 16689
4082 2 16704
4082 3 16690
4082 4 16695
4083 0 16692
4083 1 16689
4083 2 16694
4083 3 16709
4083 4 16697
4084 0 16705
4084 1 16689
4084 2 16694
4084 3 16696
4084 4 16697
4085 0 16688
4085 1 16693
4085 2 16694
4085 3 16698
4085 4 16697
4086 0 16688
4086 1 16693
4086 2 16704
4086 3 16696
4086 4 16695
4087 0 16688
4087 1 16689
4087 2 16694
4087 3 16698
4087 4 16695
4088 0 16688
4088 1 16693
4088 2 16704
4088 3 16698
4088 4 16695
4089 0 16692
4089 1 16689
4089 2 16694
4089 3 16690
4089 4 16695
4090 0 16722
4090 1 16693
4090 2 16694
4090 3 16698
4090 4 16697
4091 0 16688
4091 1 16693
4091 2 16716
4091 3 16709
4091 4 16695
4092 0 16722
4092 1 16693
4092 2 16704
4092 3 16698
4092 4 16697
4093 0 16688
4093 1 16693
4093 2 16716
4093 3 16696
4094 0 16688
4094 1 16693
4094 2 16704
4094 3 16696
4094 4 16695
4095 0 16702
4095 1 16693
4095 2 16694
4095 3 16723
4095 4 16697
4096 0 16688
4096 1 16693
4096 2 16694
4096 3 16698
4096 4 16697
4097 0 16688
4097 1 16707
4097 2 16694
4097 3 16698
4097 4 16695
4098 0 16705
4098 1 16689
4098 2 16694
4098 3 16698
4098 4 16697
4099 0 16688
4099 1 16693
4099 2 16694
4099 3 16698
4099 4 16697
4100 0 16688
4100 1 16689
4100 2 16694
4100 3 16698
4100 4 16695
4101 0 16688
4101 1 16689
4101 2 16703
4101 3 16698
4101 4 16695
4102 0 16688
4102 1 16689
4102 2 16694
4102 3 16723
4102 4 16695
4103 0 16688
4103 1 16689
4103 2 16694
4103 3 16698
4103 4 16697
4104 0 16688
4104 1 16693
4104 2 16694
4104 3 16723
4104 4 16695
4105 0 16721
4105 1 16693
4105 2 16703
4105 3 16723
4105 4 16697
4106 0 16688
4106 1 16700
4106 2 16703
4106 3 16690
4106 4 16695
4107 0 16688
4107 1 16693
4107 2 16694
4107 3 16690
4108 0 16688
4108 1 16700
4108 2 16694
4108 3 16698
4108 4 16697
4109 0 16688
4109 1 16700
4109 2 16704
4109 3 16698
4109 4 16697
4110 0 16688
4110 1 16700
4110 2 16703
4110 3 16709
4111 0 16688
4111 1 16700
4111 2 16694
4111 3 16696
4111 4 16697
4112 0 16688
4112 1 16700
4112 2 16703
4112 3 16690
4112 4 16697
4113 0 16688
4113 1 16700
4113 2 16703
4113 3 16696
4114 0 16688
4114 1 16700
4114 2 16703
4114 3 16696
4114 4 16695
4115 0 16688
4115 1 16700
4115 2 16694
4115 3 16696
4115 4 16697
4116 0 16701
4116 1 16700
4116 2 16694
4116 3 16696
4116 4 16695
4117 0 16688
4117 1 16700
4117 2 16704
4117 3 16690
4117 4 16697
4118 0 16701
4118 1 16700
4118 2 16694
4118 3 16690
4118 4 16695
4119 0 16701
4119 1 16707
4119 2 16694
4119 3 16698
4119 4 16697
4120 0 16688
4120 1 16707
4120 2 16704
4120 3 16690
4120 4 16695
4121 0 16688
4121 1 16707
4121 2 16694
4121 3 16698
4121 4 16695
4122 0 16701
4122 1 16707
4122 2 16694
4122 3 16698
4122 4 16697
4123 0 16701
4123 1 16707
4123 2 16694
4123 3 16696
4123 4 16697
4124 0 16688
4124 1 16707
4124 2 16694
4124 3 16698
4124 4 16697
4125 0 16721
4125 1 16707
4125 2 16694
4125 3 16696
4125 4 16695
4126 0 16688
4126 1 16707
4126 2 16694
4126 3 16690
4126 4 16695
4127 0 16701
4127 1 16707
4127 2 16694
4127 3 16690
4127 4 16697
4128 0 16701
4128 1 16707
4128 2 16694
4128 3 16698
4128 4 16695
4129 0 16688
4129 1 16707
4129 2 16694
4129 3 16698
4129 4 16697
4130 0 16688
4130 1 16707
4130 2 16694
4130 3 16690
4130 4 16697
4131 0 16688
4131 1 16707
4131 2 16694
4131 3 16698
4131 4 16697
4132 0 16714
4132 1 16707
4132 2 16694
4132 3 16709
4132 4 16697
4133 0 16688
4133 1 16707
4133 2 16694
4133 3 16698
4133 4 16697
4134 0 16688
4134 1 16707
4134 2 16694
4134 3 16709
4134 4 16697
4135 0 16688
4135 1 16707
4135 2 16694
4135 3 16723
4135 4 16697
4136 0 16719
4136 1 16707
4136 2 16694
4136 3 16709
4136 4 16697
4137 0 16688
4137 1 16707
4137 2 16694
4137 3 16698
4137 4 16697
4138 0 16688
4138 1 16707
4138 2 16694
4138 3 16723
4138 4 16697
4139 0 16719
4139 1 16707
4139 2 16694
4139 3 16696
4139 4 16697
4140 0 16688
4140 1 16707
4140 2 16704
4140 3 16698
4140 4 16697
4141 0 16688
4141 1 16707
4141 2 16694
4141 3 16696
4141 4 16697
4142 0 16701
4142 1 16707
4142 2 16694
4142 3 16690
4142 4 16697
4143 0 16701
4143 1 16707
4143 2 16694
4143 3 16698
4143 4 16695
4144 0 16688
4144 1 16707
4144 2 16694
4144 3 16690
4144 4 16697
4145 0 16701
4145 1 16707
4145 2 16694
4145 3 16698
4145 4 16695
4146 0 16688
4146 1 16707
4146 2 16694
4146 3 16690
4146 4 16695
4147 0 16688
4147 1 16707
4147 2 16704
4147 3 16698
4147 4 16695
4148 0 16688
4148 1 16707
4148 2 16694
4148 3 16690
4148 4 16695
4149 0 16688
4149 1 16707
4149 2 16704
4149 3 16698
4149 4 16697
4150 0 16688
4150 1 16689
4150 2 16704
4150 3 16690
4150 4 16695
4151 0 16688
4151 1 16689
4151 2 16704
4151 3 16723
4151 4 16695
4152 0 16688
4152 1 16689
4152 2 16704
4152 3 16696
4152 4 16695
4153 0 16688
4153 1 16689
4153 2 16694
4153 3 16690
4153 4 16695
4154 0 16688
4154 1 16689
4154 2 16694
4154 3 16698
4154 4 16697
4155 0 16688
4155 1 16689
4155 2 16704
4155 3 16696
4155 4 16695
4156 0 16688
4156 1 16689
4156 2 16694
4156 3 16709
4156 4 16697
4157 0 16688
4157 1 16693
4157 2 16694
4157 3 16709
4157 4 16695
4158 0 16688
4158 1 16693
4158 2 16694
4158 3 16698
4158 4 16695
4159 0 16688
4159 1 16689
4159 2 16704
4159 3 16709
4159 4 16697
4160 0 16688
4160 1 16689
4160 2 16694
4160 3 16698
4160 4 16695
4161 0 16688
4161 1 16689
4161 2 16694
4161 3 16698
4161 4 16695
4162 0 16688
4162 1 16689
4162 2 16694
4162 3 16696
4162 4 16695
4163 0 16688
4163 1 16689
4163 2 16703
4163 3 16690
4163 4 16697
4164 0 16688
4164 1 16689
4164 2 16704
4164 3 16696
4164 4 16695
4165 0 16688
4165 1 16689
4165 2 16704
4165 3 16698
4165 4 16697
4166 0 16688
4166 1 16689
4166 2 16694
4166 3 16698
4166 4 16695
4167 0 16719
4167 1 16689
4167 2 16694
4167 3 16698
4167 4 16697
4168 0 16688
4168 1 16693
4168 2 16694
4168 3 16696
4168 4 16697
4169 0 16688
4169 1 16693
4169 2 16694
4169 3 16698
4169 4 16697
4170 0 16688
4170 1 16693
4170 2 16694
4170 3 16698
4171 0 16701
4171 1 16693
4171 2 16704
4171 3 16696
4171 4 16695
4172 0 16688
4172 1 16689
4172 2 16694
4172 3 16690
4172 4 16695
4173 0 16688
4173 1 16693
4173 2 16694
4173 3 16698
4173 4 16695
4174 0 16688
4174 1 16693
4174 2 16694
4174 3 16690
4174 4 16695
4175 0 16688
4175 1 16693
4175 2 16694
4175 3 16709
4175 4 16695
4176 0 16688
4176 1 16693
4176 2 16694
4176 3 16696
4176 4 16697
4177 0 16688
4177 1 16689
4177 2 16694
4177 3 16723
4177 4 16695
4178 0 16688
4178 1 16693
4178 2 16704
4178 3 16690
4178 4 16695
4179 0 16688
4179 1 16689
4179 2 16704
4179 3 16690
4179 4 16697
4180 0 16688
4180 1 16689
4180 2 16694
4180 3 16690
4180 4 16695
4181 0 16688
4181 1 16689
4181 2 16694
4181 3 16709
4181 4 16695
4182 0 16688
4182 1 16689
4182 2 16694
4182 3 16698
4182 4 16695
4183 0 16688
4183 1 16689
4183 2 16694
4183 3 16696
4183 4 16697
4184 0 16688
4184 1 16693
4184 2 16694
4184 3 16696
4184 4 16697
4185 0 16688
4185 1 16689
4185 2 16694
4185 3 16698
4185 4 16695
4186 0 16688
4186 1 16689
4186 2 16694
4186 3 16696
4186 4 16695
4187 0 16688
4187 1 16689
4187 2 16694
4187 3 16690
4187 4 16695
4188 0 16688
4188 1 16689
4188 2 16694
4188 3 16709
4188 4 16695
4189 0 16688
4189 1 16693
4189 2 16694
4189 3 16698
4189 4 16695
4190 0 16688
4190 1 16689
4190 2 16694
4190 3 16709
4191 0 16688
4191 1 16689
4191 2 16694
4191 3 16696
4191 4 16697
4192 0 16688
4192 1 16689
4192 2 16694
4192 3 16723
4192 4 16695
4193 0 16688
4193 1 16689
4193 2 16694
4193 3 16696
4193 4 16695
4194 0 16688
4194 1 16693
4194 2 16703
4194 3 16698
4194 4 16695
4195 0 16688
4195 1 16689
4195 2 16694
4195 3 16723
4195 4 16695
4196 0 16688
4196 1 16689
4196 2 16694
4196 3 16698
4196 4 16697
4197 0 16688
4197 1 16689
4197 2 16708
4197 3 16696
4198 0 16688
4198 1 16689
4198 2 16708
4198 3 16696
4199 0 16688
4199 1 16689
4199 2 16708
4199 3 16723
4200 0 16688
4200 1 16689
4200 2 16708
4200 3 16723
4201 0 16688
4201 1 16689
4201 2 16708
4201 3 16709
4202 0 16688
4202 1 16689
4202 2 16708
4202 3 16723
4203 0 16688
4203 1 16689
4203 2 16708
4203 3 16690
4204 0 16688
4204 1 16689
4204 2 16708
4204 3 16723
4205 0 16688
4205 1 16689
4205 2 16708
4205 3 16709
4206 0 16688
4206 1 16689
4206 2 16708
4206 3 16723
4207 0 16688
4207 1 16700
4207 2 16703
4207 3 16698
4208 0 16688
4208 1 16689
4208 2 16708
4208 3 16696
4209 0 16688
4209 1 16689
4209 2 16708
4209 3 16709
4210 0 16688
4210 1 16689
4210 2 16708
4210 3 16696
4211 0 16720
4211 1 16689
4211 2 16708
4211 3 16723
4211 4 16695
4212 0 16688
4212 1 16689
4212 2 16708
4212 3 16723
4213 0 16719
4213 1 16689
4213 2 16708
4213 3 16709
4214 0 16688
4214 1 16689
4214 2 16708
4214 3 16709
4215 0 16688
4215 1 16700
4215 2 16708
4215 3 16698
4216 0 16688
4216 1 16689
4216 2 16708
4216 3 16709
4217 0 16719
4217 1 16689
4217 2 16708
4217 3 16709
4218 0 16688
4218 1 16689
4218 2 16708
4218 3 16709
4219 0 16688
4219 1 16689
4219 2 16708
4219 3 16709
4220 0 16688
4220 1 16700
4220 2 16708
4220 3 16709
4221 0 16688
4221 1 16689
4221 2 16703
4221 3 16723
4222 0 16688
4222 1 16689
4222 2 16708
4222 3 16723
4223 0 16688
4223 1 16689
4223 2 16708
4223 3 16696
4224 0 16688
4224 1 16689
4224 2 16708
4224 3 16690
4225 0 16688
4225 1 16689
4225 2 16708
4225 3 16696
4226 0 16688
4226 1 16689
4226 2 16708
4226 3 16696
4227 0 16688
4227 1 16700
4227 2 16708
4227 3 16723
4228 0 16688
4228 1 16689
4228 2 16708
4228 3 16723
4229 0 16688
4229 1 16689
4229 2 16708
4229 3 16709
4230 0 16688
4230 1 16689
4230 2 16708
4230 3 16690
4231 0 16688
4231 1 16689
4231 2 16708
4231 3 16696
4232 0 16688
4232 1 16700
4232 2 16708
4232 3 16723
4233 0 16688
4233 1 16689
4233 2 16703
4233 3 16709
4234 0 16688
4234 1 16693
4234 2 16703
4234 3 16698
4234 4 16697
4235 0 16688
4235 1 16689
4235 2 16708
4235 3 16709
4236 0 16688
4236 1 16689
4236 2 16703
4236 3 16696
4236 4 16695
4237 0 16688
4237 1 16693
4237 2 16704
4237 3 16690
4237 4 16697
4238 0 16688
4238 1 16693
4238 2 16694
4238 3 16696
4238 4 16697
4239 0 16719
4239 1 16689
4239 2 16694
4239 3 16723
4239 4 16697
4240 0 16719
4240 1 16689
4240 2 16703
4240 3 16698
4240 4 16697
4241 0 16688
4241 1 16693
4241 3 16698
4241 4 16695
4242 0 16688
4242 1 16693
4242 2 16694
4242 3 16698
4242 4 16697
4243 0 16724
4243 1 16689
4243 2 16694
4243 3 16696
4243 4 16695
4244 0 16688
4244 1 16689
4244 2 16704
4244 3 16696
4244 4 16695
4245 0 16688
4245 1 16693
4245 2 16704
4245 3 16696
4245 4 16695
4246 0 16688
4246 1 16693
4246 2 16704
4246 3 16696
4246 4 16695
4247 0 16688
4247 1 16693
4247 2 16704
4247 3 16698
4247 4 16697
4248 0 16701
4248 1 16689
4248 2 16708
4248 3 16698
4249 0 16688
4249 1 16689
4249 2 16708
4249 3 16723
4250 0 16724
4250 1 16689
4250 2 16708
4250 3 16709
4251 0 16688
4251 1 16693
4251 2 16708
4251 3 16709
4252 0 16715
4252 1 16689
4252 2 16708
4252 3 16723
4253 0 16688
4253 1 16689
4253 2 16708
4253 3 16696
4254 0 16688
4254 1 16693
4254 2 16704
4254 3 16690
4255 0 16701
4255 1 16693
4255 2 16704
4255 3 16698
4255 4 16697
4256 0 16701
4256 1 16693
4256 2 16704
4256 3 16690
4256 4 16697
4257 0 16688
4257 1 16693
4257 2 16704
4257 3 16696
4257 4 16695
4258 0 16688
4258 1 16693
4258 2 16704
4258 3 16696
4258 4 16697
4259 0 16688
4259 1 16693
4259 2 16704
4259 3 16696
4259 4 16697
4260 0 16688
4260 1 16693
4260 2 16704
4260 3 16696
4261 0 16688
4261 1 16693
4261 2 16704
4261 3 16723
4261 4 16695
4262 0 16688
4262 1 16689
4262 2 16708
4262 3 16709
4263 0 16724
4263 1 16689
4263 2 16694
4263 3 16690
4264 0 16715
4264 1 16689
4264 2 16694
4264 3 16696
4264 4 16697
4265 0 16688
4265 1 16689
4265 2 16694
4265 3 16696
4266 0 16719
4266 1 16689
4266 2 16694
4266 3 16709
4266 4 16695
4267 0 16702
4267 1 16693
4267 2 16694
4267 3 16696
4267 4 16697
4268 0 16702
4268 1 16693
4268 2 16694
4268 3 16698
4268 4 16697
4269 0 16688
4269 1 16693
4269 2 16704
4269 3 16709
4269 4 16697
4270 0 16688
4270 1 16689
4270 2 16694
4270 3 16696
4270 4 16695
4271 0 16688
4271 1 16689
4271 2 16694
4271 3 16698
4271 4 16697
4272 0 16688
4272 1 16689
4272 2 16694
4272 3 16698
4272 4 16695
4273 0 16725
4273 1 16689
4273 2 16708
4273 3 16723
4273 4 16695
4274 0 16688
4274 1 16689
4274 2 16694
4274 3 16690
4274 4 16695
4275 0 16688
4275 1 16689
4275 2 16694
4275 3 16698
4275 4 16695
4276 0 16692
4276 1 16689
4276 2 16694
4276 3 16690
4276 4 16697
4277 0 16722
4277 1 16693
4277 2 16703
4277 3 16690
4277 4 16695
4278 0 16722
4278 1 16689
4278 2 16694
4278 3 16696
4279 0 16705
4279 1 16689
4279 2 16708
4279 3 16723
4280 0 16688
4280 1 16689
4280 2 16694
4280 3 16723
4280 4 16697
4281 0 16721
4281 1 16693
4281 2 16694
4281 3 16698
4281 4 16695
4282 0 16701
4282 1 16689
4282 2 16694
4282 3 16696
4282 4 16697
4283 0 16701
4283 1 16689
4283 2 16694
4283 3 16690
4283 4 16695
4284 0 16701
4284 1 16689
4284 2 16708
4284 3 16698
4285 0 16688
4285 1 16689
4285 2 16708
4285 3 16709
4286 0 16692
4286 1 16689
4286 2 16694
4286 3 16709
4286 4 16695
4287 0 16692
4287 1 16689
4287 2 16708
4287 3 16723
4288 0 16719
4288 1 16689
4288 2 16703
4288 3 16696
4289 0 16692
4289 1 16689
4289 2 16694
4289 3 16698
4290 0 16692
4290 1 16689
4290 2 16694
4290 3 16690
4290 4 16695
4291 0 16692
4291 1 16693
4291 2 16694
4291 3 16698
4291 4 16697
4292 0 16705
4292 1 16689
4292 2 16694
4292 3 16690
4292 4 16695
4293 0 16705
4293 1 16689
4293 2 16694
4293 3 16690
4293 4 16697
4294 0 16688
4294 1 16693
4294 2 16704
4294 3 16709
4295 0 16688
4295 1 16689
4295 2 16704
4295 3 16696
4296 0 16688
4296 1 16693
4296 2 16704
4296 3 16690
4296 4 16697
4297 0 16719
4297 1 16689
4297 2 16703
4297 3 16698
4298 0 16705
4298 1 16693
4298 2 16694
4298 3 16698
4298 4 16697
4299 0 16688
4299 1 16689
4299 2 16694
4299 3 16696
4299 4 16695
4300 0 16688
4300 1 16693
4300 2 16704
4300 3 16696
4300 4 16697
4301 0 16705
4301 1 16689
4301 2 16708
4301 3 16696
4302 0 16688
4302 1 16707
4302 2 16694
4302 3 16723
4302 4 16697
4303 0 16688
4303 1 16693
4303 2 16699
4303 3 16696
4303 4 16695
4304 0 16688
4304 1 16689
4304 2 16708
4304 3 16723
4305 0 16688
4305 1 16693
4305 2 16691
4305 3 16696
4306 0 16688
4306 1 16689
4306 2 16708
4306 3 16698
4307 0 16688
4307 1 16689
4307 2 16703
4307 3 16690
4308 0 16688
4308 1 16693
4308 2 16691
4308 3 16723
4308 4 16697
4309 0 16688
4309 1 16689
4309 2 16703
4309 3 16698
4310 0 16688
4310 1 16700
4310 2 16708
4310 3 16709
4311 0 16688
4311 1 16700
4311 2 16708
4311 3 16709
4312 0 16688
4312 1 16700
4312 2 16708
4312 3 16723
4313 0 16688
4313 1 16689
4313 2 16691
4313 3 16698
4314 0 16688
4314 1 16693
4314 2 16704
4314 3 16709
4314 4 16697
4315 0 16688
4315 1 16700
4315 2 16694
4315 3 16698
4316 0 16688
4316 1 16700
4316 2 16703
4316 3 16723
4317 0 16688
4317 1 16700
4317 2 16708
4317 3 16709
4318 0 16688
4318 1 16693
4318 2 16699
4318 3 16709
4318 4 16695
4319 0 16688
4319 1 16700
4319 2 16703
4319 3 16696
4320 0 16688
4320 1 16700
4320 2 16703
4320 3 16696
4321 0 16688
4321 1 16693
4321 2 16716
4321 3 16696
4321 4 16697
4322 0 16688
4322 1 16689
4322 2 16691
4322 3 16690
4323 0 16688
4323 1 16700
4323 2 16708
4323 3 16690
4324 0 16688
4324 1 16689
4324 2 16694
4324 3 16696
4324 4 16697
4325 0 16688
4325 1 16689
4325 2 16694
4325 3 16698
4325 4 16695
4326 0 16688
4326 1 16693
4326 2 16694
4326 3 16698
4326 4 16697
4327 0 16688
4327 1 16700
4327 2 16708
4327 3 16709
4328 0 16688
4328 1 16693
4328 2 16691
4328 3 16723
4328 4 16695
4329 0 16688
4329 1 16689
4329 2 16694
4329 3 16690
4329 4 16695
4330 0 16688
4330 1 16689
4330 2 16694
4330 3 16696
4330 4 16695
4331 0 16688
4331 1 16693
4331 2 16704
4331 3 16690
4331 4 16695
4332 0 16701
4332 1 16693
4332 2 16694
4332 3 16709
4332 4 16697
4333 0 16688
4333 1 16689
4333 2 16694
4333 3 16698
4334 0 16688
4334 1 16689
4334 2 16694
4334 3 16698
4335 0 16688
4335 1 16700
4335 2 16694
4335 3 16698
4336 0 16688
4336 1 16693
4336 2 16694
4336 3 16696
4336 4 16697
4337 0 16688
4337 1 16707
4337 2 16699
4337 3 16696
4337 4 16697
4338 0 16692
4338 1 16693
4338 2 16694
4338 3 16698
4338 4 16697
4339 0 16688
4339 1 16707
4339 2 16694
4339 3 16698
4339 4 16695
4340 0 16688
4340 1 16693
4340 2 16727
4340 3 16709
4340 4 16697
4341 0 16688
4341 1 16689
4341 2 16708
4341 3 16709
4342 0 16688
4342 1 16700
4342 2 16708
4342 3 16696
4343 0 16731
4343 1 16693
4343 2 16716
4343 3 16723
4344 0 16701
4344 1 16689
4344 2 16716
4344 3 16698
4344 4 16697
4345 0 16702
4345 1 16689
4345 2 16694
4345 3 16698
4345 4 16728
4346 0 16713
4346 1 16689
4346 2 16710
4346 3 16698
4346 4 16695
4347 0 16688
4347 1 16689
4347 2 16708
4347 3 16723
4348 0 16688
4348 1 16700
4348 2 16710
4348 3 16690
4348 4 16695
4349 0 16713
4349 1 16689
4349 2 16716
4349 3 16698
4349 4 16695
4350 0 16688
4350 1 16700
4350 2 16718
4350 3 16698
4350 4 16695
4351 0 16713
4351 1 16689
4351 2 16716
4351 3 16696
4352 0 16731
4352 1 16689
4352 2 16708
4352 3 16698
4353 0 16713
4353 1 16689
4353 2 16716
4353 3 16698
4354 0 16731
4354 1 16693
4354 2 16716
4354 3 16690
4355 0 16711
4355 1 16689
4355 2 16710
4355 3 16690
4356 0 16729
4356 1 16689
4356 2 16716
4356 3 16698
4356 4 16697
4357 0 16688
4357 1 16693
4357 2 16694
4357 3 16690
4357 4 16695
4358 0 16731
4358 1 16693
4358 2 16716
4358 3 16690
4359 0 16688
4359 1 16693
4359 2 16727
4359 3 16690
4359 4 16695
4360 0 16705
4360 1 16693
4360 2 16694
4360 3 16698
4360 4 16697
4361 0 16702
4361 1 16689
4361 2 16703
4361 3 16698
4362 0 16688
4362 1 16693
4362 2 16704
4362 3 16698
4362 4 16697
4363 0 16688
4363 1 16700
4363 2 16710
4363 3 16709
4364 0 16711
4364 1 16689
4364 2 16716
4364 3 16696
4364 4 16697
4365 0 16721
4365 1 16700
4365 2 16708
4365 3 16696
4366 0 16688
4366 1 16700
4366 2 16708
4366 3 16709
4367 0 16688
4367 1 16700
4367 2 16703
4367 3 16698
4368 0 16688
4368 1 16689
4368 2 16716
4368 3 16723
4368 4 16697
4369 0 16702
4369 1 16689
4369 2 16703
4369 3 16690
4369 4 16695
4370 0 16701
4370 1 16693
4370 2 16716
4370 3 16698
4370 4 16695
4371 0 16731
4371 1 16689
4371 2 16708
4371 3 16698
4372 0 16731
4372 1 16689
4372 2 16718
4372 3 16698
4372 4 16695
4373 0 16731
4373 1 16693
4373 2 16716
4373 3 16698
4373 4 16695
4374 0 16688
4374 1 16689
4374 2 16703
4374 3 16696
4375 0 16731
4375 1 16693
4375 2 16716
4375 3 16698
4375 4 16695
4376 0 16688
4376 1 16693
4376 2 16727
4376 3 16696
4376 4 16697
4377 0 16713
4377 1 16689
4377 2 16694
4377 3 16696
4378 0 16731
4378 1 16693
4378 2 16716
4378 3 16709
4378 4 16695
4379 0 16731
4379 1 16689
4379 2 16716
4379 3 16698
4380 0 16731
4380 1 16689
4380 2 16716
4380 3 16690
4380 4 16695
4381 0 16688
4381 1 16689
4381 2 16708
4381 3 16690
4382 0 16688
4382 1 16689
4382 2 16704
4382 3 16690
4382 4 16695
4383 0 16688
4383 1 16689
4383 2 16703
4383 3 16696
4384 0 16688
4384 1 16693
4384 2 16699
4384 3 16709
4384 4 16697
4385 0 16688
4385 1 16689
4385 2 16716
4385 3 16709
4385 4 16695
4386 0 16688
4386 1 16693
4386 2 16699
4386 3 16723
4386 4 16695
4387 0 16688
4387 1 16693
4387 2 16691
4387 3 16698
4388 0 16688
4388 1 16689
4388 2 16708
4388 3 16696
4389 0 16688
4389 1 16700
4389 2 16703
4389 3 16696
4390 0 16688
4390 1 16689
4390 2 16694
4390 3 16709
4390 4 16697
4391 0 16688
4391 1 16689
4391 2 16703
4391 3 16690
4392 0 16688
4392 1 16700
4392 2 16708
4392 3 16696
4393 0 16702
4393 1 16700
4393 2 16703
4393 3 16696
4394 0 16688
4394 1 16689
4394 2 16704
4394 3 16696
4395 0 16692
4395 1 16689
4395 2 16694
4395 3 16698
4395 4 16695
4396 0 16692
4396 1 16689
4396 2 16704
4396 3 16690
4397 0 16705
4397 1 16689
4397 2 16708
4397 3 16696
4398 0 16721
4398 1 16689
4398 2 16708
4398 3 16709
4399 0 16713
4399 1 16689
4399 2 16704
4399 3 16696
4399 4 16695
4400 0 16688
4400 1 16689
4400 2 16708
4400 3 16709
4401 0 16688
4401 1 16693
4401 2 16704
4401 3 16698
4401 4 16697
4402 0 16688
4402 1 16700
4402 2 16708
4402 3 16709
4403 0 16717
4403 1 16689
4403 2 16704
4403 3 16698
4404 0 16713
4404 1 16689
4404 2 16694
4404 3 16690
4405 0 16719
4405 1 16693
4405 2 16694
4405 3 16696
4406 0 16705
4406 1 16693
4406 2 16704
4406 3 16698
4407 0 16688
4407 1 16693
4407 2 16704
4407 3 16709
4407 4 16695
4408 0 16688
4408 1 16689
4408 2 16694
4408 3 16698
4409 0 16688
4409 1 16700
4409 2 16708
4409 3 16690
4410 0 16705
4410 1 16689
4410 2 16708
4410 3 16696
4411 0 16688
4411 1 16689
4411 2 16703
4411 3 16696
4412 0 16688
4412 1 16693
4412 2 16694
4412 3 16709
4412 4 16695
4413 0 16688
4413 1 16693
4413 2 16704
4413 3 16698
4413 4 16697
4414 0 16688
4414 1 16700
4414 2 16703
4414 3 16709
4415 0 16688
4415 1 16700
4415 2 16708
4415 3 16690
4416 0 16721
4416 1 16689
4416 2 16708
4416 3 16690
4417 0 16688
4417 1 16693
4417 2 16691
4417 3 16696
4418 0 16688
4418 1 16689
4418 2 16704
4418 3 16696
4418 4 16697
4419 0 16692
4419 1 16689
4419 2 16703
4419 3 16709
4420 0 16688
4420 1 16689
4420 2 16694
4420 3 16698
4421 0 16688
4421 1 16693
4421 2 16694
4421 3 16698
4421 4 16697
4422 0 16688
4422 1 16689
4422 2 16694
4422 3 16698
4423 0 16714
4423 1 16693
4423 2 16703
4423 3 16698
4423 4 16728
4424 0 16688
4424 1 16693
4424 2 16704
4424 3 16698
4425 0 16688
4425 1 16693
4425 2 16708
4425 3 16696
4426 0 16692
4426 1 16689
4426 2 16708
4426 3 16709
4427 0 16688
4427 1 16689
4427 2 16708
4427 3 16696
4428 0 16713
4428 1 16689
4428 2 16708
4428 3 16698
4429 0 16688
4429 1 16689
4429 2 16708
4429 3 16696
4430 0 16702
4430 1 16689
4430 2 16708
4430 3 16690
4431 0 16688
4431 1 16689
4431 2 16708
4431 3 16723
4432 0 16702
4432 1 16689
4432 2 16708
4432 3 16696
4433 0 16688
4433 1 16693
4433 2 16694
4433 3 16690
4433 4 16697
4434 0 16702
4434 1 16693
4434 2 16703
4434 3 16698
4435 0 16705
4435 1 16689
4435 2 16708
4435 3 16698
4436 0 16688
4436 1 16689
4436 2 16703
4436 3 16723
4437 0 16702
4437 1 16693
4437 2 16694
4437 3 16698
4438 0 16688
4438 1 16693
4438 2 16703
4438 3 16690
4439 0 16688
4439 1 16689
4439 2 16703
4439 3 16709
4440 0 16688
4440 1 16689
4440 2 16694
4440 3 16696
4441 0 16688
4441 1 16689
4441 2 16694
4441 3 16690
4441 4 16695
4442 0 16688
4442 1 16689
4442 2 16708
4442 3 16696
4443 0 16688
4443 1 16689
4443 2 16708
4443 3 16698
4444 0 16688
4444 1 16693
4444 2 16694
4444 3 16698
4445 0 16688
4445 1 16689
4445 2 16704
4445 3 16690
4445 4 16697
4446 0 16688
4446 1 16689
4446 2 16694
4446 3 16709
4446 4 16697
4447 0 16705
4447 1 16689
4447 2 16694
4447 3 16690
4447 4 16695
4448 0 16719
4448 1 16693
4448 2 16694
4448 3 16696
4448 4 16695
4449 0 16688
4449 1 16689
4449 2 16708
4449 3 16723
4450 0 16688
4450 1 16689
4450 2 16691
4450 3 16698
4450 4 16697
4451 0 16705
4451 1 16693
4451 2 16703
4451 3 16690
4452 0 16688
4452 1 16689
4452 2 16708
4452 3 16690
4453 0 16688
4453 1 16693
4453 2 16694
4453 3 16698
4453 4 16697
4454 0 16719
4454 1 16689
4454 2 16704
4454 3 16709
4454 4 16728
4455 0 16688
4455 1 16689
4455 2 16708
4455 3 16709
4456 0 16721
4456 1 16689
4456 2 16708
4456 3 16709
4457 0 16688
4457 1 16689
4457 2 16694
4457 3 16698
4457 4 16728
4458 0 16705
4458 1 16689
4458 2 16708
4458 3 16698
4459 0 16688
4459 1 16689
4459 2 16694
4459 3 16696
4459 4 16697
4460 0 16692
4460 1 16689
4460 2 16694
4460 3 16709
4460 4 16697
4461 0 16702
4461 1 16693
4461 2 16703
4461 3 16698
4462 0 16688
4462 1 16693
4462 2 16694
4462 3 16690
4462 4 16695
4463 0 16688
4463 1 16693
4463 2 16694
4463 3 16698
4463 4 16695
4464 0 16688
4464 1 16693
4464 2 16694
4464 3 16698
4464 4 16697
4465 0 16715
4465 1 16689
4465 2 16694
4465 3 16698
4465 4 16728
4466 0 16688
4466 1 16707
4466 2 16694
4466 3 16698
4466 4 16697
4467 0 16701
4467 1 16689
4467 2 16694
4467 3 16698
4467 4 16697
4468 0 16719
4468 1 16693
4468 2 16694
4468 3 16698
4469 0 16717
4469 1 16693
4469 2 16694
4469 3 16696
4470 0 16702
4470 1 16693
4470 2 16694
4470 3 16696
4470 4 16695
4471 0 16702
4471 1 16693
4471 2 16716
4471 3 16696
4471 4 16695
4472 0 16688
4472 1 16689
4472 2 16708
4472 3 16698
4473 0 16701
4473 1 16693
4473 2 16716
4473 3 16696
4474 0 16688
4474 1 16689
4474 2 16708
4474 3 16709
4475 0 16688
4475 1 16693
4475 2 16718
4475 3 16696
4475 4 16697
4476 0 16688
4476 1 16700
4476 2 16703
4476 3 16709
4477 0 16688
4477 1 16693
4477 2 16694
4477 3 16698
4477 4 16697
4478 0 16688
4478 1 16693
4478 2 16699
4478 3 16698
4478 4 16695
4479 0 16688
4479 1 16689
4479 2 16708
4479 3 16723
4480 0 16688
4480 1 16689
4480 2 16694
4480 3 16690
4480 4 16695
4481 0 16692
4481 1 16693
4481 2 16694
4481 3 16696
4481 4 16695
4482 0 16688
4482 1 16689
4482 2 16704
4482 3 16698
4482 4 16697
4483 0 16688
4483 1 16689
4483 2 16699
4483 3 16709
4483 4 16695
4484 0 16688
4484 1 16693
4484 2 16699
4484 3 16723
4484 4 16695
4485 0 16688
4485 1 16689
4485 2 16694
4485 3 16709
4485 4 16697
4486 0 16688
4486 1 16700
4486 2 16708
4486 3 16696
4487 0 16688
4487 1 16689
4487 2 16708
4487 3 16709
4488 0 16688
4488 1 16700
4488 3 16696
4489 0 16688
4489 1 16700
4489 2 16708
4489 3 16723
4490 0 16688
4490 1 16689
4490 2 16708
4490 3 16690
4491 0 16688
4491 1 16689
4491 2 16708
4491 3 16690
4492 0 16688
4492 1 16693
4492 2 16694
4492 3 16696
4492 4 16697
4493 0 16712
4493 1 16693
4493 2 16694
4493 3 16696
4493 4 16695
4494 0 16688
4494 1 16700
4494 2 16708
4494 3 16690
4495 0 16688
4495 1 16689
4495 2 16708
4495 3 16696
4496 0 16688
4496 1 16689
4496 2 16708
4496 3 16696
4497 0 16688
4497 1 16689
4497 2 16708
4497 3 16723
4498 0 16712
4498 1 16689
4498 2 16708
4498 3 16698
4499 0 16688
4499 1 16693
4499 2 16694
4499 3 16709
4499 4 16697
4500 0 16692
4500 1 16689
4500 2 16694
4500 3 16709
4500 4 16697
4501 0 16688
4501 1 16693
4501 2 16694
4501 3 16690
4501 4 16695
4502 0 16688
4502 1 16689
4502 2 16691
4502 3 16709
4503 0 16688
4503 1 16689
4503 2 16708
4503 3 16723
4504 0 16701
4504 1 16693
4504 2 16694
4504 3 16698
4505 0 16692
4505 1 16689
4505 2 16694
4505 3 16698
4505 4 16695
4506 0 16692
4506 1 16693
4506 2 16694
4506 3 16696
4506 4 16697
4507 0 16688
4507 1 16693
4507 2 16694
4507 3 16690
4507 4 16697
4508 0 16688
4508 1 16700
4508 2 16708
4508 3 16723
4509 0 16688
4509 1 16693
4509 2 16706
4509 3 16696
4509 4 16695
4510 0 16688
4510 1 16693
4510 2 16694
4510 3 16690
4510 4 16697
4511 0 16688
4511 1 16689
4511 2 16694
4511 3 16696
4511 4 16697
4512 0 16688
4512 1 16693
4512 2 16727
4512 3 16709
4512 4 16697
4513 0 16688
4513 1 16689
4513 2 16708
4513 3 16709
4514 0 16688
4514 1 16693
4514 2 16694
4514 3 16698
4514 4 16695
4515 0 16701
4515 1 16693
4515 2 16716
4515 3 16690
4515 4 16697
4516 0 16688
4516 1 16700
4516 2 16708
4516 3 16696
4517 0 16688
4517 1 16700
4517 2 16708
4517 3 16723
4518 0 16713
4518 1 16689
4518 2 16708
4518 3 16696
4519 0 16688
4519 1 16689
4519 2 16708
4519 3 16723
4520 0 16688
4520 1 16693
4520 2 16716
4520 3 16696
4520 4 16697
4521 0 16688
4521 1 16693
4521 2 16716
4521 3 16690
4521 4 16695
4522 0 16705
4522 1 16689
4522 2 16708
4522 3 16698
4523 0 16688
4523 1 16689
4523 2 16708
4523 3 16723
4524 0 16688
4524 1 16689
4524 2 16710
4524 3 16698
4524 4 16695
4525 0 16688
4525 1 16689
4525 2 16708
4525 3 16690
4526 0 16701
4526 1 16689
4526 2 16694
4526 3 16698
4526 4 16695
4527 0 16688
4527 1 16689
4527 2 16708
4527 3 16696
4528 0 16688
4528 1 16689
4528 2 16708
4528 3 16690
4529 0 16688
4529 1 16693
4529 2 16708
4529 3 16698
4530 0 16688
4530 1 16689
4530 2 16704
4530 3 16690
4530 4 16697
4531 0 16688
4531 1 16689
4531 2 16691
4531 3 16696
4532 0 16702
4532 1 16689
4532 2 16703
4532 3 16698
4533 0 16688
4533 1 16689
4533 2 16708
4533 3 16709
4534 0 16688
4534 1 16689
4534 2 16716
4534 3 16690
4534 4 16695
4535 0 16705
4535 1 16689
4535 2 16694
4535 3 16696
4535 4 16695
4536 0 16688
4536 1 16700
4536 2 16708
4536 3 16696
4537 0 16688
4537 1 16689
4537 2 16708
4537 3 16698
4538 0 16688
4538 1 16700
4538 2 16716
4538 3 16696
4538 4 16697
4539 0 16712
4539 1 16689
4539 2 16694
4539 3 16709
4539 4 16697
4540 0 16688
4540 1 16689
4540 2 16708
4540 3 16709
4541 0 16688
4541 1 16700
4541 2 16708
4541 3 16696
4542 0 16688
4542 1 16689
4542 2 16708
4542 3 16723
4543 0 16688
4543 1 16689
4543 3 16696
4543 4 16697
4544 0 16692
4544 1 16689
4544 2 16710
4544 3 16698
4545 0 16688
4545 1 16689
4545 2 16708
4545 3 16698
4546 0 16688
4546 1 16689
4546 2 16704
4546 3 16709
4546 4 16697
4547 0 16688
4547 1 16693
4547 2 16708
4547 3 16709
4548 0 16688
4548 1 16700
4548 2 16718
4548 3 16698
4548 4 16695
4549 0 16688
4549 1 16693
4549 2 16706
4549 3 16696
4549 4 16695
4550 0 16688
4550 1 16689
4550 2 16694
4550 3 16709
4550 4 16695
4551 0 16688
4551 1 16689
4551 2 16694
4551 3 16696
4551 4 16695
4552 0 16688
4552 1 16689
4552 2 16704
4552 3 16696
4552 4 16697
4553 0 16688
4553 1 16689
4553 2 16694
4553 3 16709
4553 4 16697
4554 0 16688
4554 1 16689
4554 2 16704
4554 3 16709
4555 0 16705
4555 1 16689
4555 2 16694
4555 3 16696
4555 4 16695
4556 0 16688
4556 1 16689
4556 2 16694
4556 3 16723
4556 4 16695
4557 0 16688
4557 1 16693
4557 2 16703
4557 3 16709
4558 0 16688
4558 1 16693
4558 2 16704
4558 3 16709
4558 4 16695
4559 0 16688
4559 1 16693
4559 2 16718
4559 3 16696
4559 4 16695
4560 0 16688
4560 1 16689
4560 2 16694
4560 3 16709
4560 4 16695
4561 0 16688
4561 1 16689
4561 2 16699
4561 3 16723
4562 0 16688
4562 1 16689
4562 2 16694
4562 3 16709
4562 4 16695
4563 0 16688
4563 1 16689
4563 2 16694
4563 3 16696
4564 0 16702
4564 1 16689
4564 2 16694
4564 3 16696
4564 4 16695
4565 0 16688
4565 1 16689
4565 2 16704
4565 3 16698
4565 4 16695
4566 0 16702
4566 1 16689
4566 2 16694
4566 3 16698
4566 4 16695
4567 0 16688
4567 1 16693
4567 2 16718
4567 3 16698
4567 4 16697
4568 0 16688
4568 1 16689
4568 2 16708
4568 3 16696
4569 0 16688
4569 1 16700
4569 2 16708
4569 3 16698
4570 0 16688
4570 1 16700
4570 2 16703
4570 3 16723
4571 0 16688
4571 1 16693
4571 2 16704
4571 3 16723
4571 4 16695
4572 0 16688
4572 1 16689
4572 2 16694
4572 3 16723
4573 0 16688
4573 1 16689
4573 2 16708
4573 3 16709
4574 0 16688
4574 1 16689
4574 2 16708
4574 3 16709
4575 0 16702
4575 1 16693
4575 2 16694
4575 3 16698
4576 0 16688
4576 1 16689
4576 2 16694
4576 3 16696
4576 4 16695
4577 0 16688
4577 1 16700
4577 2 16694
4577 3 16698
4577 4 16697
4578 0 16688
4578 1 16689
4578 2 16694
4578 3 16698
4579 0 16688
4579 1 16693
4579 2 16704
4579 3 16698
4580 0 16688
4580 1 16693
4580 2 16694
4580 3 16698
4581 0 16688
4581 1 16689
4581 2 16694
4581 3 16696
4581 4 16695
4582 0 16688
4582 1 16693
4582 2 16694
4582 3 16698
4582 4 16695
4583 0 16688
4583 1 16689
4583 2 16708
4583 3 16709
4584 0 16705
4584 1 16689
4584 2 16694
4584 3 16709
4584 4 16695
4585 0 16688
4585 1 16689
4585 2 16708
4585 3 16696
4586 0 16712
4586 1 16693
4586 2 16694
4586 3 16698
4586 4 16697
4587 0 16688
4587 1 16689
4587 2 16727
4587 3 16696
4587 4 16695
4588 0 16688
4588 1 16693
4588 2 16694
4588 3 16698
4588 4 16695
4589 0 16688
4589 1 16693
4589 2 16704
4589 3 16698
4589 4 16695
4590 0 16688
4590 1 16693
4590 2 16694
4590 3 16698
4591 0 16705
4591 1 16689
4591 2 16694
4591 3 16696
4591 4 16695
4592 0 16688
4592 1 16689
4592 2 16694
4592 3 16709
4593 0 16688
4593 1 16689
4593 2 16708
4593 3 16709
4594 0 16688
4594 1 16689
4594 2 16708
4594 3 16696
4595 0 16688
4595 1 16693
4595 2 16694
4595 3 16690
4595 4 16695
4596 0 16688
4596 1 16693
4596 2 16691
4596 3 16696
4596 4 16695
4597 0 16688
4597 1 16689
4597 2 16703
4597 3 16690
4598 0 16688
4598 1 16689
4598 2 16694
4598 3 16723
4599 0 16688
4599 1 16693
4599 2 16694
4599 3 16690
4599 4 16695
4600 0 16688
4600 1 16693
4600 2 16704
4600 3 16698
4600 4 16695
4601 0 16688
4601 1 16689
4601 2 16694
4601 3 16690
4602 0 16688
4602 1 16689
4602 2 16727
4602 3 16698
4602 4 16695
4603 0 16688
4603 1 16700
4603 2 16694
4603 3 16696
4603 4 16697
4604 0 16692
4604 1 16707
4604 2 16694
4604 3 16696
4604 4 16697
4605 0 16713
4605 1 16689
4605 2 16703
4605 3 16698
4605 4 16697
4606 0 16688
4606 1 16693
4606 2 16694
4606 3 16690
4606 4 16697
4607 0 16702
4607 1 16693
4607 2 16716
4607 3 16696
4608 0 16688
4608 1 16689
4608 2 16694
4608 3 16690
4609 0 16688
4609 1 16689
4609 2 16704
4609 3 16723
4609 4 16695
4610 0 16688
4610 1 16689
4610 2 16716
4610 3 16709
4610 4 16695
4611 0 16688
4611 1 16693
4611 2 16716
4611 3 16696
4611 4 16695
4612 0 16688
4612 1 16689
4612 2 16699
4612 3 16696
4612 4 16695
4613 0 16688
4613 1 16700
4613 2 16703
4613 3 16690
4614 0 16688
4614 1 16707
4614 2 16694
4614 3 16709
4614 4 16695
4615 0 16688
4615 1 16693
4615 2 16691
4615 3 16696
4616 0 16688
4616 1 16693
4616 2 16703
4616 3 16690
4617 0 16688
4617 1 16700
4617 2 16703
4617 3 16696
4618 0 16692
4618 1 16689
4618 2 16718
4618 3 16690
4618 4 16695
4619 0 16688
4619 1 16689
4619 2 16691
4619 3 16696
4620 0 16688
4620 1 16707
4620 2 16699
4620 3 16690
4620 4 16695
4621 0 16688
4621 1 16693
4621 2 16716
4621 3 16690
4621 4 16695
4622 0 16688
4622 1 16689
4622 2 16704
4622 3 16723
4622 4 16697
4623 0 16688
4623 1 16707
4623 2 16694
4623 3 16696
4623 4 16697
4624 0 16688
4624 1 16707
4624 2 16694
4624 3 16696
4624 4 16695
4625 0 16688
4625 1 16693
4625 2 16704
4625 3 16698
4625 4 16695
4626 0 16688
4626 1 16689
4626 2 16708
4626 3 16696
4627 0 16688
4627 1 16689
4627 2 16694
4627 3 16690
4628 0 16688
4628 1 16693
4628 2 16710
4628 3 16698
4629 0 16688
4629 1 16689
4629 2 16708
4629 3 16690
4630 0 16688
4630 1 16689
4630 2 16708
4630 3 16723
4631 0 16688
4631 1 16693
4631 2 16710
4631 3 16690
4632 0 16688
4632 1 16689
4632 2 16710
4632 3 16698
4633 0 16688
4633 1 16689
4633 2 16710
4633 3 16698
4634 0 16688
4634 1 16693
4634 3 16690
4635 0 16701
4635 1 16689
4635 2 16708
4635 3 16696
4636 0 16688
4636 1 16693
4636 2 16710
4636 3 16698
4637 0 16688
4637 1 16689
4637 2 16708
4637 3 16709
4638 0 16688
4638 1 16693
4638 2 16708
4638 3 16696
4639 0 16688
4639 1 16693
4639 2 16716
4639 3 16698
4640 0 16692
4640 1 16689
4640 2 16694
4640 3 16723
4640 4 16695
4641 0 16688
4641 1 16693
4641 2 16694
4641 3 16698
4641 4 16695
4642 0 16688
4642 1 16689
4642 2 16708
4642 3 16696
4643 0 16688
4643 1 16689
4643 2 16708
4643 3 16696
4644 0 16688
4644 1 16689
4644 2 16704
4644 3 16698
4644 4 16697
4645 0 16688
4645 1 16693
4645 2 16694
4645 3 16698
4645 4 16697
4646 0 16688
4646 1 16693
4646 3 16696
4646 4 16695
4647 0 16688
4647 1 16693
4647 2 16718
4647 3 16696
4648 0 16688
4648 1 16689
4648 2 16718
4648 3 16690
4649 0 16688
4649 1 16689
4649 2 16708
4649 3 16709
4650 0 16688
4650 1 16689
4650 2 16708
4650 3 16696
4651 0 16688
4651 1 16689
4651 2 16708
4651 3 16723
4652 0 16688
4652 1 16689
4652 2 16708
4652 3 16723
4653 0 16688
4653 1 16693
4653 2 16704
4653 3 16698
4653 4 16695
4654 0 16692
4654 1 16693
4654 2 16694
4654 3 16698
4654 4 16695
4655 0 16688
4655 1 16693
4655 2 16694
4655 3 16690
4656 0 16688
4656 1 16689
4656 2 16708
4656 3 16723
4657 0 16688
4657 1 16693
4657 2 16694
4657 3 16698
4657 4 16697
4658 0 16688
4658 1 16693
4658 2 16694
4658 3 16690
4658 4 16697
4659 0 16688
4659 1 16693
4659 2 16704
4659 3 16698
4659 4 16697
4660 0 16702
4660 1 16689
4660 2 16694
4660 3 16723
4661 0 16688
4661 1 16693
4661 2 16699
4661 3 16723
4661 4 16695
4662 0 16688
4662 1 16689
4662 2 16699
4662 3 16709
4662 4 16695
4663 0 16688
4663 1 16689
4663 2 16708
4663 3 16709
4664 0 16688
4664 1 16693
4664 2 16694
4664 3 16709
4664 4 16695
4665 0 16688
4665 1 16689
4665 2 16716
4665 3 16696
4665 4 16695
4666 0 16688
4666 1 16689
4666 2 16708
4666 3 16696
4667 0 16688
4667 1 16700
4667 2 16694
4667 3 16690
4667 4 16697
4668 0 16688
4668 1 16689
4668 2 16694
4668 3 16709
4668 4 16695
4669 0 16688
4669 1 16689
4669 2 16708
4669 3 16709
4670 0 16688
4670 1 16700
4670 2 16708
4670 3 16696
4671 0 16702
4671 1 16693
4671 2 16694
4671 3 16690
4671 4 16728
4672 0 16688
4672 1 16693
4672 2 16694
4672 3 16723
4672 4 16697
4673 0 16688
4673 1 16689
4673 2 16708
4673 3 16723
4674 0 16688
4674 1 16700
4674 2 16694
4674 3 16690
4674 4 16697
4675 0 16702
4675 1 16689
4675 2 16694
4675 3 16709
4675 4 16728
4676 0 16688
4676 1 16700
4676 2 16708
4676 3 16709
4677 0 16688
4677 1 16689
4677 2 16708
4677 3 16696
4678 0 16688
4678 1 16689
4678 2 16694
4678 3 16696
4678 4 16697
4679 0 16688
4679 1 16693
4679 3 16690
4680 0 16688
4680 1 16689
4680 2 16708
4680 3 16698
4681 0 16688
4681 1 16689
4681 2 16716
4681 3 16698
4681 4 16697
4682 0 16688
4682 1 16693
4682 2 16694
4682 3 16709
4682 4 16695
4683 0 16688
4683 1 16689
4683 2 16694
4683 3 16696
4683 4 16697
4684 0 16688
4684 1 16693
4684 2 16708
4684 3 16698
4685 0 16688
4685 1 16689
4685 2 16694
4685 3 16698
4685 4 16697
4686 0 16688
4686 1 16689
4686 2 16694
4686 3 16723
4686 4 16695
4687 0 16688
4687 1 16693
4687 2 16694
4687 3 16696
4687 4 16697
4688 0 16702
4688 1 16693
4688 3 16709
4688 4 16697
4689 0 16702
4689 1 16693
4689 2 16716
4689 3 16690
4690 0 16702
4690 1 16693
4690 2 16694
4690 3 16696
4690 4 16697
4691 0 16688
4691 1 16689
4691 2 16708
4691 3 16696
4692 0 16688
4692 1 16689
4692 2 16694
4692 3 16723
4692 4 16697
4693 0 16688
4693 1 16689
4693 2 16708
4693 3 16709
4694 0 16717
4694 1 16693
4694 2 16704
4694 3 16690
4694 4 16695
4695 0 16688
4695 1 16689
4695 2 16718
4695 3 16709
4696 0 16688
4696 1 16700
4696 2 16703
4696 3 16690
4696 4 16697
4697 0 16688
4697 1 16693
4697 2 16716
4697 3 16698
4697 4 16697
4698 0 16688
4698 1 16707
4698 2 16699
4698 3 16698
4698 4 16695
4699 0 16688
4699 1 16689
4699 2 16704
4699 3 16696
4700 0 16688
4700 1 16689
4700 2 16718
4700 3 16690
4701 0 16688
4701 1 16707
4701 2 16706
4701 3 16696
4701 4 16697
4702 0 16688
4702 1 16693
4702 2 16694
4702 3 16698
4703 0 16688
4703 1 16689
4703 2 16699
4703 3 16709
4703 4 16695
4704 0 16688
4704 1 16689
4704 2 16706
4704 3 16698
4704 4 16695
4705 0 16688
4705 1 16700
4705 2 16694
4705 3 16696
4705 4 16697
4706 0 16688
4706 1 16689
4706 2 16716
4706 3 16696
4706 4 16697
4707 0 16688
4707 1 16707
4707 2 16694
4707 3 16696
4708 0 16719
4708 1 16693
4708 2 16694
4708 3 16696
4708 4 16695
4709 0 16688
4709 1 16689
4709 2 16708
4709 3 16723
4710 0 16688
4710 1 16693
4710 2 16694
4710 3 16698
4710 4 16697
4711 0 16688
4711 1 16689
4711 2 16703
4711 3 16696
4712 0 16688
4712 1 16689
4712 2 16699
4712 3 16698
4712 4 16695
4713 0 16688
4713 1 16707
4713 2 16704
4713 3 16698
4713 4 16695
4714 0 16688
4714 1 16689
4714 2 16694
4714 3 16696
4714 4 16697
4715 0 16688
4715 1 16700
4715 2 16704
4715 3 16696
4716 0 16688
4716 1 16707
4716 2 16699
4716 3 16709
4716 4 16695
4717 0 16688
4717 1 16689
4717 2 16716
4717 3 16723
4717 4 16695
4718 0 16688
4718 1 16689
4718 2 16694
4718 3 16696
4719 0 16688
4719 1 16707
4719 2 16694
4719 3 16690
4719 4 16697
4720 0 16688
4720 1 16689
4720 2 16691
4720 3 16690
4721 0 16688
4721 1 16700
4721 2 16708
4721 3 16723
4722 0 16688
4722 1 16689
4722 2 16708
4722 3 16696
4723 0 16688
4723 1 16707
4723 2 16706
4723 3 16696
4723 4 16697
4724 0 16688
4724 1 16693
4724 2 16716
4724 3 16690
4724 4 16728
4725 0 16688
4725 1 16707
4725 2 16704
4725 3 16709
4725 4 16697
4726 0 16688
4726 1 16693
4726 2 16691
4726 3 16690
4727 0 16688
4727 1 16707
4727 2 16694
4727 3 16696
4727 4 16695
4728 0 16688
4728 1 16707
4728 2 16727
4728 3 16698
4728 4 16695
4729 0 16688
4729 1 16707
4729 2 16694
4729 3 16696
4729 4 16695
4730 0 16688
4730 1 16689
4730 2 16708
4730 3 16696
4731 0 16688
4731 1 16707
4731 2 16694
4731 3 16696
4731 4 16697
4732 0 16688
4732 1 16689
4732 2 16704
4732 3 16696
4732 4 16697
4733 0 16688
4733 1 16700
4733 2 16703
4733 3 16696
4733 4 16697
4734 0 16692
4734 1 16707
4734 2 16694
4734 3 16696
4734 4 16697
4735 0 16692
4735 1 16707
4735 2 16694
4735 3 16696
4736 0 16692
4736 1 16707
4736 2 16694
4736 3 16696
4736 4 16697
4737 0 16688
4737 1 16700
4737 2 16708
4737 3 16696
4738 0 16688
4738 1 16707
4738 2 16694
4738 3 16698
4738 4 16697
4739 0 16688
4739 1 16689
4739 2 16708
4739 3 16696
4740 0 16688
4740 1 16707
4740 2 16694
4740 3 16696
4740 4 16695
4741 0 16688
4741 1 16693
4741 2 16716
4741 3 16690
4741 4 16697
4742 0 16688
4742 1 16707
4742 2 16694
4742 3 16696
4742 4 16695
4743 0 16688
4743 1 16689
4743 2 16694
4743 3 16696
4743 4 16695
4744 0 16688
4744 1 16689
4744 2 16708
4744 3 16698
4745 0 16688
4745 1 16689
4745 2 16694
4745 3 16696
4745 4 16697
4746 0 16688
4746 1 16689
4746 2 16708
4746 3 16698
4747 0 16688
4747 1 16689
4747 2 16708
4747 3 16698
4748 0 16688
4748 1 16689
4748 2 16708
4748 3 16723
4749 0 16688
4749 1 16689
4749 2 16708
4749 3 16690
4750 0 16688
4750 1 16689
4750 2 16708
4750 3 16709
4751 0 16688
4751 1 16689
4751 2 16708
4751 3 16690
4752 0 16688
4752 1 16689
4752 2 16708
4752 3 16698
4753 0 16688
4753 1 16693
4753 3 16696
4754 0 16692
4754 1 16689
4754 2 16694
4754 3 16698
4754 4 16697
4755 0 16731
4755 1 16693
4755 2 16703
4755 3 16696
4756 0 16688
4756 1 16689
4756 2 16708
4756 3 16690
4757 0 16724
4757 1 16689
4757 2 16718
4757 3 16696
4757 4 16697
4758 0 16721
4758 1 16693
4758 2 16716
4758 3 16698
4758 4 16697
4759 0 16702
4759 1 16693
4759 2 16694
4759 3 16690
4759 4 16697
4760 0 16688
4760 1 16693
4760 2 16694
4760 3 16698
4760 4 16697
4761 0 16688
4761 1 16693
4761 2 16694
4761 3 16690
4761 4 16697
4762 0 16688
4762 1 16693
4762 2 16718
4762 3 16690
4762 4 16695
4763 0 16688
4763 1 16693
4763 2 16691
4763 3 16698
4764 0 16688
4764 1 16693
4764 2 16716
4764 3 16698
4764 4 16695
4765 0 16688
4765 1 16693
4765 2 16694
4765 3 16690
4766 0 16702
4766 1 16689
4766 2 16703
4766 3 16696
4767 0 16688
4767 1 16693
4767 2 16694
4767 3 16690
4767 4 16697
4768 0 16688
4768 1 16689
4768 2 16694
4768 3 16696
4768 4 16697
4769 0 16688
4769 1 16693
4769 2 16716
4769 3 16690
4769 4 16695
4770 0 16688
4770 1 16689
4770 2 16694
4770 3 16723
4770 4 16695
4771 0 16692
4771 1 16689
4771 2 16694
4771 3 16698
4771 4 16697
4772 0 16688
4772 1 16689
4772 2 16694
4772 3 16696
4772 4 16697
4773 0 16688
4773 1 16693
4773 2 16716
4773 3 16696
4773 4 16695
4774 0 16688
4774 1 16689
4774 2 16694
4774 3 16696
4774 4 16697
4775 0 16688
4775 1 16689
4775 2 16694
4775 3 16698
4775 4 16697
4776 0 16688
4776 1 16689
4776 2 16691
4776 3 16690
4777 0 16719
4777 1 16689
4777 2 16708
4777 3 16696
4778 0 16688
4778 1 16689
4778 2 16727
4778 3 16698
4778 4 16695
4779 0 16688
4779 1 16689
4779 2 16699
4779 3 16723
4780 0 16688
4780 1 16689
4780 3 16698
4780 4 16697
4781 0 16688
4781 1 16707
4781 2 16694
4781 3 16698
4781 4 16697
4782 0 16688
4782 1 16693
4782 3 16698
4783 0 16688
4783 1 16689
4783 2 16704
4783 3 16698
4783 4 16695
4784 0 16688
4784 1 16707
4784 2 16694
4784 3 16698
4784 4 16697
4785 0 16688
4785 1 16700
4785 2 16708
4785 3 16723
4786 0 16688
4786 1 16707
4786 2 16694
4786 3 16690
4786 4 16697
4787 0 16717
4787 1 16693
4787 2 16694
4787 3 16690
4787 4 16695
4788 0 16688
4788 1 16689
4788 2 16708
4788 3 16690
4789 0 16688
4789 1 16700
4789 2 16708
4789 3 16723
4790 0 16688
4790 1 16693
4790 2 16694
4790 3 16690
4790 4 16697
4791 0 16688
4791 1 16689
4791 2 16704
4791 3 16690
4791 4 16697
4792 0 16688
4792 1 16707
4792 2 16694
4792 3 16709
4792 4 16695
4793 0 16688
4793 1 16707
4793 2 16694
4793 3 16696
4793 4 16697
4794 0 16688
4794 1 16693
4794 2 16694
4794 3 16698
4794 4 16695
4795 0 16688
4795 1 16707
4795 2 16694
4795 3 16698
4795 4 16697
4796 0 16692
4796 1 16689
4796 2 16691
4796 3 16696
4797 0 16688
4797 1 16707
4797 2 16694
4797 3 16709
4797 4 16697
4798 0 16688
4798 1 16689
4798 2 16708
4798 3 16690
4799 0 16688
4799 1 16707
4799 2 16694
4799 3 16723
4799 4 16695
4800 0 16688
4800 1 16689
4800 2 16694
4800 3 16723
4801 0 16688
4801 1 16689
4801 2 16694
4801 3 16690
4802 0 16688
4802 1 16689
4802 2 16694
4802 3 16698
4802 4 16697
4803 0 16688
4803 1 16689
4803 3 16690
4803 4 16697
4804 0 16713
4804 1 16693
4804 2 16694
4804 3 16690
4804 4 16697
4805 0 16688
4805 1 16693
4805 2 16694
4805 3 16690
4805 4 16695
4806 0 16719
4806 1 16689
4806 2 16694
4806 3 16723
4806 4 16695
4807 0 16702
4807 1 16693
4807 2 16706
4807 3 16698
4807 4 16697
4808 0 16688
4808 1 16693
4808 2 16716
4808 3 16696
4808 4 16697
4809 0 16688
4809 1 16693
4809 2 16704
4809 3 16698
4810 0 16688
4810 1 16693
4810 2 16716
4810 3 16690
4810 4 16695
4811 0 16688
4811 1 16693
4811 2 16694
4811 3 16690
4812 0 16688
4812 1 16693
4812 2 16694
4812 3 16698
4813 0 16688
4813 1 16693
4813 2 16716
4813 3 16698
4813 4 16695
4814 0 16688
4814 1 16693
4814 2 16716
4814 3 16696
4815 0 16688
4815 1 16693
4815 2 16694
4815 3 16696
4816 0 16688
4816 1 16689
4816 2 16694
4816 3 16709
4816 4 16697
4817 0 16688
4817 1 16689
4817 2 16694
4817 3 16709
4818 0 16688
4818 1 16689
4818 2 16716
4818 3 16690
4819 0 16688
4819 1 16693
4819 2 16699
4819 3 16690
4819 4 16697
4820 0 16692
4820 1 16693
4820 2 16694
4820 3 16690
4821 0 16688
4821 1 16693
4821 2 16694
4821 3 16698
4821 4 16695
4822 0 16688
4822 1 16693
4822 2 16706
4822 3 16690
4822 4 16697
4823 0 16688
4823 1 16693
4823 2 16716
4823 3 16690
4823 4 16695
4824 0 16688
4824 1 16693
4824 2 16694
4824 3 16709
4824 4 16697
4825 0 16688
4825 1 16700
4825 2 16708
4825 3 16723
4826 0 16688
4826 1 16689
4826 2 16708
4826 3 16723
4827 0 16688
4827 1 16689
4827 2 16708
4827 3 16709
4828 0 16701
4828 1 16689
4828 2 16694
4828 3 16723
4828 4 16697
4829 0 16701
4829 1 16689
4829 2 16708
4829 3 16723
4830 0 16712
4830 1 16707
4830 2 16694
4830 3 16698
4830 4 16697
4831 0 16688
4831 1 16689
4831 2 16694
4831 3 16709
4831 4 16697
4832 0 16688
4832 1 16700
4832 2 16708
4832 3 16709
4833 0 16688
4833 1 16700
4833 2 16708
4833 3 16709
4834 0 16688
4834 1 16707
4834 2 16694
4834 3 16709
4834 4 16697
4835 0 16701
4835 1 16693
4835 2 16694
4835 3 16709
4835 4 16697
4836 0 16701
4836 1 16689
4836 2 16694
4836 3 16709
4836 4 16695
4837 0 16688
4837 1 16693
4837 2 16694
4837 3 16709
4837 4 16697
4838 0 16688
4838 1 16689
4838 2 16708
4838 3 16709
4839 0 16688
4839 1 16700
4839 3 16690
4839 4 16695
4840 0 16688
4840 1 16689
4840 2 16694
4840 3 16709
4840 4 16697
4841 0 16688
4841 1 16707
4841 2 16694
4841 3 16709
4841 4 16695
4842 0 16688
4842 1 16693
4842 2 16694
4842 3 16709
4842 4 16695
4843 0 16688
4843 1 16707
4843 2 16694
4843 3 16696
4843 4 16697
4844 0 16688
4844 1 16707
4844 2 16726
4844 3 16723
4844 4 16695
4845 0 16712
4845 1 16707
4845 2 16694
4845 3 16709
4845 4 16697
4846 0 16688
4846 1 16707
4846 2 16694
4846 3 16696
4846 4 16697
4847 0 16688
4847 1 16693
4847 2 16694
4847 3 16696
4847 4 16695
4848 0 16688
4848 1 16707
4848 2 16694
4848 3 16696
4848 4 16695
4849 0 16688
4849 1 16693
4849 3 16690
4849 4 16697
4850 0 16688
4850 1 16707
4850 2 16694
4850 3 16709
4850 4 16697
4851 0 16688
4851 1 16689
4851 2 16694
4851 3 16723
4851 4 16697
4852 0 16688
4852 1 16689
4852 2 16704
4852 3 16690
4852 4 16697
4853 0 16688
4853 1 16693
4853 2 16699
4853 3 16696
4853 4 16697
4854 0 16688
4854 1 16693
4854 2 16694
4854 3 16723
4854 4 16695
4855 0 16692
4855 1 16693
4855 2 16716
4855 3 16690
4855 4 16695
4856 0 16688
4856 1 16689
4856 2 16703
4856 3 16709
4857 0 16688
4857 1 16693
4857 2 16703
4857 3 16696
4857 4 16695
4858 0 16688
4858 1 16693
4858 2 16708
4858 3 16723
4859 0 16688
4859 1 16693
4859 3 16696
4859 4 16697
4860 0 16688
4860 1 16693
4860 2 16718
4860 3 16690
4860 4 16695
4861 0 16688
4861 1 16689
4861 2 16704
4861 3 16698
4861 4 16697
4862 0 16688
4862 1 16700
4862 2 16708
4862 3 16723
4863 0 16688
4863 1 16707
4863 2 16694
4863 3 16690
4863 4 16697
4864 0 16688
4864 1 16693
4864 2 16694
4864 3 16698
4864 4 16697
4865 0 16688
4865 1 16700
4865 2 16708
4865 3 16723
4866 0 16688
4866 1 16689
4866 2 16716
4866 3 16723
4866 4 16697
4867 0 16688
4867 1 16689
4867 2 16708
4867 3 16709
4868 0 16688
4868 1 16689
4868 2 16708
4868 3 16709
4869 0 16688
4869 1 16689
4869 2 16691
4869 3 16698
4870 0 16688
4870 1 16700
4870 2 16708
4870 3 16723
4871 0 16688
4871 1 16689
4871 2 16694
4871 3 16698
4871 4 16695
4872 0 16688
4872 1 16689
4872 2 16694
4872 3 16696
4872 4 16697
4873 0 16688
4873 1 16689
4873 2 16694
4873 3 16698
4873 4 16697
4874 0 16688
4874 1 16689
4874 2 16694
4874 3 16698
4874 4 16697
4875 0 16688
4875 1 16689
4875 2 16694
4875 3 16698
4875 4 16697
4876 0 16692
4876 1 16689
4876 2 16694
4876 3 16690
4876 4 16695
4877 0 16688
4877 1 16693
4877 2 16694
4877 3 16698
4877 4 16697
4878 0 16688
4878 1 16693
4878 2 16694
4878 3 16698
4878 4 16695
4879 0 16692
4879 1 16707
4879 2 16694
4879 3 16690
4879 4 16695
4880 0 16688
4880 1 16693
4880 2 16694
4880 3 16690
4881 0 16712
4881 1 16689
4881 2 16694
4881 3 16696
4881 4 16697
4882 0 16688
4882 1 16689
4882 2 16691
4882 3 16698
4882 4 16695
4883 0 16688
4883 1 16700
4883 2 16694
4883 3 16696
4883 4 16697
4884 0 16688
4884 1 16693
4884 2 16694
4884 3 16690
4884 4 16695
4885 0 16688
4885 1 16689
4885 2 16694
4885 3 16690
4885 4 16697
4886 0 16688
4886 1 16693
4886 2 16694
4886 3 16690
4886 4 16695
4887 0 16688
4887 1 16689
4887 2 16694
4887 3 16698
4887 4 16697
4888 0 16701
4888 1 16689
4888 2 16708
4888 3 16698
4889 0 16688
4889 1 16700
4889 2 16694
4889 3 16698
4890 0 16688
4890 1 16693
4890 2 16699
4890 3 16690
4890 4 16695
4891 0 16688
4891 1 16689
4891 2 16694
4891 3 16690
4892 0 16692
4892 1 16689
4892 2 16694
4892 3 16696
4892 4 16697
4893 0 16688
4893 1 16689
4893 2 16704
4893 3 16698
4894 0 16688
4894 1 16707
4894 2 16694
4894 3 16690
4894 4 16695
4895 0 16688
4895 1 16693
4895 2 16694
4895 3 16690
4895 4 16695
4896 0 16688
4896 1 16693
4896 2 16694
4896 3 16690
4896 4 16695
4897 0 16688
4897 1 16693
4897 2 16694
4897 3 16690
4897 4 16697
4898 0 16688
4898 1 16689
4898 2 16694
4898 3 16690
4899 0 16688
4899 1 16693
4899 2 16694
4899 3 16698
4900 0 16692
4900 1 16707
4900 2 16694
4900 3 16696
4900 4 16697
4901 0 16688
4901 1 16693
4901 2 16691
4901 3 16698
4902 0 16688
4902 1 16707
4902 2 16694
4902 3 16690
4902 4 16695
4903 0 16688
4903 1 16689
4903 2 16694
4903 3 16690
4903 4 16697
4904 0 16688
4904 1 16707
4904 2 16694
4904 3 16690
4904 4 16697
4905 0 16688
4905 1 16689
4905 2 16691
4905 3 16698
4906 0 16688
4906 1 16707
4906 2 16694
4906 3 16696
4907 0 16688
4907 1 16707
4907 2 16694
4907 3 16690
4907 4 16695
4908 0 16701
4908 1 16707
4908 2 16694
4908 3 16690
4908 4 16695
4909 0 16688
4909 1 16707
4909 2 16694
4909 3 16690
4909 4 16695
4910 0 16688
4910 1 16693
4910 2 16694
4910 3 16696
4911 0 16688
4911 1 16693
4911 2 16694
4911 3 16690
4911 4 16695
4912 0 16688
4912 1 16689
4912 2 16694
4912 3 16698
4913 0 16688
4913 1 16693
4913 2 16694
4913 3 16696
4913 4 16695
4914 0 16688
4914 1 16707
4914 2 16694
4914 3 16698
4914 4 16697
4915 0 16688
4915 1 16693
4915 2 16694
4915 3 16698
4916 0 16692
4916 1 16689
4916 2 16694
4916 3 16696
4916 4 16697
4917 0 16688
4917 1 16689
4917 2 16694
4917 3 16690
4917 4 16697
4918 0 16688
4918 1 16689
4918 2 16694
4918 3 16696
4919 0 16688
4919 1 16707
4919 2 16694
4919 3 16696
4919 4 16695
4920 0 16688
4920 1 16693
4920 2 16699
4920 3 16690
4920 4 16697
4921 0 16688
4921 1 16689
4921 2 16694
4921 3 16690
4921 4 16697
4922 0 16692
4922 1 16689
4922 2 16694
4922 3 16696
4922 4 16695
4923 0 16688
4923 1 16707
4923 2 16694
4923 3 16698
4924 0 16688
4924 1 16693
4924 2 16694
4924 3 16698
4924 4 16697
4925 0 16688
4925 1 16700
4925 2 16694
4925 3 16690
4925 4 16695
4926 0 16688
4926 1 16689
4926 2 16694
4926 3 16696
4926 4 16697
4927 0 16688
4927 1 16693
4927 2 16694
4927 3 16696
4927 4 16697
4928 0 16688
4928 1 16689
4928 2 16694
4928 3 16696
4928 4 16697
4929 0 16688
4929 1 16707
4929 2 16694
4929 3 16698
4929 4 16695
4930 0 16688
4930 1 16689
4930 2 16694
4930 3 16690
4930 4 16697
4931 0 16688
4931 1 16693
4931 3 16696
4932 0 16692
4932 1 16689
4932 2 16694
4932 3 16690
4932 4 16697
4933 0 16688
4933 1 16700
4933 2 16694
4933 3 16690
4934 0 16688
4934 1 16689
4934 2 16694
4934 3 16690
4935 0 16688
4935 1 16693
4935 2 16694
4935 3 16690
4935 4 16695
4936 0 16688
4936 1 16707
4936 2 16694
4936 3 16696
4936 4 16697
4937 0 16688
4937 1 16707
4937 2 16694
4937 3 16690
4937 4 16695
4938 0 16688
4938 1 16689
4938 2 16694
4938 3 16690
4938 4 16695
4939 0 16715
4939 1 16707
4939 2 16694
4939 3 16698
4939 4 16695
4940 0 16688
4940 1 16700
4940 2 16694
4940 3 16696
4940 4 16697
4941 0 16688
4941 1 16689
4941 2 16694
4941 3 16696
4941 4 16695
4942 0 16712
4942 1 16707
4942 2 16694
4942 3 16698
4942 4 16728
4943 0 16692
4943 1 16689
4943 2 16708
4943 3 16690
4944 0 16688
4944 1 16693
4944 2 16694
4944 3 16698
4945 0 16688
4945 1 16693
4945 2 16694
4945 3 16690
4945 4 16697
4946 0 16688
4946 1 16693
4946 2 16694
4946 3 16690
4947 0 16688
4947 1 16707
4947 2 16694
4947 3 16690
4948 0 16688
4948 1 16689
4948 2 16703
4948 3 16698
4949 0 16688
4949 1 16707
4949 2 16694
4949 3 16698
4949 4 16697
4950 0 16688
4950 1 16693
4950 2 16694
4950 3 16690
4951 0 16688
4951 1 16689
4951 2 16694
4951 3 16690
4951 4 16697
4952 0 16688
4952 1 16689
4952 2 16691
4952 3 16698
4953 0 16688
4953 1 16707
4953 2 16694
4953 3 16698
4953 4 16695
4954 0 16688
4954 1 16689
4954 2 16694
4954 3 16690
4954 4 16697
4955 0 16688
4955 1 16693
4955 2 16694
4955 3 16690
4955 4 16697
4956 0 16688
4956 1 16707
4956 2 16694
4956 3 16698
4956 4 16697
4957 0 16688
4957 1 16707
4957 2 16694
4957 3 16690
4957 4 16697
4958 0 16688
4958 1 16693
4958 2 16694
4958 3 16696
4958 4 16695
4959 0 16688
4959 1 16693
4959 2 16694
4959 3 16698
4959 4 16728
4960 0 16688
4960 1 16700
4960 2 16694
4960 3 16690
4960 4 16697
4961 0 16688
4961 1 16689
4961 2 16694
4961 3 16690
4962 0 16688
4962 1 16689
4962 2 16694
4962 3 16690
4962 4 16697
4963 0 16688
4963 1 16693
4963 2 16694
4963 3 16696
4963 4 16695
4964 0 16692
4964 1 16689
4964 2 16694
4964 3 16690
4964 4 16697
4965 0 16688
4965 1 16689
4965 2 16694
4965 3 16698
4966 0 16688
4966 1 16707
4966 2 16694
4966 3 16690
4967 0 16688
4967 1 16693
4967 2 16694
4967 3 16690
4967 4 16697
4968 0 16688
4968 1 16707
4968 2 16694
4968 3 16690
4968 4 16697
4969 0 16688
4969 1 16707
4969 2 16694
4969 3 16690
4969 4 16695
4970 0 16688
4970 1 16707
4970 2 16694
4970 3 16698
4970 4 16697
4971 0 16712
4971 1 16707
4971 2 16694
4971 3 16698
4971 4 16695
4972 0 16688
4972 1 16689
4972 2 16694
4972 3 16696
4972 4 16697
4973 0 16688
4973 1 16689
4973 2 16694
4973 3 16690
4973 4 16695
4974 0 16688
4974 1 16689
4974 2 16694
4974 3 16696
4974 4 16697
4975 0 16688
4975 1 16693
4975 2 16694
4975 3 16698
4975 4 16695
4976 0 16688
4976 1 16707
4976 2 16694
4976 3 16690
4976 4 16697
4977 0 16688
4977 1 16707
4977 2 16694
4977 3 16690
4977 4 16697
4978 0 16688
4978 1 16693
4978 2 16694
4978 3 16696
4979 0 16712
4979 1 16707
4979 2 16694
4979 3 16690
4979 4 16697
4980 0 16688
4980 1 16693
4980 2 16694
4980 3 16698
4980 4 16695
4981 0 16688
4981 1 16693
4981 2 16694
4981 3 16690
4981 4 16695
4982 0 16688
4982 1 16693
4982 2 16694
4982 3 16690
4982 4 16695
4983 0 16688
4983 1 16707
4983 2 16694
4983 3 16690
4983 4 16695
4984 0 16688
4984 1 16693
4984 2 16694
4984 3 16698
4984 4 16728
4985 0 16688
4985 1 16689
4985 2 16694
4985 3 16698
4985 4 16695
4986 0 16688
4986 1 16707
4986 2 16694
4986 3 16690
4986 4 16695
4987 0 16692
4987 1 16707
4987 2 16694
4987 3 16696
4987 4 16695
4988 0 16688
4988 1 16689
4988 2 16691
4988 3 16698
4989 0 16688
4989 1 16700
4989 2 16694
4989 3 16696
4990 0 16688
4990 1 16693
4990 2 16694
4990 3 16698
4990 4 16697
4991 0 16688
4991 1 16693
4991 2 16694
4991 3 16690
4992 0 16713
4992 1 16689
4992 2 16708
4992 3 16698
4993 0 16688
4993 1 16693
4993 2 16694
4993 3 16698
4993 4 16728
4994 0 16688
4994 1 16689
4994 2 16694
4994 3 16698
4995 0 16701
4995 1 16700
4995 2 16694
4995 3 16690
4996 0 16688
4996 1 16700
4996 2 16694
4996 3 16690
4996 4 16697
4997 0 16712
4997 1 16689
4997 2 16694
4997 3 16690
4997 4 16695
4998 0 16688
4998 1 16707
4998 2 16694
4998 3 16690
4998 4 16695
4999 0 16688
4999 1 16693
4999 2 16694
4999 3 16690
4999 4 16697
5000 0 16688
5000 1 16689
5000 2 16708
5000 3 16698
5001 0 16688
5001 1 16689
5001 2 16694
5001 3 16698
5002 0 16701
5002 1 16693
5002 2 16694
5002 3 16690
5002 4 16695
5003 0 16688
5003 1 16689
5003 2 16694
5003 3 16696
5003 4 16697
5004 0 16688
5004 1 16693
5004 2 16694
5004 3 16696
5004 4 16697
5005 0 16688
5005 1 16707
5005 2 16694
5005 3 16698
5005 4 16697
5006 0 16688
5006 1 16693
5006 2 16706
5006 3 16690
5006 4 16697
5007 0 16688
5007 1 16707
5007 2 16694
5007 3 16690
5008 0 16688
5008 1 16707
5008 2 16694
5008 3 16698
5009 0 16688
5009 1 16693
5009 2 16694
5009 3 16698
5010 0 16688
5010 1 16689
5010 3 16690
5010 4 16695
5011 0 16688
5011 1 16693
5011 2 16694
5011 3 16698
5011 4 16697
5012 0 16688
5012 1 16689
5012 2 16694
5012 3 16690
5012 4 16697
5013 0 16688
5013 1 16689
5013 2 16691
5013 3 16690
5013 4 16695
5014 0 16688
5014 1 16689
5014 2 16694
5014 3 16696
5014 4 16695
5015 0 16688
5015 1 16707
5015 2 16694
5015 3 16690
5015 4 16695
5016 0 16688
5016 1 16700
5016 2 16694
5016 3 16696
5016 4 16697
5017 0 16688
5017 1 16700
5017 2 16703
5017 3 16690
5017 4 16697
5018 0 16688
5018 1 16707
5018 2 16694
5018 3 16696
5018 4 16697
5019 0 16688
5019 1 16689
5019 2 16694
5019 3 16696
5019 4 16697
5020 0 16688
5020 1 16707
5020 2 16694
5020 3 16696
5020 4 16697
5021 0 16688
5021 1 16707
5021 2 16694
5021 3 16696
5021 4 16695
5022 0 16688
5022 1 16700
5022 2 16694
5022 3 16709
5022 4 16728
5023 0 16688
5023 1 16693
5023 2 16694
5023 3 16690
5023 4 16695
5024 0 16688
5024 1 16707
5024 2 16694
5024 3 16690
5024 4 16695
5025 0 16688
5025 1 16693
5025 2 16694
5025 3 16690
5025 4 16697
5026 0 16688
5026 1 16689
5026 2 16694
5026 3 16690
5026 4 16695
5027 0 16688
5027 1 16707
5027 2 16694
5027 3 16690
5027 4 16697
5028 0 16688
5028 1 16700
5028 2 16694
5028 3 16690
5028 4 16697
5029 0 16688
5029 1 16693
5029 2 16694
5029 3 16690
5029 4 16697
5030 0 16712
5030 1 16689
5030 2 16694
5030 3 16690
5030 4 16695
5031 0 16688
5031 1 16689
5031 2 16691
5031 3 16698
5031 4 16695
5032 0 16688
5032 1 16689
5032 2 16694
5032 3 16698
5033 0 16712
5033 1 16689
5033 2 16694
5033 3 16698
5034 0 16688
5034 1 16689
5034 2 16694
5034 3 16690
5034 4 16695
5035 0 16692
5035 1 16707
5035 2 16694
5035 3 16690
5035 4 16697
5036 0 16688
5036 1 16693
5036 2 16694
5036 3 16690
5036 4 16695
5037 0 16688
5037 1 16689
5037 2 16694
5037 3 16690
5037 4 16695
5038 0 16688
5038 1 16707
5038 2 16694
5038 3 16690
5038 4 16695
5039 0 16688
5039 1 16707
5039 3 16698
5039 4 16728
5040 0 16688
5040 1 16707
5040 2 16694
5040 3 16698
5040 4 16697
5041 0 16688
5041 1 16707
5041 2 16694
5041 3 16698
5041 4 16695
5042 0 16688
5042 1 16693
5042 2 16694
5042 3 16690
5042 4 16697
5043 0 16712
5043 1 16689
5043 2 16694
5043 3 16698
5043 4 16697
5044 0 16688
5044 1 16693
5044 2 16706
5044 3 16698
5044 4 16697
5045 0 16688
5045 1 16689
5045 2 16694
5045 3 16690
5045 4 16697
5046 0 16688
5046 1 16693
5046 2 16694
5046 3 16696
5046 4 16695
5047 0 16688
5047 1 16693
5047 2 16694
5047 3 16690
5047 4 16695
5048 0 16688
5048 1 16693
5048 2 16694
5048 3 16690
5049 0 16688
5049 1 16689
5049 2 16694
5049 3 16698
5050 0 16688
5050 1 16707
5050 2 16694
5050 3 16690
5050 4 16695
5051 0 16688
5051 1 16689
5051 2 16694
5051 3 16690
5051 4 16697
5052 0 16688
5052 1 16689
5052 2 16694
5052 3 16696
5052 4 16697
5053 0 16688
5053 1 16700
5053 2 16708
5053 3 16723
5054 0 16688
5054 1 16700
5054 2 16708
5054 3 16723
5055 0 16688
5055 1 16689
5055 2 16708
5055 3 16709
5056 0 16688
5056 1 16693
5056 2 16691
5056 3 16690
5057 0 16688
5057 1 16700
5057 2 16708
5057 3 16696
5058 0 16688
5058 1 16689
5058 2 16703
5058 3 16698
5059 0 16688
5059 1 16707
5059 2 16694
5059 3 16690
5059 4 16695
5060 0 16688
5060 1 16689
5060 2 16699
5060 3 16690
5061 0 16688
5061 1 16700
5061 2 16708
5061 3 16723
5062 0 16688
5062 1 16700
5062 2 16708
5062 3 16696
5063 0 16688
5063 1 16689
5063 2 16708
5063 3 16690
5064 0 16688
5064 1 16707
5064 2 16694
5064 3 16690
5064 4 16695
5065 0 16688
5065 1 16700
5065 2 16708
5065 3 16696
5066 0 16688
5066 1 16700
5066 2 16708
5066 3 16723
5067 0 16712
5067 1 16689
5067 2 16708
5067 3 16709
5068 0 16688
5068 1 16707
5068 2 16694
5068 3 16696
5069 0 16688
5069 1 16700
5069 2 16708
5069 3 16723
5070 0 16688
5070 1 16707
5070 2 16704
5070 3 16709
5070 4 16697
5071 0 16688
5071 1 16693
5071 2 16716
5071 3 16690
5071 4 16697
5072 0 16688
5072 1 16689
5072 2 16716
5072 3 16698
5073 0 16688
5073 1 16707
5073 2 16694
5073 3 16690
5073 4 16697
5074 0 16688
5074 1 16693
5074 2 16716
5074 3 16696
5074 4 16695
5075 0 16688
5075 1 16707
5075 2 16694
5075 3 16696
5076 0 16688
5076 1 16689
5076 2 16708
5076 3 16723
5077 0 16688
5077 1 16689
5077 2 16708
5077 3 16709
5078 0 16688
5078 1 16689
5078 2 16708
5078 3 16698
5079 0 16692
5079 1 16707
5079 2 16694
5079 3 16698
5079 4 16695
5080 0 16688
5080 1 16689
5080 2 16716
5080 3 16696
5080 4 16695
5081 0 16688
5081 1 16700
5081 2 16703
5081 3 16690
5082 0 16688
5082 1 16700
5082 2 16708
5082 3 16723
5083 0 16688
5083 1 16700
5083 2 16703
5083 3 16696
5084 0 16692
5084 1 16689
5084 2 16694
5084 3 16696
5084 4 16697
5085 0 16688
5085 1 16700
5085 2 16708
5085 3 16696
5086 0 16688
5086 1 16700
5086 2 16708
5086 3 16696
5087 0 16688
5087 1 16700
5087 2 16708
5087 3 16696
5088 0 16688
5088 1 16707
5088 2 16694
5088 3 16698
5089 0 16688
5089 1 16707
5089 2 16694
5089 3 16698
5089 4 16695
5090 0 16688
5090 1 16707
5090 2 16694
5090 3 16690
5090 4 16695
5091 0 16688
5091 1 16707
5091 2 16727
5091 3 16696
5091 4 16695
5092 0 16688
5092 1 16693
5092 2 16703
5092 3 16698
5092 4 16697
5093 0 16688
5093 1 16689
5093 2 16691
5093 3 16723
5094 0 16688
5094 1 16693
5094 2 16691
5094 3 16696
5095 0 16688
5095 1 16689
5095 2 16703
5095 3 16709
5096 0 16688
5096 1 16693
5096 2 16691
5096 3 16690
5097 0 16688
5097 1 16693
5097 2 16699
5097 3 16698
5097 4 16695
5098 0 16712
5098 1 16689
5098 2 16694
5098 3 16723
5098 4 16697
5099 0 16688
5099 1 16689
5099 2 16704
5099 3 16709
5099 4 16695
5100 0 16688
5100 1 16689
5100 2 16708
5100 3 16696
5101 0 16688
5101 1 16689
5101 2 16708
5101 3 16696
5102 0 16688
5102 1 16693
5102 2 16694
5102 3 16690
5102 4 16697
5103 0 16688
5103 1 16700
5103 2 16703
5103 3 16698
5104 0 16688
5104 1 16689
5104 2 16694
5104 3 16696
5104 4 16697
5105 0 16688
5105 1 16689
5105 2 16694
5105 3 16709
5105 4 16697
5106 0 16688
5106 1 16689
5106 2 16694
5106 3 16696
5106 4 16695
5107 0 16688
5107 1 16700
5107 2 16708
5107 3 16709
5108 0 16688
5108 1 16707
5108 2 16694
5108 3 16690
5108 4 16697
5109 0 16688
5109 1 16693
5109 2 16694
5109 3 16690
5110 0 16688
5110 1 16689
5110 2 16708
5110 3 16696
5111 0 16688
5111 1 16693
5111 2 16718
5111 3 16709
5111 4 16695
5112 0 16688
5112 1 16689
5112 2 16694
5112 3 16696
5112 4 16695
5113 0 16688
5113 1 16700
5113 2 16708
5113 3 16696
5114 0 16702
5114 1 16693
5114 2 16694
5114 3 16696
5114 4 16695
5115 0 16688
5115 1 16693
5115 2 16694
5115 3 16698
5115 4 16695
5116 0 16688
5116 1 16707
5116 2 16694
5116 3 16690
5116 4 16697
5117 0 16688
5117 1 16693
5117 2 16694
5117 3 16698
5118 0 16688
5118 1 16693
5118 2 16691
5118 3 16709
5118 4 16695
5119 0 16688
5119 1 16689
5119 2 16703
5119 3 16696
5120 0 16688
5120 1 16689
5120 2 16694
5120 3 16709
5120 4 16695
5121 0 16688
5121 1 16689
5121 2 16699
5121 3 16696
5121 4 16697
5122 0 16717
5122 1 16689
5122 2 16718
5122 3 16690
5122 4 16695
5123 0 16688
5123 1 16693
5123 2 16703
5123 3 16698
5123 4 16695
5124 0 16688
5124 1 16689
5124 2 16703
5124 3 16690
5124 4 16695
5125 0 16688
5125 1 16693
5125 2 16718
5125 3 16723
5125 4 16697
5126 0 16688
5126 1 16689
5126 2 16727
5126 3 16696
5126 4 16695
5127 0 16688
5127 1 16689
5127 2 16708
5127 3 16690
5128 0 16702
5128 1 16693
5128 2 16703
5128 3 16698
5128 4 16695
5129 0 16688
5129 1 16707
5129 2 16694
5129 3 16696
5129 4 16697
5130 0 16688
5130 1 16689
5130 2 16718
5130 3 16698
5130 4 16697
5131 0 16702
5131 1 16693
5131 2 16694
5131 3 16698
5131 4 16697
5132 0 16688
5132 1 16689
5132 2 16699
5132 3 16690
5132 4 16695
5133 0 16688
5133 1 16689
5133 2 16718
5133 3 16698
5133 4 16697
5134 0 16688
5134 1 16689
5134 2 16694
5134 3 16698
5134 4 16697
5135 0 16705
5135 1 16689
5135 2 16718
5135 3 16723
5135 4 16697
5136 0 16725
5136 1 16689
5136 2 16694
5136 3 16698
5136 4 16697
5137 0 16688
5137 1 16707
5137 2 16704
5137 3 16698
5137 4 16695
5138 0 16688
5138 1 16689
5138 2 16694
5138 3 16690
5138 4 16695
5139 0 16688
5139 1 16693
5139 2 16716
5139 3 16690
5139 4 16697
5140 0 16688
5140 1 16689
5140 2 16699
5140 3 16723
5140 4 16695
5141 0 16688
5141 1 16707
5141 2 16704
5141 3 16690
5141 4 16697
5142 0 16688
5142 1 16693
5142 2 16699
5142 3 16723
5142 4 16695
5143 0 16688
5143 1 16689
5143 2 16691
5143 3 16698
5144 0 16688
5144 1 16693
5144 2 16716
5144 3 16723
5145 0 16688
5145 1 16689
5145 2 16716
5145 3 16690
5146 0 16688
5146 1 16689
5146 2 16708
5146 3 16709
5147 0 16701
5147 1 16689
5147 2 16694
5147 3 16690
5147 4 16697
5148 0 16701
5148 1 16689
5148 2 16718
5148 3 16709
5148 4 16695
5149 0 16688
5149 1 16693
5149 2 16718
5149 3 16698
5150 0 16725
5150 1 16693
5150 2 16694
5150 3 16698
5150 4 16697
5151 0 16688
5151 1 16689
5151 2 16727
5151 3 16690
5151 4 16695
5152 0 16688
5152 1 16707
5152 2 16699
5152 3 16696
5152 4 16697
5153 0 16688
5153 1 16693
5153 2 16727
5153 3 16698
5153 4 16695
5154 0 16688
5154 1 16693
5154 2 16718
5154 3 16696
5154 4 16695
5155 0 16688
5155 1 16689
5155 2 16708
5155 3 16723
5156 0 16692
5156 1 16689
5156 2 16694
5156 3 16690
5156 4 16697
5157 0 16688
5157 1 16689
5157 2 16703
5157 3 16698
5157 4 16695
5158 0 16705
5158 1 16689
5158 2 16708
5158 3 16709
5159 0 16688
5159 1 16689
5159 2 16694
5159 3 16690
5159 4 16697
5160 0 16688
5160 1 16689
5160 2 16699
5160 3 16696
5161 0 16688
5161 1 16689
5161 2 16708
5161 3 16723
5162 0 16688
5162 1 16689
5162 2 16694
5162 3 16698
5162 4 16697
5163 0 16692
5163 1 16689
5163 2 16703
5163 3 16696
5163 4 16695
5164 0 16688
5164 1 16689
5164 2 16691
5164 3 16709
5165 0 16701
5165 1 16693
5165 2 16716
5165 3 16690
5165 4 16697
5166 0 16688
5166 1 16707
5166 2 16694
5166 3 16698
5166 4 16697
5167 0 16712
5167 1 16689
5167 2 16708
5167 3 16723
5168 0 16688
5168 1 16689
5168 2 16716
5168 3 16696
5168 4 16695
5169 0 16688
5169 1 16693
5169 2 16716
5169 3 16698
5169 4 16695
5170 0 16688
5170 1 16700
5170 2 16708
5170 3 16709
5171 0 16688
5171 1 16707
5171 2 16727
5171 3 16698
5171 4 16695
5172 0 16688
5172 1 16707
5172 2 16694
5172 3 16696
5172 4 16695
5173 0 16688
5173 1 16707
5173 2 16694
5173 3 16698
5173 4 16695
5174 0 16688
5174 1 16707
5174 2 16694
5174 3 16698
5174 4 16695
5175 0 16688
5175 1 16689
5175 2 16694
5175 3 16690
5175 4 16695
5176 0 16688
5176 1 16689
5176 2 16727
5176 3 16698
5177 0 16688
5177 1 16700
5177 2 16708
5177 3 16696
5178 0 16688
5178 1 16693
5178 2 16704
5178 3 16709
5179 0 16688
5179 1 16689
5179 2 16708
5179 3 16696
5180 0 16688
5180 1 16700
5180 2 16708
5180 3 16709
5181 0 16688
5181 1 16693
5181 2 16699
5181 3 16696
5181 4 16695
5182 0 16688
5182 1 16707
5182 2 16694
5182 3 16690
5182 4 16695
5183 0 16688
5183 1 16693
5183 3 16696
5184 0 16688
5184 1 16693
5184 2 16708
5184 3 16698
5185 0 16688
5185 1 16689
5185 2 16694
5185 3 16723
5186 0 16688
5186 1 16689
5186 2 16708
5186 3 16696
5187 0 16688
5187 1 16689
5187 2 16710
5187 3 16723
5188 0 16688
5188 1 16689
5188 2 16708
5188 3 16723
5189 0 16688
5189 1 16693
5189 2 16708
5189 3 16696
5190 0 16688
5190 1 16700
5190 2 16708
5190 3 16690
5191 0 16688
5191 1 16693
5191 2 16716
5191 3 16696
5191 4 16697
5192 0 16688
5192 1 16693
5192 2 16691
5192 3 16698
5193 0 16688
5193 1 16689
5193 2 16708
5193 3 16709
5194 0 16688
5194 1 16689
5194 2 16708
5194 3 16709
5195 0 16688
5195 1 16689
5195 2 16703
5195 3 16698
5196 0 16688
5196 1 16707
5196 2 16694
5196 3 16709
5196 4 16695
5197 0 16688
5197 1 16707
5197 2 16694
5197 3 16690
5197 4 16695
5198 0 16688
5198 1 16689
5198 2 16708
5198 3 16690
5199 0 16688
5199 1 16693
5199 2 16708
5199 3 16690
5200 0 16688
5200 1 16693
5200 2 16699
5200 3 16698
5201 0 16688
5201 1 16700
5201 2 16708
5201 3 16696
5202 0 16688
5202 1 16689
5202 2 16703
5202 3 16698
5203 0 16688
5203 1 16689
5203 2 16691
5203 3 16698
5204 0 16688
5204 1 16693
5204 2 16691
5204 3 16690
5205 0 16688
5205 1 16689
5205 2 16727
5205 3 16698
5205 4 16695
5206 0 16688
5206 1 16693
5206 2 16716
5206 3 16696
5206 4 16695
5207 0 16688
5207 1 16693
5207 2 16694
5207 3 16709
5208 0 16688
5208 1 16689
5208 2 16708
5208 3 16696
5209 0 16688
5209 1 16693
5209 2 16694
5209 3 16690
5210 0 16688
5210 1 16689
5210 2 16694
5210 3 16690
5210 4 16695
5211 0 16688
5211 1 16689
5211 2 16718
5211 3 16696
5212 0 16688
5212 1 16689
5212 2 16708
5212 3 16690
5213 0 16688
5213 1 16693
5213 2 16694
5213 3 16698
5213 4 16697
5214 0 16688
5214 1 16689
5214 2 16708
5214 3 16696
5215 0 16688
5215 1 16693
5215 3 16690
5216 0 16688
5216 1 16693
5216 2 16694
5216 3 16696
5217 0 16712
5217 1 16707
5217 2 16694
5217 3 16690
5217 4 16697
5218 0 16688
5218 1 16689
5218 2 16699
5218 3 16698
5218 4 16695
5219 0 16688
5219 1 16700
5219 2 16708
5219 3 16696
5220 0 16688
5220 1 16707
5220 2 16694
5220 3 16696
5220 4 16697
5221 0 16688
5221 1 16707
5221 2 16694
5221 3 16709
5221 4 16695
5222 0 16688
5222 1 16689
5222 2 16699
5222 3 16690
5222 4 16695
5223 0 16688
5223 1 16689
5223 2 16704
5223 3 16690
5223 4 16695
5224 0 16688
5224 1 16693
5224 2 16694
5224 3 16698
5224 4 16695
5225 0 16688
5225 1 16693
5225 2 16706
5225 3 16690
5226 0 16688
5226 1 16693
5226 2 16691
5226 3 16690
5227 0 16688
5227 1 16693
5227 2 16694
5227 3 16698
5227 4 16695
5228 0 16688
5228 1 16700
5228 2 16694
5228 3 16696
5228 4 16695
5229 0 16688
5229 1 16693
5229 2 16694
5229 3 16698
5230 0 16688
5230 1 16689
5230 2 16694
5230 3 16698
5231 0 16717
5231 1 16689
5231 2 16694
5231 3 16696
5231 4 16697
5232 0 16688
5232 1 16693
5232 2 16694
5232 3 16698
5233 0 16688
5233 1 16689
5233 2 16691
5233 3 16698
5234 0 16688
5234 1 16689
5234 2 16708
5234 3 16698
5235 0 16688
5235 1 16689
5235 2 16708
5235 3 16690
5236 0 16688
5236 1 16700
5236 2 16718
5236 3 16698
5237 0 16688
5237 1 16693
5237 2 16691
5237 3 16698
5238 0 16688
5238 1 16689
5238 2 16727
5238 3 16698
5238 4 16695
5239 0 16688
5239 1 16689
5239 2 16691
5239 3 16696
5240 0 16688
5240 1 16689
5240 2 16694
5240 3 16690
5241 0 16688
5241 1 16689
5241 2 16703
5241 3 16698
5242 0 16688
5242 1 16689
5242 2 16708
5242 3 16698
5243 0 16688
5243 1 16689
5243 2 16694
5243 3 16696
5244 0 16688
5244 1 16689
5244 2 16708
5244 3 16698
5245 0 16688
5245 1 16689
5245 2 16726
5245 3 16690
5245 4 16697
5246 0 16702
5246 1 16689
5246 2 16703
5246 3 16690
5247 0 16688
5247 1 16689
5247 2 16694
5247 3 16696
5248 0 16692
5248 1 16689
5248 2 16694
5248 3 16690
5248 4 16697
5249 0 16688
5249 1 16689
5249 2 16694
5249 3 16690
5249 4 16697
5250 0 16688
5250 1 16689
5250 2 16691
5250 3 16690
5251 0 16688
5251 1 16689
5251 2 16691
5251 3 16698
5252 0 16688
5252 1 16689
5252 2 16691
5252 3 16698
5253 0 16688
5253 1 16689
5253 2 16708
5253 3 16690
5254 0 16688
5254 1 16693
5254 2 16694
5254 3 16690
5254 4 16695
5255 0 16719
5255 1 16693
5255 2 16691
5255 3 16698
5256 0 16688
5256 1 16693
5256 3 16698
5257 0 16688
5257 1 16689
5257 2 16726
5257 3 16690
5258 0 16688
5258 1 16689
5258 2 16708
5258 3 16698
5259 0 16688
5259 1 16689
5259 2 16727
5259 3 16690
5259 4 16695
5260 0 16688
5260 1 16689
5260 2 16708
5260 3 16690
5261 0 16688
5261 1 16689
5261 3 16698
5262 0 16688
5262 1 16700
5262 2 16703
5262 3 16690
5263 0 16702
5263 1 16689
5263 2 16718
5263 3 16698
5264 0 16688
5264 1 16689
5264 2 16708
5264 3 16698
5265 0 16688
5265 1 16689
5265 2 16691
5265 3 16698
5266 0 16688
5266 1 16700
5266 2 16703
5266 3 16696
5267 0 16702
5267 1 16693
5267 2 16694
5267 3 16690
5268 0 16702
5268 1 16689
5268 2 16703
5268 3 16696
5268 4 16695
5269 0 16719
5269 1 16689
5269 2 16708
5269 3 16696
5270 0 16688
5270 1 16689
5270 2 16727
5270 3 16690
5270 4 16695
5271 0 16688
5271 1 16689
5271 2 16691
5271 3 16698
5272 0 16717
5272 1 16689
5272 2 16726
5272 3 16690
5273 0 16688
5273 1 16693
5273 2 16694
5273 3 16698
5274 0 16688
5274 1 16689
5274 2 16708
5274 3 16696
5275 0 16688
5275 1 16689
5275 2 16726
5275 3 16690
5276 0 16688
5276 1 16689
5276 3 16698
5277 0 16688
5277 1 16700
5277 3 16698
5278 0 16688
5278 1 16689
5278 2 16708
5278 3 16698
5279 0 16688
5279 1 16689
5279 2 16708
5279 3 16698
5280 0 16688
5280 1 16707
5280 2 16718
5280 3 16698
5281 0 16688
5281 1 16700
5281 2 16708
5281 3 16698
5282 0 16688
5282 1 16693
5282 2 16694
5282 3 16690
5282 4 16695
5283 0 16688
5283 1 16689
5283 2 16708
5283 3 16696
5284 0 16688
5284 1 16693
5284 2 16694
5284 3 16698
5285 0 16701
5285 1 16707
5285 2 16694
5285 3 16690
5285 4 16697
5286 0 16688
5286 1 16700
5286 2 16703
5286 3 16698
5287 0 16688
5287 1 16700
5287 2 16708
5287 3 16698
5287 4 16697
5288 0 16688
5288 1 16693
5288 2 16694
5288 3 16690
5289 0 16688
5289 1 16700
5289 2 16708
5289 3 16690
5290 0 16688
5290 1 16693
5290 2 16706
5290 3 16696
5290 4 16697
5291 0 16688
5291 1 16707
5291 2 16694
5291 3 16709
5291 4 16697
5292 0 16688
5292 1 16689
5292 3 16690
5293 0 16688
5293 1 16707
5293 2 16694
5293 3 16723
5293 4 16697
5294 0 16688
5294 1 16707
5294 2 16694
5294 3 16696
5294 4 16697
5295 0 16688
5295 1 16707
5295 2 16694
5295 3 16696
5295 4 16697
5296 0 16688
5296 1 16707
5296 2 16694
5296 3 16698
5296 4 16697
5297 0 16688
5297 1 16693
5297 2 16694
5297 3 16696
5297 4 16697
5298 0 16688
5298 1 16693
5298 3 16690
5298 4 16695
5299 0 16688
5299 1 16689
5299 3 16698
5299 4 16695
5300 0 16688
5300 1 16689
5300 3 16709
5301 0 16688
5301 1 16707
5301 2 16694
5301 3 16690
5301 4 16695
5302 0 16688
5302 1 16693
5302 2 16694
5302 3 16690
5302 4 16697
5303 0 16721
5303 1 16707
5303 2 16694
5303 3 16696
5303 4 16697
5304 0 16688
5304 1 16689
5304 2 16694
5304 3 16709
5304 4 16697
5305 0 16688
5305 1 16689
5305 2 16694
5305 3 16723
5305 4 16697
5306 0 16688
5306 1 16707
5306 2 16694
5306 3 16723
5306 4 16697
5307 0 16692
5307 1 16693
5307 2 16694
5307 3 16709
5308 0 16688
5308 1 16689
5308 2 16694
5308 3 16696
5309 0 16688
5309 1 16693
5309 2 16694
5309 3 16709
5309 4 16697
5310 0 16688
5310 1 16707
5310 2 16716
5310 3 16690
5310 4 16695
5311 0 16688
5311 1 16689
5311 2 16694
5311 3 16690
5312 0 16688
5312 1 16693
5312 2 16694
5312 3 16698
5312 4 16697
5313 0 16692
5313 1 16689
5313 2 16704
5313 3 16690
5313 4 16697
5314 0 16688
5314 1 16707
5314 2 16694
5314 3 16696
5314 4 16697
5315 0 16688
5315 1 16689
5315 2 16716
5315 3 16698
5315 4 16695
5316 0 16702
5316 1 16689
5316 3 16698
5316 4 16697
5317 0 16688
5317 1 16689
5317 2 16694
5317 3 16723
5318 0 16688
5318 1 16689
5318 2 16716
5318 3 16698
5318 4 16697
5319 0 16705
5319 1 16689
5319 2 16704
5319 3 16696
5319 4 16697
5320 0 16688
5320 1 16689
5320 2 16691
5320 3 16698
5321 0 16688
5321 1 16707
5321 2 16694
5321 3 16723
5321 4 16697
5322 0 16688
5322 1 16707
5322 2 16694
5322 3 16696
5322 4 16697
5323 0 16688
5323 1 16707
5323 2 16694
5323 3 16696
5323 4 16697
5324 0 16688
5324 1 16707
5324 2 16694
5324 3 16690
5324 4 16697
5325 0 16688
5325 1 16707
5325 2 16694
5325 3 16709
5325 4 16697
5326 0 16688
5326 1 16693
5326 3 16698
5326 4 16695
5327 0 16688
5327 1 16693
5327 2 16716
5327 3 16690
5328 0 16688
5328 1 16693
5328 2 16706
5328 3 16698
5328 4 16697
5329 0 16688
5329 1 16707
5329 2 16694
5329 3 16698
5330 0 16688
5330 1 16689
5330 2 16694
5330 3 16696
5330 4 16697
5331 0 16688
5331 1 16707
5331 2 16694
5331 3 16709
5331 4 16697
5332 0 16688
5332 1 16707
5332 2 16704
5332 3 16698
5332 4 16697
5333 0 16688
5333 1 16707
5333 2 16694
5333 3 16696
5333 4 16697
5334 0 16688
5334 1 16707
5334 2 16694
5334 3 16709
5334 4 16697
5335 0 16688
5335 1 16693
5335 2 16704
5335 3 16698
5336 0 16688
5336 1 16707
5336 2 16694
5336 3 16723
5336 4 16695
5337 0 16688
5337 1 16707
5337 2 16727
5337 3 16698
5337 4 16697
5338 0 16688
5338 1 16707
5338 2 16704
5338 3 16696
5338 4 16697
5339 0 16688
5339 1 16707
5339 2 16694
5339 3 16696
5339 4 16697
5340 0 16692
5340 1 16707
5340 2 16694
5340 3 16709
5341 0 16688
5341 1 16707
5341 2 16694
5341 3 16696
5341 4 16697
5342 0 16688
5342 1 16707
5342 2 16694
5342 3 16696
5343 0 16688
5343 1 16707
5343 2 16704
5343 3 16696
5343 4 16697
5344 0 16688
5344 1 16707
5344 2 16694
5344 3 16696
5344 4 16697
5345 0 16688
5345 1 16707
5345 2 16694
5345 3 16723
5345 4 16697
5346 0 16688
5346 1 16693
5346 2 16706
5346 3 16723
5346 4 16697
5347 0 16688
5347 1 16689
5347 2 16706
5347 3 16696
5347 4 16697
5348 0 16688
5348 1 16707
5348 2 16694
5348 3 16696
5348 4 16697
5349 0 16688
5349 1 16693
5349 2 16694
5349 3 16698
5349 4 16697
5350 0 16688
5350 1 16707
5350 2 16694
5350 3 16690
5350 4 16695
5351 0 16688
5351 1 16707
5351 2 16694
5351 3 16709
5352 0 16688
5352 1 16707
5352 2 16694
5352 3 16690
5352 4 16695
5353 0 16705
5353 1 16693
5353 2 16694
5353 3 16709
5354 0 16688
5354 1 16693
5354 2 16694
5354 3 16709
5354 4 16697
5355 0 16702
5355 1 16689
5355 2 16694
5355 3 16696
5356 0 16702
5356 1 16689
5356 2 16694
5356 3 16723
5357 0 16705
5357 1 16689
5357 2 16694
5357 3 16709
5357 4 16695
5358 0 16688
5358 1 16689
5358 2 16704
5358 3 16709
5358 4 16695
5359 0 16705
5359 1 16689
5359 2 16708
5359 3 16709
5360 0 16688
5360 1 16689
5360 2 16708
5360 3 16696
5361 0 16688
5361 1 16689
5361 2 16708
5361 3 16696
5362 0 16688
5362 1 16693
5362 2 16704
5362 3 16698
5362 4 16695
5363 0 16688
5363 1 16693
5363 2 16708
5363 3 16696
5364 0 16701
5364 1 16689
5364 2 16704
5364 3 16698
5364 4 16695
5365 0 16688
5365 1 16689
5365 2 16704
5365 3 16698
5365 4 16695
5366 0 16688
5366 1 16689
5366 2 16704
5366 3 16698
5366 4 16695
5367 0 16688
5367 1 16689
5367 2 16694
5367 3 16698
5367 4 16697
5368 0 16688
5368 1 16707
5368 2 16694
5368 3 16690
5368 4 16697
5369 0 16688
5369 1 16707
5369 2 16694
5369 3 16690
5369 4 16695
5370 0 16712
5370 1 16707
5370 2 16694
5370 3 16696
5370 4 16695
5371 0 16688
5371 1 16707
5371 2 16694
5371 3 16690
5371 4 16695
5372 0 16688
5372 1 16700
5372 2 16703
5372 3 16696
5372 4 16695
5373 0 16701
5373 1 16707
5373 2 16694
5373 3 16698
5373 4 16695
5374 0 16688
5374 1 16707
5374 2 16694
5374 3 16709
5374 4 16695
5375 0 16688
5375 1 16707
5375 2 16694
5375 3 16696
5375 4 16695
5376 0 16688
5376 1 16700
5376 2 16708
5376 3 16696
5377 0 16688
5377 1 16707
5377 2 16716
5377 3 16696
5377 4 16695
5378 0 16688
5378 1 16707
5378 2 16694
5378 3 16698
5378 4 16695
5379 0 16688
5379 1 16707
5379 2 16718
5379 3 16698
5380 0 16688
5380 1 16707
5380 2 16694
5380 3 16723
5380 4 16697
5381 0 16688
5381 1 16707
5381 2 16704
5381 3 16696
5381 4 16695
5382 0 16688
5382 1 16707
5382 2 16694
5382 3 16696
5382 4 16728
5383 0 16688
5383 1 16707
5383 2 16694
5383 3 16709
5383 4 16695
5384 0 16688
5384 1 16689
5384 2 16694
5384 3 16696
5384 4 16695
5385 0 16688
5385 1 16707
5385 2 16704
5385 3 16696
5385 4 16697
5386 0 16688
5386 1 16707
5386 2 16694
5386 3 16709
5387 0 16688
5387 1 16707
5387 2 16694
5387 3 16709
5387 4 16697
5388 0 16688
5388 1 16700
5388 2 16708
5388 3 16696
5389 0 16688
5389 1 16707
5389 2 16703
5389 3 16723
5389 4 16697
5390 0 16688
5390 1 16700
5390 2 16710
5390 3 16696
5391 0 16688
5391 1 16707
5391 2 16694
5391 3 16690
5391 4 16695
5392 0 16688
5392 1 16707
5392 2 16718
5392 3 16698
5392 4 16695
5393 0 16688
5393 1 16700
5393 2 16708
5393 3 16696
5394 0 16688
5394 1 16707
5394 2 16694
5394 3 16709
5394 4 16695
5395 0 16688
5395 1 16689
5395 2 16708
5395 3 16690
5396 0 16731
5396 1 16693
5396 2 16694
5396 3 16723
5396 4 16697
5397 0 16702
5397 1 16693
5397 2 16703
5397 3 16698
5397 4 16728
5398 0 16719
5398 1 16689
5398 2 16708
5398 3 16690
5399 0 16688
5399 1 16689
5399 2 16708
5399 3 16709
5400 0 16717
5400 1 16689
5400 2 16703
5400 3 16696
5400 4 16695
5401 0 16717
5401 1 16689
5401 2 16716
5401 3 16696
5401 4 16697
5402 0 16692
5402 1 16693
5402 2 16694
5402 3 16698
5402 4 16697
5403 0 16688
5403 1 16689
5403 2 16708
5403 3 16696
5403 4 16695
5404 0 16724
5404 1 16689
5404 2 16708
5404 3 16696
5405 0 16692
5405 1 16693
5405 2 16694
5405 3 16690
5405 4 16695
5406 0 16721
5406 1 16689
5406 2 16708
5406 3 16698
5407 0 16719
5407 1 16689
5407 2 16694
5407 3 16696
5407 4 16728
5408 0 16719
5408 1 16689
5408 2 16703
5408 3 16698
5408 4 16728
5409 0 16688
5409 1 16693
5409 2 16694
5409 3 16696
5409 4 16728
5410 0 16717
5410 1 16689
5410 2 16718
5410 3 16690
5410 4 16695
5411 0 16688
5411 1 16689
5411 2 16708
5411 3 16690
5412 0 16688
5412 1 16689
5412 2 16708
5412 3 16696
5413 0 16688
5413 1 16693
5413 2 16706
5413 3 16698
5413 4 16697
5414 0 16688
5414 1 16689
5414 2 16708
5414 3 16696
5415 0 16688
5415 1 16689
5415 2 16694
5415 3 16696
5415 4 16697
5416 0 16688
5416 1 16689
5416 2 16708
5416 3 16690
5417 0 16719
5417 1 16689
5417 2 16708
5417 3 16690
5418 0 16719
5418 1 16689
5418 2 16694
5418 3 16690
5418 4 16728
5419 0 16688
5419 1 16693
5419 3 16698
5419 4 16695
5420 0 16688
5420 1 16693
5420 2 16703
5420 3 16698
5420 4 16695
5421 0 16725
5421 1 16689
5421 2 16694
5421 3 16696
5421 4 16695
5422 0 16719
5422 1 16693
5422 2 16718
5422 3 16709
5423 0 16717
5423 1 16689
5423 3 16709
5423 4 16695
5424 0 16719
5424 1 16693
5424 2 16699
5424 3 16690
5424 4 16695
5425 0 16713
5425 1 16689
5425 2 16694
5425 3 16696
5425 4 16697
5426 0 16702
5426 1 16689
5426 2 16694
5426 3 16690
5426 4 16728
5427 0 16705
5427 1 16693
5427 2 16694
5427 3 16690
5427 4 16695
5428 0 16719
5428 1 16693
5428 2 16694
5428 3 16696
5428 4 16695
5429 0 16719
5429 1 16689
5429 3 16696
5429 4 16697
5430 0 16702
5430 1 16693
5430 2 16703
5430 3 16698
5430 4 16728
5431 0 16705
5431 1 16689
5431 2 16708
5431 3 16690
5432 0 16702
5432 1 16693
5432 2 16703
5432 3 16698
5432 4 16728
5433 0 16688
5433 1 16689
5433 2 16708
5433 3 16696
5434 0 16719
5434 1 16689
5434 2 16694
5434 3 16696
5434 4 16697
5435 0 16688
5435 1 16693
5435 2 16726
5435 3 16690
5435 4 16697
5436 0 16719
5436 1 16693
5436 2 16694
5436 3 16696
5436 4 16695
5437 0 16719
5437 1 16689
5437 2 16708
5437 3 16696
5438 0 16688
5438 1 16689
5438 2 16708
5438 3 16709
5439 0 16719
5439 1 16693
5439 2 16704
5439 3 16696
5439 4 16697
5440 0 16719
5440 1 16693
5440 2 16694
5440 3 16690
5440 4 16695
5441 0 16688
5441 1 16689
5441 2 16703
5441 3 16696
5442 0 16702
5442 1 16689
5442 2 16703
5442 3 16690
5442 4 16695
5443 0 16719
5443 1 16689
5443 2 16708
5443 3 16709
5444 0 16722
5444 1 16689
5444 2 16710
5444 3 16698
5444 4 16695
5445 0 16688
5445 1 16689
5445 2 16718
5445 3 16698
5445 4 16697
5446 0 16688
5446 1 16689
5446 2 16708
5446 3 16723
5447 0 16688
5447 1 16693
5447 2 16706
5447 3 16709
5447 4 16728
5448 0 16688
5448 1 16689
5448 2 16694
5448 3 16709
5448 4 16695
5449 0 16717
5449 1 16689
5449 2 16694
5449 3 16698
5449 4 16728
5450 0 16688
5450 1 16689
5450 2 16704
5450 3 16690
5450 4 16695
5451 0 16688
5451 1 16693
5451 2 16694
5451 3 16698
5451 4 16697
5452 0 16688
5452 1 16689
5452 2 16704
5452 3 16698
5452 4 16728
5453 0 16692
5453 1 16689
5453 2 16694
5453 3 16690
5453 4 16697
5454 0 16688
5454 1 16689
5454 2 16694
5454 3 16696
5454 4 16695
5455 0 16688
5455 1 16689
5455 2 16694
5455 3 16709
5455 4 16728
5456 0 16719
5456 1 16693
5456 2 16703
5456 3 16698
5456 4 16728
5457 0 16719
5457 1 16693
5457 3 16696
5457 4 16697
5458 0 16702
5458 1 16693
5458 2 16703
5458 3 16690
5458 4 16695
5459 0 16702
5459 1 16693
5459 2 16694
5459 3 16696
5459 4 16695
5460 0 16702
5460 1 16693
5460 2 16718
5460 3 16698
5460 4 16697
5461 0 16688
5461 1 16689
5461 2 16708
5461 3 16696
5462 0 16731
5462 1 16689
5462 3 16698
5462 4 16728
5463 0 16688
5463 1 16689
5463 2 16694
5463 3 16698
5463 4 16695
5464 0 16721
5464 1 16689
5464 2 16703
5464 3 16690
5464 4 16728
5465 0 16719
5465 1 16689
5465 2 16694
5465 3 16696
5465 4 16695
5466 0 16688
5466 1 16689
5466 2 16708
5466 3 16696
5466 4 16728
5467 0 16688
5467 1 16689
5467 2 16708
5467 3 16696
5468 0 16702
5468 1 16693
5468 2 16703
5468 3 16698
5468 4 16695
5469 0 16688
5469 1 16689
5469 2 16718
5469 3 16723
5469 4 16728
5470 0 16702
5470 1 16693
5470 2 16703
5470 3 16698
5471 0 16719
5471 1 16689
5471 2 16694
5471 3 16696
5471 4 16695
5472 0 16717
5472 1 16689
5472 2 16718
5472 3 16698
5472 4 16695
5473 0 16692
5473 1 16689
5473 2 16694
5473 3 16696
5473 4 16697
5474 0 16722
5474 1 16689
5474 2 16708
5474 3 16696
5475 0 16717
5475 1 16689
5475 2 16718
5475 3 16709
5475 4 16697
5476 0 16719
5476 1 16689
5476 2 16718
5476 3 16698
5476 4 16728
5477 0 16688
5477 1 16689
5477 2 16703
5477 3 16690
5477 4 16697
5478 0 16688
5478 1 16693
5478 2 16694
5478 3 16696
5478 4 16728
5479 0 16688
5479 1 16689
5479 2 16694
5479 3 16696
5479 4 16695
5480 0 16719
5480 1 16689
5480 2 16718
5480 3 16698
5480 4 16728
5481 0 16688
5481 1 16689
5481 2 16708
5481 3 16723
5482 0 16692
5482 1 16693
5482 2 16694
5482 3 16698
5482 4 16728
5483 0 16719
5483 1 16689
5483 2 16708
5483 3 16709
5484 0 16688
5484 1 16689
5484 2 16708
5484 3 16709
5485 0 16688
5485 1 16693
5485 2 16694
5485 3 16690
5485 4 16728
5486 0 16692
5486 1 16689
5486 2 16694
5486 3 16709
5486 4 16695
5487 0 16688
5487 1 16689
5487 3 16698
5487 4 16728
5488 0 16702
5488 1 16693
5488 2 16706
5488 3 16698
5488 4 16697
5489 0 16719
5489 1 16689
5489 3 16709
5490 0 16719
5490 1 16689
5490 2 16694
5490 3 16696
5490 4 16728
5491 0 16719
5491 1 16689
5491 2 16708
5491 3 16696
5492 0 16688
5492 1 16689
5492 2 16691
5492 3 16698
5492 4 16695
5493 0 16692
5493 1 16689
5493 2 16694
5493 3 16690
5493 4 16697
5494 0 16688
5494 1 16689
5494 2 16708
5494 3 16696
5495 0 16717
5495 1 16689
5495 2 16694
5495 3 16696
5495 4 16697
5496 0 16719
5496 1 16689
5496 2 16704
5496 3 16696
5496 4 16697
5497 0 16719
5497 1 16689
5497 2 16694
5497 3 16696
5497 4 16697
5498 0 16688
5498 1 16693
5498 2 16718
5498 3 16723
5498 4 16697
5499 0 16688
5499 1 16689
5499 2 16708
5499 3 16723
5500 0 16705
5500 1 16689
5500 2 16708
5500 3 16696
5501 0 16688
5501 1 16689
5501 2 16694
5501 3 16696
5501 4 16728
5502 0 16701
5502 1 16689
5502 2 16708
5502 3 16690
5503 0 16719
5503 1 16689
5503 3 16698
5503 4 16695
5504 0 16719
5504 1 16689
5504 2 16703
5504 3 16696
5504 4 16695
5505 0 16721
5505 1 16689
5505 2 16708
5505 3 16709
5506 0 16719
5506 1 16689
5506 2 16727
5506 3 16690
5506 4 16728
5507 0 16688
5507 1 16693
5507 2 16706
5507 3 16698
5507 4 16728
5508 0 16688
5508 1 16693
5508 2 16694
5508 3 16698
5508 4 16695
5509 0 16719
5509 1 16693
5509 3 16690
5509 4 16697
5510 0 16688
5510 1 16689
5510 2 16694
5510 3 16696
5510 4 16695
5511 0 16719
5511 1 16689
5511 2 16694
5511 3 16690
5511 4 16728
5512 0 16702
5512 1 16689
5512 2 16703
5512 3 16698
5512 4 16728
5513 0 16688
5513 1 16689
5513 2 16694
5513 3 16723
5513 4 16728
5514 0 16688
5514 1 16693
5514 2 16718
5514 3 16698
5514 4 16728
5515 0 16701
5515 1 16689
5515 2 16708
5515 3 16690
5516 0 16702
5516 1 16693
5516 2 16703
5516 3 16709
5516 4 16728
5517 0 16719
5517 1 16693
5517 2 16694
5517 3 16709
5517 4 16728
5518 0 16688
5518 1 16689
5518 2 16708
5518 3 16690
5519 0 16688
5519 1 16689
5519 2 16718
5519 3 16696
5519 4 16695
5520 0 16719
5520 1 16693
5520 3 16698
5520 4 16695
5521 0 16719
5521 1 16689
5521 2 16694
5521 3 16696
5521 4 16728
5522 0 16688
5522 1 16689
5522 3 16698
5522 4 16695
5523 0 16688
5523 1 16689
5523 3 16698
5523 4 16728
5524 0 16688
5524 1 16689
5524 2 16694
5524 3 16723
5524 4 16695
5525 0 16688
5525 1 16689
5525 2 16694
5525 3 16698
5525 4 16697
5526 0 16702
5526 1 16693
5526 2 16694
5526 3 16696
5526 4 16697
5527 0 16688
5527 1 16693
5527 2 16718
5527 3 16696
5527 4 16695
5528 0 16688
5528 1 16693
5528 2 16694
5528 3 16696
5528 4 16695
5529 0 16719
5529 1 16689
5529 2 16706
5529 3 16723
5529 4 16697
5530 0 16688
5530 1 16693
5530 2 16694
5530 3 16690
5530 4 16695
5531 0 16688
5531 1 16693
5531 3 16696
5531 4 16695
5532 0 16688
5532 1 16689
5532 2 16708
5532 3 16709
5533 0 16719
5533 1 16689
5533 2 16703
5533 3 16698
5533 4 16695
5534 0 16719
5534 1 16689
5534 2 16694
5534 3 16723
5534 4 16697
5535 0 16719
5535 1 16689
5535 3 16698
5536 0 16692
5536 1 16689
5536 2 16694
5536 3 16709
5536 4 16728
5537 0 16688
5537 1 16689
5537 2 16694
5537 3 16698
5537 4 16695
5538 0 16731
5538 1 16693
5538 2 16694
5538 3 16690
5538 4 16695
5539 0 16688
5539 1 16693
5539 2 16708
5539 3 16696
5540 0 16688
5540 1 16693
5540 2 16694
5540 3 16696
5540 4 16695
5541 0 16688
5541 1 16689
5541 2 16694
5541 3 16690
5541 4 16728
5542 0 16719
5542 1 16689
5542 3 16698
5542 4 16695
5543 0 16688
5543 1 16693
5543 2 16718
5543 3 16698
5543 4 16728
5544 0 16722
5544 1 16689
5544 2 16694
5544 3 16696
5544 4 16695
5545 0 16719
5545 1 16689
5545 2 16704
5545 3 16698
5545 4 16697
5546 0 16719
5546 1 16689
5546 2 16691
5546 3 16696
5547 0 16688
5547 1 16689
5547 3 16698
5547 4 16697
5548 0 16688
5548 1 16689
5548 2 16708
5548 3 16690
5549 0 16688
5549 1 16689
5549 2 16694
5549 3 16698
5549 4 16728
5550 0 16719
5550 1 16689
5550 3 16709
5550 4 16695
5551 0 16722
5551 1 16689
5551 2 16718
5551 3 16698
5551 4 16728
5552 0 16702
5552 1 16689
5552 2 16703
5552 3 16690
5552 4 16695
5553 0 16719
5553 1 16693
5553 2 16718
5553 3 16698
5553 4 16728
5554 0 16702
5554 1 16693
5554 2 16694
5554 3 16690
5555 0 16717
5555 1 16689
5555 2 16694
5555 3 16690
5555 4 16728
5556 0 16688
5556 1 16693
5556 2 16694
5556 3 16690
5556 4 16697
5557 0 16702
5557 1 16689
5557 2 16694
5557 3 16696
5557 4 16728
5558 0 16701
5558 1 16689
5558 3 16698
5559 0 16722
5559 1 16689
5559 2 16718
5559 3 16690
5559 4 16697
5560 0 16688
5560 1 16689
5560 2 16718
5560 3 16690
5560 4 16697
5561 0 16702
5561 1 16693
5561 2 16706
5561 3 16709
5561 4 16695
5562 0 16725
5562 1 16693
5562 2 16706
5562 3 16709
5562 4 16697
5563 0 16688
5563 1 16689
5563 2 16708
5563 3 16690
5564 0 16713
5564 1 16693
5564 2 16703
5564 3 16698
5564 4 16728
5565 0 16719
5565 1 16693
5565 3 16696
5565 4 16695
5566 0 16702
5566 1 16689
5566 2 16703
5566 3 16698
5566 4 16728
5567 0 16713
5567 1 16689
5567 2 16710
5567 3 16698
5568 0 16712
5568 1 16689
5568 2 16694
5568 3 16709
5568 4 16728
5569 0 16721
5569 1 16689
5569 2 16694
5569 3 16690
5569 4 16695
5570 0 16688
5570 1 16689
5570 2 16694
5570 3 16709
5570 4 16695
5571 0 16712
5571 1 16689
5571 2 16708
5571 3 16696
5572 0 16688
5572 1 16689
5572 3 16723
5573 0 16719
5573 1 16693
5573 2 16694
5573 3 16698
5574 0 16688
5574 1 16689
5574 2 16708
5574 3 16709
5575 0 16725
5575 1 16693
5575 2 16694
5575 3 16698
5576 0 16688
5576 1 16693
5576 2 16694
5576 3 16698
5577 0 16688
5577 1 16689
5577 2 16708
5577 3 16690
5578 0 16688
5578 1 16689
5578 2 16708
5578 3 16696
5579 0 16705
5579 1 16693
5579 2 16718
5579 3 16698
5579 4 16728
5580 0 16719
5580 1 16689
5580 2 16694
5580 3 16696
5580 4 16728
5581 0 16705
5581 1 16689
5581 2 16703
5581 3 16698
5581 4 16697
5582 0 16719
5582 1 16689
5582 2 16708
5582 3 16696
5583 0 16688
5583 1 16689
5583 2 16708
5583 3 16696
5584 0 16719
5584 1 16693
5584 2 16694
5584 3 16709
5584 4 16695
5585 0 16688
5585 1 16693
5585 2 16710
5585 3 16698
5586 0 16719
5586 1 16693
5586 3 16690
5586 4 16697
5587 0 16719
5587 1 16689
5587 2 16694
5587 3 16696
5587 4 16695
5588 0 16719
5588 1 16693
5588 2 16694
5588 3 16696
5588 4 16728
5589 0 16688
5589 1 16689
5589 2 16691
5589 3 16690
5589 4 16695
5590 0 16719
5590 1 16693
5590 2 16694
5590 3 16698
5591 0 16688
5591 1 16693
5591 3 16690
5591 4 16695
5592 0 16719
5592 1 16689
5592 2 16708
5592 3 16709
5593 0 16719
5593 1 16689
5593 2 16718
5593 3 16709
5593 4 16728
5594 0 16713
5594 1 16689
5594 2 16710
5594 3 16690
5594 4 16697
5595 0 16705
5595 1 16689
5595 2 16708
5595 3 16709
5596 0 16719
5596 1 16693
5596 2 16694
5596 3 16698
5596 4 16728
5597 0 16719
5597 1 16689
5597 2 16691
5597 3 16696
5597 4 16728
5598 0 16705
5598 1 16689
5598 2 16703
5598 3 16690
5599 0 16719
5599 1 16693
5599 2 16727
5599 3 16696
5600 0 16719
5600 1 16693
5600 2 16718
5600 3 16698
5600 4 16728
5601 0 16722
5601 1 16689
5601 2 16694
5601 3 16698
5601 4 16695
5602 0 16719
5602 1 16689
5602 2 16694
5602 3 16696
5602 4 16728
5603 0 16688
5603 1 16689
5603 2 16694
5603 3 16709
5603 4 16695
5604 0 16688
5604 1 16693
5604 2 16694
5604 3 16690
5604 4 16695
5605 0 16688
5605 1 16689
5605 2 16708
5605 3 16709
5606 0 16719
5606 1 16693
5606 2 16694
5606 3 16709
5606 4 16695
5607 0 16705
5607 1 16693
5607 2 16718
5607 3 16698
5607 4 16728
5608 0 16713
5608 1 16693
5608 3 16690
5608 4 16695
5609 0 16688
5609 1 16689
5609 2 16694
5609 3 16698
5609 4 16695
5610 0 16719
5610 1 16693
5610 2 16718
5610 3 16709
5610 4 16695
5611 0 16719
5611 1 16689
5611 2 16708
5611 3 16696
5612 0 16719
5612 1 16693
5612 3 16709
5612 4 16695
5613 0 16719
5613 1 16689
5613 2 16708
5613 3 16709
5614 0 16717
5614 1 16689
5614 2 16694
5614 3 16696
5614 4 16695
5615 0 16719
5615 1 16689
5615 2 16708
5615 3 16723
5616 0 16719
5616 1 16689
5616 2 16694
5616 3 16696
5616 4 16728
5617 0 16719
5617 1 16693
5617 2 16706
5617 3 16709
5617 4 16695
5618 0 16732
5618 1 16689
5618 2 16694
5618 3 16696
5618 4 16695
5619 0 16719
5619 1 16689
5619 2 16694
5619 3 16709
5619 4 16695
5620 0 16719
5620 1 16689
5620 2 16708
5620 3 16723
5621 0 16725
5621 1 16689
5621 2 16694
5621 3 16723
5621 4 16697
5622 0 16725
5622 1 16689
5622 2 16694
5622 3 16709
5622 4 16697
5623 0 16713
5623 1 16689
5623 2 16708
5623 3 16690
5624 0 16713
5624 1 16689
5624 2 16710
5624 3 16698
5624 4 16697
5625 0 16688
5625 1 16693
5625 2 16694
5625 3 16696
5625 4 16697
5626 0 16705
5626 1 16689
5626 2 16718
5626 3 16696
5627 0 16688
5627 1 16689
5627 2 16704
5627 3 16723
5627 4 16697
5628 0 16705
5628 1 16693
5628 2 16716
5628 3 16698
5628 4 16697
5629 0 16733
5629 1 16689
5629 2 16708
5629 3 16696
5630 0 16688
5630 1 16689
5630 2 16718
5630 3 16698
5630 4 16697
5631 0 16688
5631 1 16689
5631 2 16708
5631 3 16723
5632 0 16702
5632 1 16689
5632 2 16708
5632 3 16696
5633 0 16719
5633 1 16693
5633 2 16703
5633 3 16698
5633 4 16697
5634 0 16688
5634 1 16689
5634 2 16710
5634 3 16723
5635 0 16688
5635 1 16689
5635 2 16708
5635 3 16690
5636 0 16702
5636 1 16689
5636 2 16708
5636 3 16709
5637 0 16705
5637 1 16693
5637 2 16718
5637 3 16698
5637 4 16697
5638 0 16721
5638 1 16689
5638 2 16708
5638 3 16696
5639 0 16702
5639 1 16689
5639 2 16726
5639 3 16696
5639 4 16697
5640 0 16731
5640 1 16693
5640 3 16696
5640 4 16697
5641 0 16705
5641 1 16689
5641 2 16718
5641 3 16690
5641 4 16695
5642 0 16688
5642 1 16689
5642 2 16718
5642 3 16698
5642 4 16697
5643 0 16719
5643 1 16689
5643 2 16708
5643 3 16709
5644 0 16713
5644 1 16689
5644 2 16726
5644 3 16709
5644 4 16697
5645 0 16702
5645 1 16689
5645 2 16703
5645 3 16690
5646 0 16719
5646 1 16693
5646 2 16727
5646 3 16696
5646 4 16695
5647 0 16702
5647 1 16693
5647 2 16694
5647 3 16696
5647 4 16695
5648 0 16688
5648 1 16689
5648 2 16708
5648 3 16698
5649 0 16688
5649 1 16689
5649 2 16708
5649 3 16698
5650 0 16688
5650 1 16693
5650 2 16704
5650 3 16698
5650 4 16695
5651 0 16719
5651 1 16689
5651 2 16708
5651 3 16696
5652 0 16688
5652 1 16693
5652 2 16718
5652 3 16698
5652 4 16728
5653 0 16719
5653 1 16689
5653 3 16698
5654 0 16719
5654 1 16693
5654 3 16698
5654 4 16695
5655 0 16702
5655 1 16693
5655 2 16703
5655 3 16698
5656 0 16719
5656 1 16693
5656 3 16698
5656 4 16695
5657 0 16719
5657 1 16693
5657 2 16703
5657 3 16698
5657 4 16728
5658 0 16719
5658 1 16689
5658 2 16708
5658 3 16709
5659 0 16719
5659 1 16689
5659 2 16694
5659 3 16709
5659 4 16695
5660 0 16719
5660 1 16689
5660 2 16708
5660 3 16696
5661 0 16702
5661 1 16689
5661 2 16703
5661 3 16698
5662 0 16688
5662 1 16693
5662 2 16716
5662 3 16698
5663 0 16688
5663 1 16693
5663 2 16694
5663 3 16698
5663 4 16728
5664 0 16692
5664 1 16707
5664 2 16694
5664 3 16698
5664 4 16695
5665 0 16701
5665 1 16693
5665 2 16716
5665 3 16698
5665 4 16695
5666 0 16688
5666 1 16689
5666 2 16694
5666 3 16698
5666 4 16695
5667 0 16701
5667 1 16693
5667 2 16716
5667 3 16698
5667 4 16695
5668 0 16701
5668 1 16689
5668 2 16694
5668 3 16698
5669 0 16701
5669 1 16700
5669 2 16694
5669 3 16698
5669 4 16697
5670 0 16688
5670 1 16693
5670 2 16704
5670 3 16690
5670 4 16695
5671 0 16701
5671 1 16689
5671 2 16716
5671 3 16698
5672 0 16701
5672 1 16693
5672 2 16694
5672 3 16698
5672 4 16697
5673 0 16688
5673 1 16693
5673 2 16694
5673 3 16698
5673 4 16695
5674 0 16688
5674 1 16693
5674 2 16716
5674 3 16698
5674 4 16728
5675 0 16701
5675 1 16693
5675 2 16694
5675 3 16698
5675 4 16695
5676 0 16688
5676 1 16689
5676 2 16716
5676 3 16698
5677 0 16701
5677 1 16693
5677 2 16716
5677 3 16690
5678 0 16692
5678 1 16689
5678 2 16694
5678 3 16698
5678 4 16695
5679 0 16688
5679 1 16689
5679 2 16716
5679 3 16690
5679 4 16695
5680 0 16688
5680 1 16693
5680 2 16694
5680 3 16698
5681 0 16688
5681 1 16689
5681 2 16716
5681 3 16698
5681 4 16695
5682 0 16701
5682 1 16693
5682 2 16716
5682 3 16698
5682 4 16695
5683 0 16688
5683 1 16693
5683 2 16706
5683 3 16698
5683 4 16697
5684 0 16701
5684 1 16707
5684 2 16694
5684 3 16698
5684 4 16695
5685 0 16688
5685 1 16689
5685 2 16694
5685 3 16698
5685 4 16695
5686 0 16688
5686 1 16693
5686 2 16716
5686 3 16698
5686 4 16697
5687 0 16688
5687 1 16693
5687 2 16694
5687 3 16698
5688 0 16702
5688 1 16689
5688 2 16694
5688 3 16698
5688 4 16695
5689 0 16688
5689 1 16689
5689 2 16708
5689 3 16698
5690 0 16688
5690 1 16707
5690 2 16716
5690 3 16698
5690 4 16728
5691 0 16688
5691 1 16700
5691 2 16716
5691 3 16698
5691 4 16695
5692 0 16688
5692 1 16689
5692 2 16708
5692 3 16698
5693 0 16688
5693 1 16689
5693 2 16704
5693 3 16696
5693 4 16695
5694 0 16688
5694 1 16689
5694 2 16708
5694 3 16698
5695 0 16688
5695 1 16689
5695 2 16699
5695 3 16690
5695 4 16697
5696 0 16688
5696 1 16707
5696 2 16694
5696 3 16690
5696 4 16697
5697 0 16688
5697 1 16707
5697 2 16694
5697 3 16690
5697 4 16697
5698 0 16688
5698 1 16707
5698 2 16694
5698 3 16698
5698 4 16697
5699 0 16688
5699 1 16707
5699 2 16694
5699 3 16698
5699 4 16697
5700 0 16688
5700 1 16707
5700 2 16694
5700 3 16696
5700 4 16697
5701 0 16713
5701 1 16693
5701 2 16704
5701 3 16709
5701 4 16695
5702 0 16688
5702 1 16707
5702 2 16694
5702 3 16690
5702 4 16697
5703 0 16688
5703 1 16689
5703 2 16694
5703 3 16698
5703 4 16695
5704 0 16688
5704 1 16689
5704 2 16706
5704 3 16723
5704 4 16697
5705 0 16713
5705 1 16689
5705 2 16694
5705 3 16696
5705 4 16697
5706 0 16688
5706 1 16689
5706 2 16710
5706 3 16696
5707 0 16688
5707 1 16689
5707 2 16718
5707 3 16696
5708 0 16692
5708 1 16689
5708 2 16710
5708 3 16690
5709 0 16688
5709 1 16707
5709 2 16694
5709 3 16709
5709 4 16697
5710 0 16688
5710 1 16693
5710 2 16716
5710 3 16698
5710 4 16697
5711 0 16688
5711 1 16693
5711 2 16710
5711 3 16690
5711 4 16728
5712 0 16692
5712 1 16693
5712 2 16694
5712 3 16690
5712 4 16695
5713 0 16688
5713 1 16693
5713 2 16706
5713 3 16709
5713 4 16695
5714 0 16688
5714 1 16693
5714 2 16716
5714 3 16696
5715 0 16688
5715 1 16693
5715 2 16706
5715 3 16690
5715 4 16697
5716 0 16705
5716 1 16693
5716 2 16716
5716 3 16696
5716 4 16697
5717 0 16688
5717 1 16693
5717 2 16694
5717 3 16698
5717 4 16697
5718 0 16688
5718 1 16693
5718 2 16727
5718 3 16698
5718 4 16697
5719 0 16688
5719 1 16693
5719 2 16710
5719 3 16690
5720 0 16692
5720 1 16693
5720 2 16706
5720 3 16698
5720 4 16695
5721 0 16712
5721 1 16693
5721 2 16706
5721 3 16698
5721 4 16697
5722 0 16688
5722 1 16693
5722 2 16706
5722 3 16709
5722 4 16695
5723 0 16688
5723 1 16693
5723 2 16716
5723 3 16696
5723 4 16695
5724 0 16688
5724 1 16693
5724 2 16694
5724 3 16698
5725 0 16688
5725 1 16693
5725 2 16703
5725 3 16690
5726 0 16688
5726 1 16693
5726 2 16694
5726 3 16698
5726 4 16695
5727 0 16688
5727 1 16693
5727 2 16703
5727 3 16696
5728 0 16688
5728 1 16693
5728 2 16694
5728 3 16698
5729 0 16688
5729 1 16693
5729 2 16694
5729 3 16698
5729 4 16697
5730 0 16688
5730 1 16693
5730 2 16703
5730 3 16696
5731 0 16688
5731 1 16693
5731 2 16708
5731 3 16696
5732 0 16688
5732 1 16693
5732 2 16708
5732 3 16696
5733 0 16688
5733 1 16693
5733 2 16716
5733 3 16698
5733 4 16695
5734 0 16688
5734 1 16693
5734 2 16708
5734 3 16696
5735 0 16688
5735 1 16693
5735 2 16694
5735 3 16690
5736 0 16688
5736 1 16693
5736 2 16694
5736 3 16698
5736 4 16695
5737 0 16688
5737 1 16693
5737 2 16716
5737 3 16696
5737 4 16695
5738 0 16688
5738 1 16693
5738 2 16703
5738 3 16696
5739 0 16688
5739 1 16693
5739 2 16708
5739 3 16696
5740 0 16701
5740 1 16693
5740 2 16694
5740 3 16698
5741 0 16688
5741 1 16693
5741 2 16694
5741 3 16698
5741 4 16697
5742 0 16688
5742 1 16693
5742 2 16694
5742 3 16696
5742 4 16697
5743 0 16688
5743 1 16693
5743 2 16708
5743 3 16696
5744 0 16688
5744 1 16693
5744 2 16703
5744 3 16690
5745 0 16688
5745 1 16693
5745 2 16694
5745 3 16690
5745 4 16695
5746 0 16688
5746 1 16693
5746 2 16703
5746 3 16709
5747 0 16688
5747 1 16693
5747 2 16716
5747 3 16698
5747 4 16695
5748 0 16712
5748 1 16693
5748 2 16694
5748 3 16698
5748 4 16695
5749 0 16688
5749 1 16693
5749 2 16708
5749 3 16690
5750 0 16688
5750 1 16693
5750 2 16694
5750 3 16698
5750 4 16695
5751 0 16688
5751 1 16693
5751 2 16694
5751 3 16698
5751 4 16697
5752 0 16688
5752 1 16693
5752 2 16727
5752 3 16709
5752 4 16697
5753 0 16688
5753 1 16693
5753 2 16708
5753 3 16709
5754 0 16688
5754 1 16693
5754 2 16703
5754 3 16696
5755 0 16688
5755 1 16693
5755 2 16704
5755 3 16698
5755 4 16697
5756 0 16729
5756 1 16693
5756 2 16694
5756 3 16709
5756 4 16697
5757 0 16731
5757 1 16693
5757 2 16716
5757 3 16698
5757 4 16697
5758 0 16688
5758 1 16693
5758 2 16694
5758 3 16698
5758 4 16695
5759 0 16688
5759 1 16693
5759 2 16694
5759 3 16696
5759 4 16697
5760 0 16688
5760 1 16693
5760 2 16694
5760 3 16698
5760 4 16695
5761 0 16688
5761 1 16693
5761 2 16716
5761 3 16709
5761 4 16695
5762 0 16715
5762 1 16693
5762 2 16694
5762 3 16698
5762 4 16697
5763 0 16692
5763 1 16693
5763 2 16694
5763 3 16698
5763 4 16695
5764 0 16692
5764 1 16693
5764 2 16716
5764 3 16698
5764 4 16695
5765 0 16688
5765 1 16693
5765 2 16694
5765 3 16696
5766 0 16688
5766 1 16693
5766 2 16708
5766 3 16709
5767 0 16688
5767 1 16693
5767 2 16703
5767 3 16696
5767 4 16695
5768 0 16688
5768 1 16693
5768 2 16706
5768 3 16698
5769 0 16688
5769 1 16693
5769 2 16694
5769 3 16698
5769 4 16697
5770 0 16688
5770 1 16693
5770 2 16694
5770 3 16698
5770 4 16695
5771 0 16688
5771 1 16693
5771 2 16708
5771 3 16690
5772 0 16717
5772 1 16693
5772 2 16694
5772 3 16698
5772 4 16697
5773 0 16688
5773 1 16693
5773 2 16716
5773 3 16696
5774 0 16688
5774 1 16693
5774 2 16716
5774 3 16698
5774 4 16695
5775 0 16688
5775 1 16689
5775 2 16694
5775 3 16696
5775 4 16697
5776 0 16688
5776 1 16689
5776 2 16694
5776 3 16709
5776 4 16695
5777 0 16717
5777 1 16689
5777 2 16703
5777 3 16698
5777 4 16695
5778 0 16688
5778 1 16693
5778 2 16704
5778 3 16690
5778 4 16697
5779 0 16688
5779 1 16689
5779 2 16704
5779 3 16696
5779 4 16695
5780 0 16688
5780 1 16689
5780 2 16708
5780 3 16696
5781 0 16712
5781 1 16700
5781 2 16694
5781 3 16696
5781 4 16697
5782 0 16688
5782 1 16689
5782 2 16708
5782 3 16723
5783 0 16688
5783 1 16689
5783 2 16710
5783 3 16690
5783 4 16695
5784 0 16692
5784 1 16689
5784 2 16694
5784 3 16696
5784 4 16695
5785 0 16688
5785 1 16689
5785 2 16694
5785 3 16709
5785 4 16695
5786 0 16702
5786 1 16693
5786 2 16710
5786 3 16696
5786 4 16697
5787 0 16688
5787 1 16689
5787 2 16694
5787 3 16698
5787 4 16697
5788 0 16688
5788 1 16689
5788 2 16708
5788 3 16709
5789 0 16702
5789 1 16689
5789 2 16703
5789 3 16698
5789 4 16695
5790 0 16688
5790 1 16693
5790 2 16704
5790 3 16698
5790 4 16697
5791 0 16731
5791 1 16689
5791 2 16694
5791 3 16698
5792 0 16688
5792 1 16689
5792 2 16727
5792 3 16698
5792 4 16697
5793 0 16688
5793 1 16693
5793 2 16703
5793 3 16696
5793 4 16695
5794 0 16712
5794 1 16689
5794 2 16708
5794 3 16709
5795 0 16688
5795 1 16689
5795 2 16704
5795 3 16690
5795 4 16697
5796 0 16702
5796 1 16689
5796 2 16694
5796 3 16698
5796 4 16695
5797 0 16688
5797 1 16689
5797 2 16708
5797 3 16723
5798 0 16731
5798 1 16689
5798 2 16694
5798 3 16698
5798 4 16697
5799 0 16688
5799 1 16693
5799 2 16704
5799 3 16698
5799 4 16697
5800 0 16688
5800 1 16689
5800 2 16694
5800 3 16698
5801 0 16717
5801 1 16689
5801 2 16703
5801 3 16723
5802 0 16688
5802 1 16700
5802 2 16694
5802 3 16709
5802 4 16697
5803 0 16688
5803 1 16707
5803 2 16704
5803 3 16690
5803 4 16697
5804 0 16688
5804 1 16689
5804 2 16703
5804 3 16709
5804 4 16697
5805 0 16688
5805 1 16689
5805 2 16708
5805 3 16709
5806 0 16688
5806 1 16689
5806 2 16703
5806 3 16696
5807 0 16688
5807 1 16689
5807 2 16694
5807 3 16709
5807 4 16695
5808 0 16688
5808 1 16689
5808 2 16694
5808 3 16709
5808 4 16695
5809 0 16688
5809 1 16689
5809 2 16703
5809 3 16690
5809 4 16697
5810 0 16705
5810 1 16689
5810 2 16704
5810 3 16690
5810 4 16695
5811 0 16688
5811 1 16693
5811 2 16703
5811 3 16698
5811 4 16697
5812 0 16688
5812 1 16689
5812 2 16691
5812 3 16723
5813 0 16721
5813 1 16689
5813 2 16716
5813 3 16709
5813 4 16695
5814 0 16692
5814 1 16689
5814 2 16691
5814 3 16709
5815 0 16688
5815 1 16693
5815 2 16694
5815 3 16696
5815 4 16697
5816 0 16688
5816 1 16693
5816 2 16694
5816 3 16696
5816 4 16697
5817 0 16688
5817 1 16689
5817 2 16694
5817 3 16696
5817 4 16695
5818 0 16688
5818 1 16689
5818 2 16694
5818 3 16690
5818 4 16697
5819 0 16713
5819 1 16689
5819 2 16694
5819 3 16698
5819 4 16697
5820 0 16688
5820 1 16689
5820 2 16694
5820 3 16709
5820 4 16697
5821 0 16688
5821 1 16693
5821 2 16694
5821 3 16723
5821 4 16697
5822 0 16688
5822 1 16689
5822 2 16694
5822 3 16698
5822 4 16697
5823 0 16688
5823 1 16689
5823 2 16691
5823 3 16690
5824 0 16692
5824 1 16693
5824 2 16694
5824 3 16696
5824 4 16697
5825 0 16688
5825 1 16700
5825 2 16708
5825 3 16696
5826 0 16688
5826 1 16689
5826 2 16694
5826 3 16696
5826 4 16697
5827 0 16688
5827 1 16689
5827 2 16694
5827 3 16698
5828 0 16688
5828 1 16689
5828 2 16691
5828 3 16698
5829 0 16688
5829 1 16689
5829 2 16716
5829 3 16709
5829 4 16697
5830 0 16688
5830 1 16689
5830 2 16703
5830 3 16709
5830 4 16697
5831 0 16688
5831 1 16689
5831 2 16708
5831 3 16696
5832 0 16722
5832 1 16693
5832 2 16694
5832 3 16690
5832 4 16697
5833 0 16688
5833 1 16689
5833 2 16703
5833 3 16709
5833 4 16697
5834 0 16712
5834 1 16689
5834 2 16708
5834 3 16696
5835 0 16688
5835 1 16693
5835 2 16694
5835 3 16696
5835 4 16697
5836 0 16713
5836 1 16689
5836 2 16704
5836 3 16698
5836 4 16695
5837 0 16688
5837 1 16693
5837 2 16704
5837 3 16698
5837 4 16695
5838 0 16688
5838 1 16693
5838 2 16694
5838 3 16723
5838 4 16695
5839 0 16688
5839 1 16707
5839 2 16694
5839 3 16698
5839 4 16697
5840 0 16688
5840 1 16693
5840 2 16694
5840 3 16696
5840 4 16695
5841 0 16688
5841 1 16689
5841 2 16694
5841 3 16696
5841 4 16695
5842 0 16688
5842 1 16689
5842 2 16694
5842 3 16696
5842 4 16697
5843 0 16692
5843 1 16693
5843 2 16694
5843 3 16698
5843 4 16697
5844 0 16688
5844 1 16707
5844 2 16694
5844 3 16690
5844 4 16697
5845 0 16688
5845 1 16707
5845 2 16694
5845 3 16723
5845 4 16697
5846 0 16688
5846 1 16693
5846 2 16694
5846 3 16690
5846 4 16695
5847 0 16688
5847 1 16689
5847 2 16694
5847 3 16696
5847 4 16695
5848 0 16688
5848 1 16707
5848 2 16694
5848 3 16709
5848 4 16697
5849 0 16688
5849 1 16707
5849 2 16694
5849 3 16690
5849 4 16697
5850 0 16688
5850 1 16693
5850 2 16718
5850 3 16696
5851 0 16688
5851 1 16693
5851 3 16696
5852 0 16688
5852 1 16689
5852 2 16694
5852 3 16696
5852 4 16697
5853 0 16688
5853 1 16689
5853 2 16694
5853 3 16698
5853 4 16697
5854 0 16688
5854 1 16693
5854 2 16691
5854 3 16690
5855 0 16688
5855 1 16689
5855 2 16691
5855 3 16696
5856 0 16688
5856 1 16689
5856 2 16694
5856 3 16696
5856 4 16697
5857 0 16688
5857 1 16689
5857 2 16694
5857 3 16698
5858 0 16688
5858 1 16693
5858 3 16696
5858 4 16697
5859 0 16688
5859 1 16693
5859 2 16694
5859 3 16696
5860 0 16717
5860 1 16689
5860 2 16694
5860 3 16709
5860 4 16697
5861 0 16688
5861 1 16693
5861 2 16694
5861 3 16698
5861 4 16695
5862 0 16688
5862 1 16693
5862 2 16694
5862 3 16698
5862 4 16695
5863 0 16688
5863 1 16693
5863 2 16694
5863 3 16698
5863 4 16695
5864 0 16712
5864 1 16693
5864 2 16694
5864 3 16696
5864 4 16697
5865 0 16688
5865 1 16689
5865 2 16694
5865 3 16723
5865 4 16697
5866 0 16688
5866 1 16693
5866 3 16698
5866 4 16697
5867 0 16688
5867 1 16689
5867 2 16708
5867 3 16709
5868 0 16688
5868 1 16693
5868 2 16704
5868 3 16690
5868 4 16697
5869 0 16688
5869 1 16700
5869 2 16704
5869 3 16690
5869 4 16697
5870 0 16688
5870 1 16693
5870 2 16708
5870 3 16698
5871 0 16688
5871 1 16700
5871 2 16708
5871 3 16723
5872 0 16688
5872 1 16689
5872 3 16709
5873 0 16688
5873 1 16700
5873 2 16708
5873 3 16709
5874 0 16688
5874 1 16693
5874 2 16694
5874 3 16690
5875 0 16688
5875 1 16693
5875 2 16694
5875 3 16698
5875 4 16697
5876 0 16688
5876 1 16693
5876 3 16709
5877 0 16688
5877 1 16693
5877 3 16709
5878 0 16688
5878 1 16693
5878 3 16709
5879 0 16688
5879 1 16693
5879 3 16696
5880 0 16702
5880 1 16693
5880 2 16694
5880 3 16698
5880 4 16697
5881 0 16688
5881 1 16689
5881 2 16691
5881 3 16690
5882 0 16688
5882 1 16689
5882 2 16691
5882 3 16696
5883 0 16688
5883 1 16689
5883 2 16691
5883 3 16723
5884 0 16702
5884 1 16693
5884 2 16703
5884 3 16696
5884 4 16697
5885 0 16688
5885 1 16693
5885 3 16696
5885 4 16697
5886 0 16688
5886 1 16707
5886 2 16694
5886 3 16709
5886 4 16695
5887 0 16688
5887 1 16693
5887 2 16694
5887 3 16696
5887 4 16695
5888 0 16688
5888 1 16707
5888 2 16694
5888 3 16709
5889 0 16688
5889 1 16700
5889 2 16694
5889 3 16690
5889 4 16697
5890 0 16712
5890 1 16700
5890 2 16694
5890 3 16723
5890 4 16697
5891 0 16688
5891 1 16693
5891 2 16694
5891 3 16698
5891 4 16695
5892 0 16701
5892 1 16693
5892 2 16694
5892 3 16698
5892 4 16697
5893 0 16688
5893 1 16707
5893 2 16694
5893 3 16709
5894 0 16688
5894 1 16700
5894 3 16696
5894 4 16697
5895 0 16688
5895 1 16693
5895 2 16706
5895 3 16723
5895 4 16697
5896 0 16688
5896 1 16700
5896 2 16708
5896 3 16723
5897 0 16688
5897 1 16700
5897 2 16708
5897 3 16723
5898 0 16688
5898 1 16700
5898 2 16708
5898 3 16690
5899 0 16705
5899 1 16693
5899 2 16718
5899 3 16698
5899 4 16697
5900 0 16702
5900 1 16693
5900 2 16704
5900 3 16698
5900 4 16697
5901 0 16688
5901 1 16693
5901 3 16690
5901 4 16697
5902 0 16688
5902 1 16689
5902 3 16709
5903 0 16688
5903 1 16700
5903 2 16708
5903 3 16723
5904 0 16688
5904 1 16700
5904 2 16708
5904 3 16709
5905 0 16688
5905 1 16700
5905 2 16708
5905 3 16709
5906 0 16688
5906 1 16700
5906 2 16708
5906 3 16723
5907 0 16688
5907 1 16700
5907 3 16709
5907 4 16697
5908 0 16688
5908 1 16693
5908 2 16694
5908 3 16698
5909 0 16688
5909 1 16693
5909 2 16708
5909 3 16709
5910 0 16688
5910 1 16693
5910 2 16708
5910 3 16696
5911 0 16688
5911 1 16693
5911 2 16694
5911 3 16698
5911 4 16695
5912 0 16688
5912 1 16693
5912 3 16709
5913 0 16688
5913 1 16689
5913 2 16691
5913 3 16723
5914 0 16688
5914 1 16689
5914 2 16708
5914 3 16690
5915 0 16688
5915 1 16689
5915 2 16708
5915 3 16723
5916 0 16705
5916 1 16689
5916 2 16708
5916 3 16709
5917 0 16688
5917 1 16693
5917 3 16709
5918 0 16692
5918 1 16707
5918 2 16694
5918 3 16709
5918 4 16697
5919 0 16688
5919 1 16707
5919 2 16694
5919 3 16723
5919 4 16697
5920 0 16692
5920 1 16689
5920 2 16694
5920 3 16709
5920 4 16697
5921 0 16688
5921 1 16693
5921 3 16690
5922 0 16722
5922 1 16689
5922 2 16703
5922 3 16723
5922 4 16697
5923 0 16705
5923 1 16689
5923 2 16694
5923 3 16690
5923 4 16697
5924 0 16713
5924 1 16689
5924 2 16718
5924 3 16696
5924 4 16697
5925 0 16692
5925 1 16693
5925 2 16694
5925 3 16698
5926 0 16688
5926 1 16689
5926 2 16716
5926 3 16709
5926 4 16695
5927 0 16688
5927 1 16689
5927 2 16710
5927 3 16696
5928 0 16688
5928 1 16693
5928 2 16716
5928 3 16698
5928 4 16697
5929 0 16713
5929 1 16693
5929 2 16694
5929 3 16696
5929 4 16695
5930 0 16692
5930 1 16689
5930 2 16716
5930 3 16698
5930 4 16697
5931 0 16688
5931 1 16707
5931 2 16694
5931 3 16696
5931 4 16697
5932 0 16688
5932 1 16707
5932 2 16704
5932 3 16698
5932 4 16697
5933 0 16714
5933 1 16693
5933 2 16694
5933 3 16723
5933 4 16697
5934 0 16688
5934 1 16707
5934 2 16694
5934 3 16696
5934 4 16697
5935 0 16688
5935 1 16693
5935 2 16727
5935 3 16696
5935 4 16697
5936 0 16692
5936 1 16689
5936 2 16694
5936 3 16709
5936 4 16697
5937 0 16701
5937 1 16689
5937 2 16708
5937 3 16709
5938 0 16712
5938 1 16689
5938 2 16708
5938 3 16723
5939 0 16688
5939 1 16689
5939 2 16703
5939 3 16698
5939 4 16697
5940 0 16692
5940 1 16689
5940 2 16694
5940 3 16698
5940 4 16695
5941 0 16688
5941 1 16689
5941 2 16703
5941 3 16696
5941 4 16695
5942 0 16688
5942 1 16689
5942 2 16703
5942 3 16709
5942 4 16697
5943 0 16688
5943 1 16689
5943 2 16694
5943 3 16696
5943 4 16697
5944 0 16688
5944 1 16689
5944 2 16716
5944 3 16696
5945 0 16717
5945 1 16693
5945 2 16716
5945 3 16698
5946 0 16688
5946 1 16693
5946 2 16704
5946 3 16698
5946 4 16695
5947 0 16717
5947 1 16689
5947 2 16694
5947 3 16690
5947 4 16697
5948 0 16722
5948 1 16689
5948 2 16694
5948 3 16690
5948 4 16695
5949 0 16688
5949 1 16693
5949 2 16716
5949 3 16698
5949 4 16695
5950 0 16688
5950 1 16693
5950 2 16727
5950 3 16698
5950 4 16697
5951 0 16688
5951 1 16693
5951 2 16708
5951 3 16690
5952 0 16702
5952 1 16693
5952 2 16716
5952 3 16698
5953 0 16688
5953 1 16693
5953 2 16703
5953 3 16696
5954 0 16702
5954 1 16689
5954 2 16694
5954 3 16709
5955 0 16688
5955 1 16693
5955 2 16716
5955 3 16698
5955 4 16695
5956 0 16702
5956 1 16689
5956 2 16716
5956 3 16709
5957 0 16688
5957 1 16689
5957 2 16691
5957 3 16698
5958 0 16688
5958 1 16689
5958 2 16694
5958 3 16723
5959 0 16688
5959 1 16689
5959 2 16691
5959 3 16696
5960 0 16688
5960 1 16693
5960 3 16698
5961 0 16688
5961 1 16693
5961 2 16694
5961 3 16690
5962 0 16688
5962 1 16693
5962 2 16694
5962 3 16690
5963 0 16688
5963 1 16693
5963 2 16694
5963 3 16698
5963 4 16697
5964 0 16688
5964 1 16689
5964 2 16703
5964 3 16709
5964 4 16697
5965 0 16688
5965 1 16693
5965 2 16699
5965 3 16698
5966 0 16713
5966 1 16689
5966 2 16694
5966 3 16696
5966 4 16697
5967 0 16702
5967 1 16693
5967 2 16716
5967 3 16698
5968 0 16702
5968 1 16689
5968 2 16694
5968 3 16696
5968 4 16695
5969 0 16705
5969 1 16689
5969 2 16694
5969 3 16723
5969 4 16695
5970 0 16702
5970 1 16693
5970 2 16716
5970 3 16690
5970 4 16695
5971 0 16688
5971 1 16689
5971 2 16708
5971 3 16709
5972 0 16713
5972 1 16693
5972 2 16699
5972 3 16709
5972 4 16697
5973 0 16717
5973 1 16689
5973 2 16703
5973 3 16698
5974 0 16722
5974 1 16693
5974 2 16703
5974 3 16690
5974 4 16695
5975 0 16688
5975 1 16689
5975 2 16716
5975 3 16696
5975 4 16697
5976 0 16702
5976 1 16689
5976 2 16703
5976 3 16698
5976 4 16695
5977 0 16731
5977 1 16693
5977 2 16694
5977 3 16690
5977 4 16695
5978 0 16731
5978 1 16689
5978 2 16703
5978 3 16690
5978 4 16697
5979 0 16731
5979 1 16693
5979 2 16694
5979 3 16696
5980 0 16731
5980 1 16693
5980 2 16703
5980 3 16698
5981 0 16731
5981 1 16689
5981 2 16694
5981 3 16690
5981 4 16697
5982 0 16731
5982 1 16693
5982 2 16703
5982 3 16690
5982 4 16697
5983 0 16701
5983 1 16689
5983 2 16708
5983 3 16698
5984 0 16701
5984 1 16693
5984 2 16703
5984 3 16690
5984 4 16697
5985 0 16701
5985 1 16693
5985 2 16694
5985 3 16690
5985 4 16697
5986 0 16701
5986 1 16689
5986 2 16694
5986 3 16696
5986 4 16695
5987 0 16701
5987 1 16689
5987 2 16708
5987 3 16690
5988 0 16701
5988 1 16689
5988 2 16694
5988 3 16696
5988 4 16697
5989 0 16701
5989 1 16707
5989 2 16694
5989 3 16690
5989 4 16697
5990 0 16701
5990 1 16689
5990 2 16708
5990 3 16698
5991 0 16701
5991 1 16689
5991 2 16694
5991 3 16696
5991 4 16697
5992 0 16724
5992 1 16707
5992 2 16694
5992 3 16698
5992 4 16697
5993 0 16722
5993 1 16689
5993 2 16694
5993 3 16690
5993 4 16697
5994 0 16722
5994 1 16693
5994 2 16694
5994 3 16690
5994 4 16697
5995 0 16722
5995 1 16689
5995 2 16703
5995 3 16690
5995 4 16695
5996 0 16722
5996 1 16689
5996 2 16703
5996 3 16696
5996 4 16695
5997 0 16722
5997 1 16689
5997 2 16694
5997 3 16690
5997 4 16695
5998 0 16722
5998 1 16693
5998 2 16694
5998 3 16690
5999 0 16722
5999 1 16693
5999 2 16703
5999 3 16690
5999 4 16695
6000 0 16722
6000 1 16689
6000 2 16703
6000 3 16696
6000 4 16697
6001 0 16722
6001 1 16689
6001 2 16694
6001 3 16690
6001 4 16697
6002 0 16722
6002 1 16689
6002 2 16703
6002 3 16696
6003 0 16714
6003 1 16693
6003 2 16694
6003 3 16696
6003 4 16697
6004 0 16714
6004 1 16689
6004 2 16694
6004 3 16696
6004 4 16697
6005 0 16714
6005 1 16689
6005 2 16694
6005 3 16690
6005 4 16695
6006 0 16714
6006 1 16689
6006 2 16703
6006 3 16690
6007 0 16719
6007 1 16693
6007 2 16703
6007 3 16696
6007 4 16695
6008 0 16719
6008 1 16689
6008 2 16694
6008 3 16690
6008 4 16695
6009 0 16719
6009 1 16693
6009 2 16703
6009 3 16690
6009 4 16697
6010 0 16719
6010 1 16689
6010 2 16694
6010 3 16698
6011 0 16719
6011 1 16693
6011 2 16703
6011 3 16696
6011 4 16695
6012 0 16719
6012 1 16693
6012 2 16703
6012 3 16690
6012 4 16697
6013 0 16711
6013 1 16689
6013 2 16694
6013 3 16690
6013 4 16695
6014 0 16711
6014 1 16689
6014 2 16691
6014 3 16698
6015 0 16711
6015 1 16689
6015 2 16710
6015 3 16696
6016 0 16711
6016 1 16689
6016 2 16694
6016 3 16698
6017 0 16711
6017 1 16707
6017 2 16694
6017 3 16690
6018 0 16711
6018 1 16689
6018 2 16694
6018 3 16690
6019 0 16721
6019 1 16689
6019 2 16703
6019 3 16698
6020 0 16721
6020 1 16693
6020 2 16694
6020 3 16696
6020 4 16697
6021 0 16721
6021 1 16693
6021 2 16703
6021 3 16696
6021 4 16695
6022 0 16721
6022 1 16689
6022 2 16694
6022 3 16696
6022 4 16695
6023 0 16721
6023 1 16689
6023 2 16694
6023 3 16696
6023 4 16695
6024 0 16688
6024 1 16693
6024 2 16694
6024 3 16690
6025 0 16705
6025 1 16693
6025 2 16694
6025 3 16690
6025 4 16695
6026 0 16705
6026 1 16693
6026 2 16703
6026 3 16690
6027 0 16705
6027 1 16689
6027 2 16708
6027 3 16698
6028 0 16705
6028 1 16689
6028 2 16694
6028 3 16698
6029 0 16705
6029 1 16693
6029 2 16694
6029 3 16690
6029 4 16697
6030 0 16705
6030 1 16689
6030 2 16694
6030 3 16696
6030 4 16695
6031 0 16705
6031 1 16689
6031 2 16708
6031 3 16698
6032 0 16705
6032 1 16689
6032 2 16694
6032 3 16690
6033 0 16705
6033 1 16689
6033 2 16708
6033 3 16698
6034 0 16705
6034 1 16689
6034 2 16694
6034 3 16696
6035 0 16705
6035 1 16689
6035 3 16696
6036 0 16705
6036 1 16689
6036 2 16706
6036 3 16690
6036 4 16697
6037 0 16705
6037 1 16693
6037 2 16694
6037 3 16690
6037 4 16695
6038 0 16705
6038 1 16689
6038 2 16703
6038 3 16696
6039 0 16705
6039 1 16693
6039 2 16694
6039 3 16690
6039 4 16695
6040 0 16725
6040 1 16693
6040 2 16703
6040 3 16690
6040 4 16697
6041 0 16725
6041 1 16689
6041 2 16694
6041 3 16698
6041 4 16695
6042 0 16725
6042 1 16689
6042 2 16694
6042 3 16690
6043 0 16725
6043 1 16689
6043 2 16694
6043 3 16690
6043 4 16697
6044 0 16725
6044 1 16689
6044 2 16694
6044 3 16698
6044 4 16697
6045 0 16725
6045 1 16689
6045 2 16694
6045 3 16690
6045 4 16695
6046 0 16732
6046 1 16693
6046 2 16703
6046 3 16690
6046 4 16697
6047 0 16732
6047 1 16693
6047 2 16694
6047 3 16690
6047 4 16697
6048 0 16717
6048 1 16693
6048 2 16694
6048 3 16690
6048 4 16697
6049 0 16717
6049 1 16693
6049 2 16694
6049 3 16690
6049 4 16697
6050 0 16717
6050 1 16707
6050 2 16694
6050 3 16690
6050 4 16695
6051 0 16717
6051 1 16693
6051 2 16694
6051 3 16696
6051 4 16697
6052 0 16717
6052 1 16689
6052 2 16703
6052 3 16690
6053 0 16717
6053 1 16689
6053 2 16694
6053 3 16690
6053 4 16697
6054 0 16717
6054 1 16689
6054 2 16694
6054 3 16698
6055 0 16720
6055 1 16689
6055 2 16694
6055 3 16698
6055 4 16697
6056 0 16720
6056 1 16693
6056 2 16703
6056 3 16690
6057 0 16720
6057 1 16689
6057 2 16708
6057 3 16698
6058 0 16720
6058 1 16693
6058 2 16710
6058 3 16690
6058 4 16695
6059 0 16692
6059 1 16689
6059 2 16694
6059 3 16690
6059 4 16697
6060 0 16692
6060 1 16693
6060 2 16694
6060 3 16690
6060 4 16697
6061 0 16692
6061 1 16689
6061 2 16703
6061 3 16690
6061 4 16695
6062 0 16692
6062 1 16693
6062 2 16703
6062 3 16690
6062 4 16697
6063 0 16692
6063 1 16689
6063 2 16694
6063 3 16698
6064 0 16692
6064 1 16689
6064 2 16694
6064 3 16696
6064 4 16697
6065 0 16692
6065 1 16689
6065 2 16694
6065 3 16696
6065 4 16697
6066 0 16692
6066 1 16689
6066 2 16708
6066 3 16696
6067 0 16692
6067 1 16693
6067 2 16694
6067 3 16690
6067 4 16695
6068 0 16692
6068 1 16689
6068 2 16710
6068 3 16696
6068 4 16697
6069 0 16692
6069 1 16689
6069 2 16710
6069 3 16690
6070 0 16692
6070 1 16689
6070 2 16706
6070 3 16696
6070 4 16695
6071 0 16692
6071 1 16693
6071 2 16703
6071 3 16690
6072 0 16692
6072 1 16693
6072 2 16694
6072 3 16690
6072 4 16697
6073 0 16692
6073 1 16693
6073 2 16694
6073 3 16698
6073 4 16695
6074 0 16692
6074 1 16689
6074 2 16694
6074 3 16690
6074 4 16695
6075 0 16688
6075 1 16689
6075 2 16703
6075 3 16698
6076 0 16688
6076 1 16689
6076 2 16694
6076 3 16690
6077 0 16688
6077 1 16693
6077 2 16710
6077 3 16690
6078 0 16702
6078 1 16693
6078 2 16703
6078 3 16690
6079 0 16688
6079 1 16693
6079 2 16706
6079 3 16698
6079 4 16697
6080 0 16688
6080 1 16689
6080 2 16694
6080 3 16696
6080 4 16697
6081 0 16688
6081 1 16689
6081 2 16694
6081 3 16696
6081 4 16695
6082 0 16688
6082 1 16693
6082 2 16694
6082 3 16696
6082 4 16695
6083 0 16688
6083 1 16689
6083 2 16703
6083 3 16690
6083 4 16695
6084 0 16688
6084 1 16707
6084 2 16694
6084 3 16690
6084 4 16697
6085 0 16688
6085 1 16689
6085 2 16708
6085 3 16690
6086 0 16688
6086 1 16689
6086 2 16708
6086 3 16698
6087 0 16688
6087 1 16707
6087 2 16694
6087 3 16690
6087 4 16697
6088 0 16688
6088 1 16693
6088 2 16694
6088 3 16690
6088 4 16697
6089 0 16688
6089 1 16689
6089 2 16708
6089 3 16698
6090 0 16688
6090 1 16689
6090 2 16694
6090 3 16690
6090 4 16697
6091 0 16688
6091 1 16689
6091 2 16708
6091 3 16690
6092 0 16688
6092 1 16693
6092 2 16694
6092 3 16696
6092 4 16697
6093 0 16688
6093 1 16707
6093 2 16694
6093 3 16696
6093 4 16695
6094 0 16688
6094 1 16689
6094 2 16703
6094 3 16690
6094 4 16695
6095 0 16688
6095 1 16707
6095 2 16694
6095 3 16696
6095 4 16697
6096 0 16692
6096 1 16693
6096 2 16694
6096 3 16690
6096 4 16697
6097 0 16713
6097 1 16689
6097 2 16706
6097 3 16696
6097 4 16697
6098 0 16688
6098 1 16693
6098 2 16706
6098 3 16690
6099 0 16692
6099 1 16689
6099 2 16703
6099 3 16696
6099 4 16695
6100 0 16701
6100 1 16689
6100 2 16694
6100 3 16690
6100 4 16695
6101 0 16688
6101 1 16707
6101 2 16694
6101 3 16690
6101 4 16697
6102 0 16688
6102 1 16689
6102 2 16694
6102 3 16690
6102 4 16697
6103 0 16688
6103 1 16707
6103 2 16694
6103 3 16690
6103 4 16695
6104 0 16688
6104 1 16689
6104 2 16694
6104 3 16696
6104 4 16697
6105 0 16688
6105 1 16689
6105 2 16708
6105 3 16690
6106 0 16688
6106 1 16693
6106 2 16703
6106 3 16690
6106 4 16697
6107 0 16702
6107 1 16689
6107 2 16703
6107 3 16696
6107 4 16695
6108 0 16688
6108 1 16689
6108 2 16710
6108 3 16690
6108 4 16697
6109 0 16688
6109 1 16689
6109 2 16694
6109 3 16696
6109 4 16697
6110 0 16722
6110 1 16693
6110 2 16703
6110 3 16696
6110 4 16695
6111 0 16722
6111 1 16693
6111 2 16694
6111 3 16690
6111 4 16697
6112 0 16705
6112 1 16689
6112 2 16703
6112 3 16696
6112 4 16695
6113 0 16722
6113 1 16693
6113 2 16694
6113 3 16690
6113 4 16697
6114 0 16692
6114 1 16693
6114 2 16694
6114 3 16690
6114 4 16695
6115 0 16692
6115 1 16689
6115 2 16694
6115 3 16690
6115 4 16697
6116 0 16714
6116 1 16693
6116 2 16703
6116 3 16690
6116 4 16697
6117 0 16719
6117 1 16689
6117 2 16703
6117 3 16696
6118 0 16719
6118 1 16689
6118 2 16694
6118 3 16690
6118 4 16697
6119 0 16717
6119 1 16693
6119 2 16706
6119 3 16690
6119 4 16697
6120 0 16721
6120 1 16689
6120 2 16694
6120 3 16696
6120 4 16697
6121 0 16731
6121 1 16689
6121 2 16708
6121 3 16690
6122 0 16719
6122 1 16693
6122 2 16703
6122 3 16696
6122 4 16695
6123 0 16717
6123 1 16689
6123 2 16694
6123 3 16690
6123 4 16697
6124 0 16719
6124 1 16689
6124 2 16703
6124 3 16690
6125 0 16721
6125 1 16689
6125 2 16691
6125 3 16698
6125 4 16697
6126 0 16717
6126 1 16700
6126 2 16703
6126 3 16696
6126 4 16695
6127 0 16688
6127 1 16707
6127 2 16694
6127 3 16696
6127 4 16697
6128 0 16688
6128 1 16707
6128 2 16694
6128 3 16690
6128 4 16697
6129 0 16688
6129 1 16693
6129 2 16694
6129 3 16698
6129 4 16697
6130 0 16712
6130 1 16707
6130 2 16694
6130 3 16698
6130 4 16697
6131 0 16688
6131 1 16707
6131 2 16694
6131 3 16690
6132 0 16688
6132 1 16707
6132 2 16694
6132 3 16690
6133 0 16688
6133 1 16707
6133 2 16694
6133 3 16696
6133 4 16697
6134 0 16688
6134 1 16689
6134 2 16694
6134 3 16690
6134 4 16695
6135 0 16688
6135 1 16707
6135 2 16694
6135 3 16690
6135 4 16695
6136 0 16688
6136 1 16693
6136 2 16703
6136 3 16696
6137 0 16688
6137 1 16689
6137 2 16703
6137 3 16696
6138 0 16688
6138 1 16693
6138 2 16703
6138 3 16690
6138 4 16695
6139 0 16688
6139 1 16693
6139 2 16703
6139 3 16690
6139 4 16697
6140 0 16688
6140 1 16689
6140 2 16703
6140 3 16696
6140 4 16697
6141 0 16688
6141 1 16693
6141 2 16703
6141 3 16690
6141 4 16697
6142 0 16688
6142 1 16693
6142 2 16703
6142 3 16698
6142 4 16695
6143 0 16688
6143 1 16693
6143 2 16710
6143 3 16690
6144 0 16688
6144 1 16689
6144 2 16710
6144 3 16696
6144 4 16697
6145 0 16717
6145 1 16693
6145 2 16710
6145 3 16696
6146 0 16688
6146 1 16689
6146 2 16710
6146 3 16696
6147 0 16688
6147 1 16689
6147 2 16706
6147 3 16698
6147 4 16697
6148 0 16688
6148 1 16693
6148 2 16706
6148 3 16690
6148 4 16697
6149 0 16688
6149 1 16693
6149 2 16706
6149 3 16690
6149 4 16695
6150 0 16688
6150 1 16700
6150 2 16708
6150 3 16696
6151 0 16688
6151 1 16707
6151 2 16694
6151 3 16698
6152 0 16715
6152 1 16707
6152 2 16694
6152 3 16698
6152 4 16697
6153 0 16688
6153 1 16700
6153 2 16710
6153 3 16690
6154 0 16688
6154 1 16689
6154 2 16706
6154 3 16698
6154 4 16695
6155 0 16688
6155 1 16689
6155 2 16694
6155 3 16709
6155 4 16697
6156 0 16688
6156 1 16689
6156 2 16708
6156 3 16698
6157 0 16688
6157 1 16689
6157 2 16694
6157 3 16698
6157 4 16695
6158 0 16688
6158 1 16689
6158 2 16704
6158 3 16696
6158 4 16697
6159 0 16688
6159 1 16689
6159 2 16706
6159 3 16698
6159 4 16695
6160 0 16722
6160 1 16689
6160 2 16708
6160 3 16709
6161 0 16688
6161 1 16689
6161 2 16703
6161 3 16723
6162 0 16688
6162 1 16689
6162 2 16699
6162 3 16690
6162 4 16695
6163 0 16688
6163 1 16689
6163 2 16708
6163 3 16709
6164 0 16688
6164 1 16689
6164 2 16694
6164 3 16696
6164 4 16695
6165 0 16688
6165 1 16693
6165 2 16703
6165 3 16690
6166 0 16688
6166 1 16689
6166 2 16708
6166 3 16696
6167 0 16712
6167 1 16693
6167 2 16708
6167 3 16696
6168 0 16688
6168 1 16689
6168 2 16691
6168 3 16690
6169 0 16688
6169 1 16689
6169 2 16691
6169 3 16690
6170 0 16692
6170 1 16689
6170 2 16694
6170 3 16690
6170 4 16697
6171 0 16688
6171 1 16689
6171 2 16694
6171 3 16690
6171 4 16697
6172 0 16722
6172 1 16689
6172 2 16718
6172 3 16698
6172 4 16697
6173 0 16688
6173 1 16689
6173 2 16708
6173 3 16696
6174 0 16688
6174 1 16693
6174 2 16694
6174 3 16698
6174 4 16697
6175 0 16692
6175 1 16689
6175 2 16694
6175 3 16696
6175 4 16695
6176 0 16688
6176 1 16689
6176 2 16708
6176 3 16690
6177 0 16688
6177 1 16693
6177 2 16704
6177 3 16698
6177 4 16697
6178 0 16688
6178 1 16693
6178 2 16716
6178 3 16690
6178 4 16695
6179 0 16688
6179 1 16693
6179 2 16706
6179 3 16696
6179 4 16695
6180 0 16688
6180 1 16689
6180 2 16694
6180 3 16690
6180 4 16695
6181 0 16688
6181 1 16689
6181 2 16708
6181 3 16696
6182 0 16688
6182 1 16689
6182 2 16708
6182 3 16698
6183 0 16688
6183 1 16689
6183 2 16708
6183 3 16696
6184 0 16688
6184 1 16693
6184 2 16694
6184 3 16698
6185 0 16688
6185 1 16689
6185 2 16703
6185 3 16709
6186 0 16688
6186 1 16693
6186 2 16706
6186 3 16698
6186 4 16697
6187 0 16688
6187 1 16689
6187 2 16708
6187 3 16696
6188 0 16688
6188 1 16693
6188 2 16694
6188 3 16690
6188 4 16697
6189 0 16688
6189 1 16693
6189 2 16694
6189 3 16698
6190 0 16688
6190 1 16693
6190 2 16694
6190 3 16690
6190 4 16697
6191 0 16688
6191 1 16693
6191 2 16704
6191 3 16698
6191 4 16695
6192 0 16688
6192 1 16693
6192 2 16703
6192 3 16698
6193 0 16688
6193 1 16689
6193 2 16708
6193 3 16709
6194 0 16688
6194 1 16693
6194 2 16699
6194 3 16696
6194 4 16695
6195 0 16713
6195 1 16693
6195 2 16704
6195 3 16690
6195 4 16697
6196 0 16702
6196 1 16693
6196 2 16706
6196 3 16690
6196 4 16697
6197 0 16692
6197 1 16689
6197 2 16704
6197 3 16698
6197 4 16697
6198 0 16688
6198 1 16693
6198 2 16706
6198 3 16690
6198 4 16697
6199 0 16688
6199 1 16693
6199 2 16694
6199 3 16698
6199 4 16697
6200 0 16688
6200 1 16693
6200 2 16716
6200 3 16696
6201 0 16692
6201 1 16689
6201 2 16703
6201 3 16723
6202 0 16722
6202 1 16693
6202 2 16694
6202 3 16696
6202 4 16697
6203 0 16688
6203 1 16689
6203 2 16691
6203 3 16709
6204 0 16688
6204 1 16693
6204 2 16699
6204 3 16698
6204 4 16697
6205 0 16688
6205 1 16689
6205 2 16710
6205 3 16690
6205 4 16695
6206 0 16688
6206 1 16693
6206 2 16710
6206 3 16698
6206 4 16697
6207 0 16722
6207 1 16693
6207 2 16694
6207 3 16696
6207 4 16695
6208 0 16688
6208 1 16689
6208 2 16691
6208 3 16690
6209 0 16688
6209 1 16689
6209 2 16708
6209 3 16723
6210 0 16688
6210 1 16693
6210 2 16704
6210 3 16696
6210 4 16697
6211 0 16688
6211 1 16689
6211 2 16694
6211 3 16723
6211 4 16695
6212 0 16722
6212 1 16689
6212 2 16691
6212 3 16690
6212 4 16695
6213 0 16688
6213 1 16693
6213 2 16694
6213 3 16698
6213 4 16697
6214 0 16688
6214 1 16693
6214 2 16706
6214 3 16698
6214 4 16695
6215 0 16688
6215 1 16689
6215 2 16708
6215 3 16723
6216 0 16722
6216 1 16689
6216 2 16694
6216 3 16698
6216 4 16695
6217 0 16692
6217 1 16689
6217 2 16694
6217 3 16709
6217 4 16697
6218 0 16688
6218 1 16689
6218 2 16708
6218 3 16696
6219 0 16688
6219 1 16707
6219 2 16694
6219 3 16723
6219 4 16697
6220 0 16688
6220 1 16707
6220 2 16694
6220 3 16709
6220 4 16697
6221 0 16688
6221 1 16707
6221 2 16694
6221 3 16690
6221 4 16697
6222 0 16688
6222 1 16707
6222 2 16694
6222 3 16690
6222 4 16697
6223 0 16688
6223 1 16693
6223 2 16691
6223 3 16709
6224 0 16688
6224 1 16707
6224 2 16694
6224 3 16709
6224 4 16697
6225 0 16688
6225 1 16707
6225 2 16716
6225 3 16690
6226 0 16688
6226 1 16693
6226 2 16691
6226 3 16698
6227 0 16688
6227 1 16689
6227 2 16694
6227 3 16690
6228 0 16688
6228 1 16689
6228 2 16703
6228 3 16696
6228 4 16695
6229 0 16702
6229 1 16689
6229 2 16708
6229 3 16723
6230 0 16717
6230 1 16693
6230 2 16694
6230 3 16698
6230 4 16697
6231 0 16717
6231 1 16689
6231 2 16694
6231 3 16690
6231 4 16695
6232 0 16702
6232 1 16689
6232 2 16716
6232 3 16698
6232 4 16695
6233 0 16717
6233 1 16689
6233 2 16708
6233 3 16723
6234 0 16717
6234 1 16693
6234 2 16694
6234 3 16698
6235 0 16717
6235 1 16689
6235 2 16694
6235 3 16698
6235 4 16697
6236 0 16719
6236 1 16693
6236 2 16694
6236 3 16698
6236 4 16695
6237 0 16717
6237 1 16689
6237 2 16694
6237 3 16698
6237 4 16695
6238 0 16717
6238 1 16689
6238 2 16708
6238 3 16696
6239 0 16717
6239 1 16689
6239 2 16694
6239 3 16690
6239 4 16697
6240 0 16702
6240 1 16693
6240 2 16694
6240 3 16698
6240 4 16695
6241 0 16717
6241 1 16693
6241 2 16708
6241 3 16696
6242 0 16717
6242 1 16689
6242 2 16718
6242 3 16698
6243 0 16717
6243 1 16693
6243 2 16694
6243 3 16698
6243 4 16695
6244 0 16717
6244 1 16689
6244 2 16708
6244 3 16709
6245 0 16702
6245 1 16689
6245 2 16706
6245 3 16698
6245 4 16697
6246 0 16702
6246 1 16693
6246 2 16716
6246 3 16698
6247 0 16717
6247 1 16693
6247 2 16694
6247 3 16696
6247 4 16695
6248 0 16702
6248 1 16693
6248 2 16706
6248 3 16698
6248 4 16697
6249 0 16717
6249 1 16689
6249 2 16694
6249 3 16698
6249 4 16697
6250 0 16688
6250 1 16693
6250 2 16704
6250 3 16690
6250 4 16697
6251 0 16717
6251 1 16689
6251 2 16708
6251 3 16690
6252 0 16702
6252 1 16689
6252 2 16694
6252 3 16698
6252 4 16697
6253 0 16702
6253 1 16689
6253 2 16694
6253 3 16698
6253 4 16695
6254 0 16702
6254 1 16693
6254 2 16694
6254 3 16698
6255 0 16702
6255 1 16693
6255 2 16718
6255 3 16698
6255 4 16697
6256 0 16721
6256 1 16689
6256 2 16708
6256 3 16698
6257 0 16702
6257 1 16689
6257 2 16708
6257 3 16690
6258 0 16702
6258 1 16693
6258 2 16694
6258 3 16690
6259 0 16717
6259 1 16693
6259 2 16699
6259 3 16690
6259 4 16695
6260 0 16717
6260 1 16689
6260 2 16703
6260 3 16698
6261 0 16717
6261 1 16689
6261 2 16708
6261 3 16698
6262 0 16717
6262 1 16689
6262 2 16703
6262 3 16698
6263 0 16717
6263 1 16689
6263 2 16708
6263 3 16698
6264 0 16717
6264 1 16689
6264 2 16727
6264 3 16698
6264 4 16695
6265 0 16717
6265 1 16689
6265 2 16694
6265 3 16698
6265 4 16695
6266 0 16702
6266 1 16689
6266 2 16694
6266 3 16698
6266 4 16697
6267 0 16717
6267 1 16689
6267 2 16694
6267 3 16698
6267 4 16697
6268 0 16717
6268 1 16689
6268 2 16694
6268 3 16698
6268 4 16695
6269 0 16717
6269 1 16689
6269 2 16694
6269 3 16698
6270 0 16702
6270 1 16693
6270 2 16694
6270 3 16698
6270 4 16695
6271 0 16702
6271 1 16693
6271 2 16694
6271 3 16696
6271 4 16695
6272 0 16717
6272 1 16693
6272 2 16694
6272 3 16690
6272 4 16695
6273 0 16717
6273 1 16693
6273 2 16694
6273 3 16698
6273 4 16697
6274 0 16717
6274 1 16689
6274 2 16694
6274 3 16696
6274 4 16695
6275 0 16702
6275 1 16689
6275 2 16694
6275 3 16698
6276 0 16717
6276 1 16693
6276 2 16716
6276 3 16690
6276 4 16697
6277 0 16717
6277 1 16689
6277 2 16694
6277 3 16698
6278 0 16717
6278 1 16689
6278 2 16694
6278 3 16709
6278 4 16695
6279 0 16702
6279 1 16693
6279 2 16703
6279 3 16698
6280 0 16702
6280 1 16693
6280 2 16694
6280 3 16698
6280 4 16695
6281 0 16717
6281 1 16689
6281 2 16694
6281 3 16698
6281 4 16697
6282 0 16717
6282 1 16689
6282 2 16694
6282 3 16698
6282 4 16695
6283 0 16717
6283 1 16689
6283 2 16691
6283 3 16723
6284 0 16717
6284 1 16689
6284 2 16708
6284 3 16709
6285 0 16722
6285 1 16689
6285 2 16694
6285 3 16698
6285 4 16695
6286 0 16688
6286 1 16693
6286 2 16699
6286 3 16698
6286 4 16695
6287 0 16721
6287 1 16689
6287 2 16708
6287 3 16696
6288 0 16717
6288 1 16689
6288 2 16718
6288 3 16698
6289 0 16717
6289 1 16693
6289 2 16694
6289 3 16698
6289 4 16697
6290 0 16702
6290 1 16689
6290 2 16694
6290 3 16696
6291 0 16702
6291 1 16693
6291 2 16694
6291 3 16698
6291 4 16697
6292 0 16702
6292 1 16693
6292 2 16694
6292 3 16698
6293 0 16702
6293 1 16693
6293 3 16696
6294 0 16688
6294 1 16693
6294 3 16690
6294 4 16695
6295 0 16705
6295 1 16689
6295 2 16708
6295 3 16723
6296 0 16688
6296 1 16700
6296 2 16708
6296 3 16723
6297 0 16701
6297 1 16693
6297 2 16694
6297 3 16696
6298 0 16701
6298 1 16689
6298 2 16694
6298 3 16696
6298 4 16695
6299 0 16705
6299 1 16693
6299 2 16694
6299 3 16698
6300 0 16692
6300 1 16689
6300 2 16694
6300 3 16709
6301 0 16688
6301 1 16689
6301 2 16694
6301 3 16723
6301 4 16697
6302 0 16688
6302 1 16707
6302 2 16694
6302 3 16709
6302 4 16697
6303 0 16688
6303 1 16689
6303 2 16708
6303 3 16709
6304 0 16714
6304 1 16707
6304 2 16694
6304 3 16690
6304 4 16695
6305 0 16705
6305 1 16693
6305 2 16694
6305 3 16709
6305 4 16695
6306 0 16712
6306 1 16707
6306 2 16694
6306 3 16696
6306 4 16697
6307 0 16717
6307 1 16693
6307 2 16703
6307 3 16723
6308 0 16722
6308 1 16689
6308 2 16694
6308 3 16709
6309 0 16688
6309 1 16693
6309 2 16703
6309 3 16696
6310 0 16688
6310 1 16693
6310 2 16694
6310 3 16709
6310 4 16695
6311 0 16688
6311 1 16700
6311 2 16703
6311 3 16723
6311 4 16697
6312 0 16705
6312 1 16693
6312 2 16694
6312 3 16698
6312 4 16695
6313 0 16688
6313 1 16693
6313 3 16723
6314 0 16688
6314 1 16689
6314 2 16694
6314 3 16690
6314 4 16697
6315 0 16688
6315 1 16689
6315 2 16708
6315 3 16709
6316 0 16692
6316 1 16689
6316 2 16691
6316 3 16690
6317 0 16705
6317 1 16693
6317 3 16723
6317 4 16697
6318 0 16688
6318 1 16689
6318 2 16708
6318 3 16723
6318 4 16695
6319 0 16705
6319 1 16689
6319 2 16694
6319 3 16696
6319 4 16695
6320 0 16705
6320 1 16693
6320 2 16694
6320 3 16723
6320 4 16697
6321 0 16688
6321 1 16689
6321 2 16708
6321 3 16723
6321 4 16695
6322 0 16705
6322 1 16689
6322 2 16694
6322 3 16696
6322 4 16695
6323 0 16692
6323 1 16689
6323 2 16694
6323 3 16698
6323 4 16697
6324 0 16705
6324 1 16689
6324 3 16709
6324 4 16697
6325 0 16705
6325 1 16707
6325 2 16694
6325 3 16723
6325 4 16697
6326 0 16724
6326 1 16693
6326 2 16694
6326 3 16690
6327 0 16688
6327 1 16689
6327 2 16694
6327 3 16723
6327 4 16697
6328 0 16705
6328 1 16693
6328 2 16694
6328 3 16698
6329 0 16705
6329 1 16689
6329 2 16694
6329 3 16723
6330 0 16692
6330 1 16689
6330 2 16694
6330 3 16696
6330 4 16695
6331 0 16688
6331 1 16689
6331 2 16694
6331 3 16690
6331 4 16728
6332 0 16692
6332 1 16689
6332 2 16694
6332 3 16690
6332 4 16695
6333 0 16702
6333 1 16700
6333 2 16694
6333 3 16696
6333 4 16697
6334 0 16702
6334 1 16707
6334 2 16694
6334 3 16696
6334 4 16697
6335 0 16713
6335 1 16689
6335 2 16716
6335 3 16696
6335 4 16695
6336 0 16731
6336 1 16689
6336 2 16716
6336 3 16698
6336 4 16697
6337 0 16717
6337 1 16689
6337 2 16694
6337 3 16696
6337 4 16695
6338 0 16717
6338 1 16693
6338 2 16716
6338 3 16690
6338 4 16695
6339 0 16702
6339 1 16693
6339 2 16703
6339 3 16698
6340 0 16717
6340 1 16707
6340 2 16704
6340 3 16698
6340 4 16697
6341 0 16731
6341 1 16693
6341 2 16716
6341 3 16709
6341 4 16697
6342 0 16721
6342 1 16689
6342 2 16708
6342 3 16696
6343 0 16717
6343 1 16693
6343 2 16691
6343 3 16690
6344 0 16713
6344 1 16693
6344 2 16703
6344 3 16696
6344 4 16697
6345 0 16688
6345 1 16689
6345 2 16727
6345 3 16723
6345 4 16695
6346 0 16717
6346 1 16693
6346 2 16716
6346 3 16696
6346 4 16697
6347 0 16702
6347 1 16689
6347 2 16708
6347 3 16696
6348 0 16717
6348 1 16693
6348 2 16706
6348 3 16696
6349 0 16688
6349 1 16693
6349 2 16694
6349 3 16690
6349 4 16695
6350 0 16717
6350 1 16689
6350 2 16708
6350 3 16690
6351 0 16717
6351 1 16693
6351 2 16710
6351 3 16698
6352 0 16719
6352 1 16689
6352 2 16703
6352 3 16698
6353 0 16717
6353 1 16689
6353 2 16716
6353 3 16696
6353 4 16695
6354 0 16717
6354 1 16693
6354 2 16694
6354 3 16698
6354 4 16695
6355 0 16717
6355 1 16707
6355 2 16716
6355 3 16696
6355 4 16697
6356 0 16688
6356 1 16689
6356 2 16727
6356 3 16696
6356 4 16695
6357 0 16717
6357 1 16689
6357 2 16703
6357 3 16698
6358 0 16717
6358 1 16707
6358 2 16716
6358 3 16709
6358 4 16697
6359 0 16717
6359 1 16693
6359 2 16694
6359 3 16690
6359 4 16695
6360 0 16717
6360 1 16693
6360 2 16694
6360 3 16723
6360 4 16695
6361 0 16717
6361 1 16689
6361 2 16694
6361 3 16696
6361 4 16697
6362 0 16717
6362 1 16693
6362 2 16706
6362 3 16690
6362 4 16697
6363 0 16688
6363 1 16689
6363 2 16691
6363 3 16709
6364 0 16702
6364 1 16689
6364 2 16703
6364 3 16698
6365 0 16717
6365 1 16693
6365 2 16716
6365 3 16690
6365 4 16695
6366 0 16717
6366 1 16689
6366 2 16706
6366 3 16696
6366 4 16697
6367 0 16717
6367 1 16689
6367 2 16694
6367 3 16698
6368 0 16717
6368 1 16693
6368 2 16706
6368 3 16698
6368 4 16695
6369 0 16719
6369 1 16693
6369 2 16694
6369 3 16698
6370 0 16717
6370 1 16693
6370 2 16706
6370 3 16690
6370 4 16695
6371 0 16717
6371 1 16693
6371 2 16716
6371 3 16698
6371 4 16697
6372 0 16717
6372 1 16693
6372 2 16694
6372 3 16696
6372 4 16697
6373 0 16721
6373 1 16693
6373 2 16694
6373 3 16690
6373 4 16697
6374 0 16717
6374 1 16693
6374 2 16703
6374 3 16698
6374 4 16697
6375 0 16717
6375 1 16693
6375 2 16704
6375 3 16698
6375 4 16697
6376 0 16717
6376 1 16693
6376 2 16704
6376 3 16698
6376 4 16695
6377 0 16702
6377 1 16689
6377 2 16694
6377 3 16696
6377 4 16695
6378 0 16717
6378 1 16707
6378 2 16694
6378 3 16696
6378 4 16697
6379 0 16717
6379 1 16693
6379 2 16716
6379 3 16696
6379 4 16697
6380 0 16721
6380 1 16693
6380 2 16694
6380 3 16690
6381 0 16688
6381 1 16689
6381 2 16694
6381 3 16698
6382 0 16717
6382 1 16693
6382 2 16716
6382 3 16696
6382 4 16697
6383 0 16688
6383 1 16700
6383 2 16710
6383 3 16698
6384 0 16717
6384 1 16693
6384 2 16703
6384 3 16698
6384 4 16697
6385 0 16688
6385 1 16689
6385 3 16698
6385 4 16697
6386 0 16717
6386 1 16693
6386 2 16706
6386 3 16709
6386 4 16697
6387 0 16688
6387 1 16689
6387 2 16716
6387 3 16709
6387 4 16697
6388 0 16717
6388 1 16693
6388 2 16694
6388 3 16690
6388 4 16695
6389 0 16717
6389 1 16693
6389 2 16704
6389 3 16690
6389 4 16697
6390 0 16717
6390 1 16700
6390 2 16703
6390 3 16696
6390 4 16697
6391 0 16717
6391 1 16707
6391 2 16694
6391 3 16698
6391 4 16697
6392 0 16717
6392 1 16700
6392 2 16694
6392 3 16723
6392 4 16697
6393 0 16717
6393 1 16689
6393 2 16694
6393 3 16698
6393 4 16697
6394 0 16717
6394 1 16689
6394 2 16694
6394 3 16709
6394 4 16697
6395 0 16717
6395 1 16707
6395 2 16704
6395 3 16690
6395 4 16697
6396 0 16721
6396 1 16689
6396 3 16690
6397 0 16717
6397 1 16693
6397 2 16694
6397 3 16696
6397 4 16697
6398 0 16717
6398 1 16689
6398 2 16694
6398 3 16696
6398 4 16697
6399 0 16717
6399 1 16693
6399 2 16694
6399 3 16698
6399 4 16697
6400 0 16717
6400 1 16689
6400 2 16694
6400 3 16709
6400 4 16697
6401 0 16717
6401 1 16700
6401 2 16703
6401 3 16698
6401 4 16697
6402 0 16717
6402 1 16707
6402 2 16694
6402 3 16696
6402 4 16695
6403 0 16717
6403 1 16689
6403 2 16694
6403 3 16696
6403 4 16695
6404 0 16721
6404 1 16689
6404 2 16708
6404 3 16696
6405 0 16717
6405 1 16707
6405 2 16704
6405 3 16698
6405 4 16697
6406 0 16717
6406 1 16689
6406 2 16694
6406 3 16698
6406 4 16697
6407 0 16717
6407 1 16689
6407 2 16703
6407 3 16698
6407 4 16695
6408 0 16688
6408 1 16700
6408 2 16694
6408 3 16696
6408 4 16697
6409 0 16688
6409 1 16707
6409 2 16694
6409 3 16698
6409 4 16695
6410 0 16692
6410 1 16689
6410 2 16716
6410 3 16709
6410 4 16695
6411 0 16688
6411 1 16689
6411 2 16716
6411 3 16709
6412 0 16692
6412 1 16707
6412 2 16718
6412 3 16698
6412 4 16697
6413 0 16688
6413 1 16700
6413 2 16716
6413 3 16698
6413 4 16697
6414 0 16688
6414 1 16700
6414 2 16703
6414 3 16690
6415 0 16688
6415 1 16689
6415 2 16716
6415 3 16690
6416 0 16688
6416 1 16700
6416 2 16716
6416 3 16696
6416 4 16697
6417 0 16705
6417 1 16693
6417 2 16703
6417 3 16698
6417 4 16695
6418 0 16688
6418 1 16693
6418 2 16704
6418 3 16690
6418 4 16697
6419 0 16692
6419 1 16689
6419 2 16694
6419 3 16690
6419 4 16695
6420 0 16688
6420 1 16689
6420 2 16703
6420 3 16709
6421 0 16688
6421 1 16689
6421 2 16708
6421 3 16696
6422 0 16688
6422 1 16689
6422 2 16703
6422 3 16696
6422 4 16697
6423 0 16712
6423 1 16707
6423 2 16694
6423 3 16698
6423 4 16695
6424 0 16688
6424 1 16689
6424 2 16694
6424 3 16698
6424 4 16697
6425 0 16688
6425 1 16689
6425 2 16694
6425 3 16698
6425 4 16695
6426 0 16688
6426 1 16700
6426 2 16699
6426 3 16698
6426 4 16695
6427 0 16692
6427 1 16707
6427 2 16694
6427 3 16690
6427 4 16695
6428 0 16692
6428 1 16707
6428 2 16716
6428 3 16698
6428 4 16697
6429 0 16702
6429 1 16693
6429 2 16706
6429 3 16690
6429 4 16697
6430 0 16688
6430 1 16707
6430 2 16718
6430 3 16698
6430 4 16695
6431 0 16688
6431 1 16707
6431 2 16704
6431 3 16690
6431 4 16697
6432 0 16721
6432 1 16689
6432 2 16694
6432 3 16690
6432 4 16695
6433 0 16688
6433 1 16693
6433 3 16698
6434 0 16688
6434 1 16689
6434 2 16703
6434 3 16690
6434 4 16697
6435 0 16702
6435 1 16693
6435 2 16706
6435 3 16696
6436 0 16688
6436 1 16689
6436 2 16691
6436 3 16696
6436 4 16697
6437 0 16711
6437 1 16689
6437 2 16694
6437 3 16690
6437 4 16695
6438 0 16713
6438 1 16689
6438 2 16708
6438 3 16696
6439 0 16701
6439 1 16693
6439 2 16694
6439 3 16690
6439 4 16697
6440 0 16688
6440 1 16689
6440 2 16694
6440 3 16698
6440 4 16697
6441 0 16692
6441 1 16693
6441 2 16703
6441 3 16690
6441 4 16697
6442 0 16731
6442 1 16693
6442 2 16694
6442 3 16690
6442 4 16697
6443 0 16688
6443 1 16689
6443 2 16708
6443 3 16723
6444 0 16688
6444 1 16689
6444 2 16708
6444 3 16696
6445 0 16688
6445 1 16700
6445 2 16703
6445 3 16690
6446 0 16688
6446 1 16689
6446 2 16694
6446 3 16709
6446 4 16697
6447 0 16688
6447 1 16693
6447 2 16699
6447 3 16690
6448 0 16688
6448 1 16693
6448 2 16694
6448 3 16690
6449 0 16688
6449 1 16693
6449 2 16718
6449 3 16690
6449 4 16697
6450 0 16702
6450 1 16689
6450 2 16703
6450 3 16696
6450 4 16697
6451 0 16713
6451 1 16689
6451 2 16704
6451 3 16698
6451 4 16697
6452 0 16688
6452 1 16693
6452 2 16691
6452 3 16696
6453 0 16705
6453 1 16700
6453 2 16694
6453 3 16723
6453 4 16697
6454 0 16688
6454 1 16689
6454 2 16704
6454 3 16698
6454 4 16697
6455 0 16688
6455 1 16689
6455 2 16704
6455 3 16696
6456 0 16713
6456 1 16693
6456 2 16691
6456 3 16696
6457 0 16688
6457 1 16693
6457 2 16703
6457 3 16723
6458 0 16688
6458 1 16689
6458 2 16708
6458 3 16696
6459 0 16688
6459 1 16693
6459 2 16694
6459 3 16698
6459 4 16697
6460 0 16692
6460 1 16693
6460 2 16694
6460 3 16698
6460 4 16697
6461 0 16688
6461 1 16700
6461 2 16703
6461 3 16709
6462 0 16688
6462 1 16693
6462 2 16694
6462 3 16690
6462 4 16697
6463 0 16688
6463 1 16693
6463 2 16718
6463 3 16698
6463 4 16697
6464 0 16692
6464 1 16693
6464 2 16694
6464 3 16696
6464 4 16695
6465 0 16688
6465 1 16693
6465 2 16694
6465 3 16696
6465 4 16697
6466 0 16688
6466 1 16693
6466 2 16704
6466 3 16723
6466 4 16697
6467 0 16688
6467 1 16689
6467 2 16708
6467 3 16723
6468 0 16688
6468 1 16689
6468 2 16708
6468 3 16696
6469 0 16713
6469 1 16689
6469 2 16704
6469 3 16696
6469 4 16697
6470 0 16688
6470 1 16689
6470 2 16708
6470 3 16723
6471 0 16688
6471 1 16689
6471 2 16704
6471 3 16723
6471 4 16697
6472 0 16688
6472 1 16689
6472 2 16718
6472 3 16723
6473 0 16688
6473 1 16693
6473 2 16704
6473 3 16696
6473 4 16695
6474 0 16688
6474 1 16689
6474 2 16716
6474 3 16690
6474 4 16697
6475 0 16722
6475 1 16693
6475 2 16694
6475 3 16709
6475 4 16697
6476 0 16688
6476 1 16689
6476 2 16708
6476 3 16723
6477 0 16725
6477 1 16689
6477 2 16726
6477 3 16690
6477 4 16697
6478 0 16688
6478 1 16693
6478 2 16706
6478 3 16696
6478 4 16695
6479 0 16688
6479 1 16693
6479 2 16694
6479 3 16698
6479 4 16695
6480 0 16688
6480 1 16693
6480 2 16716
6480 3 16696
6480 4 16695
6481 0 16688
6481 1 16689
6481 2 16694
6481 3 16709
6481 4 16697
6482 0 16688
6482 1 16689
6482 2 16691
6482 3 16709
6483 0 16688
6483 1 16689
6483 2 16708
6483 3 16709
6484 0 16688
6484 1 16689
6484 2 16708
6484 3 16696
6485 0 16688
6485 1 16689
6485 2 16708
6485 3 16696
6486 0 16688
6486 1 16693
6486 2 16699
6486 3 16690
6486 4 16697
6487 0 16688
6487 1 16693
6487 2 16694
6487 3 16698
6487 4 16697
6488 0 16688
6488 1 16693
6488 2 16716
6488 3 16698
6488 4 16697
6489 0 16725
6489 1 16689
6489 2 16708
6489 3 16696
6490 0 16688
6490 1 16693
6490 2 16694
6490 3 16696
6490 4 16697
6491 0 16702
6491 1 16693
6491 2 16703
6491 3 16698
6491 4 16697
6492 0 16688
6492 1 16693
6492 2 16699
6492 3 16709
6492 4 16697
6493 0 16722
6493 1 16693
6493 2 16704
6493 3 16696
6493 4 16697
6494 0 16688
6494 1 16693
6494 2 16718
6494 3 16690
6494 4 16695
6495 0 16688
6495 1 16700
6495 2 16708
6495 3 16723
6496 0 16688
6496 1 16689
6496 2 16694
6496 3 16696
6496 4 16697
6497 0 16688
6497 1 16689
6497 2 16716
6497 3 16696
6497 4 16697
6498 0 16688
6498 1 16689
6498 2 16708
6498 3 16696
6499 0 16688
6499 1 16689
6499 2 16694
6499 3 16690
6499 4 16695
6500 0 16688
6500 1 16693
6500 2 16694
6500 3 16723
6501 0 16705
6501 1 16693
6501 2 16710
6501 3 16690
6502 0 16688
6502 1 16689
6502 2 16708
6502 3 16696
6503 0 16688
6503 1 16689
6503 2 16708
6503 3 16709
6504 0 16724
6504 1 16689
6504 2 16708
6504 3 16696
6505 0 16705
6505 1 16689
6505 2 16708
6505 3 16696
6506 0 16688
6506 1 16689
6506 2 16708
6506 3 16696
6507 0 16688
6507 1 16693
6507 2 16716
6507 3 16696
6507 4 16697
6508 0 16688
6508 1 16689
6508 2 16699
6508 3 16709
6508 4 16695
6509 0 16688
6509 1 16689
6509 2 16691
6509 3 16709
6510 0 16688
6510 1 16693
6510 2 16706
6510 3 16690
6510 4 16697
6511 0 16688
6511 1 16689
6511 2 16708
6511 3 16723
6512 0 16688
6512 1 16689
6512 2 16704
6512 3 16709
6512 4 16695
6513 0 16688
6513 1 16689
6513 2 16694
6513 3 16723
6513 4 16697
6514 0 16688
6514 1 16693
6514 2 16694
6514 3 16690
6514 4 16697
6515 0 16688
6515 1 16693
6515 2 16694
6515 3 16696
6515 4 16697
6516 0 16688
6516 1 16693
6516 2 16691
6516 3 16696
6516 4 16695
6517 0 16688
6517 1 16689
6517 2 16716
6517 3 16698
6518 0 16688
6518 1 16689
6518 2 16708
6518 3 16690
6519 0 16688
6519 1 16693
6519 2 16704
6519 3 16698
6519 4 16695
6520 0 16688
6520 1 16693
6520 2 16691
6520 3 16698
6521 0 16688
6521 1 16707
6521 2 16694
6521 3 16696
6521 4 16697
6522 0 16688
6522 1 16693
6522 3 16690
6523 0 16688
6523 1 16689
6523 2 16703
6523 3 16690
6523 4 16697
6524 0 16688
6524 1 16689
6524 2 16708
6524 3 16709
6525 0 16688
6525 1 16689
6525 2 16694
6525 3 16698
6526 0 16688
6526 1 16689
6526 2 16708
6526 3 16696
6527 0 16688
6527 1 16689
6527 2 16703
6527 3 16709
6528 0 16688
6528 1 16689
6528 2 16691
6528 3 16723
6529 0 16688
6529 1 16689
6529 2 16694
6529 3 16696
6529 4 16695
6530 0 16688
6530 1 16689
6530 2 16704
6530 3 16690
6530 4 16697
6531 0 16692
6531 1 16707
6531 2 16694
6531 3 16696
6531 4 16695
6532 0 16688
6532 1 16689
6532 2 16694
6532 3 16690
6533 0 16688
6533 1 16707
6533 2 16694
6533 3 16698
6533 4 16697
6534 0 16692
6534 1 16707
6534 2 16694
6534 3 16696
6534 4 16697
6535 0 16688
6535 1 16693
6535 2 16699
6535 3 16690
6535 4 16695
6536 0 16688
6536 1 16689
6536 2 16716
6536 3 16709
6536 4 16695
6537 0 16688
6537 1 16689
6537 2 16704
6537 3 16690
6537 4 16695
6538 0 16688
6538 1 16693
6538 2 16704
6538 3 16698
6538 4 16695
6539 0 16688
6539 1 16689
6539 2 16708
6539 3 16709
6540 0 16688
6540 1 16693
6540 2 16694
6540 3 16696
6540 4 16697
6541 0 16705
6541 1 16693
6541 2 16703
6541 3 16696
6541 4 16695
6542 0 16702
6542 1 16693
6542 2 16703
6542 3 16698
6542 4 16695
6543 0 16688
6543 1 16689
6543 2 16708
6543 3 16690
6544 0 16717
6544 1 16693
6544 2 16694
6544 3 16709
6544 4 16697
6545 0 16717
6545 1 16689
6545 2 16694
6545 3 16698
6545 4 16697
6546 0 16702
6546 1 16693
6546 2 16704
6546 3 16698
6546 4 16697
6547 0 16717
6547 1 16689
6547 2 16694
6547 3 16696
6547 4 16697
6548 0 16717
6548 1 16693
6548 2 16694
6548 3 16696
6548 4 16697
6549 0 16688
6549 1 16693
6549 2 16694
6549 3 16696
6549 4 16695
6550 0 16702
6550 1 16693
6550 2 16703
6550 3 16698
6551 0 16702
6551 1 16693
6551 2 16694
6551 3 16690
6551 4 16697
6552 0 16688
6552 1 16693
6552 2 16704
6552 3 16698
6552 4 16695
6553 0 16717
6553 1 16693
6553 2 16694
6553 3 16690
6553 4 16697
6554 0 16702
6554 1 16689
6554 2 16703
6554 3 16698
6555 0 16702
6555 1 16693
6555 2 16703
6555 3 16698
6556 0 16688
6556 1 16707
6556 2 16694
6556 3 16709
6556 4 16697
6557 0 16692
6557 1 16689
6557 2 16703
6557 3 16698
6557 4 16695
6558 0 16688
6558 1 16693
6558 2 16708
6558 3 16698
6559 0 16731
6559 1 16689
6559 2 16716
6559 3 16690
6559 4 16697
6560 0 16702
6560 1 16693
6560 2 16706
6560 3 16696
6561 0 16688
6561 1 16689
6561 2 16691
6561 3 16696
6561 4 16695
6562 0 16688
6562 1 16689
6562 2 16716
6562 3 16709
6562 4 16697
6563 0 16688
6563 1 16689
6563 2 16708
6563 3 16709
6564 0 16688
6564 1 16693
6564 2 16708
6564 3 16709
6565 0 16722
6565 1 16693
6565 2 16699
6565 3 16698
6565 4 16728
6566 0 16731
6566 1 16689
6566 2 16716
6566 3 16709
6566 4 16697
6567 0 16692
6567 1 16693
6567 2 16694
6567 3 16698
6567 4 16697
6568 0 16688
6568 1 16693
6568 2 16708
6568 3 16709
6569 0 16688
6569 1 16693
6569 2 16694
6569 3 16690
6569 4 16695
6570 0 16688
6570 1 16689
6570 2 16691
6570 3 16696
6571 0 16717
6571 1 16693
6571 2 16726
6571 3 16709
6571 4 16695
6572 0 16702
6572 1 16689
6572 2 16704
6572 3 16709
6573 0 16688
6573 1 16693
6573 2 16704
6573 3 16698
6573 4 16695
6574 0 16705
6574 1 16689
6574 2 16694
6574 3 16696
6575 0 16731
6575 1 16693
6575 2 16694
6575 3 16696
6575 4 16697
6576 0 16688
6576 1 16689
6576 2 16691
6576 3 16696
6577 0 16702
6577 1 16693
6577 2 16716
6577 3 16696
6578 0 16717
6578 1 16693
6578 2 16718
6578 3 16709
6578 4 16697
6579 0 16692
6579 1 16689
6579 2 16694
6579 3 16698
6579 4 16697
6580 0 16701
6580 1 16689
6580 2 16708
6580 3 16698
6581 0 16702
6581 1 16689
6581 2 16708
6581 3 16709
6582 0 16688
6582 1 16693
6582 3 16690
6582 4 16697
6583 0 16688
6583 1 16689
6583 2 16704
6583 3 16698
6583 4 16697
6584 0 16701
6584 1 16693
6584 2 16694
6584 3 16698
6584 4 16697
6585 0 16688
6585 1 16689
6585 2 16710
6585 3 16696
6586 0 16688
6586 1 16693
6586 2 16716
6586 3 16698
6587 0 16688
6587 1 16700
6587 2 16694
6587 3 16698
6588 0 16688
6588 1 16693
6588 2 16716
6588 3 16698
6588 4 16697
6589 0 16688
6589 1 16693
6589 2 16710
6589 3 16698
6590 0 16688
6590 1 16693
6590 2 16710
6590 3 16698
6591 0 16688
6591 1 16700
6591 2 16708
6591 3 16696
6592 0 16688
6592 1 16689
6592 2 16694
6592 3 16696
6592 4 16695
6593 0 16688
6593 1 16707
6593 2 16694
6593 3 16696
6593 4 16697
6594 0 16688
6594 1 16689
6594 2 16703
6594 3 16709
6595 0 16688
6595 1 16689
6595 2 16703
6595 3 16696
6596 0 16688
6596 1 16707
6596 2 16710
6596 3 16696
6596 4 16695
6597 0 16688
6597 1 16707
6597 2 16694
6597 3 16696
6597 4 16697
6598 0 16688
6598 1 16689
6598 2 16710
6598 3 16690
6599 0 16688
6599 1 16689
6599 2 16708
6599 3 16698
6600 0 16688
6600 1 16693
6600 2 16716
6600 3 16690
6600 4 16695
6601 0 16688
6601 1 16689
6601 2 16694
6601 3 16696
6601 4 16695
6602 0 16688
6602 1 16700
6602 2 16710
6602 3 16696
6603 0 16688
6603 1 16689
6603 2 16710
6603 3 16696
6604 0 16688
6604 1 16689
6604 2 16726
6604 3 16709
6604 4 16695
6605 0 16688
6605 1 16707
6605 2 16694
6605 3 16690
6605 4 16697
6606 0 16688
6606 1 16693
6606 2 16716
6606 3 16709
6607 0 16688
6607 1 16693
6607 2 16694
6607 3 16690
6607 4 16697
6608 0 16688
6608 1 16707
6608 2 16694
6608 3 16696
6608 4 16695
6609 0 16688
6609 1 16700
6609 2 16708
6609 3 16709
6610 0 16688
6610 1 16689
6610 2 16694
6610 3 16690
6611 0 16688
6611 1 16689
6611 2 16691
6611 3 16696
6612 0 16688
6612 1 16689
6612 2 16716
6612 3 16690
6612 4 16695
6613 0 16688
6613 1 16689
6613 2 16718
6613 3 16723
6613 4 16697
6614 0 16688
6614 1 16689
6614 2 16694
6614 3 16698
6614 4 16697
6615 0 16688
6615 1 16693
6615 3 16723
6615 4 16697
6616 0 16688
6616 1 16693
6616 2 16708
6616 3 16696
6617 0 16688
6617 1 16689
6617 2 16708
6617 3 16723
6618 0 16688
6618 1 16689
6618 2 16708
6618 3 16709
6619 0 16688
6619 1 16689
6619 2 16691
6619 3 16696
6620 0 16688
6620 1 16689
6620 2 16708
6620 3 16709
6621 0 16688
6621 1 16689
6621 2 16708
6621 3 16723
6622 0 16688
6622 1 16689
6622 2 16708
6622 3 16696
6623 0 16688
6623 1 16689
6623 2 16708
6623 3 16696
6624 0 16688
6624 1 16693
6624 2 16694
6624 3 16698
6625 0 16722
6625 1 16689
6625 2 16694
6625 3 16698
6626 0 16688
6626 1 16689
6626 2 16716
6626 3 16690
6626 4 16695
6627 0 16692
6627 1 16689
6627 2 16703
6627 3 16696
6628 0 16688
6628 1 16700
6628 2 16703
6628 3 16723
6628 4 16695
6629 0 16688
6629 1 16700
6629 2 16704
6629 3 16690
6629 4 16697
6630 0 16688
6630 1 16693
6630 2 16694
6630 3 16696
6630 4 16695
6631 0 16688
6631 1 16700
6631 2 16703
6631 3 16723
6632 0 16688
6632 1 16707
6632 2 16694
6632 3 16723
6632 4 16697
6633 0 16688
6633 1 16689
6633 2 16708
6633 3 16690
6634 0 16688
6634 1 16689
6634 2 16691
6634 3 16723
6635 0 16688
6635 1 16700
6635 2 16694
6635 3 16709
6635 4 16695
6636 0 16688
6636 1 16689
6636 2 16703
6636 3 16690
6637 0 16688
6637 1 16693
6637 2 16716
6637 3 16696
6638 0 16688
6638 1 16689
6638 2 16699
6638 3 16690
6638 4 16695
6639 0 16688
6639 1 16707
6639 2 16727
6639 3 16723
6639 4 16695
6640 0 16688
6640 1 16689
6640 2 16708
6640 3 16696
6641 0 16712
6641 1 16707
6641 2 16694
6641 3 16690
6641 4 16695
6642 0 16688
6642 1 16689
6642 2 16704
6642 3 16690
6642 4 16695
6643 0 16692
6643 1 16707
6643 2 16694
6643 3 16690
6643 4 16695
6644 0 16688
6644 1 16689
6644 2 16704
6644 3 16690
6644 4 16695
6645 0 16692
6645 1 16689
6645 2 16694
6645 3 16696
6646 0 16688
6646 1 16689
6646 2 16703
6646 3 16698
6646 4 16728
6647 0 16688
6647 1 16707
6647 2 16694
6647 3 16696
6647 4 16695
6648 0 16688
6648 1 16693
6648 2 16718
6648 3 16690
6648 4 16695
6649 0 16688
6649 1 16689
6649 2 16694
6649 3 16696
6649 4 16728
6650 0 16688
6650 1 16700
6650 2 16708
6650 3 16709
6651 0 16688
6651 1 16689
6651 2 16691
6651 3 16709
6652 0 16702
6652 1 16693
6652 2 16694
6652 3 16696
6653 0 16688
6653 1 16689
6653 2 16694
6653 3 16696
6654 0 16705
6654 1 16689
6654 2 16694
6654 3 16690
6654 4 16697
6655 0 16688
6655 1 16689
6655 2 16708
6655 3 16709
6656 0 16688
6656 1 16693
6656 2 16694
6656 3 16696
6656 4 16695
6657 0 16688
6657 1 16689
6657 2 16694
6657 3 16698
6657 4 16695
6658 0 16688
6658 1 16689
6658 2 16710
6658 3 16696
6659 0 16688
6659 1 16693
6659 2 16708
6659 3 16709
6660 0 16688
6660 1 16693
6660 2 16704
6660 3 16690
6660 4 16728
6661 0 16688
6661 1 16693
6661 2 16716
6661 3 16709
6661 4 16695
6662 0 16688
6662 1 16689
6662 2 16704
6662 3 16690
6662 4 16697
6663 0 16688
6663 1 16700
6663 2 16704
6663 3 16696
6663 4 16697
6664 0 16688
6664 1 16693
6664 2 16718
6664 3 16696
6664 4 16695
6665 0 16688
6665 1 16689
6665 2 16703
6665 3 16698
6666 0 16688
6666 1 16689
6666 2 16708
6666 3 16709
6667 0 16688
6667 1 16689
6667 2 16694
6667 3 16696
6668 0 16688
6668 1 16707
6668 2 16694
6668 3 16696
6668 4 16697
6669 0 16688
6669 1 16689
6669 2 16708
6669 3 16696
6670 0 16688
6670 1 16693
6670 2 16691
6670 3 16690
6671 0 16688
6671 1 16700
6671 2 16708
6671 3 16709
6672 0 16688
6672 1 16693
6672 2 16716
6672 3 16690
6672 4 16697
6673 0 16688
6673 1 16700
6673 2 16708
6673 3 16696
6674 0 16688
6674 1 16693
6674 2 16718
6674 3 16696
6675 0 16701
6675 1 16689
6675 2 16718
6675 3 16709
6676 0 16692
6676 1 16707
6676 2 16704
6676 3 16698
6676 4 16695
6677 0 16688
6677 1 16689
6677 2 16703
6677 3 16696
6678 0 16688
6678 1 16689
6678 2 16703
6678 3 16696
6679 0 16692
6679 1 16689
6679 2 16694
6679 3 16690
6679 4 16695
6680 0 16688
6680 1 16693
6680 2 16708
6680 3 16723
6681 0 16688
6681 1 16693
6681 2 16699
6681 3 16690
6681 4 16695
6682 0 16702
6682 1 16693
6682 2 16703
6682 3 16696
6683 0 16688
6683 1 16693
6683 2 16716
6683 3 16698
6683 4 16695
6684 0 16688
6684 1 16693
6684 2 16704
6684 3 16698
6685 0 16688
6685 1 16693
6685 2 16703
6685 3 16696
6686 0 16688
6686 1 16693
6686 2 16694
6686 3 16709
6686 4 16695
6687 0 16702
6687 1 16693
6687 2 16694
6687 3 16696
6687 4 16695
6688 0 16702
6688 1 16693
6688 2 16716
6688 3 16698
6688 4 16695
6689 0 16688
6689 1 16693
6689 2 16708
6689 3 16723
6690 0 16702
6690 1 16693
6690 2 16703
6690 3 16698
6691 0 16702
6691 1 16693
6691 2 16703
6691 3 16698
6692 0 16688
6692 1 16693
6692 2 16716
6692 3 16698
6692 4 16695
6693 0 16717
6693 1 16693
6693 2 16716
6693 3 16698
6693 4 16695
6694 0 16688
6694 1 16693
6694 2 16708
6694 3 16690
6695 0 16688
6695 1 16693
6695 2 16716
6695 3 16690
6695 4 16695
6696 0 16688
6696 1 16693
6696 2 16718
6696 3 16709
6696 4 16695
6697 0 16688
6697 1 16693
6697 2 16708
6697 3 16690
6698 0 16688
6698 1 16693
6698 2 16694
6698 3 16698
6698 4 16695
6699 0 16688
6699 1 16693
6699 2 16704
6699 3 16696
6699 4 16695
6700 0 16702
6700 1 16693
6700 2 16716
6700 3 16690
6700 4 16695
6701 0 16688
6701 1 16693
6701 2 16694
6701 3 16696
6701 4 16695
6702 0 16688
6702 1 16693
6702 2 16704
6702 3 16698
6702 4 16695
6703 0 16692
6703 1 16693
6703 2 16694
6703 3 16723
6703 4 16697
6704 0 16721
6704 1 16693
6704 2 16694
6704 3 16696
6704 4 16695
6705 0 16692
6705 1 16693
6705 2 16716
6705 3 16698
6705 4 16695
6706 0 16688
6706 1 16693
6706 2 16716
6706 3 16723
6706 4 16695
6707 0 16688
6707 1 16693
6707 2 16716
6707 3 16696
6707 4 16728
6708 0 16688
6708 1 16689
6708 2 16716
6708 3 16696
6708 4 16695
6709 0 16688
6709 1 16693
6709 2 16703
6709 3 16698
6710 0 16717
6710 1 16693
6710 2 16703
6710 3 16690
6711 0 16688
6711 1 16689
6711 2 16703
6711 3 16696
6711 4 16695
6712 0 16702
6712 1 16689
6712 2 16694
6712 3 16698
6713 0 16688
6713 1 16689
6713 2 16699
6713 3 16690
6713 4 16697
6714 0 16688
6714 1 16689
6714 2 16699
6714 3 16698
6714 4 16697
6715 0 16688
6715 1 16689
6715 2 16708
6715 3 16696
6716 0 16724
6716 1 16689
6716 2 16708
6716 3 16709
6717 0 16688
6717 1 16693
6717 2 16708
6717 3 16698
6718 0 16721
6718 1 16689
6718 2 16708
6718 3 16696
6719 0 16719
6719 1 16689
6719 2 16703
6719 3 16698
6720 0 16688
6720 1 16689
6720 2 16708
6720 3 16696
6721 0 16688
6721 1 16689
6721 2 16694
6721 3 16698
6722 0 16701
6722 1 16689
6722 2 16694
6722 3 16698
6722 4 16695
6723 0 16688
6723 1 16689
6723 2 16703
6723 3 16698
6724 0 16712
6724 1 16689
6724 2 16716
6724 3 16698
6724 4 16695
6725 0 16688
6725 1 16689
6725 2 16716
6725 3 16698
6726 0 16702
6726 1 16693
6726 2 16704
6726 3 16698
6727 0 16688
6727 1 16689
6727 2 16708
6727 3 16690
6728 0 16688
6728 1 16689
6728 2 16694
6728 3 16709
6728 4 16695
6729 0 16688
6729 1 16689
6729 2 16708
6729 3 16723
6730 0 16688
6730 1 16689
6730 2 16708
6730 3 16696
6731 0 16717
6731 1 16693
6731 2 16716
6731 3 16696
6732 0 16717
6732 1 16693
6732 2 16718
6732 3 16698
6733 0 16688
6733 1 16689
6733 2 16703
6733 3 16696
6734 0 16688
6734 1 16689
6734 2 16708
6734 3 16690
6735 0 16688
6735 1 16689
6735 2 16703
6735 3 16690
6736 0 16688
6736 1 16689
6736 2 16691
6736 3 16690
6737 0 16713
6737 1 16689
6737 2 16694
6737 3 16698
6737 4 16697
6738 0 16688
6738 1 16689
6738 2 16694
6738 3 16696
6739 0 16688
6739 1 16689
6739 2 16694
6739 3 16690
6739 4 16695
6740 0 16688
6740 1 16689
6740 2 16703
6740 3 16690
6741 0 16688
6741 1 16689
6741 2 16710
6741 3 16698
6742 0 16688
6742 1 16689
6742 2 16703
6742 3 16690
6742 4 16695
6743 0 16688
6743 1 16689
6743 2 16708
6743 3 16696
6744 0 16688
6744 1 16689
6744 2 16708
6744 3 16696
6745 0 16688
6745 1 16689
6745 2 16694
6745 3 16723
6745 4 16695
6746 0 16688
6746 1 16689
6746 2 16708
6746 3 16696
6747 0 16688
6747 1 16689
6747 2 16694
6747 3 16690
6747 4 16695
6748 0 16717
6748 1 16689
6748 2 16694
6748 3 16698
6748 4 16695
6749 0 16688
6749 1 16689
6749 2 16694
6749 3 16690
6750 0 16688
6750 1 16689
6750 2 16708
6750 3 16690
6751 0 16688
6751 1 16693
6751 2 16704
6751 3 16698
6752 0 16702
6752 1 16693
6752 2 16694
6752 3 16696
6753 0 16688
6753 1 16689
6753 2 16694
6753 3 16698
6753 4 16695
6754 0 16702
6754 1 16689
6754 2 16703
6754 3 16690
6755 0 16717
6755 1 16693
6755 2 16716
6755 3 16698
6755 4 16695
6756 0 16688
6756 1 16689
6756 2 16718
6756 3 16698
6757 0 16688
6757 1 16689
6757 2 16694
6757 3 16698
6758 0 16688
6758 1 16689
6758 2 16704
6758 3 16690
6759 0 16688
6759 1 16689
6759 2 16710
6759 3 16696
6759 4 16728
6760 0 16688
6760 1 16689
6760 2 16703
6760 3 16698
6761 0 16688
6761 1 16689
6761 2 16708
6761 3 16690
6762 0 16688
6762 1 16689
6762 2 16708
6762 3 16709
6763 0 16688
6763 1 16689
6763 2 16708
6763 3 16690
6764 0 16688
6764 1 16693
6764 2 16716
6764 3 16690
6764 4 16695
6765 0 16701
6765 1 16707
6765 2 16718
6765 3 16698
6765 4 16697
6766 0 16688
6766 1 16693
6766 2 16694
6766 3 16690
6766 4 16697
6767 0 16731
6767 1 16689
6767 2 16694
6767 3 16698
6767 4 16697
6768 0 16688
6768 1 16689
6768 2 16699
6768 3 16709
6768 4 16695
6769 0 16688
6769 1 16693
6769 2 16699
6769 3 16690
6769 4 16697
6770 0 16688
6770 1 16707
6770 2 16704
6770 3 16690
6771 0 16688
6771 1 16707
6771 2 16704
6771 3 16698
6771 4 16697
6772 0 16702
6772 1 16700
6772 2 16703
6772 3 16696
6773 0 16688
6773 1 16689
6773 2 16716
6773 3 16696
6773 4 16695
6774 0 16702
6774 1 16707
6774 2 16694
6774 3 16709
6774 4 16697
6775 0 16688
6775 1 16707
6775 2 16718
6775 3 16698
6775 4 16697
6776 0 16688
6776 1 16689
6776 2 16691
6776 3 16696
6777 0 16688
6777 1 16693
6777 2 16704
6777 3 16696
6777 4 16695
6778 0 16688
6778 1 16700
6778 2 16708
6778 3 16709
6779 0 16688
6779 1 16689
6779 2 16716
6779 3 16709
6779 4 16695
6780 0 16713
6780 1 16689
6780 2 16704
6780 3 16696
6780 4 16695
6781 0 16688
6781 1 16707
6781 2 16704
6781 3 16690
6781 4 16697
6782 0 16688
6782 1 16700
6782 2 16703
6782 3 16690
6783 0 16688
6783 1 16689
6783 2 16694
6783 3 16723
6783 4 16695
6784 0 16688
6784 1 16689
6784 2 16708
6784 3 16690
6785 0 16688
6785 1 16689
6785 2 16704
6785 3 16709
6785 4 16697
6786 0 16688
6786 1 16689
6786 2 16703
6786 3 16696
6787 0 16688
6787 1 16693
6787 2 16706
6787 3 16723
6787 4 16695
6788 0 16713
6788 1 16689
6788 2 16704
6788 3 16696
6788 4 16695
6789 0 16688
6789 1 16707
6789 2 16727
6789 3 16698
6789 4 16697
6790 0 16688
6790 1 16700
6790 2 16703
6790 3 16690
6790 4 16695
6791 0 16688
6791 1 16689
6791 2 16706
6791 3 16690
6791 4 16697
6792 0 16688
6792 1 16693
6792 2 16718
6792 3 16690
6792 4 16695
6793 0 16688
6793 1 16689
6793 2 16694
6793 3 16696
6793 4 16695
6794 0 16688
6794 1 16700
6794 2 16703
6794 3 16696
6794 4 16695
6795 0 16688
6795 1 16707
6795 2 16694
6795 3 16698
6796 0 16688
6796 1 16689
6796 2 16703
6796 3 16709
6797 0 16702
6797 1 16693
6797 2 16716
6797 3 16698
6797 4 16695
6798 0 16692
6798 1 16689
6798 2 16694
6798 3 16723
6798 4 16695
6799 0 16713
6799 1 16689
6799 2 16718
6799 3 16698
6799 4 16697
6800 0 16688
6800 1 16689
6800 2 16718
6800 3 16698
6800 4 16697
6801 0 16688
6801 1 16689
6801 2 16694
6801 3 16723
6801 4 16695
6802 0 16692
6802 1 16689
6802 2 16694
6802 3 16709
6802 4 16697
6803 0 16702
6803 1 16689
6803 2 16694
6803 3 16690
6803 4 16697
6804 0 16688
6804 1 16689
6804 2 16694
6804 3 16696
6804 4 16697
6805 0 16702
6805 1 16689
6805 2 16694
6805 3 16696
6805 4 16695
6806 0 16688
6806 1 16700
6806 2 16704
6806 3 16698
6807 0 16713
6807 1 16693
6807 2 16716
6807 3 16696
6807 4 16697
6808 0 16688
6808 1 16689
6808 2 16704
6808 3 16696
6809 0 16719
6809 1 16689
6809 2 16716
6809 3 16696
6809 4 16695
6810 0 16713
6810 1 16689
6810 2 16694
6810 3 16698
6810 4 16695
6811 0 16702
6811 1 16693
6811 2 16694
6811 3 16696
6811 4 16695
6812 0 16688
6812 1 16700
6812 2 16716
6812 3 16696
6812 4 16697
6813 0 16688
6813 1 16707
6813 2 16694
6813 3 16696
6813 4 16697
6814 0 16705
6814 1 16689
6814 2 16704
6814 3 16709
6814 4 16697
6815 0 16688
6815 1 16707
6815 2 16694
6815 3 16709
6815 4 16697
6816 0 16701
6816 1 16707
6816 2 16694
6816 3 16696
6816 4 16697
6817 0 16688
6817 1 16693
6817 2 16694
6817 3 16696
6817 4 16697
6818 0 16688
6818 1 16700
6818 2 16703
6818 3 16709
6818 4 16695
6819 0 16688
6819 1 16700
6819 2 16708
6819 3 16696
6820 0 16688
6820 1 16693
6820 2 16703
6820 3 16698
6821 0 16688
6821 1 16693
6821 2 16691
6821 3 16696
6822 0 16688
6822 1 16700
6822 2 16708
6822 3 16723
6823 0 16688
6823 1 16689
6823 2 16727
6823 3 16690
6824 0 16688
6824 1 16693
6824 2 16691
6824 3 16690
6825 0 16712
6825 1 16689
6825 2 16718
6825 3 16690
6825 4 16695
6826 0 16688
6826 1 16689
6826 2 16694
6826 3 16723
6826 4 16697
6827 0 16722
6827 1 16693
6827 2 16703
6827 3 16690
6827 4 16697
6828 0 16688
6828 1 16689
6828 2 16694
6828 3 16723
6828 4 16695
6829 0 16688
6829 1 16689
6829 2 16694
6829 3 16709
6829 4 16695
6830 0 16688
6830 1 16689
6830 2 16694
6830 3 16709
6830 4 16697
6831 0 16688
6831 1 16689
6831 2 16694
6831 3 16709
6831 4 16697
6832 0 16688
6832 1 16689
6832 2 16694
6832 3 16723
6833 0 16688
6833 1 16689
6833 2 16694
6833 3 16698
6834 0 16688
6834 1 16689
6834 2 16694
6834 3 16709
6835 0 16688
6835 1 16689
6835 2 16694
6835 3 16709
6835 4 16697
6836 0 16688
6836 1 16689
6836 2 16694
6836 3 16690
6837 0 16688
6837 1 16689
6837 2 16694
6837 3 16696
6838 0 16688
6838 1 16689
6838 2 16708
6838 3 16723
6839 0 16688
6839 1 16689
6839 2 16708
6839 3 16698
6840 0 16688
6840 1 16689
6840 2 16710
6840 3 16696
6841 0 16688
6841 1 16689
6841 2 16708
6841 3 16723
6842 0 16688
6842 1 16689
6842 2 16694
6842 3 16723
6843 0 16688
6843 1 16689
6843 2 16710
6843 3 16690
6844 0 16688
6844 1 16693
6844 2 16694
6844 3 16696
6844 4 16697
6845 0 16688
6845 1 16689
6845 2 16694
6845 3 16709
6845 4 16697
6846 0 16688
6846 1 16689
6846 2 16708
6846 3 16696
6847 0 16688
6847 1 16693
6847 2 16718
6847 3 16696
6848 0 16688
6848 1 16693
6848 2 16718
6848 3 16698
6849 0 16688
6849 1 16689
6849 2 16708
6849 3 16696
6850 0 16713
6850 1 16689
6850 2 16704
6850 3 16690
6850 4 16695
6851 0 16705
6851 1 16689
6851 2 16708
6851 3 16696
6852 0 16688
6852 1 16689
6852 2 16708
6852 3 16698
6853 0 16688
6853 1 16689
6853 2 16708
6853 3 16709
6854 0 16688
6854 1 16693
6854 2 16691
6854 3 16696
6855 0 16688
6855 1 16689
6855 2 16694
6855 3 16723
6855 4 16697
6856 0 16688
6856 1 16689
6856 2 16703
6856 3 16709
6857 0 16688
6857 1 16689
6857 2 16708
6857 3 16696
6858 0 16688
6858 1 16689
6858 2 16691
6858 3 16690
6859 0 16688
6859 1 16689
6859 2 16708
6859 3 16696
6860 0 16688
6860 1 16689
6860 2 16691
6860 3 16723
6861 0 16688
6861 1 16689
6861 2 16699
6861 3 16690
6861 4 16695
6862 0 16688
6862 1 16689
6862 2 16708
6862 3 16690
6863 0 16688
6863 1 16689
6863 2 16708
6863 3 16696
6864 0 16688
6864 1 16693
6864 2 16716
6864 3 16696
6864 4 16697
6865 0 16688
6865 1 16693
6865 2 16718
6865 3 16698
6865 4 16695
6866 0 16688
6866 1 16689
6866 2 16691
6866 3 16690
6867 0 16688
6867 1 16689
6867 2 16691
6867 3 16709
6868 0 16688
6868 1 16707
6868 2 16699
6868 3 16709
6868 4 16697
6869 0 16688
6869 1 16689
6869 2 16691
6869 3 16696
6870 0 16688
6870 1 16689
6870 2 16708
6870 3 16709
6871 0 16688
6871 1 16689
6871 2 16708
6871 3 16696
6872 0 16688
6872 1 16689
6872 2 16718
6872 3 16698
6872 4 16697
6873 0 16725
6873 1 16689
6873 2 16708
6873 3 16696
6874 0 16688
6874 1 16693
6874 2 16703
6874 3 16698
6874 4 16697
6875 0 16692
6875 1 16689
6875 2 16708
6875 3 16696
6876 0 16688
6876 1 16689
6876 2 16710
6876 3 16698
6877 0 16688
6877 1 16689
6877 2 16691
6877 3 16696
6878 0 16688
6878 1 16689
6878 2 16708
6878 3 16698
6879 0 16688
6879 1 16689
6879 2 16716
6879 3 16696
6879 4 16697
6880 0 16688
6880 1 16689
6880 2 16708
6880 3 16690
6881 0 16688
6881 1 16689
6881 2 16708
6881 3 16696
6882 0 16688
6882 1 16700
6882 2 16708
6882 3 16696
6883 0 16688
6883 1 16689
6883 2 16706
6883 3 16690
6883 4 16697
6884 0 16688
6884 1 16689
6884 2 16708
6884 3 16690
6885 0 16688
6885 1 16689
6885 2 16694
6885 3 16698
6885 4 16697
6886 0 16688
6886 1 16689
6886 2 16708
6886 3 16696
6887 0 16688
6887 1 16700
6887 2 16708
6887 3 16696
6888 0 16688
6888 1 16689
6888 2 16710
6888 3 16709
6889 0 16688
6889 1 16689
6889 2 16708
6889 3 16696
6890 0 16688
6890 1 16689
6890 2 16727
6890 3 16696
6890 4 16697
6891 0 16692
6891 1 16689
6891 2 16708
6891 3 16696
6892 0 16722
6892 1 16689
6892 2 16708
6892 3 16723
6893 0 16725
6893 1 16689
6893 2 16708
6893 3 16723
6894 0 16688
6894 1 16689
6894 2 16694
6894 3 16696
6894 4 16695
6895 0 16688
6895 1 16689
6895 2 16718
6895 3 16698
6896 0 16688
6896 1 16700
6896 2 16708
6896 3 16696
6897 0 16688
6897 1 16693
6897 2 16691
6897 3 16709
6898 0 16688
6898 1 16689
6898 2 16708
6898 3 16696
6899 0 16713
6899 1 16689
6899 2 16710
6899 3 16690
6899 4 16697
6900 0 16688
6900 1 16693
6900 2 16718
6900 3 16709
6900 4 16697
6901 0 16688
6901 1 16700
6901 2 16716
6901 3 16690
6901 4 16697
6902 0 16688
6902 1 16689
6902 2 16708
6902 3 16698
6903 0 16688
6903 1 16689
6903 2 16718
6903 3 16723
6903 4 16697
6904 0 16702
6904 1 16689
6904 2 16703
6904 3 16690
6904 4 16695
6905 0 16688
6905 1 16689
6905 2 16704
6905 3 16698
6905 4 16695
6906 0 16688
6906 1 16693
6906 2 16718
6906 3 16698
6906 4 16695
6907 0 16688
6907 1 16689
6907 2 16691
6907 3 16698
6908 0 16712
6908 1 16689
6908 2 16716
6908 3 16698
6908 4 16697
6909 0 16688
6909 1 16693
6909 2 16718
6909 3 16698
6909 4 16695
6910 0 16688
6910 1 16693
6910 2 16718
6910 3 16698
6910 4 16695
6911 0 16692
6911 1 16693
6911 2 16710
6911 3 16698
6911 4 16697
6912 0 16688
6912 1 16689
6912 2 16716
6912 3 16698
6912 4 16695
6913 0 16688
6913 1 16689
6913 3 16698
6913 4 16728
6914 0 16688
6914 1 16700
6914 2 16704
6914 3 16698
6914 4 16697
6915 0 16705
6915 1 16689
6915 2 16708
6915 3 16698
6916 0 16692
6916 1 16693
6916 2 16716
6916 3 16698
6916 4 16697
6917 0 16688
6917 1 16693
6917 2 16718
6917 3 16690
6917 4 16697
6918 0 16688
6918 1 16689
6918 2 16718
6918 3 16709
6919 0 16688
6919 1 16689
6919 2 16694
6919 3 16698
6919 4 16695
6920 0 16692
6920 1 16689
6920 2 16710
6920 3 16698
6921 0 16688
6921 1 16689
6921 2 16716
6921 3 16723
6921 4 16697
6922 0 16688
6922 1 16689
6922 2 16703
6922 3 16723
6922 4 16697
6923 0 16688
6923 1 16689
6923 2 16708
6923 3 16723
6924 0 16688
6924 1 16707
6924 2 16694
6924 3 16690
6924 4 16697
6925 0 16688
6925 1 16693
6925 3 16709
6926 0 16688
6926 1 16707
6926 2 16694
6926 3 16709
6926 4 16695
6927 0 16688
6927 1 16693
6927 2 16694
6927 3 16723
6927 4 16697
6928 0 16688
6928 1 16693
6928 2 16704
6928 3 16723
6929 0 16688
6929 1 16707
6929 2 16694
6929 3 16723
6929 4 16697
6930 0 16688
6930 1 16689
6930 2 16708
6930 3 16723
6931 0 16688
6931 1 16707
6931 2 16694
6931 3 16709
6932 0 16688
6932 1 16707
6932 2 16694
6932 3 16709
6933 0 16688
6933 1 16693
6933 2 16694
6933 3 16709
6933 4 16697
6934 0 16688
6934 1 16693
6934 2 16704
6934 3 16723
6934 4 16697
6935 0 16688
6935 1 16707
6935 2 16703
6935 3 16698
6935 4 16697
6936 0 16688
6936 1 16689
6936 2 16694
6936 3 16709
6936 4 16697
6937 0 16688
6937 1 16689
6937 2 16691
6937 3 16696
6938 0 16688
6938 1 16707
6938 2 16694
6938 3 16698
6938 4 16697
6939 0 16688
6939 1 16689
6939 2 16691
6939 3 16723
6940 0 16688
6940 1 16689
6940 2 16691
6940 3 16709
6941 0 16688
6941 1 16693
6941 3 16690
6942 0 16688
6942 1 16689
6942 2 16703
6942 3 16709
6943 0 16688
6943 1 16707
6943 2 16694
6943 3 16709
6943 4 16697
6944 0 16712
6944 1 16707
6944 2 16694
6944 3 16690
6944 4 16697
6945 0 16688
6945 1 16693
6945 3 16698
6946 0 16688
6946 1 16689
6946 2 16708
6946 3 16709
6947 0 16688
6947 1 16689
6947 2 16708
6947 3 16690
6948 0 16688
6948 1 16693
6948 2 16704
6948 3 16698
6948 4 16695
6949 0 16688
6949 1 16689
6949 3 16690
6949 4 16697
6950 0 16688
6950 1 16693
6950 3 16698
6950 4 16697
6951 0 16688
6951 1 16693
6951 2 16691
6951 3 16690
6951 4 16695
6952 0 16688
6952 1 16689
6952 2 16708
6952 3 16723
6953 0 16688
6953 1 16689
6953 2 16694
6953 3 16696
6954 0 16701
6954 1 16693
6954 2 16694
6954 3 16690
6954 4 16697
6955 0 16688
6955 1 16700
6955 2 16694
6955 3 16723
6955 4 16697
6956 0 16688
6956 1 16689
6956 2 16708
6956 3 16723
6957 0 16721
6957 1 16693
6957 2 16694
6957 3 16696
6958 0 16688
6958 1 16693
6958 2 16708
6958 3 16709
6959 0 16688
6959 1 16689
6959 2 16708
6959 3 16723
6960 0 16688
6960 1 16693
6960 2 16706
6960 3 16723
6960 4 16697
6961 0 16688
6961 1 16707
6961 2 16694
6961 3 16723
6961 4 16697
6962 0 16692
6962 1 16707
6962 2 16694
6962 3 16709
6962 4 16695
6963 0 16688
6963 1 16707
6963 2 16703
6963 3 16723
6963 4 16695
6964 0 16688
6964 1 16689
6964 2 16704
6964 3 16723
6964 4 16697
6965 0 16688
6965 1 16689
6965 2 16694
6965 3 16723
6965 4 16697
6966 0 16688
6966 1 16689
6966 2 16708
6966 3 16690
6967 0 16688
6967 1 16689
6967 2 16708
6967 3 16723
6968 0 16688
6968 1 16707
6968 2 16694
6968 3 16723
6968 4 16697
6969 0 16688
6969 1 16689
6969 2 16694
6969 3 16696
6969 4 16695
6970 0 16688
6970 1 16707
6970 2 16694
6970 3 16696
6971 0 16688
6971 1 16693
6971 2 16716
6971 3 16698
6971 4 16697
6972 0 16688
6972 1 16693
6972 2 16694
6972 3 16698
6972 4 16697
6973 0 16688
6973 1 16689
6973 2 16716
6973 3 16709
6973 4 16697
6974 0 16715
6974 1 16693
6974 2 16694
6974 3 16698
6974 4 16728
6975 0 16715
6975 1 16707
6975 2 16694
6975 3 16696
6975 4 16697
6976 0 16702
6976 1 16689
6976 2 16694
6976 3 16696
6976 4 16695
6977 0 16688
6977 1 16689
6977 2 16708
6977 3 16696
6978 0 16688
6978 1 16689
6978 2 16703
6978 3 16696
6978 4 16695
6979 0 16688
6979 1 16689
6979 2 16694
6979 3 16723
6979 4 16695
6980 0 16688
6980 1 16689
6980 2 16694
6980 3 16709
6980 4 16697
6981 0 16688
6981 1 16689
6981 2 16694
6981 3 16696
6982 0 16688
6982 1 16693
6982 2 16703
6982 3 16698
6982 4 16697
6983 0 16701
6983 1 16693
6983 2 16694
6983 3 16696
6984 0 16688
6984 1 16689
6984 2 16704
6984 3 16698
6984 4 16695
6985 0 16688
6985 1 16689
6985 2 16694
6985 3 16696
6985 4 16697
6986 0 16688
6986 1 16689
6986 2 16694
6986 3 16698
6987 0 16688
6987 1 16689
6987 2 16703
6987 3 16696
6988 0 16688
6988 1 16689
6988 2 16691
6988 3 16709
6989 0 16705
6989 1 16689
6989 2 16694
6989 3 16696
6989 4 16697
6990 0 16701
6990 1 16689
6990 2 16708
6990 3 16723
6991 0 16688
6991 1 16689
6991 2 16694
6991 3 16698
6991 4 16697
6992 0 16688
6992 1 16689
6992 2 16704
6992 3 16723
6992 4 16697
6993 0 16688
6993 1 16689
6993 2 16706
6993 3 16696
6994 0 16688
6994 1 16693
6994 2 16699
6994 3 16709
6994 4 16697
6995 0 16688
6995 1 16693
6995 2 16716
6995 3 16696
6995 4 16695
6996 0 16688
6996 1 16689
6996 2 16694
6996 3 16696
6996 4 16695
6997 0 16688
6997 1 16700
6997 2 16708
6997 3 16709
6998 0 16688
6998 1 16693
6998 2 16694
6998 3 16690
6998 4 16697
6999 0 16688
6999 1 16689
6999 2 16694
6999 3 16696
6999 4 16697
7000 0 16688
7000 1 16689
7000 2 16694
7000 3 16709
7000 4 16697
7001 0 16688
7001 1 16689
7001 2 16694
7001 3 16723
7001 4 16697
7002 0 16688
7002 1 16693
7002 2 16694
7002 3 16696
7002 4 16695
7003 0 16688
7003 1 16689
7003 2 16694
7003 3 16690
7003 4 16697
7004 0 16688
7004 1 16689
7004 2 16703
7004 3 16696
7004 4 16697
7005 0 16713
7005 1 16689
7005 2 16703
7005 3 16690
7005 4 16697
7006 0 16688
7006 1 16693
7006 2 16718
7006 3 16698
7007 0 16688
7007 1 16693
7007 2 16718
7007 3 16698
7008 0 16688
7008 1 16700
7008 2 16694
7008 3 16723
7008 4 16695
7009 0 16688
7009 1 16700
7009 2 16703
7009 3 16696
7010 0 16688
7010 1 16689
7010 2 16704
7010 3 16690
7010 4 16697
7011 0 16688
7011 1 16689
7011 2 16704
7011 3 16696
7012 0 16688
7012 1 16689
7012 2 16699
7012 3 16696
7012 4 16695
7013 0 16688
7013 1 16693
7013 2 16703
7013 3 16690
7014 0 16688
7014 1 16693
7014 2 16694
7014 3 16698
7015 0 16688
7015 1 16693
7015 2 16703
7015 3 16698
7015 4 16697
7016 0 16688
7016 1 16700
7016 2 16704
7016 3 16696
7016 4 16697
7017 0 16712
7017 1 16689
7017 2 16694
7017 3 16709
7017 4 16697
7018 0 16688
7018 1 16689
7018 2 16704
7018 3 16690
7018 4 16695
7019 0 16688
7019 1 16700
7019 2 16704
7019 3 16698
7019 4 16695
7020 0 16688
7020 1 16700
7020 2 16694
7020 3 16709
7020 4 16697
7021 0 16688
7021 1 16693
7021 2 16704
7021 3 16698
7021 4 16697
7022 0 16688
7022 1 16700
7022 2 16704
7022 3 16690
7022 4 16697
7023 0 16688
7023 1 16707
7023 2 16704
7023 3 16698
7023 4 16695
7024 0 16688
7024 1 16693
7024 2 16704
7024 3 16709
7024 4 16695
7025 0 16688
7025 1 16689
7025 2 16694
7025 3 16709
7025 4 16695
7026 0 16688
7026 1 16689
7026 2 16694
7026 3 16690
7026 4 16697
7027 0 16688
7027 1 16693
7027 2 16694
7027 3 16690
7028 0 16688
7028 1 16693
7028 2 16704
7028 3 16696
7029 0 16688
7029 1 16700
7029 2 16703
7029 3 16696
7029 4 16697
7030 0 16688
7030 1 16689
7030 2 16708
7030 3 16696
7031 0 16732
7031 1 16689
7031 2 16694
7031 3 16696
7031 4 16697
7032 0 16688
7032 1 16689
7032 2 16710
7032 3 16698
7033 0 16688
7033 1 16689
7033 2 16703
7033 3 16696
7033 4 16697
7034 0 16688
7034 1 16693
7034 2 16694
7034 3 16698
7034 4 16697
7035 0 16688
7035 1 16689
7035 2 16704
7035 3 16698
7035 4 16728
7036 0 16688
7036 1 16693
7036 2 16708
7036 3 16696
7037 0 16688
7037 1 16693
7037 2 16694
7037 3 16723
7037 4 16695
7038 0 16688
7038 1 16693
7038 2 16694
7038 3 16709
7038 4 16697
7039 0 16688
7039 1 16689
7039 2 16727
7039 3 16696
7040 0 16688
7040 1 16693
7040 2 16716
7040 3 16696
7040 4 16697
7041 0 16702
7041 1 16689
7041 2 16694
7041 3 16696
7042 0 16688
7042 1 16693
7042 2 16727
7042 3 16723
7042 4 16697
7043 0 16688
7043 1 16689
7043 2 16703
7043 3 16723
7044 0 16688
7044 1 16689
7044 2 16694
7044 3 16709
7044 4 16697
7045 0 16688
7045 1 16693
7045 2 16694
7045 3 16696
7045 4 16697
7046 0 16688
7046 1 16689
7046 2 16703
7046 3 16690
7046 4 16695
7047 0 16688
7047 1 16689
7047 2 16703
7047 3 16709
7048 0 16688
7048 1 16700
7048 2 16716
7048 3 16698
7049 0 16688
7049 1 16689
7049 2 16694
7049 3 16723
7049 4 16697
7050 0 16688
7050 1 16700
7050 2 16708
7050 3 16709
7051 0 16688
7051 1 16689
7051 2 16694
7051 3 16723
7051 4 16697
7052 0 16688
7052 1 16693
7052 2 16694
7052 3 16696
7052 4 16697
7053 0 16688
7053 1 16693
7053 2 16694
7053 3 16690
7053 4 16695
7054 0 16702
7054 1 16689
7054 2 16694
7054 3 16698
7055 0 16688
7055 1 16689
7055 2 16691
7055 3 16709
7056 0 16688
7056 1 16689
7056 2 16708
7056 3 16723
7057 0 16688
7057 1 16689
7057 2 16694
7057 3 16723
7057 4 16695
7058 0 16688
7058 1 16689
7058 2 16708
7058 3 16709
7059 0 16688
7059 1 16689
7059 2 16694
7059 3 16723
7059 4 16697
7060 0 16688
7060 1 16693
7060 2 16694
7060 3 16696
7060 4 16697
7061 0 16688
7061 1 16693
7061 2 16704
7061 3 16723
7061 4 16697
7062 0 16688
7062 1 16693
7062 2 16694
7062 3 16709
7062 4 16697
7063 0 16688
7063 1 16689
7063 2 16704
7063 3 16723
7063 4 16697
7064 0 16688
7064 1 16693
7064 2 16694
7064 3 16709
7064 4 16697
7065 0 16688
7065 1 16689
7065 2 16718
7065 3 16690
7065 4 16695
7066 0 16688
7066 1 16700
7066 2 16708
7066 3 16690
7067 0 16688
7067 1 16689
7067 2 16708
7067 3 16690
7068 0 16688
7068 1 16689
7068 2 16706
7068 3 16690
7068 4 16695
7069 0 16688
7069 1 16689
7069 2 16708
7069 3 16696
7070 0 16688
7070 1 16689
7070 2 16691
7070 3 16698
7071 0 16688
7071 1 16689
7071 3 16698
7072 0 16688
7072 1 16689
7072 2 16718
7072 3 16696
7072 4 16697
7073 0 16688
7073 1 16707
7073 3 16698
7073 4 16697
7074 0 16701
7074 1 16693
7074 2 16694
7074 3 16698
7074 4 16695
7075 0 16688
7075 1 16689
7075 2 16699
7075 3 16698
7076 0 16688
7076 1 16693
7076 2 16704
7076 3 16696
7076 4 16697
7077 0 16688
7077 1 16689
7077 2 16708
7077 3 16698
7078 0 16702
7078 1 16693
7078 2 16694
7078 3 16690
7078 4 16695
7079 0 16731
7079 1 16689
7079 2 16718
7079 3 16698
7079 4 16695
7080 0 16688
7080 1 16693
7080 3 16698
7081 0 16688
7081 1 16689
7081 2 16704
7081 3 16696
7081 4 16695
7082 0 16717
7082 1 16693
7082 2 16706
7082 3 16698
7082 4 16697
7083 0 16688
7083 1 16689
7083 2 16704
7083 3 16696
7083 4 16697
7084 0 16688
7084 1 16693
7084 3 16690
7084 4 16697
7085 0 16701
7085 1 16689
7085 2 16694
7085 3 16696
7086 0 16701
7086 1 16693
7086 2 16718
7086 3 16690
7086 4 16697
7087 0 16705
7087 1 16693
7087 2 16718
7087 3 16690
7087 4 16695
7088 0 16688
7088 1 16693
7088 2 16703
7088 3 16690
7088 4 16697
7089 0 16688
7089 1 16689
7089 2 16691
7089 3 16698
7090 0 16688
7090 1 16689
7090 2 16708
7090 3 16698
7091 0 16688
7091 1 16689
7091 2 16708
7091 3 16698
7092 0 16717
7092 1 16707
7092 2 16694
7092 3 16709
7092 4 16697
7093 0 16688
7093 1 16693
7093 2 16706
7093 3 16690
7093 4 16695
7094 0 16688
7094 1 16689
7094 2 16704
7094 3 16690
7094 4 16697
7095 0 16688
7095 1 16693
7095 2 16708
7095 3 16698
7096 0 16688
7096 1 16693
7096 3 16690
7097 0 16724
7097 1 16689
7097 2 16718
7097 3 16690
7097 4 16697
7098 0 16688
7098 1 16689
7098 2 16704
7098 3 16698
7098 4 16697
7099 0 16688
7099 1 16689
7099 2 16708
7099 3 16698
7100 0 16688
7100 1 16689
7100 2 16703
7100 3 16698
7100 4 16695
7101 0 16688
7101 1 16693
7101 2 16691
7101 3 16690
7102 0 16692
7102 1 16689
7102 2 16694
7102 3 16696
7102 4 16697
7103 0 16702
7103 1 16689
7103 2 16694
7103 3 16698
7104 0 16702
7104 1 16689
7104 2 16703
7104 3 16696
7104 4 16695
7105 0 16688
7105 1 16693
7105 2 16703
7105 3 16690
7106 0 16688
7106 1 16689
7106 2 16708
7106 3 16696
7107 0 16688
7107 1 16693
7107 2 16718
7107 3 16690
7107 4 16697
7108 0 16688
7108 1 16689
7108 2 16694
7108 3 16690
7108 4 16695
7109 0 16688
7109 1 16689
7109 3 16696
7109 4 16697
7110 0 16717
7110 1 16693
7110 2 16708
7110 3 16698
7111 0 16705
7111 1 16689
7111 2 16708
7111 3 16698
7112 0 16688
7112 1 16689
7112 2 16694
7112 3 16690
7112 4 16697
7113 0 16712
7113 1 16693
7113 2 16694
7113 3 16696
7114 0 16705
7114 1 16689
7114 2 16703
7114 3 16696
7114 4 16697
7115 0 16692
7115 1 16689
7115 2 16694
7115 3 16696
7115 4 16695
7116 0 16688
7116 1 16689
7116 2 16691
7116 3 16698
7116 4 16695
7117 0 16688
7117 1 16693
7117 2 16704
7117 3 16698
7117 4 16695
7118 0 16688
7118 1 16689
7118 2 16716
7118 3 16690
7118 4 16695
7119 0 16688
7119 1 16689
7119 2 16703
7119 3 16698
7119 4 16697
7120 0 16688
7120 1 16689
7120 2 16694
7120 3 16690
7120 4 16697
7121 0 16713
7121 1 16689
7121 2 16704
7121 3 16698
7121 4 16695
7122 0 16688
7122 1 16693
7122 2 16706
7122 3 16696
7123 0 16688
7123 1 16689
7123 2 16694
7123 3 16723
7123 4 16697
7124 0 16688
7124 1 16689
7124 2 16708
7124 3 16690
7125 0 16688
7125 1 16689
7125 2 16694
7125 3 16696
7126 0 16688
7126 1 16689
7126 2 16708
7126 3 16690
7127 0 16702
7127 1 16689
7127 2 16694
7127 3 16696
7127 4 16697
7128 0 16724
7128 1 16689
7128 2 16703
7128 3 16696
7129 0 16688
7129 1 16689
7129 2 16704
7129 3 16696
7129 4 16695
7130 0 16701
7130 1 16689
7130 2 16694
7130 3 16696
7130 4 16697
7131 0 16701
7131 1 16689
7131 2 16694
7131 3 16723
7131 4 16697
7132 0 16688
7132 1 16689
7132 2 16704
7132 3 16698
7132 4 16697
7133 0 16712
7133 1 16689
7133 2 16694
7133 3 16723
7133 4 16697
7134 0 16688
7134 1 16700
7134 2 16708
7134 3 16723
7135 0 16688
7135 1 16700
7135 2 16703
7135 3 16723
7136 0 16688
7136 1 16689
7136 3 16709
7136 4 16695
7137 0 16688
7137 1 16700
7137 2 16708
7137 3 16696
7138 0 16701
7138 1 16693
7138 2 16706
7138 3 16698
7138 4 16695
7139 0 16688
7139 1 16693
7139 2 16704
7139 3 16696
7139 4 16697
7140 0 16688
7140 1 16693
7140 2 16716
7140 3 16723
7140 4 16695
7141 0 16688
7141 1 16689
7141 2 16699
7141 3 16723
7141 4 16697
7142 0 16688
7142 1 16700
7142 2 16703
7142 3 16698
7143 0 16688
7143 1 16700
7143 2 16708
7143 3 16723
7144 0 16688
7144 1 16693
7144 2 16691
7144 3 16709
7145 0 16688
7145 1 16689
7145 2 16694
7145 3 16723
7146 0 16688
7146 1 16700
7146 2 16694
7146 3 16696
7147 0 16688
7147 1 16693
7147 3 16698
7148 0 16688
7148 1 16693
7148 2 16691
7148 3 16698
7149 0 16688
7149 1 16689
7149 3 16696
7150 0 16688
7150 1 16689
7150 2 16691
7150 3 16709
7151 0 16688
7151 1 16689
7151 3 16698
7152 0 16688
7152 1 16689
7152 2 16694
7152 3 16690
7152 4 16697
7153 0 16688
7153 1 16707
7153 2 16694
7153 3 16709
7153 4 16695
7154 0 16692
7154 1 16689
7154 2 16694
7154 3 16696
7154 4 16695
7155 0 16688
7155 1 16689
7155 2 16694
7155 3 16709
7155 4 16695
7156 0 16702
7156 1 16689
7156 2 16703
7156 3 16698
7156 4 16695
7157 0 16688
7157 1 16700
7157 2 16703
7157 3 16723
7158 0 16688
7158 1 16689
7158 2 16703
7158 3 16723
7158 4 16697
7159 0 16688
7159 1 16689
7159 2 16694
7159 3 16709
7160 0 16688
7160 1 16689
7160 2 16694
7160 3 16709
7160 4 16695
7161 0 16688
7161 1 16693
7161 2 16691
7161 3 16698
7162 0 16688
7162 1 16693
7162 2 16694
7162 3 16696
7162 4 16697
7163 0 16688
7163 1 16693
7163 2 16694
7163 3 16696
7163 4 16697
7164 0 16688
7164 1 16689
7164 2 16708
7164 3 16723
7165 0 16688
7165 1 16689
7165 2 16704
7165 3 16696
7165 4 16695
7166 0 16692
7166 1 16707
7166 2 16704
7166 3 16696
7166 4 16695
7167 0 16688
7167 1 16693
7167 2 16708
7167 3 16723
7168 0 16688
7168 1 16693
7168 2 16694
7168 3 16709
7168 4 16697
7169 0 16688
7169 1 16693
7169 2 16704
7169 3 16696
7169 4 16697
7170 0 16702
7170 1 16693
7170 2 16703
7170 3 16709
7170 4 16697
7171 0 16688
7171 1 16689
7171 2 16704
7171 3 16709
7171 4 16697
7172 0 16688
7172 1 16693
7172 2 16694
7172 3 16698
7173 0 16688
7173 1 16700
7173 2 16708
7173 3 16723
7174 0 16688
7174 1 16693
7174 2 16694
7174 3 16723
7174 4 16697
7175 0 16688
7175 1 16689
7175 2 16704
7175 3 16723
7175 4 16695
7176 0 16688
7176 1 16693
7176 2 16708
7176 3 16696
7177 0 16701
7177 1 16689
7177 2 16708
7177 3 16696
7178 0 16712
7178 1 16700
7178 2 16708
7178 3 16723
7179 0 16688
7179 1 16689
7179 2 16708
7179 3 16696
7180 0 16688
7180 1 16689
7180 2 16708
7180 3 16723
7181 0 16688
7181 1 16689
7181 2 16708
7181 3 16723
7182 0 16688
7182 1 16689
7182 3 16723
7183 0 16688
7183 1 16689
7183 2 16694
7183 3 16696
7183 4 16695
7184 0 16688
7184 1 16689
7184 2 16708
7184 3 16723
7185 0 16688
7185 1 16689
7185 2 16708
7185 3 16696
7186 0 16701
7186 1 16689
7186 2 16708
7186 3 16698
7187 0 16688
7187 1 16700
7187 2 16708
7187 3 16696
7188 0 16688
7188 1 16700
7188 2 16708
7188 3 16723
7189 0 16688
7189 1 16700
7189 3 16709
7190 0 16688
7190 1 16700
7190 2 16703
7190 3 16690
7190 4 16695
7191 0 16688
7191 1 16700
7191 2 16694
7191 3 16696
7191 4 16697
7192 0 16688
7192 1 16700
7192 2 16708
7192 3 16723
7193 0 16705
7193 1 16700
7193 2 16718
7193 3 16696
7193 4 16728
7194 0 16688
7194 1 16707
7194 2 16694
7194 3 16709
7195 0 16712
7195 1 16707
7195 2 16694
7195 3 16690
7195 4 16695
7196 0 16688
7196 1 16707
7196 2 16694
7196 3 16690
7196 4 16695
7197 0 16688
7197 1 16700
7197 2 16703
7197 3 16723
7198 0 16688
7198 1 16693
7198 3 16696
7198 4 16695
7199 0 16688
7199 1 16689
7199 2 16694
7199 3 16696
7200 0 16688
7200 1 16693
7200 3 16698
7200 4 16697
7201 0 16692
7201 1 16689
7201 2 16704
7201 3 16696
7201 4 16697
7202 0 16688
7202 1 16693
7202 2 16691
7202 3 16696
7203 0 16688
7203 1 16700
7203 2 16691
7203 3 16698
7204 0 16688
7204 1 16689
7204 2 16691
7204 3 16698
7205 0 16688
7205 1 16689
7205 2 16708
7205 3 16723
7206 0 16688
7206 1 16689
7206 3 16709
7206 4 16728
7207 0 16688
7207 1 16689
7207 2 16691
7207 3 16709
7208 0 16688
7208 1 16689
7208 2 16694
7208 3 16723
7208 4 16697
7209 0 16688
7209 1 16693
7209 2 16694
7209 3 16698
7210 0 16701
7210 1 16689
7210 2 16708
7210 3 16709
7211 0 16688
7211 1 16689
7211 2 16708
7211 3 16723
7212 0 16705
7212 1 16689
7212 2 16708
7212 3 16709
7213 0 16688
7213 1 16689
7213 2 16708
7213 3 16696
7214 0 16688
7214 1 16693
7214 2 16706
7214 3 16723
7214 4 16695
7215 0 16692
7215 1 16689
7215 2 16694
7215 3 16698
7215 4 16695
7216 0 16702
7216 1 16693
7216 2 16718
7216 3 16709
7216 4 16728
7217 0 16688
7217 1 16693
7217 2 16694
7217 3 16690
7217 4 16697
7218 0 16688
7218 1 16700
7218 2 16694
7218 3 16709
7219 0 16688
7219 1 16693
7219 2 16703
7219 3 16696
7219 4 16697
7220 0 16688
7220 1 16689
7220 2 16708
7220 3 16723
7221 0 16688
7221 1 16689
7221 2 16718
7221 3 16690
7221 4 16728
7222 0 16688
7222 1 16689
7222 2 16718
7222 3 16723
7222 4 16695
7223 0 16688
7223 1 16689
7223 2 16708
7223 3 16723
7224 0 16688
7224 1 16707
7224 2 16694
7224 3 16709
7224 4 16697
7225 0 16688
7225 1 16693
7225 2 16704
7225 3 16696
7225 4 16695
7226 0 16688
7226 1 16689
7226 2 16708
7226 3 16709
7227 0 16688
7227 1 16693
7227 2 16699
7227 3 16723
7227 4 16728
7228 0 16688
7228 1 16707
7228 2 16694
7228 3 16696
7228 4 16695
7229 0 16688
7229 1 16689
7229 2 16694
7229 3 16709
7229 4 16728
7230 0 16712
7230 1 16707
7230 2 16694
7230 3 16723
7230 4 16695
7231 0 16688
7231 1 16689
7231 2 16704
7231 3 16723
7231 4 16697
7232 0 16688
7232 1 16693
7232 2 16704
7232 3 16709
7232 4 16697
7233 0 16724
7233 1 16689
7233 2 16708
7233 3 16709
7234 0 16688
7234 1 16689
7234 3 16696
7234 4 16695
7235 0 16688
7235 1 16689
7235 2 16694
7235 3 16690
7235 4 16695
7236 0 16688
7236 1 16689
7236 2 16694
7236 3 16723
7236 4 16695
7237 0 16702
7237 1 16689
7237 2 16694
7237 3 16723
7237 4 16728
7238 0 16713
7238 1 16689
7238 2 16694
7238 3 16709
7238 4 16695
7239 0 16688
7239 1 16693
7239 2 16699
7239 3 16709
7239 4 16695
7240 0 16688
7240 1 16689
7240 2 16694
7240 3 16696
7240 4 16728
7241 0 16688
7241 1 16693
7241 2 16694
7241 3 16723
7241 4 16695
7242 0 16688
7242 1 16689
7242 2 16694
7242 3 16723
7242 4 16695
7243 0 16688
7243 1 16689
7243 2 16694
7243 3 16709
7243 4 16697
7244 0 16688
7244 1 16689
7244 3 16709
7244 4 16695
7245 0 16692
7245 1 16689
7245 2 16704
7245 3 16696
7245 4 16695
7246 0 16688
7246 1 16693
7246 2 16694
7246 3 16696
7247 0 16688
7247 1 16693
7247 2 16691
7247 3 16690
7248 0 16688
7248 1 16700
7248 2 16708
7248 3 16723
7249 0 16688
7249 1 16689
7249 2 16694
7249 3 16696
7249 4 16695
7250 0 16712
7250 1 16689
7250 2 16694
7250 3 16723
7250 4 16695
7251 0 16688
7251 1 16689
7251 2 16699
7251 3 16690
7251 4 16695
7252 0 16688
7252 1 16700
7252 3 16723
7252 4 16695
7253 0 16688
7253 1 16693
7253 2 16699
7253 3 16690
7254 0 16688
7254 1 16693
7254 2 16699
7254 3 16696
7255 0 16688
7255 1 16693
7255 2 16699
7255 3 16709
7255 4 16695
7256 0 16730
7256 1 16707
7256 2 16694
7256 3 16696
7256 4 16728
7257 0 16688
7257 1 16707
7257 2 16694
7257 3 16709
7257 4 16728
7258 0 16688
7258 1 16689
7258 3 16696
7258 4 16697
7259 0 16688
7259 1 16707
7259 2 16727
7259 3 16709
7259 4 16695
7260 0 16688
7260 1 16689
7260 3 16709
7260 4 16697
7261 0 16688
7261 1 16693
7261 2 16694
7261 3 16723
7261 4 16728
7262 0 16688
7262 1 16693
7262 3 16696
7263 0 16688
7263 1 16689
7263 2 16694
7263 3 16709
7264 0 16688
7264 1 16700
7264 2 16703
7264 3 16696
7265 0 16688
7265 1 16707
7265 2 16694
7265 3 16709
7265 4 16697
7266 0 16688
7266 1 16693
7266 2 16699
7266 3 16698
7266 4 16697
7267 0 16688
7267 1 16707
7267 2 16694
7267 3 16696
7267 4 16697
7268 0 16688
7268 1 16689
7268 2 16716
7268 3 16690
7268 4 16728
7269 0 16688
7269 1 16689
7269 2 16727
7269 3 16709
7269 4 16695
7270 0 16701
7270 1 16693
7270 2 16694
7270 3 16709
7270 4 16697
7271 0 16688
7271 1 16689
7271 2 16708
7271 3 16696
7272 0 16688
7272 1 16689
7272 2 16708
7272 3 16723
7273 0 16688
7273 1 16707
7273 2 16694
7273 3 16696
7273 4 16728
7274 0 16692
7274 1 16689
7274 2 16694
7274 3 16698
7275 0 16722
7275 1 16689
7275 2 16694
7275 3 16690
7275 4 16697
7276 0 16702
7276 1 16693
7276 2 16694
7276 3 16696
7276 4 16697
7277 0 16702
7277 1 16693
7277 2 16703
7277 3 16698
7277 4 16697
7278 0 16688
7278 1 16689
7278 2 16694
7278 3 16690
7278 4 16697
7279 0 16702
7279 1 16689
7279 2 16718
7279 3 16698
7280 0 16722
7280 1 16693
7280 2 16703
7280 3 16698
7280 4 16697
7281 0 16688
7281 1 16693
7281 2 16718
7281 3 16696
7281 4 16697
7282 0 16688
7282 1 16689
7282 2 16718
7282 3 16723
7282 4 16697
7283 0 16688
7283 1 16693
7283 2 16718
7283 3 16723
7283 4 16697
7284 0 16688
7284 1 16693
7284 2 16718
7284 3 16696
7284 4 16695
7285 0 16688
7285 1 16689
7285 2 16718
7285 3 16698
7285 4 16697
7286 0 16688
7286 1 16693
7286 2 16694
7286 3 16709
7286 4 16697
7287 0 16705
7287 1 16693
7287 2 16718
7287 3 16696
7287 4 16697
7288 0 16705
7288 1 16689
7288 2 16718
7288 3 16696
7288 4 16697
7289 0 16688
7289 1 16689
7289 2 16718
7289 3 16690
7289 4 16695
7290 0 16722
7290 1 16689
7290 2 16718
7290 3 16698
7290 4 16697
7291 0 16688
7291 1 16693
7291 2 16718
7291 3 16696
7291 4 16695
7292 0 16688
7292 1 16689
7292 2 16718
7292 3 16696
7292 4 16697
7293 0 16688
7293 1 16689
7293 2 16718
7293 3 16696
7293 4 16697
7294 0 16688
7294 1 16693
7294 2 16718
7294 3 16723
7294 4 16697
7295 0 16688
7295 1 16693
7295 2 16718
7295 3 16698
7295 4 16697
7296 0 16688
7296 1 16693
7296 2 16694
7296 3 16690
7296 4 16697
7297 0 16702
7297 1 16689
7297 2 16703
7297 3 16723
7297 4 16697
7298 0 16688
7298 1 16689
7298 2 16703
7298 3 16696
7298 4 16697
7299 0 16705
7299 1 16689
7299 2 16694
7299 3 16698
7299 4 16697
7300 0 16688
7300 1 16689
7300 2 16708
7300 3 16709
7301 0 16722
7301 1 16689
7301 2 16708
7301 3 16709
7302 0 16692
7302 1 16689
7302 2 16694
7302 3 16709
7302 4 16697
7303 0 16705
7303 1 16693
7303 2 16718
7303 3 16696
7303 4 16697
7304 0 16688
7304 1 16689
7304 2 16694
7304 3 16709
7304 4 16697
7305 0 16722
7305 1 16689
7305 2 16703
7305 3 16696
7305 4 16697
7306 0 16688
7306 1 16689
7306 2 16694
7306 3 16690
7306 4 16697
7307 0 16722
7307 1 16689
7307 2 16694
7307 3 16696
7307 4 16697
7308 0 16688
7308 1 16689
7308 2 16726
7308 3 16690
7308 4 16697
7309 0 16688
7309 1 16693
7309 2 16694
7309 3 16709
7309 4 16697
7310 0 16688
7310 1 16689
7310 2 16691
7310 3 16698
7311 0 16692
7311 1 16689
7311 2 16694
7311 3 16696
7311 4 16697
7312 0 16722
7312 1 16693
7312 2 16694
7312 3 16698
7312 4 16697
7313 0 16688
7313 1 16689
7313 2 16718
7313 3 16698
7313 4 16697
7314 0 16688
7314 1 16689
7314 2 16708
7314 3 16709
7315 0 16688
7315 1 16693
7315 2 16691
7315 3 16723
7316 0 16722
7316 1 16693
7316 2 16703
7316 3 16698
7316 4 16697
7317 0 16722
7317 1 16689
7317 2 16694
7317 3 16698
7317 4 16697
7318 0 16688
7318 1 16689
7318 2 16708
7318 3 16698
7319 0 16705
7319 1 16693
7319 2 16718
7319 3 16690
7319 4 16697
7320 0 16722
7320 1 16689
7320 2 16694
7320 3 16696
7320 4 16697
7321 0 16688
7321 1 16689
7321 2 16708
7321 3 16709
7322 0 16722
7322 1 16689
7322 2 16718
7322 3 16690
7322 4 16697
7323 0 16688
7323 1 16689
7323 2 16694
7323 3 16709
7323 4 16697
7324 0 16722
7324 1 16689
7324 2 16718
7324 3 16696
7324 4 16697
7325 0 16688
7325 1 16693
7325 2 16703
7325 3 16696
7325 4 16697
7326 0 16717
7326 1 16693
7326 2 16718
7326 3 16696
7326 4 16695
7327 0 16688
7327 1 16689
7327 2 16718
7327 3 16696
7327 4 16695
7328 0 16688
7328 1 16689
7328 2 16718
7328 3 16696
7328 4 16697
7329 0 16705
7329 1 16689
7329 2 16694
7329 3 16698
7330 0 16688
7330 1 16689
7330 2 16703
7330 3 16698
7330 4 16697
7331 0 16702
7331 1 16689
7331 2 16703
7331 3 16696
7331 4 16697
7332 0 16722
7332 1 16693
7332 2 16718
7332 3 16690
7332 4 16697
7333 0 16688
7333 1 16689
7333 2 16718
7333 3 16709
7333 4 16697
7334 0 16722
7334 1 16689
7334 2 16703
7334 3 16698
7334 4 16697
7335 0 16688
7335 1 16693
7335 2 16694
7335 3 16723
7335 4 16697
7336 0 16688
7336 1 16689
7336 2 16718
7336 3 16690
7336 4 16695
7337 0 16688
7337 1 16689
7337 2 16718
7337 3 16690
7337 4 16697
7338 0 16722
7338 1 16689
7338 2 16694
7338 3 16690
7338 4 16697
7339 0 16688
7339 1 16693
7339 2 16706
7339 3 16709
7339 4 16695
7340 0 16688
7340 1 16693
7340 2 16718
7340 3 16690
7340 4 16697
7341 0 16688
7341 1 16693
7341 2 16718
7341 3 16723
7341 4 16697
7342 0 16688
7342 1 16693
7342 2 16718
7342 3 16698
7343 0 16722
7343 1 16689
7343 2 16703
7343 3 16690
7343 4 16697
7344 0 16688
7344 1 16689
7344 2 16708
7344 3 16696
7345 0 16688
7345 1 16693
7345 2 16703
7345 3 16698
7345 4 16697
7346 0 16688
7346 1 16693
7346 2 16694
7346 3 16696
7346 4 16697
7347 0 16722
7347 1 16693
7347 2 16694
7347 3 16690
7347 4 16697
7348 0 16688
7348 1 16689
7348 2 16708
7348 3 16698
7349 0 16688
7349 1 16689
7349 2 16706
7349 3 16690
7349 4 16728
7350 0 16688
7350 1 16689
7350 2 16708
7350 3 16698
7351 0 16702
7351 1 16693
7351 2 16718
7351 3 16690
7351 4 16695
7352 0 16688
7352 1 16689
7352 2 16718
7352 3 16696
7352 4 16695
7353 0 16688
7353 1 16689
7353 2 16708
7353 3 16690
7354 0 16702
7354 1 16689
7354 2 16703
7354 3 16696
7354 4 16728
7355 0 16692
7355 1 16689
7355 2 16691
7355 3 16698
7356 0 16688
7356 1 16689
7356 2 16727
7356 3 16696
7356 4 16695
7357 0 16688
7357 1 16693
7357 2 16718
7357 3 16690
7357 4 16695
7358 0 16688
7358 1 16693
7358 2 16704
7358 3 16696
7358 4 16695
7359 0 16688
7359 1 16689
7359 2 16718
7359 3 16696
7359 4 16697
7360 0 16688
7360 1 16689
7360 2 16727
7360 3 16696
7360 4 16695
7361 0 16702
7361 1 16689
7361 2 16703
7361 3 16690
7361 4 16728
7362 0 16712
7362 1 16689
7362 2 16704
7362 3 16696
7362 4 16695
7363 0 16688
7363 1 16693
7363 2 16706
7363 3 16698
7364 0 16688
7364 1 16689
7364 2 16708
7364 3 16698
7365 0 16688
7365 1 16689
7365 2 16708
7365 3 16698
7366 0 16702
7366 1 16689
7366 2 16703
7366 3 16696
7366 4 16728
7367 0 16688
7367 1 16693
7367 2 16718
7367 3 16696
7367 4 16695
7368 0 16721
7368 1 16689
7368 2 16718
7368 3 16696
7368 4 16695
7369 0 16688
7369 1 16689
7369 2 16718
7369 3 16696
7369 4 16697
7370 0 16688
7370 1 16693
7370 2 16694
7370 3 16690
7370 4 16695
7371 0 16713
7371 1 16689
7371 3 16696
7371 4 16695
7372 0 16688
7372 1 16689
7372 2 16708
7372 3 16696
7373 0 16688
7373 1 16693
7373 2 16718
7373 3 16690
7374 0 16688
7374 1 16689
7374 2 16694
7374 3 16690
7374 4 16695
7375 0 16688
7375 1 16689
7375 2 16694
7375 3 16696
7375 4 16695
7376 0 16688
7376 1 16693
7376 3 16690
7376 4 16695
7377 0 16719
7377 1 16689
7377 2 16694
7377 3 16696
7377 4 16728
7378 0 16688
7378 1 16693
7378 2 16694
7378 3 16690
7378 4 16728
7379 0 16688
7379 1 16693
7379 2 16718
7379 3 16690
7379 4 16728
7380 0 16688
7380 1 16693
7380 2 16694
7380 3 16690
7380 4 16695
7381 0 16688
7381 1 16689
7381 2 16694
7381 3 16696
7381 4 16697
7382 0 16702
7382 1 16689
7382 2 16703
7382 3 16696
7382 4 16697
7383 0 16701
7383 1 16689
7383 2 16694
7383 3 16696
7383 4 16697
7384 0 16688
7384 1 16689
7384 2 16708
7384 3 16690
7385 0 16688
7385 1 16693
7385 2 16694
7385 3 16696
7385 4 16697
7386 0 16722
7386 1 16689
7386 2 16703
7386 3 16696
7386 4 16697
7387 0 16692
7387 1 16689
7387 2 16708
7387 3 16690
7388 0 16688
7388 1 16689
7388 3 16696
7388 4 16695
7389 0 16688
7389 1 16689
7389 2 16694
7389 3 16696
7389 4 16697
7390 0 16701
7390 1 16693
7390 2 16694
7390 3 16696
7390 4 16697
7391 0 16692
7391 1 16689
7391 2 16694
7391 3 16690
7391 4 16697
7392 0 16713
7392 1 16689
7392 2 16703
7392 3 16690
7392 4 16695
7393 0 16688
7393 1 16689
7393 2 16718
7393 3 16696
7394 0 16688
7394 1 16689
7394 2 16708
7394 3 16690
7395 0 16688
7395 1 16689
7395 2 16708
7395 3 16690
7396 0 16712
7396 1 16689
7396 2 16708
7396 3 16690
7397 0 16688
7397 1 16689
7397 2 16708
7397 3 16690
7397 4 16695
7398 0 16701
7398 1 16693
7398 2 16694
7398 3 16690
7398 4 16697
7399 0 16701
7399 1 16693
7399 2 16694
7399 3 16690
7399 4 16697
7400 0 16688
7400 1 16689
7400 2 16699
7400 3 16690
7400 4 16728
7401 0 16688
7401 1 16689
7401 2 16708
7401 3 16690
7402 0 16688
7402 1 16689
7402 2 16694
7402 3 16690
7402 4 16695
7403 0 16692
7403 1 16689
7403 2 16694
7403 3 16709
7403 4 16695
7404 0 16688
7404 1 16693
7404 2 16691
7404 3 16698
7405 0 16712
7405 1 16689
7405 2 16718
7405 3 16690
7405 4 16695
7406 0 16688
7406 1 16689
7406 2 16708
7406 3 16690
7407 0 16701
7407 1 16689
7407 2 16708
7407 3 16698
7408 0 16688
7408 1 16689
7408 2 16708
7408 3 16698
7409 0 16688
7409 1 16707
7409 2 16694
7409 3 16723
7410 0 16688
7410 1 16707
7410 2 16694
7410 3 16696
7410 4 16697
7411 0 16692
7411 1 16707
7411 2 16694
7411 3 16709
7411 4 16697
7412 0 16688
7412 1 16689
7412 2 16704
7412 3 16698
7413 0 16721
7413 1 16693
7413 2 16703
7413 3 16696
7414 0 16688
7414 1 16707
7414 2 16704
7414 3 16696
7414 4 16697
7415 0 16688
7415 1 16693
7415 2 16706
7415 3 16696
7415 4 16728
7416 0 16688
7416 1 16700
7416 2 16710
7416 3 16696
7417 0 16688
7417 1 16700
7417 2 16718
7417 3 16698
7418 0 16688
7418 1 16689
7418 2 16694
7418 3 16696
7418 4 16697
7419 0 16688
7419 1 16707
7419 2 16704
7419 3 16698
7419 4 16695
7420 0 16688
7420 1 16700
7420 2 16708
7420 3 16723
7421 0 16688
7421 1 16700
7421 2 16703
7421 3 16696
7422 0 16702
7422 1 16693
7422 2 16706
7422 3 16696
7422 4 16695
7423 0 16688
7423 1 16693
7423 2 16694
7423 3 16690
7423 4 16695
7424 0 16688
7424 1 16707
7424 2 16727
7424 3 16690
7424 4 16695
7425 0 16688
7425 1 16700
7425 2 16703
7425 3 16698
7425 4 16695
7426 0 16688
7426 1 16693
7426 2 16716
7426 3 16696
7426 4 16695
7427 0 16688
7427 1 16693
7427 2 16716
7427 3 16690
7427 4 16695
7428 0 16688
7428 1 16689
7428 3 16690
7428 4 16697
7429 0 16688
7429 1 16707
7429 2 16694
7429 3 16696
7429 4 16697
7430 0 16688
7430 1 16689
7430 2 16706
7430 3 16698
7431 0 16692
7431 1 16707
7431 2 16694
7431 3 16698
7431 4 16695
7432 0 16688
7432 1 16693
7432 2 16708
7432 3 16696
7433 0 16688
7433 1 16707
7433 2 16694
7433 3 16698
7434 0 16688
7434 1 16689
7434 2 16691
7434 3 16696
7435 0 16721
7435 1 16689
7435 2 16694
7435 3 16696
7436 0 16688
7436 1 16707
7436 2 16704
7436 3 16698
7436 4 16695
7437 0 16688
7437 1 16689
7437 2 16710
7437 3 16698
7438 0 16688
7438 1 16693
7438 2 16726
7438 3 16723
7438 4 16697
7439 0 16688
7439 1 16689
7439 2 16716
7439 3 16696
7440 0 16688
7440 1 16689
7440 2 16708
7440 3 16690
7441 0 16712
7441 1 16689
7441 2 16708
7441 3 16690
7442 0 16688
7442 1 16689
7442 2 16694
7442 3 16690
7442 4 16695
7443 0 16688
7443 1 16700
7443 2 16718
7443 3 16696
7443 4 16695
7444 0 16688
7444 1 16707
7444 2 16694
7444 3 16723
7444 4 16697
7445 0 16688
7445 1 16700
7445 2 16708
7445 3 16709
7446 0 16688
7446 1 16707
7446 2 16716
7446 3 16709
7446 4 16695
7447 0 16692
7447 1 16707
7447 2 16694
7447 3 16698
7447 4 16695
7448 0 16688
7448 1 16689
7448 2 16694
7448 3 16709
7448 4 16697
7449 0 16688
7449 1 16689
7449 2 16708
7449 3 16690
7450 0 16688
7450 1 16707
7450 2 16694
7450 3 16709
7450 4 16697
7451 0 16688
7451 1 16693
7451 2 16718
7451 3 16698
7451 4 16697
7452 0 16688
7452 1 16700
7452 2 16694
7452 3 16723
7452 4 16695
7453 0 16688
7453 1 16689
7453 2 16708
7453 3 16696
7454 0 16688
7454 1 16693
7454 2 16703
7454 3 16690
7454 4 16695
7455 0 16688
7455 1 16707
7455 2 16694
7455 3 16696
7455 4 16697
7456 0 16688
7456 1 16707
7456 2 16704
7456 3 16698
7456 4 16695
7457 0 16692
7457 1 16689
7457 2 16716
7457 3 16709
7457 4 16695
7458 0 16688
7458 1 16707
7458 2 16694
7458 3 16709
7458 4 16695
7459 0 16688
7459 1 16700
7459 2 16703
7459 3 16690
7459 4 16697
7460 0 16688
7460 1 16707
7460 2 16716
7460 3 16709
7461 0 16688
7461 1 16700
7461 2 16704
7461 3 16696
7461 4 16695
7462 0 16688
7462 1 16689
7462 2 16708
7462 3 16723
7463 0 16688
7463 1 16707
7463 2 16694
7463 3 16690
7463 4 16697
7464 0 16688
7464 1 16693
7464 2 16718
7464 3 16698
7464 4 16697
7465 0 16688
7465 1 16700
7465 2 16708
7465 3 16723
7466 0 16688
7466 1 16707
7466 2 16694
7466 3 16698
7466 4 16697
7467 0 16688
7467 1 16693
7467 2 16716
7467 3 16698
7467 4 16697
7468 0 16721
7468 1 16707
7468 2 16694
7468 3 16709
7468 4 16695
7469 0 16688
7469 1 16707
7469 2 16718
7469 3 16698
7469 4 16695
7470 0 16711
7470 1 16707
7470 2 16694
7470 3 16696
7470 4 16695
7471 0 16715
7471 1 16707
7471 2 16716
7471 3 16690
7471 4 16695
7472 0 16712
7472 1 16707
7472 2 16694
7472 3 16696
7472 4 16697
7473 0 16721
7473 1 16689
7473 2 16710
7473 3 16723
7474 0 16688
7474 1 16707
7474 2 16694
7474 3 16709
7474 4 16697
7475 0 16688
7475 1 16693
7475 2 16708
7475 3 16696
7476 0 16688
7476 1 16689
7476 2 16716
7476 3 16698
7476 4 16695
7477 0 16688
7477 1 16693
7477 2 16716
7477 3 16696
7478 0 16688
7478 1 16689
7478 2 16716
7478 3 16696
7478 4 16695
7479 0 16688
7479 1 16693
7479 2 16704
7479 3 16709
7479 4 16697
7480 0 16688
7480 1 16693
7480 2 16694
7480 3 16698
7480 4 16695
7481 0 16688
7481 1 16693
7481 2 16704
7481 3 16696
7481 4 16697
7482 0 16688
7482 1 16693
7482 2 16716
7482 3 16696
7482 4 16697
7483 0 16688
7483 1 16693
7483 2 16716
7483 3 16698
7483 4 16697
7484 0 16688
7484 1 16700
7484 2 16718
7484 3 16698
7485 0 16688
7485 1 16693
7485 2 16718
7485 3 16690
7485 4 16695
7486 0 16688
7486 1 16700
7486 2 16708
7486 3 16723
7487 0 16688
7487 1 16693
7487 2 16718
7487 3 16696
7488 0 16688
7488 1 16689
7488 2 16708
7488 3 16696
7489 0 16688
7489 1 16689
7489 2 16708
7489 3 16709
7490 0 16688
7490 1 16689
7490 2 16708
7490 3 16696
7491 0 16688
7491 1 16689
7491 2 16706
7491 3 16723
7492 0 16688
7492 1 16693
7492 2 16716
7492 3 16690
7493 0 16688
7493 1 16693
7493 2 16694
7493 3 16698
7493 4 16697
7494 0 16688
7494 1 16700
7494 2 16718
7494 3 16696
7494 4 16695
7495 0 16688
7495 1 16693
7495 2 16718
7495 3 16698
7496 0 16688
7496 1 16693
7496 2 16694
7496 3 16709
7496 4 16695
7497 0 16688
7497 1 16700
7497 2 16708
7497 3 16698
7498 0 16688
7498 1 16693
7498 2 16716
7498 3 16698
7499 0 16692
7499 1 16707
7499 2 16694
7499 3 16696
7499 4 16697
7500 0 16688
7500 1 16707
7500 2 16694
7500 3 16696
7500 4 16697
7501 0 16688
7501 1 16689
7501 2 16708
7501 3 16698
7502 0 16688
7502 1 16707
7502 2 16694
7502 3 16696
7502 4 16695
7503 0 16688
7503 1 16689
7503 2 16708
7503 3 16690
7504 0 16692
7504 1 16707
7504 2 16694
7504 3 16698
7504 4 16697
7505 0 16688
7505 1 16689
7505 3 16698
7506 0 16688
7506 1 16707
7506 2 16694
7506 3 16698
7506 4 16695
7507 0 16688
7507 1 16689
7507 2 16727
7507 3 16698
7507 4 16695
7508 0 16688
7508 1 16707
7508 2 16694
7508 3 16698
7508 4 16695
7509 0 16702
7509 1 16689
7509 2 16703
7509 3 16696
7510 0 16721
7510 1 16693
7510 2 16716
7510 3 16696
7510 4 16695
7511 0 16721
7511 1 16689
7511 2 16716
7511 3 16698
7511 4 16697
7512 0 16721
7512 1 16707
7512 2 16694
7512 3 16696
7513 0 16721
7513 1 16700
7513 2 16716
7513 3 16690
7513 4 16695
7514 0 16721
7514 1 16700
7514 2 16694
7514 3 16698
7514 4 16695
7515 0 16721
7515 1 16693
7515 2 16716
7515 3 16690
7515 4 16697
7516 0 16721
7516 1 16693
7516 2 16699
7516 3 16690
7517 0 16721
7517 1 16693
7517 2 16716
7517 3 16709
7517 4 16695
7518 0 16721
7518 1 16707
7518 2 16704
7518 3 16698
7518 4 16695
7519 0 16721
7519 1 16700
7519 2 16703
7519 3 16690
7519 4 16695
7520 0 16721
7520 1 16700
7520 2 16718
7520 3 16690
7520 4 16695
7521 0 16721
7521 1 16707
7521 2 16716
7521 3 16690
7521 4 16697
7522 0 16721
7522 1 16693
7522 2 16718
7522 3 16690
7523 0 16721
7523 1 16693
7523 2 16706
7523 3 16696
7523 4 16695
7524 0 16721
7524 1 16707
7524 2 16694
7524 3 16698
7524 4 16697
7525 0 16721
7525 1 16693
7525 2 16706
7525 3 16698
7525 4 16697
7526 0 16721
7526 1 16689
7526 2 16703
7526 3 16696
7527 0 16721
7527 1 16693
7527 2 16716
7527 3 16723
7527 4 16697
7528 0 16721
7528 1 16693
7528 2 16716
7528 3 16690
7528 4 16697
7529 0 16721
7529 1 16693
7529 2 16703
7529 3 16709
7530 0 16721
7530 1 16693
7530 2 16716
7530 3 16690
7530 4 16697
7531 0 16721
7531 1 16689
7531 2 16718
7531 3 16690
7532 0 16721
7532 1 16707
7532 2 16704
7532 3 16696
7532 4 16697
7533 0 16721
7533 1 16693
7533 2 16703
7533 3 16698
7534 0 16721
7534 1 16689
7534 2 16718
7534 3 16696
7535 0 16721
7535 1 16693
7535 2 16716
7535 3 16698
7535 4 16697
7536 0 16721
7536 1 16689
7536 2 16718
7536 3 16696
7537 0 16721
7537 1 16693
7537 2 16716
7537 3 16723
7538 0 16721
7538 1 16689
7538 2 16708
7538 3 16698
7539 0 16721
7539 1 16689
7539 2 16716
7539 3 16723
7539 4 16695
7540 0 16721
7540 1 16689
7540 2 16716
7540 3 16723
7540 4 16697
7541 0 16721
7541 1 16700
7541 2 16716
7541 3 16709
7542 0 16721
7542 1 16689
7542 2 16708
7542 3 16698
7543 0 16721
7543 1 16700
7543 2 16708
7543 3 16709
7544 0 16721
7544 1 16693
7544 2 16694
7544 3 16698
7545 0 16721
7545 1 16689
7545 2 16691
7545 3 16723
7546 0 16721
7546 1 16700
7546 2 16716
7546 3 16698
7546 4 16695
7547 0 16713
7547 1 16693
7547 2 16718
7547 3 16698
7547 4 16695
7548 0 16721
7548 1 16693
7548 3 16723
7548 4 16695
7549 0 16721
7549 1 16689
7549 2 16716
7549 3 16723
7549 4 16697
7550 0 16721
7550 1 16700
7550 2 16708
7550 3 16723
7551 0 16721
7551 1 16693
7551 2 16716
7551 3 16690
7552 0 16721
7552 1 16693
7552 2 16718
7552 3 16698
7552 4 16697
7553 0 16721
7553 1 16689
7553 2 16703
7553 3 16696
7553 4 16695
7554 0 16721
7554 1 16693
7554 2 16716
7554 3 16690
7554 4 16695
7555 0 16721
7555 1 16693
7555 3 16696
7555 4 16697
7556 0 16717
7556 1 16693
7556 3 16696
7557 0 16717
7557 1 16693
7557 2 16703
7557 3 16698
7557 4 16697
7558 0 16721
7558 1 16693
7558 2 16716
7558 3 16709
7558 4 16697
7559 0 16721
7559 1 16689
7559 2 16716
7559 3 16709
7559 4 16697
7560 0 16721
7560 1 16707
7560 2 16716
7560 3 16696
7560 4 16695
7561 0 16717
7561 1 16693
7561 2 16718
7561 3 16690
7561 4 16695
7562 0 16721
7562 1 16689
7562 2 16708
7562 3 16696
7563 0 16721
7563 1 16689
7563 2 16703
7563 3 16696
7564 0 16721
7564 1 16693
7564 3 16709
7565 0 16721
7565 1 16689
7565 2 16708
7565 3 16698
7566 0 16721
7566 1 16707
7566 2 16716
7566 3 16698
7567 0 16721
7567 1 16693
7567 2 16716
7567 3 16709
7568 0 16713
7568 1 16689
7568 2 16716
7568 3 16690
7568 4 16695
7569 0 16721
7569 1 16689
7569 2 16694
7569 3 16709
7569 4 16695
7570 0 16731
7570 1 16693
7570 2 16716
7570 3 16696
7570 4 16695
7571 0 16713
7571 1 16689
7571 2 16716
7571 3 16696
7571 4 16695
7572 0 16721
7572 1 16707
7572 2 16703
7572 3 16698
7573 0 16721
7573 1 16693
7573 2 16716
7573 3 16698
7573 4 16695
7574 0 16721
7574 1 16693
7574 2 16703
7574 3 16698
7574 4 16695
7575 0 16721
7575 1 16700
7575 2 16716
7575 3 16698
7575 4 16695
7576 0 16721
7576 1 16707
7576 3 16696
7576 4 16695
7577 0 16721
7577 1 16693
7577 2 16691
7577 3 16698
7578 0 16713
7578 1 16689
7578 2 16694
7578 3 16696
7578 4 16695
7579 0 16713
7579 1 16693
7579 2 16716
7579 3 16690
7579 4 16697
7580 0 16717
7580 1 16689
7580 2 16704
7580 3 16698
7581 0 16713
7581 1 16693
7581 2 16718
7581 3 16723
7581 4 16695
7582 0 16713
7582 1 16693
7582 2 16716
7582 3 16690
7582 4 16697
7583 0 16721
7583 1 16693
7583 2 16694
7583 3 16696
7583 4 16695
7584 0 16717
7584 1 16693
7584 2 16718
7584 3 16698
7584 4 16695
7585 0 16717
7585 1 16693
7585 2 16716
7585 3 16696
7585 4 16697
7586 0 16717
7586 1 16693
7586 2 16718
7586 3 16690
7586 4 16697
7587 0 16721
7587 1 16693
7587 2 16716
7587 3 16696
7587 4 16697
7588 0 16721
7588 1 16689
7588 2 16708
7588 3 16709
7589 0 16717
7589 1 16700
7589 2 16716
7589 3 16690
7589 4 16695
7590 0 16713
7590 1 16700
7590 2 16716
7590 3 16690
7590 4 16695
7591 0 16721
7591 1 16707
7591 3 16698
7591 4 16697
7592 0 16688
7592 1 16693
7592 3 16698
7592 4 16695
7593 0 16688
7593 1 16700
7593 3 16698
7593 4 16695
7594 0 16721
7594 1 16707
7594 2 16718
7594 3 16698
7594 4 16695
7595 0 16721
7595 1 16693
7595 2 16716
7595 3 16698
7596 0 16721
7596 1 16693
7596 3 16698
7596 4 16697
7597 0 16721
7597 1 16689
7597 2 16691
7597 3 16723
7598 0 16721
7598 1 16689
7598 2 16708
7598 3 16709
7599 0 16721
7599 1 16693
7599 2 16716
7599 3 16690
7600 0 16713
7600 1 16689
7600 2 16691
7600 3 16698
7601 0 16721
7601 1 16689
7601 2 16708
7601 3 16696
7602 0 16721
7602 1 16689
7602 2 16691
7602 3 16698
7603 0 16717
7603 1 16689
7603 2 16694
7603 3 16723
7604 0 16717
7604 1 16693
7604 2 16716
7604 3 16696
7604 4 16695
7605 0 16717
7605 1 16693
7605 2 16694
7605 3 16696
7605 4 16695
7606 0 16721
7606 1 16700
7606 2 16708
7606 3 16723
7607 0 16717
7607 1 16693
7607 2 16716
7607 3 16698
7607 4 16695
7608 0 16721
7608 1 16693
7608 2 16718
7608 3 16709
7609 0 16721
7609 1 16700
7609 2 16718
7609 3 16709
7610 0 16702
7610 1 16693
7610 2 16703
7610 3 16690
7610 4 16695
7611 0 16721
7611 1 16693
7611 3 16690
7612 0 16721
7612 1 16689
7612 3 16698
7613 0 16702
7613 1 16693
7613 2 16703
7613 3 16696
7613 4 16695
7614 0 16721
7614 1 16707
7614 2 16716
7614 3 16690
7614 4 16728
7615 0 16713
7615 1 16693
7615 2 16703
7615 3 16698
7615 4 16695
7616 0 16717
7616 1 16689
7616 3 16709
7616 4 16697
7617 0 16721
7617 1 16707
7617 2 16718
7617 3 16698
7617 4 16695
7618 0 16713
7618 1 16689
7618 2 16694
7618 3 16698
7618 4 16697
7619 0 16721
7619 1 16693
7619 2 16694
7619 3 16690
7619 4 16695
7620 0 16721
7620 1 16689
7620 2 16708
7620 3 16709
7621 0 16721
7621 1 16700
7621 3 16690
7621 4 16695
7622 0 16717
7622 1 16693
7622 3 16690
7622 4 16695
7623 0 16717
7623 1 16700
7623 2 16703
7623 3 16696
7623 4 16697
7624 0 16721
7624 1 16689
7624 2 16708
7624 3 16698
7625 0 16721
7625 1 16689
7625 2 16691
7625 3 16698
7626 0 16717
7626 1 16707
7626 2 16694
7626 3 16690
7626 4 16697
7627 0 16713
7627 1 16689
7627 2 16704
7627 3 16709
7627 4 16695
7628 0 16717
7628 1 16693
7628 2 16718
7628 3 16698
7628 4 16695
7629 0 16721
7629 1 16693
7629 2 16716
7629 3 16698
7629 4 16697
7630 0 16717
7630 1 16693
7630 2 16716
7630 3 16696
7631 0 16713
7631 1 16689
7631 2 16694
7631 3 16709
7631 4 16695
7632 0 16717
7632 1 16693
7632 2 16716
7632 3 16690
7632 4 16695
7633 0 16717
7633 1 16689
7633 2 16718
7633 3 16698
7634 0 16717
7634 1 16689
7634 2 16708
7634 3 16698
7635 0 16721
7635 1 16689
7635 3 16698
7636 0 16717
7636 1 16693
7636 2 16694
7636 3 16690
7636 4 16695
7637 0 16717
7637 1 16707
7637 2 16716
7637 3 16698
7637 4 16695
7638 0 16721
7638 1 16707
7638 2 16694
7638 3 16698
7639 0 16717
7639 1 16689
7639 2 16716
7639 3 16690
7639 4 16695
7640 0 16717
7640 1 16693
7640 2 16716
7640 3 16698
7641 0 16717
7641 1 16700
7641 2 16703
7641 3 16696
7641 4 16695
7642 0 16713
7642 1 16693
7642 3 16690
7642 4 16697
7643 0 16721
7643 1 16707
7643 2 16716
7643 3 16698
7644 0 16721
7644 1 16707
7644 2 16716
7644 3 16698
7645 0 16721
7645 1 16693
7645 3 16709
7646 0 16721
7646 1 16693
7646 2 16703
7646 3 16690
7646 4 16697
7647 0 16721
7647 1 16693
7647 2 16691
7647 3 16698
7648 0 16713
7648 1 16689
7648 3 16690
7648 4 16697
7649 0 16721
7649 1 16689
7649 2 16699
7649 3 16690
7649 4 16695
7650 0 16717
7650 1 16693
7650 2 16716
7650 3 16690
7650 4 16695
7651 0 16713
7651 1 16689
7651 2 16694
7651 3 16723
7651 4 16695
7652 0 16713
7652 1 16689
7652 2 16718
7652 3 16696
7652 4 16697
7653 0 16717
7653 1 16707
7653 2 16716
7653 3 16698
7653 4 16697
7654 0 16713
7654 1 16693
7654 2 16716
7654 3 16698
7655 0 16721
7655 1 16700
7655 2 16708
7655 3 16709
7656 0 16717
7656 1 16700
7656 2 16703
7656 3 16723
7657 0 16721
7657 1 16707
7657 2 16716
7657 3 16698
7657 4 16695
7658 0 16717
7658 1 16693
7658 3 16696
7658 4 16697
7659 0 16721
7659 1 16693
7659 2 16716
7659 3 16696
7659 4 16697
7660 0 16713
7660 1 16693
7660 2 16718
7660 3 16698
7660 4 16695
7661 0 16717
7661 1 16693
7661 2 16716
7661 3 16696
7661 4 16697
7662 0 16717
7662 1 16689
7662 3 16690
7662 4 16695
7663 0 16717
7663 1 16693
7663 2 16716
7663 3 16696
7663 4 16695
7664 0 16713
7664 1 16689
7664 2 16718
7664 3 16709
7664 4 16695
7665 0 16717
7665 1 16693
7665 3 16690
7665 4 16695
7666 0 16717
7666 1 16693
7666 2 16716
7666 3 16690
7666 4 16695
7667 0 16713
7667 1 16693
7667 2 16716
7667 3 16690
7667 4 16695
7668 0 16713
7668 1 16707
7668 2 16716
7668 3 16698
7669 0 16731
7669 1 16693
7669 3 16709
7669 4 16695
7670 0 16721
7670 1 16689
7670 2 16718
7670 3 16696
7670 4 16695
7671 0 16717
7671 1 16693
7671 3 16709
7671 4 16695
7672 0 16717
7672 1 16689
7672 3 16696
7672 4 16695
7673 0 16717
7673 1 16689
7673 2 16704
7673 3 16696
7673 4 16697
7674 0 16721
7674 1 16707
7674 2 16716
7674 3 16698
7675 0 16713
7675 1 16689
7675 2 16716
7675 3 16696
7676 0 16721
7676 1 16689
7676 2 16694
7676 3 16696
7676 4 16697
7677 0 16713
7677 1 16693
7677 2 16716
7677 3 16698
7677 4 16695
7678 0 16717
7678 1 16689
7678 2 16694
7678 3 16696
7678 4 16695
7679 0 16713
7679 1 16693
7679 3 16696
7679 4 16695
7680 0 16717
7680 1 16689
7680 2 16694
7680 3 16709
7680 4 16697
7681 0 16717
7681 1 16689
7681 2 16716
7681 3 16696
7681 4 16697
7682 0 16721
7682 1 16693
7682 2 16716
7682 3 16696
7682 4 16695
7683 0 16713
7683 1 16689
7683 2 16716
7683 3 16696
7684 0 16721
7684 1 16693
7684 2 16716
7684 3 16696
7684 4 16697
7685 0 16721
7685 1 16693
7685 2 16694
7685 3 16698
7685 4 16697
7686 0 16713
7686 1 16689
7686 3 16709
7686 4 16697
7687 0 16717
7687 1 16693
7687 3 16690
7687 4 16697
7688 0 16717
7688 1 16693
7688 2 16718
7688 3 16690
7688 4 16695
7689 0 16721
7689 1 16707
7689 2 16716
7689 3 16698
7690 0 16721
7690 1 16689
7690 2 16718
7690 3 16696
7691 0 16721
7691 1 16693
7691 2 16716
7691 3 16723
7692 0 16713
7692 1 16689
7692 2 16716
7692 3 16696
7692 4 16695
7693 0 16731
7693 1 16707
7693 2 16694
7693 3 16698
7693 4 16697
7694 0 16721
7694 1 16693
7694 2 16716
7694 3 16698
7695 0 16721
7695 1 16693
7695 3 16690
7695 4 16695
7696 0 16721
7696 1 16700
7696 2 16716
7696 3 16698
7696 4 16697
7697 0 16721
7697 1 16689
7697 2 16708
7697 3 16723
7698 0 16721
7698 1 16693
7698 2 16716
7698 3 16698
7698 4 16695
7699 0 16731
7699 1 16689
7699 2 16716
7699 3 16709
7700 0 16717
7700 1 16693
7700 2 16716
7700 3 16698
7701 0 16721
7701 1 16693
7701 2 16716
7701 3 16696
7701 4 16695
7702 0 16721
7702 1 16693
7702 2 16718
7702 3 16696
7703 0 16721
7703 1 16693
7703 2 16716
7703 3 16690
7704 0 16721
7704 1 16693
7704 2 16716
7704 3 16698
7704 4 16695
7705 0 16721
7705 1 16693
7705 2 16694
7705 3 16723
7706 0 16721
7706 1 16693
7706 2 16694
7706 3 16690
7707 0 16713
7707 1 16689
7707 2 16708
7707 3 16698
7708 0 16721
7708 1 16689
7708 2 16708
7708 3 16698
7709 0 16721
7709 1 16693
7709 2 16716
7709 3 16698
7709 4 16695
7710 0 16721
7710 1 16693
7710 2 16716
7710 3 16690
7710 4 16695
7711 0 16713
7711 1 16689
7711 2 16716
7711 3 16698
7711 4 16697
7712 0 16721
7712 1 16689
7712 2 16708
7712 3 16698
7713 0 16713
7713 1 16700
7713 2 16716
7713 3 16698
7714 0 16721
7714 1 16689
7714 2 16708
7714 3 16698
7715 0 16721
7715 1 16707
7715 2 16716
7715 3 16690
7715 4 16697
7716 0 16713
7716 1 16693
7716 2 16716
7716 3 16690
7716 4 16695
7717 0 16713
7717 1 16689
7717 2 16716
7717 3 16698
7717 4 16697
7718 0 16721
7718 1 16707
7718 2 16716
7718 3 16698
7718 4 16697
7719 0 16713
7719 1 16689
7719 2 16727
7719 3 16690
7719 4 16695
7720 0 16719
7720 1 16707
7720 2 16694
7720 3 16698
7720 4 16697
7721 0 16713
7721 1 16693
7721 2 16694
7721 3 16690
7721 4 16697
7722 0 16713
7722 1 16693
7722 3 16698
7722 4 16695
7723 0 16721
7723 1 16693
7723 2 16716
7723 3 16698
7723 4 16695
7724 0 16721
7724 1 16700
7724 2 16718
7724 3 16698
7724 4 16695
7725 0 16713
7725 1 16689
7725 2 16708
7725 3 16698
7726 0 16713
7726 1 16693
7726 2 16691
7726 3 16696
7726 4 16695
7727 0 16721
7727 1 16693
7727 2 16716
7727 3 16698
7728 0 16721
7728 1 16689
7728 2 16708
7728 3 16698
7729 0 16721
7729 1 16689
7729 2 16718
7729 3 16696
7730 0 16721
7730 1 16700
7730 3 16698
7731 0 16721
7731 1 16700
7731 3 16696
7731 4 16695
7732 0 16692
7732 1 16693
7732 2 16703
7732 3 16690
7732 4 16695
7733 0 16721
7733 1 16693
7733 2 16691
7733 3 16698
7734 0 16721
7734 1 16693
7734 2 16703
7734 3 16698
7734 4 16697
7735 0 16713
7735 1 16689
7735 3 16698
7736 0 16721
7736 1 16693
7736 2 16716
7736 3 16698
7736 4 16695
7737 0 16713
7737 1 16693
7737 2 16718
7737 3 16690
7738 0 16721
7738 1 16700
7738 2 16716
7738 3 16698
7738 4 16695
7739 0 16713
7739 1 16689
7739 3 16698
7739 4 16695
7740 0 16713
7740 1 16689
7740 2 16716
7740 3 16690
7741 0 16721
7741 1 16693
7741 2 16716
7741 3 16690
7741 4 16697
7742 0 16713
7742 1 16693
7742 2 16694
7742 3 16698
7742 4 16695
7743 0 16731
7743 1 16693
7743 2 16718
7743 3 16696
7743 4 16695
7744 0 16721
7744 1 16693
7744 2 16716
7744 3 16698
7744 4 16697
7745 0 16731
7745 1 16693
7745 2 16716
7745 3 16698
7745 4 16697
7746 0 16721
7746 1 16693
7746 2 16718
7746 3 16698
7747 0 16721
7747 1 16707
7747 2 16716
7747 3 16698
7747 4 16697
7748 0 16721
7748 1 16693
7748 2 16716
7748 3 16698
7748 4 16697
7749 0 16721
7749 1 16689
7749 3 16698
7749 4 16697
7750 0 16721
7750 1 16689
7750 3 16690
7750 4 16695
7751 0 16721
7751 1 16707
7751 2 16716
7751 3 16698
7751 4 16697
7752 0 16721
7752 1 16707
7752 2 16716
7752 3 16698
7752 4 16695
7753 0 16713
7753 1 16693
7753 2 16694
7753 3 16690
7753 4 16697
7754 0 16713
7754 1 16689
7754 2 16716
7754 3 16698
7754 4 16697
7755 0 16721
7755 1 16707
7755 2 16727
7755 3 16698
7755 4 16697
7756 0 16713
7756 1 16689
7756 2 16708
7756 3 16698
7757 0 16721
7757 1 16700
7757 2 16716
7757 3 16690
7757 4 16697
7758 0 16721
7758 1 16707
7758 3 16698
7758 4 16697
7759 0 16721
7759 1 16693
7759 2 16716
7759 3 16698
7760 0 16721
7760 1 16689
7760 3 16690
7761 0 16713
7761 1 16693
7761 2 16716
7761 3 16698
7761 4 16695
7762 0 16721
7762 1 16689
7762 2 16708
7762 3 16698
7763 0 16721
7763 1 16693
7763 2 16716
7763 3 16698
7764 0 16721
7764 1 16707
7764 2 16716
7764 3 16696
7764 4 16695
7765 0 16721
7765 1 16707
7765 2 16716
7765 3 16698
7765 4 16697
7766 0 16721
7766 1 16700
7766 2 16718
7766 3 16698
7767 0 16713
7767 1 16689
7767 2 16694
7767 3 16698
7767 4 16695
7768 0 16721
7768 1 16693
7768 2 16716
7768 3 16696
7769 0 16721
7769 1 16689
7769 2 16708
7769 3 16696
7770 0 16721
7770 1 16689
7770 2 16718
7770 3 16696
7770 4 16695
7771 0 16721
7771 1 16689
7771 2 16708
7771 3 16723
7772 0 16721
7772 1 16693
7772 2 16716
7772 3 16690
7772 4 16695
7773 0 16721
7773 1 16693
7773 2 16716
7773 3 16698
7774 0 16721
7774 1 16689
7774 2 16691
7774 3 16709
7775 0 16721
7775 1 16693
7775 2 16716
7775 3 16698
7775 4 16695
7776 0 16713
7776 1 16689
7776 2 16716
7776 3 16698
7776 4 16695
7777 0 16721
7777 1 16693
7777 2 16716
7777 3 16690
7777 4 16695
7778 0 16721
7778 1 16693
7778 2 16716
7778 3 16698
7778 4 16695
7779 0 16721
7779 1 16693
7779 2 16718
7779 3 16698
7779 4 16695
7780 0 16721
7780 1 16693
7780 2 16716
7780 3 16698
7780 4 16695
7781 0 16713
7781 1 16693
7781 3 16698
7781 4 16697
7782 0 16713
7782 1 16707
7782 2 16716
7782 3 16698
7782 4 16697
7783 0 16713
7783 1 16693
7783 2 16716
7783 3 16709
7783 4 16697
7784 0 16713
7784 1 16693
7784 2 16716
7784 3 16709
7784 4 16695
7785 0 16713
7785 1 16693
7785 2 16716
7785 3 16698
7785 4 16695
7786 0 16713
7786 1 16689
7786 2 16716
7786 3 16698
7786 4 16695
7787 0 16721
7787 1 16700
7787 2 16708
7787 3 16723
7788 0 16721
7788 1 16700
7788 3 16690
7789 0 16721
7789 1 16689
7789 3 16698
7790 0 16721
7790 1 16693
7790 2 16716
7790 3 16698
7791 0 16721
7791 1 16689
7791 2 16708
7791 3 16690
7792 0 16721
7792 1 16707
7792 2 16694
7792 3 16690
7792 4 16695
7793 0 16713
7793 1 16689
7793 2 16694
7793 3 16709
7793 4 16695
7794 0 16721
7794 1 16700
7794 2 16718
7794 3 16709
7795 0 16721
7795 1 16707
7795 2 16694
7795 3 16698
7795 4 16695
7796 0 16721
7796 1 16689
7796 2 16716
7796 3 16696
7796 4 16695
7797 0 16721
7797 1 16700
7797 2 16716
7797 3 16698
7798 0 16712
7798 1 16707
7798 2 16716
7798 3 16698
7798 4 16695
7799 0 16721
7799 1 16707
7799 2 16694
7799 3 16709
7799 4 16695
7800 0 16721
7800 1 16693
7800 2 16716
7800 3 16698
7800 4 16697
7801 0 16721
7801 1 16693
7801 2 16716
7801 3 16696
7802 0 16721
7802 1 16700
7802 2 16718
7802 3 16690
7803 0 16721
7803 1 16689
7803 2 16708
7803 3 16709
7804 0 16721
7804 1 16693
7804 2 16716
7804 3 16690
7804 4 16695
7805 0 16721
7805 1 16707
7805 2 16716
7805 3 16690
7805 4 16695
7806 0 16721
7806 1 16689
7806 2 16716
7806 3 16690
7807 0 16721
7807 1 16700
7807 2 16708
7807 3 16709
7808 0 16721
7808 1 16693
7808 2 16716
7808 3 16698
7808 4 16697
7809 0 16721
7809 1 16689
7809 2 16691
7809 3 16698
7810 0 16721
7810 1 16700
7810 2 16718
7810 3 16723
7811 0 16721
7811 1 16707
7811 2 16716
7811 3 16698
7811 4 16728
7812 0 16721
7812 1 16707
7812 2 16716
7812 3 16698
7812 4 16697
7813 0 16713
7813 1 16693
7813 2 16718
7813 3 16698
7814 0 16721
7814 1 16689
7814 2 16708
7814 3 16723
7815 0 16717
7815 1 16693
7815 2 16694
7815 3 16696
7815 4 16697
7816 0 16721
7816 1 16689
7816 3 16696
7817 0 16721
7817 1 16693
7817 2 16694
7817 3 16698
7817 4 16697
7818 0 16721
7818 1 16707
7818 2 16694
7818 3 16698
7818 4 16695
7819 0 16721
7819 1 16693
7819 2 16716
7819 3 16709
7820 0 16721
7820 1 16689
7820 2 16716
7820 3 16690
7820 4 16695
7821 0 16721
7821 1 16693
7821 2 16716
7821 3 16696
7822 0 16721
7822 1 16707
7822 2 16716
7822 3 16696
7822 4 16695
7823 0 16717
7823 1 16693
7823 2 16716
7823 3 16723
7823 4 16695
7824 0 16721
7824 1 16707
7824 2 16716
7824 3 16696
7824 4 16695
7825 0 16721
7825 1 16689
7825 3 16698
7825 4 16695
7826 0 16721
7826 1 16693
7826 2 16691
7826 3 16698
7827 0 16721
7827 1 16693
7827 2 16703
7827 3 16709
7828 0 16721
7828 1 16700
7828 2 16708
7828 3 16696
7829 0 16721
7829 1 16707
7829 2 16694
7829 3 16698
7829 4 16695
7830 0 16721
7830 1 16700
7830 2 16708
7830 3 16723
7831 0 16721
7831 1 16693
7831 2 16694
7831 3 16696
7831 4 16695
7832 0 16713
7832 1 16689
7832 2 16694
7832 3 16696
7833 0 16721
7833 1 16689
7833 2 16716
7833 3 16696
7833 4 16695
7834 0 16721
7834 1 16693
7834 2 16706
7834 3 16696
7834 4 16695
7835 0 16721
7835 1 16689
7835 3 16690
7835 4 16697
7836 0 16721
7836 1 16707
7836 2 16716
7836 3 16690
7836 4 16695
7837 0 16721
7837 1 16707
7837 2 16716
7837 3 16698
7837 4 16695
7838 0 16721
7838 1 16693
7838 2 16716
7838 3 16698
7838 4 16697
7839 0 16721
7839 1 16707
7839 2 16716
7839 3 16696
7839 4 16695
7840 0 16721
7840 1 16707
7840 2 16694
7840 3 16698
7840 4 16695
7841 0 16721
7841 1 16707
7841 2 16716
7841 3 16698
7841 4 16695
7842 0 16721
7842 1 16700
7842 2 16718
7842 3 16696
7843 0 16721
7843 1 16689
7843 3 16690
7844 0 16721
7844 1 16707
7844 2 16716
7844 3 16698
7844 4 16695
7845 0 16713
7845 1 16693
7845 2 16716
7845 3 16696
7846 0 16721
7846 1 16707
7846 2 16716
7846 3 16698
7846 4 16697
7847 0 16702
7847 1 16689
7847 2 16703
7847 3 16698
7847 4 16695
7848 0 16721
7848 1 16707
7848 2 16718
7848 3 16698
7848 4 16695
7849 0 16713
7849 1 16693
7849 2 16691
7849 3 16698
7850 0 16721
7850 1 16689
7850 2 16691
7850 3 16723
7851 0 16721
7851 1 16689
7851 2 16716
7851 3 16696
7852 0 16721
7852 1 16689
7852 2 16691
7852 3 16690
7853 0 16721
7853 1 16689
7853 2 16708
7853 3 16709
7854 0 16721
7854 1 16700
7854 2 16708
7854 3 16723
7855 0 16721
7855 1 16689
7855 2 16691
7855 3 16709
7856 0 16721
7856 1 16700
7856 2 16708
7856 3 16723
7857 0 16721
7857 1 16689
7857 2 16708
7857 3 16723
7858 0 16713
7858 1 16689
7858 2 16708
7858 3 16709
7859 0 16721
7859 1 16700
7859 2 16708
7859 3 16723
7860 0 16721
7860 1 16689
7860 2 16708
7860 3 16696
7861 0 16721
7861 1 16689
7861 2 16718
7861 3 16690
7862 0 16713
7862 1 16689
7862 2 16708
7862 3 16696
7863 0 16721
7863 1 16693
7863 2 16694
7863 3 16690
7864 0 16713
7864 1 16689
7864 2 16716
7864 3 16696
7864 4 16697
7865 0 16721
7865 1 16689
7865 2 16716
7865 3 16709
7865 4 16697
7866 0 16721
7866 1 16700
7866 2 16718
7866 3 16709
7866 4 16697
7867 0 16721
7867 1 16707
7867 2 16716
7867 3 16698
7867 4 16695
7868 0 16721
7868 1 16689
7868 2 16694
7868 3 16709
7868 4 16695
7869 0 16721
7869 1 16689
7869 2 16708
7869 3 16690
7870 0 16721
7870 1 16693
7870 2 16727
7870 3 16698
7870 4 16695
7871 0 16721
7871 1 16693
7871 2 16716
7871 3 16698
7871 4 16695
7872 0 16721
7872 1 16700
7872 2 16718
7872 3 16698
7873 0 16721
7873 1 16700
7873 2 16708
7873 3 16696
7874 0 16721
7874 1 16707
7874 2 16694
7874 3 16696
7874 4 16695
7875 0 16721
7875 1 16689
7875 2 16716
7875 3 16709
7875 4 16695
7876 0 16721
7876 1 16707
7876 3 16696
7876 4 16695
7877 0 16721
7877 1 16693
7877 2 16716
7877 3 16698
7878 0 16713
7878 1 16689
7878 2 16716
7878 3 16698
7878 4 16695
7879 0 16721
7879 1 16689
7879 2 16716
7879 3 16696
7879 4 16695
7880 0 16713
7880 1 16693
7880 2 16716
7880 3 16698
7880 4 16695
7881 0 16713
7881 1 16707
7881 2 16694
7881 3 16698
7881 4 16695
7882 0 16721
7882 1 16700
7882 3 16723
7882 4 16695
7883 0 16721
7883 1 16700
7883 2 16716
7883 3 16723
7883 4 16695
7884 0 16721
7884 1 16700
7884 2 16708
7884 3 16723
7885 0 16721
7885 1 16693
7885 2 16716
7885 3 16696
7885 4 16695
7886 0 16721
7886 1 16707
7886 2 16716
7886 3 16698
7886 4 16697
7887 0 16721
7887 1 16700
7887 2 16708
7887 3 16696
7888 0 16713
7888 1 16689
7888 2 16716
7888 3 16696
7888 4 16695
7889 0 16721
7889 1 16700
7889 2 16708
7889 3 16723
7890 0 16721
7890 1 16693
7890 2 16699
7890 3 16696
7890 4 16695
7891 0 16721
7891 1 16707
7891 2 16716
7891 3 16709
7891 4 16695
7892 0 16721
7892 1 16689
7892 2 16708
7892 3 16723
7893 0 16721
7893 1 16689
7893 2 16716
7893 3 16698
7893 4 16695
7894 0 16721
7894 1 16693
7894 2 16716
7894 3 16696
7894 4 16695
7895 0 16721
7895 1 16689
7895 2 16708
7895 3 16709
7896 0 16721
7896 1 16689
7896 2 16716
7896 3 16698
7896 4 16697
7897 0 16721
7897 1 16707
7897 2 16716
7897 3 16698
7897 4 16695
7898 0 16721
7898 1 16693
7898 2 16718
7898 3 16696
7898 4 16697
7899 0 16721
7899 1 16689
7899 2 16708
7899 3 16723
7900 0 16721
7900 1 16707
7900 2 16718
7900 3 16698
7900 4 16697
7901 0 16713
7901 1 16693
7901 2 16708
7901 3 16709
7902 0 16721
7902 1 16693
7902 2 16718
7902 3 16698
7902 4 16697
7903 0 16721
7903 1 16689
7903 2 16718
7903 3 16698
7904 0 16713
7904 1 16707
7904 2 16716
7904 3 16698
7904 4 16695
7905 0 16721
7905 1 16693
7905 3 16698
7906 0 16717
7906 1 16693
7906 2 16716
7906 3 16696
7907 0 16717
7907 1 16693
7907 2 16708
7907 3 16709
7908 0 16713
7908 1 16693
7908 2 16718
7908 3 16723
7908 4 16697
7909 0 16721
7909 1 16693
7909 2 16694
7909 3 16698
7910 0 16721
7910 1 16689
7910 3 16690
7911 0 16721
7911 1 16689
7911 2 16694
7911 3 16696
7912 0 16721
7912 1 16707
7912 2 16716
7912 3 16690
7912 4 16695
7913 0 16721
7913 1 16689
7913 2 16691
7913 3 16696
7913 4 16695
7914 0 16713
7914 1 16689
7914 3 16696
7915 0 16721
7915 1 16693
7915 2 16691
7915 3 16696
7916 0 16721
7916 1 16689
7916 2 16694
7916 3 16698
7917 0 16721
7917 1 16693
7917 2 16716
7917 3 16696
7917 4 16695
7918 0 16721
7918 1 16700
7918 2 16703
7918 3 16690
7919 0 16721
7919 1 16693
7919 2 16716
7919 3 16696
7919 4 16695
7920 0 16721
7920 1 16707
7920 2 16694
7920 3 16698
7921 0 16721
7921 1 16689
7921 2 16716
7921 3 16696
7921 4 16697
7922 0 16721
7922 1 16707
7922 2 16718
7922 3 16698
7922 4 16695
7923 0 16731
7923 1 16707
7923 2 16716
7923 3 16709
7923 4 16697
7924 0 16721
7924 1 16700
7924 2 16716
7924 3 16698
7924 4 16695
7925 0 16721
7925 1 16693
7925 2 16716
7925 3 16696
7925 4 16697
7926 0 16721
7926 1 16707
7926 2 16694
7926 3 16698
7926 4 16697
7927 0 16713
7927 1 16700
7927 2 16694
7927 3 16690
7927 4 16695
7928 0 16721
7928 1 16707
7928 2 16694
7928 3 16696
7928 4 16695
7929 0 16713
7929 1 16693
7929 3 16698
7930 0 16721
7930 1 16693
7930 2 16716
7930 3 16696
7930 4 16695
7931 0 16721
7931 1 16700
7931 3 16709
7932 0 16721
7932 1 16693
7932 2 16716
7932 3 16698
7932 4 16695
7933 0 16721
7933 1 16693
7933 2 16716
7933 3 16698
7934 0 16721
7934 1 16693
7934 2 16718
7934 3 16698
7935 0 16715
7935 1 16693
7935 2 16694
7935 3 16696
7935 4 16697
7936 0 16721
7936 1 16693
7936 2 16716
7936 3 16723
7936 4 16697
7937 0 16721
7937 1 16707
7937 2 16716
7937 3 16698
7937 4 16695
7938 0 16721
7938 1 16689
7938 2 16708
7938 3 16723
7939 0 16721
7939 1 16707
7939 2 16694
7939 3 16709
7939 4 16695
7940 0 16721
7940 1 16689
7940 2 16708
7940 3 16723
7941 0 16721
7941 1 16700
7941 2 16716
7941 3 16698
7941 4 16695
7942 0 16731
7942 1 16689
7942 3 16723
7943 0 16721
7943 1 16689
7943 3 16723
7944 0 16731
7944 1 16693
7944 2 16716
7944 3 16709
7944 4 16695
7945 0 16731
7945 1 16693
7945 2 16716
7945 3 16698
7945 4 16695
7946 0 16731
7946 1 16700
7946 2 16718
7946 3 16698
7947 0 16731
7947 1 16693
7947 2 16716
7947 3 16696
7947 4 16695
7948 0 16731
7948 1 16693
7948 2 16716
7948 3 16723
7948 4 16695
7949 0 16721
7949 1 16693
7949 2 16716
7949 3 16696
7949 4 16695
7950 0 16721
7950 1 16689
7950 2 16716
7950 3 16698
7951 0 16721
7951 1 16689
7951 2 16716
7951 3 16696
7951 4 16695
7952 0 16721
7952 1 16700
7952 2 16708
7952 3 16723
7953 0 16721
7953 1 16693
7953 3 16698
7953 4 16695
7954 0 16721
7954 1 16689
7954 2 16718
7954 3 16709
7955 0 16721
7955 1 16707
7955 2 16718
7955 3 16709
7955 4 16695
7956 0 16713
7956 1 16689
7956 2 16708
7956 3 16709
7957 0 16713
7957 1 16693
7957 2 16716
7957 3 16698
7957 4 16695
7958 0 16721
7958 1 16700
7958 2 16708
7958 3 16709
7959 0 16721
7959 1 16700
7959 2 16708
7959 3 16723
7960 0 16721
7960 1 16700
7960 2 16708
7960 3 16723
7961 0 16721
7961 1 16693
7961 2 16716
7961 3 16698
7961 4 16697
7962 0 16721
7962 1 16707
7962 2 16716
7962 3 16698
7962 4 16697
7963 0 16721
7963 1 16707
7963 2 16716
7963 3 16698
7964 0 16713
7964 1 16689
7964 2 16694
7964 3 16698
7965 0 16713
7965 1 16689
7965 2 16694
7965 3 16690
7965 4 16695
7966 0 16721
7966 1 16707
7966 2 16716
7966 3 16698
7966 4 16695
7967 0 16721
7967 1 16707
7967 2 16694
7967 3 16690
7967 4 16695
7968 0 16713
7968 1 16689
7968 2 16716
7968 3 16698
7969 0 16713
7969 1 16689
7969 2 16708
7969 3 16696
7970 0 16721
7970 1 16707
7970 2 16716
7970 3 16696
7971 0 16731
7971 1 16707
7971 2 16694
7971 3 16696
7972 0 16713
7972 1 16689
7972 2 16694
7972 3 16696
7972 4 16697
7973 0 16721
7973 1 16707
7973 2 16694
7973 3 16696
7973 4 16695
7974 0 16713
7974 1 16693
7974 2 16716
7974 3 16698
7975 0 16713
7975 1 16693
7975 2 16716
7975 3 16698
7975 4 16695
7976 0 16721
7976 1 16689
7976 2 16716
7976 3 16698
7976 4 16697
7977 0 16721
7977 1 16693
7977 2 16716
7977 3 16698
7977 4 16695
7978 0 16721
7978 1 16693
7978 2 16716
7978 3 16690
7979 0 16721
7979 1 16707
7979 3 16698
7980 0 16715
7980 1 16700
7980 2 16716
7980 3 16696
7980 4 16697
7981 0 16721
7981 1 16707
7981 2 16716
7981 3 16698
7981 4 16695
7982 0 16721
7982 1 16700
7982 2 16716
7982 3 16696
7982 4 16697
7983 0 16721
7983 1 16707
7983 2 16716
7983 3 16698
7983 4 16695
7984 0 16721
7984 1 16707
7984 2 16716
7984 3 16698
7984 4 16695
7985 0 16721
7985 1 16693
7985 3 16696
7985 4 16695
7986 0 16721
7986 1 16693
7986 2 16718
7986 3 16698
7986 4 16695
7987 0 16721
7987 1 16700
7987 2 16703
7987 3 16709
7988 0 16731
7988 1 16689
7988 2 16708
7988 3 16723
7989 0 16721
7989 1 16693
7989 2 16699
7989 3 16698
7989 4 16695
7990 0 16721
7990 1 16689
7990 2 16708
7990 3 16696
7991 0 16721
7991 1 16693
7991 2 16716
7991 3 16698
7991 4 16695
7992 0 16721
7992 1 16689
7992 2 16708
7992 3 16696
7993 0 16721
7993 1 16707
7993 2 16716
7993 3 16698
7993 4 16695
7994 0 16721
7994 1 16707
7994 2 16694
7994 3 16696
7994 4 16695
7995 0 16721
7995 1 16707
7995 2 16716
7995 3 16698
7995 4 16697
7996 0 16721
7996 1 16707
7996 2 16694
7996 3 16698
7996 4 16695
7997 0 16721
7997 1 16693
7997 3 16696
7998 0 16721
7998 1 16689
7998 2 16727
7998 3 16698
7998 4 16695
7999 0 16721
7999 1 16693
7999 2 16716
7999 3 16709
7999 4 16695
8000 0 16717
8000 1 16700
8000 2 16703
8000 3 16698
8000 4 16695
8001 0 16721
8001 1 16700
8001 3 16698
8001 4 16695
8002 0 16721
8002 1 16700
8002 2 16703
8002 3 16696
8002 4 16695
8003 0 16721
8003 1 16707
8003 2 16694
8003 3 16709
8003 4 16697
8004 0 16721
8004 1 16693
8004 2 16716
8004 3 16696
8004 4 16695
8005 0 16721
8005 1 16700
8005 3 16696
8005 4 16695
8006 0 16721
8006 1 16693
8006 2 16694
8006 3 16698
8006 4 16695
8007 0 16721
8007 1 16689
8007 2 16716
8007 3 16696
8007 4 16695
8008 0 16717
8008 1 16693
8008 2 16716
8008 3 16690
8009 0 16717
8009 1 16689
8009 2 16703
8009 3 16698
8009 4 16695
8010 0 16721
8010 1 16689
8010 2 16716
8010 3 16696
8010 4 16695
8011 0 16721
8011 1 16700
8011 2 16716
8011 3 16698
8011 4 16695
8012 0 16721
8012 1 16693
8012 2 16716
8012 3 16696
8012 4 16697
8013 0 16719
8013 1 16693
8013 2 16716
8013 3 16698
8013 4 16697
8014 0 16721
8014 1 16693
8014 3 16698
8015 0 16721
8015 1 16707
8015 2 16716
8015 3 16696
8016 0 16721
8016 1 16689
8016 2 16699
8016 3 16690
8016 4 16695
8017 0 16721
8017 1 16707
8017 2 16694
8017 3 16690
8017 4 16697
8018 0 16721
8018 1 16689
8018 2 16708
8018 3 16696
8019 0 16721
8019 1 16707
8019 2 16699
8019 3 16698
8020 0 16721
8020 1 16693
8020 2 16699
8020 3 16690
8020 4 16695
8021 0 16721
8021 1 16689
8021 2 16716
8021 3 16696
8021 4 16695
8022 0 16713
8022 1 16707
8022 3 16698
8022 4 16695
8023 0 16713
8023 1 16700
8023 3 16696
8024 0 16717
8024 1 16693
8024 2 16716
8024 3 16696
8024 4 16697
8025 0 16721
8025 1 16693
8025 2 16718
8025 3 16698
8025 4 16695
8026 0 16713
8026 1 16707
8026 2 16718
8026 3 16723
8026 4 16695
8027 0 16721
8027 1 16700
8027 2 16708
8027 3 16723
8028 0 16692
8028 1 16707
8028 2 16716
8028 3 16690
8028 4 16695
8029 0 16713
8029 1 16693
8029 2 16703
8029 3 16696
8030 0 16721
8030 1 16693
8030 2 16716
8030 3 16698
8030 4 16695
8031 0 16713
8031 1 16693
8031 2 16716
8031 3 16690
8031 4 16697
8032 0 16721
8032 1 16689
8032 2 16708
8032 3 16723
8033 0 16721
8033 1 16693
8033 2 16691
8033 3 16709
8034 0 16721
8034 1 16689
8034 2 16708
8034 3 16723
8035 0 16721
8035 1 16707
8035 2 16694
8035 3 16698
8035 4 16697
8036 0 16721
8036 1 16689
8036 2 16708
8036 3 16709
8037 0 16721
8037 1 16707
8037 2 16716
8037 3 16696
8038 0 16713
8038 1 16707
8038 3 16698
8038 4 16695
8039 0 16721
8039 1 16693
8039 2 16716
8039 3 16690
8040 0 16719
8040 1 16693
8040 2 16716
8040 3 16698
8040 4 16695
8041 0 16721
8041 1 16689
8041 2 16716
8041 3 16698
8042 0 16721
8042 1 16693
8042 2 16716
8042 3 16709
8043 0 16721
8043 1 16707
8043 2 16694
8043 3 16698
8043 4 16697
8044 0 16721
8044 1 16693
8044 2 16716
8044 3 16698
8044 4 16697
8045 0 16721
8045 1 16689
8045 2 16703
8045 3 16690
8046 0 16721
8046 1 16689
8046 2 16716
8046 3 16698
8046 4 16697
8047 0 16713
8047 1 16689
8047 2 16710
8047 3 16696
8048 0 16721
8048 1 16689
8048 3 16709
8049 0 16717
8049 1 16693
8049 2 16703
8049 3 16698
8049 4 16697
8050 0 16721
8050 1 16689
8050 2 16716
8050 3 16696
8050 4 16695
8051 0 16721
8051 1 16707
8051 2 16694
8051 3 16709
8051 4 16695
8052 0 16721
8052 1 16700
8052 3 16696
8052 4 16697
8053 0 16721
8053 1 16689
8053 2 16708
8053 3 16698
8054 0 16717
8054 1 16693
8054 2 16716
8054 3 16690
8054 4 16695
8055 0 16731
8055 1 16700
8055 2 16708
8055 3 16709
8056 0 16721
8056 1 16700
8056 2 16716
8056 3 16698
8056 4 16697
8057 0 16731
8057 1 16689
8057 2 16708
8057 3 16696
8058 0 16721
8058 1 16707
8058 3 16698
8059 0 16721
8059 1 16707
8059 2 16694
8059 3 16696
8059 4 16697
8060 0 16717
8060 1 16693
8060 2 16703
8060 3 16696
8060 4 16695
8061 0 16713
8061 1 16689
8061 2 16716
8061 3 16709
8061 4 16695
8062 0 16721
8062 1 16693
8062 2 16716
8062 3 16698
8062 4 16695
8063 0 16721
8063 1 16693
8063 2 16716
8063 3 16698
8063 4 16697
8064 0 16721
8064 1 16707
8064 2 16716
8064 3 16698
8064 4 16697
8065 0 16721
8065 1 16689
8065 2 16716
8065 3 16696
8066 0 16721
8066 1 16689
8066 2 16708
8066 3 16690
8067 0 16721
8067 1 16707
8067 2 16716
8067 3 16698
8067 4 16697
8068 0 16721
8068 1 16693
8068 2 16716
8068 3 16690
8069 0 16721
8069 1 16689
8069 2 16703
8069 3 16723
8070 0 16717
8070 1 16700
8070 3 16690
8071 0 16713
8071 1 16689
8071 2 16716
8071 3 16709
8071 4 16697
8072 0 16721
8072 1 16700
8072 2 16718
8072 3 16698
8073 0 16721
8073 1 16693
8073 2 16691
8073 3 16696
8074 0 16721
8074 1 16689
8074 2 16718
8074 3 16709
8074 4 16695
8075 0 16721
8075 1 16693
8075 2 16716
8075 3 16690
8075 4 16697
8076 0 16721
8076 1 16700
8076 2 16708
8076 3 16696
8077 0 16731
8077 1 16693
8077 2 16716
8077 3 16698
8078 0 16721
8078 1 16707
8078 2 16694
8078 3 16698
8078 4 16695
8079 0 16721
8079 1 16689
8079 2 16708
8079 3 16723
8080 0 16721
8080 1 16689
8080 2 16708
8080 3 16709
8081 0 16721
8081 1 16700
8081 2 16708
8081 3 16723
8082 0 16721
8082 1 16689
8082 2 16716
8082 3 16696
8082 4 16695
8083 0 16717
8083 1 16693
8083 2 16716
8083 3 16698
8083 4 16697
8084 0 16721
8084 1 16689
8084 2 16716
8084 3 16698
8084 4 16695
8085 0 16721
8085 1 16689
8085 2 16716
8085 3 16709
8085 4 16695
8086 0 16721
8086 1 16693
8086 2 16716
8086 3 16698
8087 0 16721
8087 1 16693
8087 2 16716
8087 3 16698
8087 4 16697
8088 0 16721
8088 1 16693
8088 2 16716
8088 3 16698
8088 4 16695
8089 0 16713
8089 1 16689
8089 2 16708
8089 3 16696
8090 0 16713
8090 1 16689
8090 2 16708
8090 3 16709
8091 0 16731
8091 1 16689
8091 3 16698
8091 4 16697
8092 0 16721
8092 1 16693
8092 2 16716
8092 3 16698
8092 4 16695
8093 0 16721
8093 1 16689
8093 2 16716
8093 3 16698
8093 4 16695
8094 0 16731
8094 1 16689
8094 2 16708
8094 3 16723
8095 0 16713
8095 1 16700
8095 2 16716
8095 3 16709
8095 4 16697
8096 0 16721
8096 1 16693
8096 2 16716
8096 3 16698
8096 4 16695
8097 0 16721
8097 1 16689
8097 2 16694
8097 3 16709
8097 4 16695
8098 0 16713
8098 1 16693
8098 2 16716
8098 3 16698
8098 4 16695
8099 0 16721
8099 1 16693
8099 2 16716
8099 3 16709
8099 4 16695
8100 0 16721
8100 1 16700
8100 2 16718
8100 3 16723
8101 0 16721
8101 1 16689
8101 2 16716
8101 3 16690
8101 4 16695
8102 0 16721
8102 1 16707
8102 2 16716
8102 3 16709
8102 4 16697
8103 0 16721
8103 1 16693
8103 2 16716
8103 3 16696
8104 0 16721
8104 1 16689
8104 2 16703
8104 3 16698
8104 4 16695
8105 0 16721
8105 1 16693
8105 2 16716
8105 3 16696
8106 0 16731
8106 1 16693
8106 2 16716
8106 3 16698
8107 0 16721
8107 1 16689
8107 3 16709
8107 4 16695
8108 0 16721
8108 1 16707
8108 2 16716
8108 3 16690
8109 0 16721
8109 1 16689
8109 2 16708
8109 3 16696
8110 0 16721
8110 1 16693
8110 2 16716
8110 3 16698
8110 4 16697
8111 0 16721
8111 1 16693
8111 2 16716
8111 3 16696
8112 0 16731
8112 1 16689
8112 2 16694
8112 3 16696
8112 4 16695
8113 0 16721
8113 1 16707
8113 2 16716
8113 3 16698
8113 4 16695
8114 0 16721
8114 1 16693
8114 2 16703
8114 3 16698
8114 4 16695
8115 0 16702
8115 1 16693
8115 3 16698
8115 4 16695
8116 0 16721
8116 1 16700
8116 2 16716
8116 3 16698
8116 4 16695
8117 0 16721
8117 1 16693
8117 2 16716
8117 3 16696
8117 4 16695
8118 0 16721
8118 1 16700
8118 2 16708
8118 3 16690
8119 0 16731
8119 1 16700
8119 2 16716
8119 3 16698
8119 4 16697
8120 0 16721
8120 1 16707
8120 2 16716
8120 3 16698
8120 4 16695
8121 0 16721
8121 1 16689
8121 3 16696
8122 0 16717
8122 1 16689
8122 2 16718
8122 3 16698
8122 4 16695
8123 0 16721
8123 1 16693
8123 2 16716
8123 3 16696
8123 4 16697
8124 0 16721
8124 1 16707
8124 3 16698
8125 0 16721
8125 1 16689
8125 2 16708
8125 3 16723
8126 0 16721
8126 1 16700
8126 2 16716
8126 3 16698
8126 4 16695
8127 0 16721
8127 1 16707
8127 3 16698
8127 4 16695
8128 0 16713
8128 1 16689
8128 2 16716
8128 3 16709
8128 4 16695
8129 0 16721
8129 1 16693
8129 2 16716
8129 3 16698
8129 4 16697
8130 0 16719
8130 1 16693
8130 2 16718
8130 3 16709
8131 0 16721
8131 1 16693
8131 2 16716
8131 3 16698
8131 4 16695
8132 0 16721
8132 1 16707
8132 2 16694
8132 3 16696
8133 0 16721
8133 1 16693
8133 2 16716
8133 3 16698
8133 4 16697
8134 0 16721
8134 1 16693
8134 2 16716
8134 3 16696
8134 4 16697
8135 0 16721
8135 1 16689
8135 2 16716
8135 3 16690
8135 4 16695
8136 0 16721
8136 1 16693
8136 2 16716
8136 3 16690
8136 4 16697
8137 0 16713
8137 1 16693
8137 2 16703
8137 3 16690
8137 4 16695
8138 0 16721
8138 1 16689
8138 3 16709
8139 0 16721
8139 1 16707
8139 2 16716
8139 3 16698
8139 4 16695
8140 0 16717
8140 1 16707
8140 2 16716
8140 3 16709
8141 0 16721
8141 1 16689
8141 2 16716
8141 3 16709
8141 4 16697
8142 0 16731
8142 1 16689
8142 2 16718
8142 3 16709
8142 4 16695
8143 0 16721
8143 1 16689
8143 2 16703
8143 3 16696
8143 4 16697
8144 0 16721
8144 1 16689
8144 2 16716
8144 3 16698
8144 4 16695
8145 0 16721
8145 1 16707
8145 2 16704
8145 3 16698
8146 0 16721
8146 1 16693
8146 2 16716
8146 3 16690
8147 0 16721
8147 1 16693
8147 2 16716
8147 3 16696
8147 4 16695
8148 0 16721
8148 1 16693
8148 2 16691
8148 3 16696
8149 0 16721
8149 1 16700
8149 2 16708
8149 3 16723
8150 0 16713
8150 1 16707
8150 2 16716
8150 3 16698
8150 4 16695
8151 0 16713
8151 1 16693
8151 2 16716
8151 3 16709
8151 4 16695
8152 0 16721
8152 1 16693
8152 2 16716
8152 3 16709
8152 4 16697
8153 0 16713
8153 1 16693
8153 2 16716
8153 3 16698
8154 0 16713
8154 1 16693
8154 2 16694
8154 3 16698
8154 4 16695
8155 0 16713
8155 1 16689
8155 2 16694
8155 3 16698
8156 0 16721
8156 1 16689
8156 2 16694
8156 3 16696
8156 4 16695
8157 0 16721
8157 1 16689
8157 2 16708
8157 3 16709
8158 0 16721
8158 1 16693
8158 2 16703
8158 3 16698
8159 0 16721
8159 1 16707
8159 2 16694
8159 3 16698
8160 0 16721
8160 1 16707
8160 2 16716
8160 3 16698
8161 0 16713
8161 1 16689
8161 2 16708
8161 3 16696
8162 0 16721
8162 1 16689
8162 2 16716
8162 3 16696
8162 4 16697
8163 0 16713
8163 1 16689
8163 2 16716
8163 3 16698
8163 4 16695
8164 0 16713
8164 1 16689
8164 2 16694
8164 3 16690
8164 4 16695
8165 0 16721
8165 1 16689
8165 2 16718
8165 3 16696
8165 4 16695
8166 0 16721
8166 1 16689
8166 2 16716
8166 3 16690
8166 4 16695
8167 0 16717
8167 1 16693
8167 2 16694
8167 3 16698
8167 4 16695
8168 0 16731
8168 1 16689
8168 2 16708
8168 3 16696
8169 0 16731
8169 1 16693
8169 2 16716
8169 3 16690
8169 4 16697
8170 0 16721
8170 1 16700
8170 2 16716
8170 3 16709
8170 4 16695
8171 0 16721
8171 1 16707
8171 2 16716
8171 3 16698
8171 4 16695
8172 0 16721
8172 1 16689
8172 2 16716
8172 3 16696
8172 4 16697
8173 0 16721
8173 1 16693
8173 2 16716
8173 3 16696
8173 4 16697
8174 0 16721
8174 1 16693
8174 2 16718
8174 3 16709
8175 0 16721
8175 1 16693
8175 2 16716
8175 3 16690
8175 4 16697
8176 0 16717
8176 1 16693
8176 2 16716
8176 3 16698
8176 4 16695
8177 0 16721
8177 1 16707
8177 2 16716
8177 3 16690
8178 0 16721
8178 1 16693
8178 2 16718
8178 3 16690
8179 0 16713
8179 1 16693
8179 2 16716
8179 3 16698
8179 4 16695
8180 0 16721
8180 1 16693
8180 2 16716
8180 3 16698
8180 4 16697
8181 0 16721
8181 1 16689
8181 3 16723
8182 0 16717
8182 1 16689
8182 2 16708
8182 3 16709
8183 0 16721
8183 1 16689
8183 2 16716
8183 3 16690
8183 4 16697
8184 0 16721
8184 1 16689
8184 2 16708
8184 3 16709
8185 0 16721
8185 1 16689
8185 2 16694
8185 3 16698
8185 4 16697
8186 0 16721
8186 1 16707
8186 2 16718
8186 3 16690
8186 4 16695
8187 0 16717
8187 1 16693
8187 2 16718
8187 3 16709
8188 0 16721
8188 1 16700
8188 2 16708
8188 3 16696
8189 0 16713
8189 1 16693
8189 2 16716
8189 3 16698
8190 0 16717
8190 1 16693
8190 2 16716
8190 3 16709
8190 4 16695
8191 0 16721
8191 1 16700
8191 3 16690
8192 0 16721
8192 1 16707
8192 2 16716
8192 3 16696
8192 4 16695
8193 0 16721
8193 1 16700
8193 2 16716
8193 3 16690
8193 4 16695
8194 0 16721
8194 1 16689
8194 2 16708
8194 3 16690
8195 0 16721
8195 1 16707
8195 2 16718
8195 3 16696
8195 4 16695
8196 0 16721
8196 1 16693
8196 2 16716
8196 3 16696
8196 4 16695
8197 0 16721
8197 1 16689
8197 2 16708
8197 3 16696
8198 0 16713
8198 1 16689
8198 2 16691
8198 3 16690
8199 0 16713
8199 1 16689
8199 2 16691
8199 3 16698
8200 0 16721
8200 1 16689
8200 2 16716
8200 3 16696
8201 0 16721
8201 1 16707
8201 2 16716
8201 3 16709
8201 4 16695
8202 0 16721
8202 1 16707
8202 2 16694
8202 3 16696
8202 4 16695
8203 0 16721
8203 1 16693
8203 2 16716
8203 3 16696
8203 4 16697
8204 0 16721
8204 1 16700
8204 3 16709
8205 0 16721
8205 1 16707
8205 2 16716
8205 3 16696
8205 4 16697
8206 0 16731
8206 1 16693
8206 2 16694
8206 3 16696
8206 4 16697
8207 0 16721
8207 1 16689
8207 2 16708
8207 3 16696
8208 0 16721
8208 1 16693
8208 2 16716
8208 3 16698
8208 4 16695
8209 0 16731
8209 1 16693
8209 2 16716
8209 3 16698
8209 4 16695
8210 0 16721
8210 1 16689
8210 2 16716
8210 3 16696
8211 0 16721
8211 1 16689
8211 2 16699
8211 3 16696
8211 4 16695
8212 0 16713
8212 1 16693
8212 2 16718
8212 3 16698
8212 4 16695
8213 0 16721
8213 1 16707
8213 2 16694
8213 3 16709
8213 4 16697
8214 0 16721
8214 1 16707
8214 2 16716
8214 3 16698
8215 0 16721
8215 1 16689
8215 2 16703
8215 3 16698
8215 4 16695
8216 0 16717
8216 1 16693
8216 2 16716
8216 3 16690
8216 4 16695
8217 0 16721
8217 1 16693
8217 2 16716
8217 3 16696
8217 4 16695
8218 0 16713
8218 1 16689
8218 2 16708
8218 3 16709
8219 0 16721
8219 1 16693
8219 2 16716
8219 3 16709
8219 4 16697
8220 0 16713
8220 1 16707
8220 2 16694
8220 3 16690
8220 4 16695
8221 0 16721
8221 1 16689
8221 3 16709
8221 4 16695
8222 0 16713
8222 1 16689
8222 2 16716
8222 3 16690
8222 4 16695
8223 0 16715
8223 1 16693
8223 2 16716
8223 3 16696
8223 4 16695
8224 0 16715
8224 1 16693
8224 2 16716
8224 3 16696
8224 4 16695
8225 0 16715
8225 1 16693
8225 2 16716
8225 3 16696
8225 4 16695
8226 0 16713
8226 1 16689
8226 3 16690
8226 4 16695
8227 0 16721
8227 1 16707
8227 2 16716
8227 3 16698
8227 4 16697
8228 0 16721
8228 1 16700
8228 2 16718
8228 3 16698
8228 4 16695
8229 0 16721
8229 1 16689
8229 3 16723
8229 4 16697
8230 0 16713
8230 1 16689
8230 2 16718
8230 3 16696
8230 4 16695
8231 0 16713
8231 1 16689
8231 2 16694
8231 3 16696
8231 4 16695
8232 0 16713
8232 1 16689
8232 3 16690
8232 4 16697
8233 0 16721
8233 1 16693
8233 2 16716
8233 3 16698
8234 0 16713
8234 1 16693
8234 2 16718
8234 3 16709
8234 4 16695
8235 0 16713
8235 1 16689
8235 2 16694
8235 3 16709
8235 4 16695
8236 0 16717
8236 1 16693
8236 2 16694
8236 3 16696
8236 4 16695
8237 0 16721
8237 1 16693
8237 2 16716
8237 3 16696
8238 0 16713
8238 1 16693
8238 2 16716
8238 3 16696
8239 0 16721
8239 1 16689
8239 3 16723
8240 0 16721
8240 1 16707
8240 2 16694
8240 3 16696
8240 4 16695
8241 0 16721
8241 1 16693
8241 2 16691
8241 3 16709
8242 0 16721
8242 1 16693
8242 2 16716
8242 3 16696
8243 0 16721
8243 1 16707
8243 2 16718
8243 3 16698
8244 0 16721
8244 1 16693
8244 2 16716
8244 3 16698
8245 0 16721
8245 1 16689
8245 2 16691
8245 3 16696
8246 0 16721
8246 1 16693
8246 2 16718
8246 3 16723
8247 0 16721
8247 1 16693
8247 2 16718
8247 3 16723
8248 0 16721
8248 1 16689
8248 3 16690
8249 0 16721
8249 1 16693
8249 2 16716
8249 3 16696
8250 0 16721
8250 1 16707
8250 2 16694
8250 3 16698
8250 4 16695
8251 0 16717
8251 1 16693
8251 2 16716
8251 3 16690
8251 4 16697
8252 0 16717
8252 1 16693
8252 3 16696
8252 4 16697
8253 0 16721
8253 1 16693
8253 2 16694
8253 3 16698
8253 4 16695
8254 0 16717
8254 1 16693
8254 2 16716
8254 3 16690
8254 4 16695
8255 0 16721
8255 1 16689
8255 2 16708
8255 3 16698
8256 0 16721
8256 1 16689
8256 3 16723
8256 4 16695
8257 0 16721
8257 1 16693
8257 2 16716
8257 3 16709
8257 4 16697
8258 0 16721
8258 1 16700
8258 2 16716
8258 3 16696
8258 4 16695
8259 0 16721
8259 1 16689
8259 2 16716
8259 3 16690
8259 4 16697
8260 0 16721
8260 1 16689
8260 2 16699
8260 3 16698
8260 4 16695
8261 0 16721
8261 1 16700
8261 3 16696
8262 0 16721
8262 1 16693
8262 2 16718
8262 3 16698
8263 0 16717
8263 1 16689
8263 2 16708
8263 3 16698
8264 0 16721
8264 1 16689
8264 3 16690
8264 4 16695
8265 0 16717
8265 1 16693
8265 2 16718
8265 3 16690
8265 4 16695
8266 0 16721
8266 1 16693
8266 2 16716
8266 3 16690
8266 4 16695
8267 0 16721
8267 1 16689
8267 2 16694
8267 3 16709
8268 0 16721
8268 1 16689
8268 2 16708
8268 3 16709
8269 0 16721
8269 1 16689
8269 2 16703
8269 3 16698
8270 0 16721
8270 1 16693
8270 2 16694
8270 3 16690
8270 4 16697
8271 0 16721
8271 1 16693
8271 2 16716
8271 3 16698
8272 0 16721
8272 1 16689
8272 2 16708
8272 3 16698
8273 0 16721
8273 1 16693
8273 2 16694
8273 3 16698
8273 4 16697
8274 0 16713
8274 1 16689
8274 2 16708
8274 3 16698
8275 0 16721
8275 1 16700
8275 2 16718
8275 3 16696
8275 4 16695
8276 0 16721
8276 1 16693
8276 3 16709
8276 4 16697
8277 0 16717
8277 1 16700
8277 2 16716
8277 3 16698
8277 4 16697
8278 0 16713
8278 1 16693
8278 2 16718
8278 3 16690
8278 4 16695
8279 0 16721
8279 1 16693
8279 2 16716
8279 3 16698
8280 0 16721
8280 1 16707
8280 2 16694
8280 3 16696
8281 0 16721
8281 1 16689
8281 2 16716
8281 3 16696
8281 4 16695
8282 0 16721
8282 1 16689
8282 2 16708
8282 3 16709
8283 0 16721
8283 1 16707
8283 2 16716
8283 3 16696
8284 0 16713
8284 1 16689
8284 2 16716
8284 3 16690
8284 4 16697
8285 0 16688
8285 1 16707
8285 3 16709
8285 4 16697
8286 0 16717
8286 1 16693
8286 2 16718
8286 3 16690
8286 4 16697
8287 0 16717
8287 1 16707
8287 2 16716
8287 3 16696
8287 4 16697
8288 0 16713
8288 1 16689
8288 2 16694
8288 3 16696
8288 4 16695
8289 0 16721
8289 1 16689
8289 2 16708
8289 3 16696
8290 0 16713
8290 1 16689
8290 2 16694
8290 3 16696
8290 4 16697
8291 0 16721
8291 1 16693
8291 2 16694
8291 3 16696
8291 4 16695
8292 0 16721
8292 1 16693
8292 2 16699
8292 3 16690
8292 4 16697
8293 0 16721
8293 1 16689
8293 2 16708
8293 3 16690
8294 0 16688
8294 1 16693
8294 2 16694
8294 3 16698
8294 4 16695
8295 0 16688
8295 1 16693
8295 2 16694
8295 3 16698
8295 4 16728
8296 0 16688
8296 1 16689
8296 2 16716
8296 3 16698
8296 4 16697
8297 0 16722
8297 1 16689
8297 2 16694
8297 3 16696
8297 4 16697
8298 0 16721
8298 1 16689
8298 2 16708
8298 3 16723
8299 0 16713
8299 1 16693
8299 2 16691
8299 3 16698
8299 4 16697
8300 0 16702
8300 1 16693
8300 2 16703
8300 3 16698
8301 0 16688
8301 1 16689
8301 2 16716
8301 3 16723
8302 0 16688
8302 1 16707
8302 2 16716
8302 3 16690
8302 4 16695
8303 0 16688
8303 1 16707
8303 2 16694
8303 3 16698
8304 0 16688
8304 1 16700
8304 2 16708
8304 3 16696
8305 0 16688
8305 1 16689
8305 2 16716
8305 3 16690
8306 0 16688
8306 1 16689
8306 2 16716
8306 3 16690
8307 0 16688
8307 1 16707
8307 2 16694
8307 3 16696
8308 0 16688
8308 1 16707
8308 2 16694
8308 3 16709
8308 4 16728
8309 0 16721
8309 1 16689
8309 2 16716
8309 3 16696
8309 4 16695
8310 0 16688
8310 1 16700
8310 2 16694
8310 3 16696
8310 4 16697
8311 0 16688
8311 1 16689
8311 2 16694
8311 3 16690
8311 4 16697
8312 0 16688
8312 1 16693
8312 2 16691
8312 3 16698
8313 0 16688
8313 1 16689
8313 2 16694
8313 3 16709
8313 4 16695
8314 0 16688
8314 1 16700
8314 2 16708
8314 3 16709
8315 0 16688
8315 1 16689
8315 2 16708
8315 3 16723
8316 0 16688
8316 1 16693
8316 2 16694
8316 3 16709
8316 4 16697
8317 0 16702
8317 1 16693
8317 2 16694
8317 3 16696
8317 4 16695
8318 0 16688
8318 1 16689
8318 2 16708
8318 3 16723
8319 0 16688
8319 1 16693
8319 2 16704
8319 3 16698
8319 4 16697
8320 0 16688
8320 1 16689
8320 2 16708
8320 3 16698
8321 0 16688
8321 1 16689
8321 2 16708
8321 3 16698
8322 0 16688
8322 1 16689
8322 2 16694
8322 3 16698
8322 4 16695
8323 0 16713
8323 1 16689
8323 2 16694
8323 3 16698
8323 4 16695
8324 0 16688
8324 1 16689
8324 2 16694
8324 3 16698
8324 4 16697
8325 0 16688
8325 1 16689
8325 2 16708
8325 3 16698
8326 0 16719
8326 1 16693
8326 2 16704
8326 3 16698
8326 4 16695
8327 0 16725
8327 1 16689
8327 2 16694
8327 3 16698
8327 4 16697
8328 0 16688
8328 1 16689
8328 2 16694
8328 3 16690
8328 4 16697
8329 0 16688
8329 1 16693
8329 2 16716
8329 3 16698
8329 4 16697
8330 0 16712
8330 1 16707
8330 2 16694
8330 3 16698
8330 4 16695
8331 0 16712
8331 1 16707
8331 2 16694
8331 3 16698
8331 4 16697
8332 0 16688
8332 1 16707
8332 2 16694
8332 3 16698
8332 4 16697
8333 0 16688
8333 1 16689
8333 2 16708
8333 3 16698
8334 0 16688
8334 1 16707
8334 2 16694
8334 3 16698
8334 4 16695
8335 0 16688
8335 1 16693
8335 2 16694
8335 3 16690
8335 4 16695
8336 0 16712
8336 1 16700
8336 2 16694
8336 3 16698
8336 4 16697
8337 0 16688
8337 1 16689
8337 2 16718
8337 3 16698
8338 0 16688
8338 1 16700
8338 2 16708
8338 3 16709
8339 0 16688
8339 1 16693
8339 2 16691
8339 3 16709
8340 0 16688
8340 1 16700
8340 2 16704
8340 3 16690
8340 4 16695
8341 0 16688
8341 1 16693
8341 2 16704
8341 3 16696
8341 4 16697
8342 0 16721
8342 1 16707
8342 2 16716
8342 3 16698
8342 4 16697
8343 0 16688
8343 1 16693
8343 2 16691
8343 3 16723
8344 0 16688
8344 1 16700
8344 2 16703
8344 3 16696
8345 0 16688
8345 1 16689
8345 2 16703
8345 3 16696
8346 0 16688
8346 1 16689
8346 2 16716
8346 3 16709
8347 0 16688
8347 1 16700
8347 2 16703
8347 3 16690
8347 4 16695
8348 0 16721
8348 1 16693
8348 2 16703
8348 3 16709
8348 4 16697
8349 0 16688
8349 1 16693
8349 2 16716
8349 3 16690
8349 4 16695
8350 0 16688
8350 1 16707
8350 2 16704
8350 3 16698
8350 4 16697
8351 0 16688
8351 1 16700
8351 2 16708
8351 3 16709
8352 0 16721
8352 1 16689
8352 2 16716
8352 3 16709
8352 4 16695
8353 0 16688
8353 1 16707
8353 2 16716
8353 3 16698
8353 4 16695
8354 0 16712
8354 1 16707
8354 2 16716
8354 3 16709
8354 4 16695
8355 0 16721
8355 1 16689
8355 2 16708
8355 3 16723
8356 0 16688
8356 1 16707
8356 2 16704
8356 3 16690
8356 4 16697
8357 0 16688
8357 1 16689
8357 2 16699
8357 3 16723
8357 4 16697
8358 0 16688
8358 1 16689
8358 2 16699
8358 3 16723
8358 4 16695
8359 0 16688
8359 1 16707
8359 2 16727
8359 3 16696
8359 4 16697
8360 0 16688
8360 1 16693
8360 2 16716
8360 3 16698
8361 0 16688
8361 1 16689
8361 2 16694
8361 3 16696
8361 4 16695
8362 0 16688
8362 1 16700
8362 2 16718
8362 3 16690
8363 0 16688
8363 1 16693
8363 2 16699
8363 3 16723
8364 0 16717
8364 1 16689
8364 2 16694
8364 3 16698
8365 0 16702
8365 1 16689
8365 2 16694
8365 3 16698
8365 4 16728
8366 0 16688
8366 1 16689
8366 2 16694
8366 3 16723
8366 4 16697
8367 0 16717
8367 1 16689
8367 2 16706
8367 3 16723
8367 4 16695
8368 0 16688
8368 1 16707
8368 2 16706
8368 3 16696
8368 4 16695
8369 0 16688
8369 1 16689
8369 2 16694
8369 3 16709
8369 4 16697
8370 0 16722
8370 1 16689
8370 2 16718
8370 3 16709
8370 4 16697
8371 0 16688
8371 1 16693
8371 2 16706
8371 3 16698
8371 4 16728
8372 0 16688
8372 1 16689
8372 2 16718
8372 3 16696
8372 4 16695
8373 0 16688
8373 1 16689
8373 2 16703
8373 3 16723
8373 4 16695
8374 0 16688
8374 1 16693
8374 2 16718
8374 3 16696
8374 4 16695
8375 0 16692
8375 1 16689
8375 2 16694
8375 3 16696
8376 0 16688
8376 1 16689
8376 2 16694
8376 3 16698
8376 4 16697
8377 0 16688
8377 1 16689
8377 2 16708
8377 3 16696
8378 0 16705
8378 1 16689
8378 2 16691
8378 3 16723
8379 0 16688
8379 1 16693
8379 2 16694
8379 3 16698
8379 4 16697
8380 0 16688
8380 1 16689
8380 2 16694
8380 3 16698
8380 4 16695
8381 0 16688
8381 1 16689
8381 2 16708
8381 3 16696
8382 0 16688
8382 1 16689
8382 2 16694
8382 3 16698
8383 0 16688
8383 1 16689
8383 2 16708
8383 3 16696
8384 0 16688
8384 1 16689
8384 2 16708
8384 3 16696
8385 0 16688
8385 1 16689
8385 2 16708
8385 3 16696
8386 0 16688
8386 1 16693
8386 2 16718
8386 3 16690
8386 4 16695
8387 0 16712
8387 1 16689
8387 2 16694
8387 3 16690
8387 4 16697
8388 0 16725
8388 1 16689
8388 2 16694
8388 3 16709
8388 4 16697
8389 0 16688
8389 1 16689
8389 2 16708
8389 3 16709
8390 0 16722
8390 1 16689
8390 2 16694
8390 3 16698
8390 4 16695
8391 0 16688
8391 1 16689
8391 2 16708
8391 3 16690
8392 0 16722
8392 1 16693
8392 2 16694
8392 3 16696
8392 4 16697
8393 0 16688
8393 1 16689
8393 2 16708
8393 3 16696
8394 0 16688
8394 1 16689
8394 2 16708
8394 3 16698
8395 0 16688
8395 1 16689
8395 2 16708
8395 3 16723
8396 0 16701
8396 1 16693
8396 2 16694
8396 3 16696
8396 4 16697
8397 0 16688
8397 1 16689
8397 2 16703
8397 3 16690
8398 0 16688
8398 1 16700
8398 2 16708
8398 3 16698
8399 0 16701
8399 1 16689
8399 2 16708
8399 3 16696
8400 0 16688
8400 1 16689
8400 2 16708
8400 3 16723
8401 0 16701
8401 1 16693
8401 2 16694
8401 3 16698
8401 4 16695
8402 0 16701
8402 1 16707
8402 2 16694
8402 3 16698
8402 4 16695
8403 0 16688
8403 1 16693
8403 2 16706
8403 3 16709
8403 4 16697
8404 0 16688
8404 1 16689
8404 2 16708
8404 3 16709
8405 0 16688
8405 1 16707
8405 2 16694
8405 3 16709
8405 4 16695
8406 0 16688
8406 1 16700
8406 2 16708
8406 3 16709
8407 0 16701
8407 1 16689
8407 2 16703
8407 3 16690
8408 0 16688
8408 1 16689
8408 3 16709
8408 4 16695
8409 0 16688
8409 1 16707
8409 2 16694
8409 3 16723
8409 4 16697
8410 0 16688
8410 1 16693
8410 2 16716
8410 3 16698
8410 4 16695
8411 0 16721
8411 1 16689
8411 2 16703
8411 3 16696
8412 0 16702
8412 1 16689
8412 2 16694
8412 3 16723
8412 4 16697
8413 0 16712
8413 1 16689
8413 2 16694
8413 3 16723
8413 4 16697
8414 0 16688
8414 1 16689
8414 2 16716
8414 3 16696
8415 0 16688
8415 1 16689
8415 2 16716
8415 3 16690
8416 0 16692
8416 1 16707
8416 2 16704
8416 3 16698
8416 4 16695
8417 0 16688
8417 1 16693
8417 2 16704
8417 3 16696
8417 4 16697
8418 0 16688
8418 1 16700
8418 2 16703
8418 3 16709
8418 4 16697
8419 0 16688
8419 1 16689
8419 2 16708
8419 3 16696
8420 0 16688
8420 1 16693
8420 2 16691
8420 3 16696
8420 4 16695
8421 0 16692
8421 1 16689
8421 2 16691
8421 3 16709
8422 0 16719
8422 1 16689
8422 2 16694
8422 3 16723
8422 4 16697
8423 0 16722
8423 1 16689
8423 2 16694
8423 3 16696
8423 4 16697
8424 0 16688
8424 1 16689
8424 2 16727
8424 3 16696
8424 4 16695
8425 0 16701
8425 1 16693
8425 2 16694
8425 3 16696
8425 4 16697
8426 0 16712
8426 1 16689
8426 2 16708
8426 3 16690
8427 0 16688
8427 1 16693
8427 2 16704
8427 3 16709
8427 4 16697
8428 0 16721
8428 1 16689
8428 2 16708
8428 3 16709
8429 0 16692
8429 1 16707
8429 2 16694
8429 3 16696
8429 4 16697
8430 0 16724
8430 1 16689
8430 2 16718
8430 3 16690
8430 4 16695
8431 0 16688
8431 1 16689
8431 2 16694
8431 3 16696
8431 4 16697
8432 0 16688
8432 1 16689
8432 2 16694
8432 3 16698
8432 4 16697
8433 0 16688
8433 1 16700
8433 2 16703
8433 3 16696
8434 0 16688
8434 1 16700
8434 2 16703
8434 3 16709
8435 0 16688
8435 1 16693
8435 2 16716
8435 3 16696
8435 4 16695
8436 0 16688
8436 1 16689
8436 2 16708
8436 3 16696
8437 0 16688
8437 1 16707
8437 2 16694
8437 3 16690
8437 4 16697
8438 0 16688
8438 1 16689
8438 2 16694
8438 3 16696
8438 4 16695
8439 0 16688
8439 1 16693
8439 2 16694
8439 3 16698
8439 4 16697
8440 0 16688
8440 1 16689
8440 2 16716
8440 3 16696
8441 0 16692
8441 1 16689
8441 2 16708
8441 3 16709
8442 0 16717
8442 1 16693
8442 2 16716
8442 3 16690
8442 4 16695
8443 0 16705
8443 1 16689
8443 2 16694
8443 3 16696
8443 4 16697
8444 0 16688
8444 1 16693
8444 2 16716
8444 3 16690
8444 4 16697
8445 0 16688
8445 1 16689
8445 2 16727
8445 3 16709
8445 4 16695
8446 0 16688
8446 1 16707
8446 2 16694
8446 3 16709
8446 4 16697
8447 0 16688
8447 1 16689
8447 2 16708
8447 3 16696
8448 0 16702
8448 1 16689
8448 2 16694
8448 3 16690
8448 4 16695
8449 0 16702
8449 1 16689
8449 2 16703
8449 3 16698
8449 4 16728
8450 0 16702
8450 1 16689
8450 2 16694
8450 3 16698
8451 0 16705
8451 1 16689
8451 2 16704
8451 3 16690
8451 4 16695
8452 0 16692
8452 1 16693
8452 2 16694
8452 3 16690
8452 4 16697
8453 0 16701
8453 1 16689
8453 2 16704
8453 3 16696
8453 4 16697
8454 0 16688
8454 1 16689
8454 2 16704
8454 3 16690
8454 4 16697
8455 0 16713
8455 1 16689
8455 2 16716
8455 3 16696
8456 0 16688
8456 1 16689
8456 2 16694
8456 3 16696
8457 0 16688
8457 1 16689
8457 2 16694
8457 3 16690
8457 4 16697
8458 0 16688
8458 1 16700
8458 2 16708
8458 3 16709
8459 0 16688
8459 1 16700
8459 2 16718
8459 3 16698
8459 4 16697
8460 0 16688
8460 1 16700
8460 2 16703
8460 3 16690
8461 0 16688
8461 1 16693
8461 2 16694
8461 3 16696
8461 4 16697
8462 0 16722
8462 1 16689
8462 2 16694
8462 3 16696
8462 4 16697
8463 0 16701
8463 1 16693
8463 2 16704
8463 3 16690
8463 4 16697
8464 0 16692
8464 1 16689
8464 2 16703
8464 3 16709
8464 4 16697
8465 0 16688
8465 1 16689
8465 2 16708
8465 3 16709
8466 0 16713
8466 1 16689
8466 2 16718
8466 3 16696
8466 4 16697
8467 0 16702
8467 1 16689
8467 2 16694
8467 3 16723
8467 4 16697
8468 0 16688
8468 1 16689
8468 2 16691
8468 3 16723
8469 0 16705
8469 1 16689
8469 2 16694
8469 3 16696
8469 4 16697
8470 0 16702
8470 1 16689
8470 2 16703
8470 3 16709
8470 4 16697
8471 0 16702
8471 1 16689
8471 2 16703
8471 3 16709
8471 4 16697
8472 0 16702
8472 1 16693
8472 2 16694
8472 3 16696
8472 4 16697
8473 0 16721
8473 1 16689
8473 2 16708
8473 3 16723
8474 0 16702
8474 1 16689
8474 2 16703
8474 3 16690
8475 0 16702
8475 1 16689
8475 2 16703
8475 3 16690
8475 4 16697
8476 0 16702
8476 1 16693
8476 2 16694
8476 3 16696
8476 4 16695
8477 0 16702
8477 1 16707
8477 2 16694
8477 3 16723
8477 4 16697
8478 0 16688
8478 1 16689
8478 2 16708
8478 3 16690
8478 4 16728
8479 0 16688
8479 1 16689
8479 2 16708
8479 3 16696
8480 0 16688
8480 1 16689
8480 2 16691
8480 3 16723
8481 0 16712
8481 1 16689
8481 2 16694
8481 3 16709
8482 0 16688
8482 1 16693
8482 2 16708
8482 3 16696
8483 0 16692
8483 1 16689
8483 2 16703
8483 3 16696
8483 4 16695
8484 0 16713
8484 1 16689
8484 2 16694
8484 3 16709
8484 4 16697
8485 0 16688
8485 1 16693
8485 2 16718
8485 3 16709
8485 4 16695
8486 0 16688
8486 1 16689
8486 2 16694
8486 3 16696
8486 4 16697
8487 0 16713
8487 1 16689
8487 2 16718
8487 3 16690
8487 4 16697
8488 0 16701
8488 1 16693
8488 2 16694
8488 3 16723
8489 0 16688
8489 1 16693
8489 2 16694
8489 3 16696
8489 4 16697
8490 0 16688
8490 1 16689
8490 2 16718
8490 3 16709
8490 4 16695
8491 0 16713
8491 1 16689
8491 2 16708
8491 3 16723
8492 0 16717
8492 1 16693
8492 2 16694
8492 3 16709
8492 4 16697
8493 0 16688
8493 1 16693
8493 2 16704
8493 3 16696
8493 4 16695
8494 0 16688
8494 1 16707
8494 2 16703
8494 3 16709
8494 4 16697
8495 0 16688
8495 1 16689
8495 2 16703
8495 3 16723
8495 4 16695
8496 0 16713
8496 1 16689
8496 2 16694
8496 3 16709
8496 4 16697
8497 0 16688
8497 1 16689
8497 2 16703
8497 3 16709
8497 4 16695
8498 0 16688
8498 1 16689
8498 2 16694
8498 3 16696
8498 4 16695
8499 0 16688
8499 1 16707
8499 2 16694
8499 3 16709
8499 4 16695
8500 0 16688
8500 1 16689
8500 2 16694
8500 3 16696
8501 0 16688
8501 1 16693
8501 2 16694
8501 3 16698
8501 4 16695
8502 0 16701
8502 1 16689
8502 2 16718
8502 3 16709
8502 4 16695
8503 0 16713
8503 1 16693
8503 2 16703
8503 3 16690
8503 4 16697
8504 0 16688
8504 1 16700
8504 2 16703
8504 3 16696
8504 4 16695
8505 0 16688
8505 1 16689
8505 2 16703
8505 3 16696
8505 4 16695
8506 0 16701
8506 1 16693
8506 2 16694
8506 3 16696
8506 4 16695
8507 0 16688
8507 1 16689
8507 2 16703
8507 3 16723
8507 4 16695
8508 0 16688
8508 1 16707
8508 2 16694
8508 3 16690
8508 4 16695
8509 0 16705
8509 1 16689
8509 2 16708
8509 3 16709
8510 0 16688
8510 1 16700
8510 2 16703
8510 3 16696
8510 4 16728
8511 0 16688
8511 1 16689
8511 2 16708
8511 3 16709
8512 0 16688
8512 1 16689
8512 2 16708
8512 3 16696
8513 0 16688
8513 1 16689
8513 2 16708
8513 3 16723
8514 0 16688
8514 1 16689
8514 2 16708
8514 3 16723
8515 0 16688
8515 1 16689
8515 2 16694
8515 3 16709
8516 0 16713
8516 1 16689
8516 2 16694
8516 3 16696
8516 4 16695
8517 0 16688
8517 1 16700
8517 2 16703
8517 3 16709
8518 0 16688
8518 1 16689
8518 2 16708
8518 3 16709
8519 0 16688
8519 1 16689
8519 2 16691
8519 3 16698
8520 0 16713
8520 1 16689
8520 2 16708
8520 3 16696
8521 0 16688
8521 1 16689
8521 2 16703
8521 3 16709
8522 0 16688
8522 1 16689
8522 2 16694
8522 3 16723
8522 4 16695
8523 0 16705
8523 1 16689
8523 2 16708
8523 3 16690
8524 0 16701
8524 1 16689
8524 2 16708
8524 3 16709
8525 0 16688
8525 1 16689
8525 2 16718
8525 3 16690
8525 4 16695
8526 0 16688
8526 1 16707
8526 2 16694
8526 3 16696
8527 0 16688
8527 1 16700
8527 2 16708
8527 3 16723
8528 0 16688
8528 1 16700
8528 2 16708
8528 3 16723
8529 0 16688
8529 1 16689
8529 2 16703
8529 3 16723
8530 0 16688
8530 1 16689
8530 2 16708
8530 3 16709
8531 0 16688
8531 1 16689
8531 2 16694
8531 3 16696
8531 4 16697
8532 0 16688
8532 1 16689
8532 2 16703
8532 3 16696
8532 4 16697
8533 0 16688
8533 1 16707
8533 2 16694
8533 3 16696
8533 4 16697
8534 0 16688
8534 1 16689
8534 2 16703
8534 3 16709
8534 4 16697
8535 0 16688
8535 1 16707
8535 2 16694
8535 3 16709
8535 4 16695
8536 0 16688
8536 1 16693
8536 2 16718
8536 3 16698
8536 4 16695
8537 0 16688
8537 1 16689
8537 2 16703
8537 3 16696
8538 0 16688
8538 1 16693
8538 2 16694
8538 3 16709
8538 4 16695
8539 0 16688
8539 1 16689
8539 2 16708
8539 3 16723
8540 0 16688
8540 1 16707
8540 2 16694
8540 3 16709
8540 4 16697
8541 0 16688
8541 1 16700
8541 2 16703
8541 3 16709
8541 4 16695
8542 0 16688
8542 1 16689
8542 2 16718
8542 3 16696
8542 4 16697
8543 0 16688
8543 1 16700
8543 2 16694
8543 3 16723
8544 0 16688
8544 1 16689
8544 2 16694
8544 3 16696
8544 4 16697
8545 0 16688
8545 1 16689
8545 2 16708
8545 3 16696
8546 0 16688
8546 1 16689
8546 2 16708
8546 3 16709
8547 0 16688
8547 1 16693
8547 2 16694
8547 3 16698
8547 4 16695
8548 0 16688
8548 1 16689
8548 2 16691
8548 3 16698
8549 0 16688
8549 1 16707
8549 2 16694
8549 3 16698
8549 4 16695
8550 0 16688
8550 1 16689
8550 2 16708
8550 3 16709
8551 0 16688
8551 1 16693
8551 2 16694
8551 3 16696
8551 4 16728
8552 0 16688
8552 1 16693
8552 2 16691
8552 3 16690
8553 0 16688
8553 1 16700
8553 2 16694
8553 3 16709
8554 0 16701
8554 1 16689
8554 2 16708
8554 3 16709
8555 0 16688
8555 1 16689
8555 2 16691
8555 3 16698
8555 4 16728
8556 0 16701
8556 1 16693
8556 2 16694
8556 3 16709
8556 4 16695
8557 0 16688
8557 1 16693
8557 2 16703
8557 3 16696
8557 4 16697
8558 0 16688
8558 1 16693
8558 2 16694
8558 3 16696
8558 4 16695
8559 0 16688
8559 1 16700
8559 2 16708
8559 3 16723
8560 0 16688
8560 1 16693
8560 2 16703
8560 3 16723
8561 0 16688
8561 1 16693
8561 2 16718
8561 3 16696
8561 4 16695
8562 0 16701
8562 1 16693
8562 2 16694
8562 3 16696
8562 4 16695
8563 0 16688
8563 1 16693
8563 2 16694
8563 3 16709
8563 4 16695
8564 0 16688
8564 1 16689
8564 2 16694
8564 3 16709
8564 4 16695
8565 0 16713
8565 1 16689
8565 2 16694
8565 3 16690
8566 0 16688
8566 1 16689
8566 2 16708
8566 3 16696
8567 0 16688
8567 1 16693
8567 2 16694
8567 3 16723
8567 4 16697
8568 0 16688
8568 1 16700
8568 2 16718
8568 3 16696
8568 4 16695
8569 0 16701
8569 1 16693
8569 2 16694
8569 3 16696
8569 4 16695
8570 0 16701
8570 1 16693
8570 2 16694
8570 3 16709
8570 4 16697
8571 0 16701
8571 1 16693
8571 2 16694
8571 3 16698
8572 0 16688
8572 1 16693
8572 2 16694
8572 3 16690
8572 4 16728
8573 0 16688
8573 1 16689
8573 2 16691
8573 3 16696
8574 0 16688
8574 1 16689
8574 2 16694
8574 3 16690
8574 4 16695
8575 0 16701
8575 1 16689
8575 2 16694
8575 3 16690
8575 4 16697
8576 0 16731
8576 1 16707
8576 2 16694
8576 3 16709
8576 4 16695
8577 0 16688
8577 1 16689
8577 2 16703
8577 3 16709
8578 0 16688
8578 1 16689
8578 2 16708
8578 3 16696
8579 0 16688
8579 1 16700
8579 2 16718
8579 3 16723
8580 0 16688
8580 1 16700
8580 2 16703
8580 3 16696
8581 0 16688
8581 1 16689
8581 2 16718
8581 3 16709
8581 4 16695
8582 0 16688
8582 1 16689
8582 2 16694
8582 3 16690
8582 4 16695
8583 0 16688
8583 1 16693
8583 2 16718
8583 3 16698
8583 4 16695
8584 0 16688
8584 1 16689
8584 2 16703
8584 3 16709
8584 4 16695
8585 0 16688
8585 1 16689
8585 2 16718
8585 3 16698
8585 4 16695
8586 0 16721
8586 1 16700
8586 2 16694
8586 3 16698
8587 0 16688
8587 1 16700
8587 2 16694
8587 3 16709
8588 0 16688
8588 1 16689
8588 2 16694
8588 3 16696
8589 0 16688
8589 1 16689
8589 2 16703
8589 3 16709
8590 0 16688
8590 1 16689
8590 2 16703
8590 3 16723
8591 0 16688
8591 1 16689
8591 2 16718
8591 3 16723
8592 0 16688
8592 1 16689
8592 2 16703
8592 3 16690
8593 0 16688
8593 1 16689
8593 2 16703
8593 3 16690
8594 0 16705
8594 1 16689
8594 2 16718
8594 3 16696
8594 4 16697
8595 0 16713
8595 1 16689
8595 2 16718
8595 3 16690
8595 4 16695
8596 0 16688
8596 1 16700
8596 2 16703
8596 3 16723
8596 4 16695
8597 0 16688
8597 1 16693
8597 2 16691
8597 3 16690
8597 4 16697
8598 0 16688
8598 1 16689
8598 2 16691
8598 3 16698
8599 0 16733
8599 1 16689
8599 2 16718
8599 3 16696
8599 4 16695
8600 0 16702
8600 1 16693
8600 2 16694
8600 3 16690
8600 4 16695
8601 0 16688
8601 1 16693
8601 2 16703
8601 3 16696
8602 0 16688
8602 1 16689
8602 2 16703
8602 3 16696
8602 4 16695
8603 0 16688
8603 1 16689
8603 2 16703
8603 3 16696
8604 0 16717
8604 1 16689
8604 2 16703
8604 3 16723
8605 0 16713
8605 1 16693
8605 2 16694
8605 3 16698
8605 4 16697
8606 0 16688
8606 1 16689
8606 2 16708
8606 3 16709
8607 0 16688
8607 1 16689
8607 2 16703
8607 3 16696
8608 0 16719
8608 1 16700
8608 2 16703
8608 3 16690
8609 0 16701
8609 1 16689
8609 2 16718
8609 3 16698
8609 4 16697
8610 0 16688
8610 1 16689
8610 2 16694
8610 3 16698
8610 4 16697
8611 0 16688
8611 1 16689
8611 2 16694
8611 3 16723
8611 4 16695
8612 0 16688
8612 1 16689
8612 2 16718
8612 3 16690
8612 4 16697
8613 0 16688
8613 1 16689
8613 2 16694
8613 3 16696
8613 4 16695
8614 0 16688
8614 1 16689
8614 2 16708
8614 3 16696
8615 0 16688
8615 1 16707
8615 2 16694
8615 3 16696
8615 4 16697
8616 0 16688
8616 1 16689
8616 2 16694
8616 3 16698
8617 0 16688
8617 1 16689
8617 2 16718
8617 3 16709
8618 0 16688
8618 1 16689
8618 2 16708
8618 3 16723
8619 0 16688
8619 1 16700
8619 2 16703
8619 3 16723
8620 0 16688
8620 1 16700
8620 2 16708
8620 3 16723
8621 0 16688
8621 1 16700
8621 2 16708
8621 3 16723
8622 0 16688
8622 1 16689
8622 2 16694
8622 3 16690
8622 4 16695
8623 0 16688
8623 1 16700
8623 2 16708
8623 3 16723
8624 0 16688
8624 1 16700
8624 2 16703
8624 3 16723
8625 0 16712
8625 1 16700
8625 2 16708
8625 3 16709
8626 0 16688
8626 1 16700
8626 2 16703
8626 3 16709
8626 4 16697
8627 0 16688
8627 1 16700
8627 2 16694
8627 3 16696
8627 4 16697
8628 0 16688
8628 1 16693
8628 2 16694
8628 3 16696
8628 4 16695
8629 0 16688
8629 1 16689
8629 2 16694
8629 3 16696
8629 4 16697
8630 0 16688
8630 1 16707
8630 2 16694
8630 3 16709
8630 4 16695
8631 0 16688
8631 1 16689
8631 2 16694
8631 3 16696
8631 4 16695
8632 0 16688
8632 1 16689
8632 2 16694
8632 3 16690
8632 4 16697
8633 0 16701
8633 1 16689
8633 2 16708
8633 3 16709
8634 0 16688
8634 1 16693
8634 2 16694
8634 3 16698
8635 0 16688
8635 1 16689
8635 2 16703
8635 3 16709
8635 4 16697
8636 0 16688
8636 1 16689
8636 2 16703
8636 3 16709
8637 0 16688
8637 1 16700
8637 2 16708
8637 3 16723
8638 0 16692
8638 1 16689
8638 2 16694
8638 3 16690
8638 4 16695
8639 0 16688
8639 1 16693
8639 2 16718
8639 3 16696
8640 0 16688
8640 1 16693
8640 2 16694
8640 3 16696
8641 0 16692
8641 1 16689
8641 2 16694
8641 3 16696
8642 0 16712
8642 1 16700
8642 2 16718
8642 3 16696
8642 4 16695
8643 0 16688
8643 1 16689
8643 2 16694
8643 3 16723
8643 4 16695
8644 0 16702
8644 1 16693
8644 2 16694
8644 3 16723
8645 0 16713
8645 1 16689
8645 2 16694
8645 3 16709
8645 4 16697
8646 0 16692
8646 1 16689
8646 2 16694
8646 3 16696
8646 4 16697
8647 0 16688
8647 1 16693
8647 2 16694
8647 3 16690
8647 4 16695
8648 0 16688
8648 1 16689
8648 2 16708
8648 3 16709
8649 0 16688
8649 1 16689
8649 2 16708
8649 3 16696
8650 0 16713
8650 1 16689
8650 2 16694
8650 3 16698
8650 4 16697
8651 0 16688
8651 1 16689
8651 2 16703
8651 3 16690
8651 4 16695
8652 0 16688
8652 1 16693
8652 2 16703
8652 3 16690
8652 4 16695
8653 0 16688
8653 1 16693
8653 2 16694
8653 3 16696
8653 4 16695
8654 0 16688
8654 1 16700
8654 2 16703
8654 3 16696
8655 0 16688
8655 1 16689
8655 2 16694
8655 3 16723
8655 4 16695
8656 0 16713
8656 1 16689
8656 2 16718
8656 3 16709
8656 4 16695
8657 0 16712
8657 1 16707
8657 2 16694
8657 3 16698
8657 4 16695
8658 0 16688
8658 1 16707
8658 2 16694
8658 3 16696
8658 4 16697
8659 0 16705
8659 1 16707
8659 2 16694
8659 3 16698
8659 4 16695
8660 0 16692
8660 1 16693
8660 2 16694
8660 3 16696
8660 4 16695
8661 0 16688
8661 1 16689
8661 2 16718
8661 3 16690
8662 0 16705
8662 1 16689
8662 2 16691
8662 3 16723
8662 4 16695
8663 0 16688
8663 1 16693
8663 2 16691
8663 3 16698
8663 4 16695
8664 0 16688
8664 1 16707
8664 2 16703
8664 3 16723
8664 4 16695
8665 0 16688
8665 1 16689
8665 2 16718
8665 3 16696
8666 0 16688
8666 1 16689
8666 2 16718
8666 3 16696
8667 0 16713
8667 1 16689
8667 2 16708
8667 3 16723
8668 0 16688
8668 1 16693
8668 2 16691
8668 3 16709
8669 0 16688
8669 1 16689
8669 2 16691
8669 3 16690
8670 0 16722
8670 1 16693
8670 2 16694
8670 3 16709
8670 4 16695
8671 0 16688
8671 1 16689
8671 2 16691
8671 3 16690
8672 0 16688
8672 1 16689
8672 2 16708
8672 3 16696
8673 0 16688
8673 1 16689
8673 2 16703
8673 3 16723
8673 4 16695
8674 0 16688
8674 1 16700
8674 2 16703
8674 3 16698
8674 4 16695
8675 0 16688
8675 1 16689
8675 2 16694
8675 3 16696
8675 4 16695
8676 0 16688
8676 1 16700
8676 2 16703
8676 3 16696
8677 0 16688
8677 1 16693
8677 2 16718
8677 3 16696
8678 0 16688
8678 1 16689
8678 2 16708
8678 3 16696
8679 0 16688
8679 1 16689
8679 2 16694
8679 3 16723
8680 0 16701
8680 1 16707
8680 2 16694
8680 3 16698
8680 4 16695
8681 0 16688
8681 1 16689
8681 2 16703
8681 3 16709
8682 0 16688
8682 1 16693
8682 2 16703
8682 3 16698
8682 4 16695
8683 0 16731
8683 1 16693
8683 2 16691
8683 3 16696
8684 0 16688
8684 1 16689
8684 2 16694
8684 3 16709
8684 4 16695
8685 0 16688
8685 1 16693
8685 2 16708
8685 3 16709
8686 0 16688
8686 1 16693
8686 2 16691
8686 3 16698
8687 0 16719
8687 1 16693
8687 2 16694
8687 3 16696
8687 4 16695
8688 0 16688
8688 1 16693
8688 2 16691
8688 3 16723
8689 0 16701
8689 1 16689
8689 2 16694
8689 3 16698
8689 4 16695
8690 0 16688
8690 1 16700
8690 2 16694
8690 3 16709
8690 4 16695
8691 0 16705
8691 1 16693
8691 2 16718
8691 3 16696
8691 4 16695
8692 0 16725
8692 1 16689
8692 2 16718
8692 3 16696
8693 0 16688
8693 1 16693
8693 2 16694
8693 3 16698
8693 4 16695
8694 0 16688
8694 1 16693
8694 2 16694
8694 3 16709
8694 4 16695
8695 0 16688
8695 1 16693
8695 2 16718
8695 3 16709
8696 0 16688
8696 1 16693
8696 2 16703
8696 3 16709
8696 4 16697
8697 0 16688
8697 1 16693
8697 2 16718
8697 3 16698
8697 4 16695
8698 0 16688
8698 1 16689
8698 2 16703
8698 3 16696
8698 4 16695
8699 0 16701
8699 1 16707
8699 2 16694
8699 3 16696
8699 4 16695
8700 0 16688
8700 1 16689
8700 2 16694
8700 3 16709
8701 0 16701
8701 1 16707
8701 2 16694
8701 3 16696
8701 4 16695
8702 0 16688
8702 1 16689
8702 2 16703
8702 3 16709
8703 0 16688
8703 1 16689
8703 2 16694
8703 3 16696
8703 4 16697
8704 0 16688
8704 1 16689
8704 2 16703
8704 3 16696
8704 4 16695
8705 0 16688
8705 1 16689
8705 2 16694
8705 3 16690
8705 4 16697
8706 0 16688
8706 1 16689
8706 2 16694
8706 3 16696
8706 4 16695
8707 0 16688
8707 1 16693
8707 2 16718
8707 3 16690
8707 4 16695
8708 0 16688
8708 1 16700
8708 2 16718
8708 3 16723
8709 0 16688
8709 1 16689
8709 2 16703
8709 3 16696
8710 0 16702
8710 1 16689
8710 2 16703
8710 3 16696
8711 0 16688
8711 1 16689
8711 2 16718
8711 3 16690
8711 4 16695
8712 0 16692
8712 1 16689
8712 2 16694
8712 3 16696
8712 4 16697
8713 0 16688
8713 1 16700
8713 2 16718
8713 3 16696
8714 0 16688
8714 1 16689
8714 2 16694
8714 3 16709
8715 0 16688
8715 1 16689
8715 2 16718
8715 3 16696
8716 0 16688
8716 1 16689
8716 2 16694
8716 3 16723
8717 0 16688
8717 1 16693
8717 2 16694
8717 3 16709
8717 4 16697
8718 0 16688
8718 1 16689
8718 2 16718
8718 3 16696
8719 0 16688
8719 1 16689
8719 2 16703
8719 3 16723
8720 0 16688
8720 1 16689
8720 2 16691
8720 3 16698
8721 0 16688
8721 1 16689
8721 2 16718
8721 3 16723
8721 4 16697
8722 0 16688
8722 1 16707
8722 2 16718
8722 3 16723
8722 4 16695
8723 0 16688
8723 1 16689
8723 2 16691
8723 3 16690
8724 0 16688
8724 1 16689
8724 2 16718
8724 3 16696
8725 0 16688
8725 1 16689
8725 2 16694
8725 3 16709
8725 4 16697
8726 0 16688
8726 1 16689
8726 2 16694
8726 3 16698
8726 4 16695
8727 0 16713
8727 1 16707
8727 2 16694
8727 3 16696
8727 4 16728
8728 0 16713
8728 1 16693
8728 2 16694
8728 3 16696
8729 0 16688
8729 1 16700
8729 2 16703
8729 3 16690
8730 0 16688
8730 1 16689
8730 2 16718
8730 3 16709
8730 4 16697
8731 0 16717
8731 1 16689
8731 2 16703
8731 3 16723
8731 4 16728
8732 0 16688
8732 1 16689
8732 2 16718
8732 3 16709
8733 0 16701
8733 1 16693
8733 2 16694
8733 3 16698
8733 4 16697
8734 0 16713
8734 1 16693
8734 2 16694
8734 3 16698
8735 0 16688
8735 1 16689
8735 2 16703
8735 3 16723
8736 0 16688
8736 1 16700
8736 2 16703
8736 3 16696
8737 0 16702
8737 1 16693
8737 2 16703
8737 3 16709
8738 0 16688
8738 1 16689
8738 2 16703
8738 3 16696
8739 0 16688
8739 1 16700
8739 2 16718
8739 3 16723
8740 0 16688
8740 1 16693
8740 2 16703
8740 3 16690
8740 4 16695
8741 0 16688
8741 1 16700
8741 2 16718
8741 3 16723
8741 4 16697
8742 0 16688
8742 1 16689
8742 2 16694
8742 3 16709
8742 4 16697
8743 0 16688
8743 1 16689
8743 2 16694
8743 3 16723
8744 0 16688
8744 1 16689
8744 2 16718
8744 3 16696
8745 0 16688
8745 1 16689
8745 2 16703
8745 3 16696
8746 0 16713
8746 1 16689
8746 2 16694
8746 3 16696
8746 4 16695
8747 0 16688
8747 1 16693
8747 2 16718
8747 3 16690
8747 4 16695
8748 0 16688
8748 1 16693
8748 2 16703
8748 3 16690
8749 0 16688
8749 1 16689
8749 2 16718
8749 3 16698
8749 4 16695
8750 0 16688
8750 1 16689
8750 2 16694
8750 3 16698
8750 4 16695
8751 0 16688
8751 1 16693
8751 2 16694
8751 3 16690
8751 4 16695
8752 0 16701
8752 1 16693
8752 2 16694
8752 3 16696
8752 4 16695
8753 0 16688
8753 1 16689
8753 2 16703
8753 3 16709
8754 0 16688
8754 1 16689
8754 2 16694
8754 3 16723
8754 4 16697
8755 0 16701
8755 1 16693
8755 2 16694
8755 3 16698
8755 4 16695
8756 0 16688
8756 1 16689
8756 2 16708
8756 3 16696
8757 0 16688
8757 1 16689
8757 2 16694
8757 3 16696
8757 4 16697
8758 0 16688
8758 1 16689
8758 2 16703
8758 3 16696
8758 4 16695
8759 0 16688
8759 1 16689
8759 2 16694
8759 3 16696
8759 4 16697
8760 0 16701
8760 1 16693
8760 2 16694
8760 3 16696
8760 4 16695
8761 0 16712
8761 1 16689
8761 2 16703
8761 3 16723
8762 0 16688
8762 1 16693
8762 2 16694
8762 3 16696
8762 4 16695
8763 0 16688
8763 1 16689
8763 2 16718
8763 3 16696
8764 0 16688
8764 1 16700
8764 2 16718
8764 3 16696
8765 0 16688
8765 1 16700
8765 2 16703
8765 3 16698
8766 0 16702
8766 1 16689
8766 2 16703
8766 3 16696
8767 0 16688
8767 1 16689
8767 2 16703
8767 3 16690
8768 0 16688
8768 1 16689
8768 2 16703
8768 3 16698
8769 0 16712
8769 1 16707
8769 2 16694
8769 3 16698
8769 4 16695
8770 0 16688
8770 1 16689
8770 2 16691
8770 3 16698
8771 0 16688
8771 1 16693
8771 2 16694
8771 3 16696
8772 0 16688
8772 1 16689
8772 2 16703
8772 3 16696
8772 4 16695
8773 0 16688
8773 1 16693
8773 2 16694
8773 3 16696
8773 4 16695
8774 0 16692
8774 1 16707
8774 2 16694
8774 3 16698
8774 4 16695
8775 0 16688
8775 1 16689
8775 2 16718
8775 3 16696
8776 0 16688
8776 1 16689
8776 2 16703
8776 3 16696
8777 0 16688
8777 1 16689
8777 2 16694
8777 3 16696
8777 4 16695
8778 0 16702
8778 1 16693
8778 2 16691
8778 3 16698
8779 0 16705
8779 1 16693
8779 2 16694
8779 3 16723
8779 4 16697
8780 0 16733
8780 1 16689
8780 2 16703
8780 3 16690
8781 0 16688
8781 1 16689
8781 2 16718
8781 3 16723
8782 0 16701
8782 1 16689
8782 2 16694
8782 3 16696
8782 4 16695
8783 0 16702
8783 1 16689
8783 2 16694
8783 3 16698
8784 0 16722
8784 1 16689
8784 2 16694
8784 3 16723
8784 4 16697
8785 0 16688
8785 1 16700
8785 2 16703
8785 3 16723
8785 4 16697
8786 0 16688
8786 1 16693
8786 2 16718
8786 3 16698
8787 0 16688
8787 1 16689
8787 2 16703
8787 3 16709
8787 4 16695
8788 0 16688
8788 1 16693
8788 2 16703
8788 3 16690
8788 4 16697
8789 0 16688
8789 1 16700
8789 2 16718
8789 3 16696
8789 4 16728
8790 0 16688
8790 1 16689
8790 2 16703
8790 3 16690
8790 4 16697
8791 0 16688
8791 1 16689
8791 2 16694
8791 3 16696
8792 0 16712
8792 1 16689
8792 2 16703
8792 3 16709
8792 4 16695
8793 0 16688
8793 1 16693
8793 2 16694
8793 3 16698
8793 4 16697
8794 0 16722
8794 1 16693
8794 2 16694
8794 3 16709
8794 4 16697
8795 0 16717
8795 1 16689
8795 2 16718
8795 3 16696
8796 0 16713
8796 1 16689
8796 2 16718
8796 3 16696
8797 0 16705
8797 1 16707
8797 2 16694
8797 3 16690
8797 4 16695
8798 0 16688
8798 1 16689
8798 2 16718
8798 3 16696
8799 0 16688
8799 1 16689
8799 2 16703
8799 3 16709
8799 4 16697
8800 0 16688
8800 1 16689
8800 2 16703
8800 3 16723
8800 4 16695
8801 0 16688
8801 1 16689
8801 2 16694
8801 3 16709
8801 4 16697
8802 0 16713
8802 1 16689
8802 2 16718
8802 3 16723
8802 4 16728
8803 0 16688
8803 1 16689
8803 2 16694
8803 3 16723
8803 4 16697
8804 0 16701
8804 1 16689
8804 2 16718
8804 3 16723
8805 0 16722
8805 1 16689
8805 2 16694
8805 3 16709
8805 4 16697
8806 0 16731
8806 1 16689
8806 2 16703
8806 3 16709
8806 4 16697
8807 0 16688
8807 1 16689
8807 2 16703
8807 3 16698
8807 4 16697
8808 0 16688
8808 1 16689
8808 2 16694
8808 3 16723
8808 4 16697
8809 0 16688
8809 1 16689
8809 2 16718
8809 3 16723
8810 0 16701
8810 1 16689
8810 2 16718
8810 3 16709
8811 0 16688
8811 1 16700
8811 2 16694
8811 3 16723
8812 0 16688
8812 1 16693
8812 2 16694
8812 3 16696
8812 4 16697
8813 0 16688
8813 1 16700
8813 2 16718
8813 3 16723
8814 0 16688
8814 1 16700
8814 2 16694
8814 3 16723
8815 0 16688
8815 1 16693
8815 2 16718
8815 3 16723
8816 0 16688
8816 1 16693
8816 2 16703
8816 3 16696
8816 4 16695
8817 0 16688
8817 1 16693
8817 2 16718
8817 3 16690
8817 4 16697
8818 0 16688
8818 1 16689
8818 2 16703
8818 3 16696
8818 4 16697
8819 0 16692
8819 1 16689
8819 2 16703
8819 3 16709
8819 4 16695
8820 0 16688
8820 1 16689
8820 2 16694
8820 3 16709
8821 0 16688
8821 1 16689
8821 2 16703
8821 3 16696
8822 0 16688
8822 1 16689
8822 2 16718
8822 3 16690
8823 0 16688
8823 1 16689
8823 2 16718
8823 3 16709
8824 0 16688
8824 1 16693
8824 2 16718
8824 3 16723
8825 0 16688
8825 1 16689
8825 2 16703
8825 3 16698
8825 4 16697
8826 0 16688
8826 1 16689
8826 2 16694
8826 3 16698
8826 4 16695
8827 0 16688
8827 1 16689
8827 2 16703
8827 3 16723
8828 0 16688
8828 1 16707
8828 2 16694
8828 3 16709
8828 4 16697
8829 0 16688
8829 1 16689
8829 2 16703
8829 3 16690
8830 0 16688
8830 1 16707
8830 2 16694
8830 3 16696
8830 4 16697
8831 0 16688
8831 1 16689
8831 2 16718
8831 3 16723
8832 0 16688
8832 1 16689
8832 2 16718
8832 3 16723
8833 0 16701
8833 1 16707
8833 2 16694
8833 3 16690
8834 0 16688
8834 1 16693
8834 2 16694
8834 3 16698
8834 4 16695
8835 0 16688
8835 1 16693
8835 2 16694
8835 3 16690
8835 4 16695
8836 0 16702
8836 1 16693
8836 2 16694
8836 3 16698
8837 0 16688
8837 1 16689
8837 2 16703
8837 3 16696
8838 0 16688
8838 1 16693
8838 2 16694
8838 3 16696
8838 4 16695
8839 0 16688
8839 1 16689
8839 2 16718
8839 3 16696
8839 4 16695
8840 0 16688
8840 1 16689
8840 2 16708
8840 3 16696
8841 0 16692
8841 1 16689
8841 2 16694
8841 3 16696
8841 4 16695
8842 0 16722
8842 1 16689
8842 2 16703
8842 3 16690
8842 4 16695
8843 0 16688
8843 1 16693
8843 2 16708
8843 3 16696
8844 0 16688
8844 1 16693
8844 2 16694
8844 3 16696
8844 4 16697
8845 0 16688
8845 1 16689
8845 2 16691
8845 3 16723
8846 0 16705
8846 1 16693
8846 2 16703
8846 3 16696
8846 4 16697
8847 0 16688
8847 1 16693
8847 2 16691
8847 3 16696
8847 4 16697
8848 0 16688
8848 1 16689
8848 2 16703
8848 3 16690
8849 0 16688
8849 1 16689
8849 2 16708
8849 3 16709
8850 0 16713
8850 1 16689
8850 2 16703
8850 3 16709
8851 0 16688
8851 1 16689
8851 2 16718
8851 3 16696
8851 4 16697
8852 0 16688
8852 1 16689
8852 2 16691
8852 3 16690
8853 0 16688
8853 1 16693
8853 2 16694
8853 3 16709
8853 4 16697
8854 0 16713
8854 1 16689
8854 2 16694
8854 3 16696
8855 0 16688
8855 1 16693
8855 2 16691
8855 3 16698
8856 0 16701
8856 1 16707
8856 2 16694
8856 3 16698
8856 4 16697
8857 0 16688
8857 1 16689
8857 2 16694
8857 3 16690
8858 0 16688
8858 1 16693
8858 2 16691
8858 3 16696
8859 0 16688
8859 1 16689
8859 2 16708
8859 3 16696
8860 0 16688
8860 1 16689
8860 2 16694
8860 3 16696
8861 0 16713
8861 1 16689
8861 2 16694
8861 3 16709
8862 0 16702
8862 1 16693
8862 2 16694
8862 3 16698
8863 0 16688
8863 1 16689
8863 2 16703
8863 3 16709
8863 4 16697
8864 0 16688
8864 1 16693
8864 2 16694
8864 3 16690
8864 4 16695
8865 0 16688
8865 1 16689
8865 2 16694
8865 3 16723
8865 4 16697
8866 0 16702
8866 1 16693
8866 2 16703
8866 3 16696
8867 0 16688
8867 1 16689
8867 2 16694
8867 3 16698
8867 4 16697
8868 0 16688
8868 1 16689
8868 2 16694
8868 3 16690
8868 4 16697
8869 0 16688
8869 1 16689
8869 2 16703
8869 3 16723
8869 4 16697
8870 0 16717
8870 1 16689
8870 2 16694
8870 3 16709
8870 4 16728
8871 0 16688
8871 1 16689
8871 2 16691
8871 3 16690
8872 0 16688
8872 1 16693
8872 2 16703
8872 3 16696
8872 4 16697
8873 0 16688
8873 1 16689
8873 2 16703
8873 3 16696
8874 0 16688
8874 1 16693
8874 2 16708
8874 3 16723
8875 0 16688
8875 1 16689
8875 2 16694
8875 3 16690
8875 4 16697
8876 0 16712
8876 1 16689
8876 2 16694
8876 3 16696
8876 4 16697
8877 0 16702
8877 1 16689
8877 2 16703
8877 3 16696
8877 4 16728
8878 0 16731
8878 1 16693
8878 2 16718
8878 3 16709
8878 4 16697
8879 0 16688
8879 1 16689
8879 2 16718
8879 3 16709
8879 4 16695
8880 0 16702
8880 1 16693
8880 2 16718
8880 3 16709
8880 4 16697
8881 0 16688
8881 1 16689
8881 2 16718
8881 3 16709
8881 4 16695
8882 0 16702
8882 1 16689
8882 2 16703
8882 3 16690
8883 0 16688
8883 1 16689
8883 2 16694
8883 3 16696
8884 0 16688
8884 1 16700
8884 2 16703
8884 3 16696
8885 0 16702
8885 1 16689
8885 2 16703
8885 3 16690
8885 4 16728
8886 0 16731
8886 1 16689
8886 2 16694
8886 3 16698
8886 4 16697
8887 0 16702
8887 1 16693
8887 2 16691
8887 3 16690
8888 0 16688
8888 1 16707
8888 2 16694
8888 3 16709
8888 4 16697
8889 0 16702
8889 1 16689
8889 2 16694
8889 3 16723
8889 4 16697
8890 0 16688
8890 1 16707
8890 2 16694
8890 3 16698
8890 4 16695
8891 0 16720
8891 1 16689
8891 2 16718
8891 3 16723
8891 4 16695
8892 0 16688
8892 1 16689
8892 2 16718
8892 3 16709
8893 0 16688
8893 1 16707
8893 2 16703
8893 3 16696
8893 4 16697
8894 0 16701
8894 1 16689
8894 2 16718
8894 3 16696
8895 0 16701
8895 1 16693
8895 2 16694
8895 3 16696
8895 4 16697
8896 0 16717
8896 1 16693
8896 2 16694
8896 3 16696
8896 4 16697
8897 0 16702
8897 1 16693
8897 2 16694
8897 3 16696
8897 4 16695
8898 0 16688
8898 1 16693
8898 2 16718
8898 3 16709
8898 4 16695
8899 0 16701
8899 1 16689
8899 2 16703
8899 3 16696
8899 4 16697
8900 0 16719
8900 1 16689
8900 2 16694
8900 3 16696
8900 4 16697
8901 0 16701
8901 1 16689
8901 2 16694
8901 3 16696
8902 0 16688
8902 1 16689
8902 2 16718
8902 3 16709
8903 0 16712
8903 1 16689
8903 2 16694
8903 3 16698
8903 4 16697
8904 0 16702
8904 1 16689
8904 2 16703
8904 3 16696
8905 0 16702
8905 1 16693
8905 2 16691
8905 3 16690
8906 0 16717
8906 1 16689
8906 2 16694
8906 3 16690
8906 4 16695
8907 0 16717
8907 1 16693
8907 2 16694
8907 3 16696
8907 4 16695
8908 0 16688
8908 1 16693
8908 2 16718
8908 3 16709
8908 4 16697
8909 0 16688
8909 1 16689
8909 2 16691
8909 3 16690
8910 0 16702
8910 1 16693
8910 2 16694
8910 3 16690
8911 0 16688
8911 1 16689
8911 2 16703
8911 3 16696
8911 4 16695
8912 0 16688
8912 1 16689
8912 2 16694
8912 3 16698
8912 4 16697
8913 0 16719
8913 1 16689
8913 2 16703
8913 3 16690
8913 4 16697
8914 0 16692
8914 1 16689
8914 2 16694
8914 3 16709
8914 4 16697
8915 0 16722
8915 1 16693
8915 2 16694
8915 3 16690
8915 4 16697
8916 0 16688
8916 1 16689
8916 2 16708
8916 3 16696
8917 0 16705
8917 1 16689
8917 2 16708
8917 3 16723
8918 0 16701
8918 1 16689
8918 2 16694
8918 3 16698
8918 4 16697
8919 0 16688
8919 1 16693
8919 2 16694
8919 3 16698
8919 4 16695
8920 0 16732
8920 1 16689
8920 2 16708
8920 3 16723
8921 0 16688
8921 1 16689
8921 2 16708
8921 3 16698
8921 4 16695
8922 0 16713
8922 1 16689
8922 2 16694
8922 3 16696
8923 0 16702
8923 1 16689
8923 2 16703
8923 3 16696
8923 4 16697
8924 0 16702
8924 1 16689
8924 2 16703
8924 3 16696
8924 4 16695
8925 0 16702
8925 1 16693
8925 2 16694
8925 3 16696
8925 4 16697
8926 0 16702
8926 1 16693
8926 2 16718
8926 3 16709
8926 4 16697
8927 0 16688
8927 1 16693
8927 2 16718
8927 3 16698
8927 4 16697
8928 0 16717
8928 1 16693
8928 2 16694
8928 3 16696
8929 0 16705
8929 1 16689
8929 2 16694
8929 3 16696
8929 4 16695
8930 0 16688
8930 1 16689
8930 2 16708
8930 3 16690
8930 4 16695
8931 0 16688
8931 1 16707
8931 2 16694
8931 3 16709
8931 4 16697
8932 0 16712
8932 1 16689
8932 2 16694
8932 3 16709
8932 4 16695
8933 0 16688
8933 1 16689
8933 2 16718
8933 3 16690
8933 4 16695
8934 0 16688
8934 1 16689
8934 2 16694
8934 3 16698
8934 4 16695
8935 0 16701
8935 1 16693
8935 2 16718
8935 3 16696
8935 4 16697
8936 0 16705
8936 1 16689
8936 2 16694
8936 3 16696
8936 4 16697
8937 0 16688
8937 1 16689
8937 2 16691
8937 3 16696
8937 4 16695
8938 0 16688
8938 1 16689
8938 2 16694
8938 3 16696
8938 4 16697
8939 0 16688
8939 1 16693
8939 2 16691
8939 3 16690
8939 4 16697
8940 0 16701
8940 1 16693
8940 2 16694
8940 3 16698
8940 4 16695
8941 0 16713
8941 1 16689
8941 2 16694
8941 3 16709
8941 4 16697
8942 0 16702
8942 1 16693
8942 2 16703
8942 3 16698
8943 0 16712
8943 1 16707
8943 2 16694
8943 3 16696
8943 4 16695
8944 0 16688
8944 1 16693
8944 2 16703
8944 3 16709
8944 4 16697
8945 0 16688
8945 1 16689
8945 2 16708
8945 3 16696
8946 0 16688
8946 1 16689
8946 2 16694
8946 3 16696
8946 4 16697
8947 0 16702
8947 1 16689
8947 2 16694
8947 3 16698
8948 0 16688
8948 1 16689
8948 2 16694
8948 3 16698
8949 0 16702
8949 1 16693
8949 2 16703
8949 3 16690
8950 0 16688
8950 1 16689
8950 2 16708
8950 3 16709
8951 0 16688
8951 1 16689
8951 2 16708
8951 3 16723
8952 0 16717
8952 1 16689
8952 2 16718
8952 3 16698
8952 4 16695
8953 0 16722
8953 1 16689
8953 2 16703
8953 3 16696
8953 4 16695
8954 0 16688
8954 1 16693
8954 2 16703
8954 3 16696
8954 4 16697
8955 0 16701
8955 1 16689
8955 2 16691
8955 3 16696
8956 0 16688
8956 1 16689
8956 2 16703
8956 3 16696
8957 0 16688
8957 1 16689
8957 2 16703
8957 3 16723
8957 4 16695
8958 0 16712
8958 1 16689
8958 2 16694
8958 3 16723
8958 4 16697
8959 0 16713
8959 1 16693
8959 2 16718
8959 3 16709
8959 4 16695
8960 0 16688
8960 1 16707
8960 2 16694
8960 3 16696
8960 4 16697
8961 0 16692
8961 1 16693
8961 2 16694
8961 3 16690
8961 4 16697
8962 0 16705
8962 1 16689
8962 2 16718
8962 3 16696
8962 4 16728
8963 0 16688
8963 1 16689
8963 2 16694
8963 3 16698
8964 0 16688
8964 1 16693
8964 2 16694
8964 3 16723
8965 0 16688
8965 1 16693
8965 2 16718
8965 3 16709
8966 0 16688
8966 1 16689
8966 2 16694
8966 3 16696
8966 4 16695
8967 0 16688
8967 1 16689
8967 2 16718
8967 3 16696
8967 4 16695
8968 0 16717
8968 1 16689
8968 2 16718
8968 3 16723
8969 0 16688
8969 1 16689
8969 2 16727
8969 3 16690
8969 4 16695
8970 0 16688
8970 1 16689
8970 2 16694
8970 3 16690
8970 4 16695
8971 0 16713
8971 1 16689
8971 2 16691
8971 3 16709
8971 4 16695
8972 0 16731
8972 1 16693
8972 2 16694
8972 3 16723
8972 4 16695
8973 0 16702
8973 1 16689
8973 2 16694
8973 3 16696
8974 0 16717
8974 1 16689
8974 2 16694
8974 3 16696
8974 4 16695
8975 0 16702
8975 1 16693
8975 2 16694
8975 3 16690
8975 4 16695
8976 0 16688
8976 1 16693
8976 2 16694
8976 3 16709
8976 4 16697
8977 0 16688
8977 1 16689
8977 2 16694
8977 3 16709
8978 0 16692
8978 1 16689
8978 2 16694
8978 3 16709
8978 4 16695
8979 0 16692
8979 1 16693
8979 2 16694
8979 3 16696
8979 4 16697
8980 0 16688
8980 1 16700
8980 2 16718
8980 3 16690
8981 0 16688
8981 1 16689
8981 3 16709
8981 4 16697
8982 0 16688
8982 1 16700
8982 2 16694
8982 3 16709
8982 4 16697
8983 0 16688
8983 1 16689
8983 2 16694
8983 3 16723
8983 4 16695
8984 0 16688
8984 1 16689
8984 3 16723
8984 4 16697
8985 0 16688
8985 1 16693
8985 2 16694
8985 3 16696
8985 4 16695
8986 0 16701
8986 1 16700
8986 2 16694
8986 3 16709
8987 0 16712
8987 1 16707
8987 2 16694
8987 3 16698
8987 4 16695
8988 0 16688
8988 1 16689
8988 2 16694
8988 3 16709
8988 4 16695
8989 0 16712
8989 1 16689
8989 2 16708
8989 3 16690
8990 0 16701
8990 1 16707
8990 2 16694
8990 3 16696
8990 4 16695
8991 0 16688
8991 1 16700
8991 2 16708
8991 3 16723
8992 0 16688
8992 1 16689
8992 2 16694
8992 3 16723
8992 4 16695
8993 0 16688
8993 1 16689
8993 2 16703
8993 3 16690
8993 4 16695
8994 0 16688
8994 1 16707
8994 2 16694
8994 3 16709
8994 4 16697
8995 0 16688
8995 1 16689
8995 2 16710
8995 3 16723
8996 0 16688
8996 1 16700
8996 2 16708
8996 3 16696
8997 0 16688
8997 1 16700
8997 2 16708
8997 3 16723
8998 0 16688
8998 1 16700
8998 2 16708
8998 3 16723
8999 0 16688
8999 1 16689
8999 2 16691
8999 3 16698
9000 0 16688
9000 1 16689
9000 2 16708
9000 3 16690
9001 0 16688
9001 1 16689
9001 2 16708
9001 3 16723
9002 0 16688
9002 1 16689
9002 2 16710
9002 3 16723
9002 4 16697
9003 0 16688
9003 1 16689
9003 2 16691
9003 3 16696
9004 0 16688
9004 1 16689
9004 2 16708
9004 3 16709
9005 0 16692
9005 1 16689
9005 2 16694
9005 3 16709
9005 4 16697
9006 0 16688
9006 1 16700
9006 3 16696
9007 0 16701
9007 1 16689
9007 2 16708
9007 3 16709
9008 0 16692
9008 1 16689
9008 2 16703
9008 3 16698
9008 4 16695
9009 0 16688
9009 1 16707
9009 2 16694
9009 3 16709
9009 4 16697
9010 0 16692
9010 1 16693
9010 2 16694
9010 3 16723
9010 4 16695
9011 0 16701
9011 1 16693
9011 2 16716
9011 3 16709
9012 0 16688
9012 1 16689
9012 2 16694
9012 3 16696
9012 4 16695
9013 0 16692
9013 1 16689
9013 2 16694
9013 3 16723
9014 0 16688
9014 1 16700
9014 2 16704
9014 3 16698
9014 4 16697
9015 0 16688
9015 1 16693
9015 2 16694
9015 3 16696
9015 4 16697
9016 0 16688
9016 1 16689
9016 2 16694
9016 3 16709
9016 4 16697
9017 0 16688
9017 1 16700
9017 2 16708
9017 3 16709
9017 4 16697
9018 0 16701
9018 1 16689
9018 2 16716
9018 3 16696
9018 4 16695
9019 0 16688
9019 1 16689
9019 2 16694
9019 3 16690
9020 0 16688
9020 1 16693
9020 2 16708
9020 3 16696
9021 0 16705
9021 1 16693
9021 2 16718
9021 3 16696
9021 4 16697
9022 0 16688
9022 1 16693
9022 2 16718
9022 3 16698
9022 4 16695
9023 0 16701
9023 1 16693
9023 2 16694
9023 3 16696
9024 0 16688
9024 1 16689
9024 2 16716
9024 3 16709
9025 0 16713
9025 1 16689
9025 2 16716
9025 3 16696
9025 4 16695
9026 0 16692
9026 1 16689
9026 2 16716
9026 3 16698
9026 4 16697
9027 0 16688
9027 1 16689
9027 2 16703
9027 3 16709
9028 0 16688
9028 1 16693
9028 2 16704
9028 3 16690
9028 4 16697
9029 0 16688
9029 1 16693
9029 2 16691
9029 3 16698
9030 0 16688
9030 1 16689
9030 2 16694
9030 3 16709
9030 4 16695
9031 0 16688
9031 1 16693
9031 2 16704
9031 3 16698
9031 4 16697
9032 0 16688
9032 1 16693
9032 2 16691
9032 3 16709
9033 0 16688
9033 1 16693
9033 2 16704
9033 3 16696
9034 0 16688
9034 1 16693
9034 2 16716
9034 3 16696
9034 4 16697
9035 0 16688
9035 1 16693
9035 2 16694
9035 3 16690
9035 4 16695
9036 0 16688
9036 1 16693
9036 2 16694
9036 3 16698
9036 4 16695
9037 0 16705
9037 1 16689
9037 2 16694
9037 3 16696
9037 4 16697
9038 0 16688
9038 1 16693
9038 2 16699
9038 3 16698
9038 4 16697
9039 0 16692
9039 1 16693
9039 2 16694
9039 3 16690
9039 4 16695
9040 0 16688
9040 1 16689
9040 2 16727
9040 3 16709
9040 4 16695
9041 0 16688
9041 1 16689
9041 2 16704
9041 3 16698
9041 4 16697
9042 0 16688
9042 1 16689
9042 2 16694
9042 3 16696
9042 4 16695
9043 0 16688
9043 1 16689
9043 2 16704
9043 3 16696
9043 4 16695
9044 0 16688
9044 1 16689
9044 2 16694
9044 3 16696
9044 4 16697
9045 0 16688
9045 1 16693
9045 2 16703
9045 3 16696
9046 0 16688
9046 1 16693
9046 2 16694
9046 3 16698
9047 0 16688
9047 1 16689
9047 2 16716
9047 3 16709
9047 4 16697
9048 0 16688
9048 1 16693
9048 2 16706
9048 3 16690
9048 4 16695
9049 0 16688
9049 1 16689
9049 2 16694
9049 3 16696
9049 4 16697
9050 0 16688
9050 1 16693
9050 2 16699
9050 3 16690
9050 4 16697
9051 0 16688
9051 1 16693
9051 2 16716
9051 3 16696
9051 4 16697
9052 0 16688
9052 1 16689
9052 2 16694
9052 3 16696
9052 4 16695
9053 0 16688
9053 1 16693
9053 2 16691
9053 3 16698
9054 0 16688
9054 1 16689
9054 2 16727
9054 3 16698
9054 4 16697
9055 0 16721
9055 1 16707
9055 2 16694
9055 3 16698
9055 4 16695
9056 0 16688
9056 1 16707
9056 2 16694
9056 3 16698
9056 4 16695
9057 0 16721
9057 1 16693
9057 2 16716
9057 3 16698
9057 4 16697
9058 0 16701
9058 1 16707
9058 2 16694
9058 3 16698
9058 4 16697
9059 0 16688
9059 1 16707
9059 2 16704
9059 3 16698
9059 4 16695
9060 0 16688
9060 1 16689
9060 2 16703
9060 3 16698
9061 0 16688
9061 1 16707
9061 2 16694
9061 3 16698
9061 4 16728
9062 0 16688
9062 1 16707
9062 2 16694
9062 3 16690
9062 4 16697
9063 0 16721
9063 1 16707
9063 2 16694
9063 3 16698
9063 4 16697
9064 0 16688
9064 1 16689
9064 2 16706
9064 3 16698
9064 4 16697
9065 0 16702
9065 1 16693
9065 2 16716
9065 3 16698
9065 4 16695
9066 0 16688
9066 1 16689
9066 2 16716
9066 3 16696
9066 4 16697
9067 0 16731
9067 1 16689
9067 2 16706
9067 3 16696
9067 4 16697
9068 0 16702
9068 1 16689
9068 2 16726
9068 3 16696
9068 4 16695
9069 0 16688
9069 1 16707
9069 2 16694
9069 3 16696
9069 4 16697
9070 0 16702
9070 1 16693
9070 2 16704
9070 3 16698
9070 4 16695
9071 0 16688
9071 1 16693
9071 2 16699
9071 3 16723
9071 4 16697
9072 0 16688
9072 1 16693
9072 2 16704
9072 3 16690
9072 4 16697
9073 0 16688
9073 1 16693
9073 2 16706
9073 3 16723
9073 4 16695
9074 0 16688
9074 1 16693
9074 2 16704
9074 3 16690
9075 0 16688
9075 1 16693
9075 2 16704
9075 3 16690
9075 4 16695
9076 0 16688
9076 1 16693
9076 2 16708
9076 3 16698
9077 0 16705
9077 1 16693
9077 2 16704
9077 3 16698
9077 4 16695
9078 0 16688
9078 1 16707
9078 2 16704
9078 3 16698
9078 4 16697
9079 0 16688
9079 1 16693
9079 2 16694
9079 3 16698
9079 4 16697
9080 0 16688
9080 1 16700
9080 2 16703
9080 3 16690
9080 4 16695
9081 0 16688
9081 1 16693
9081 2 16694
9081 3 16698
9081 4 16697
9082 0 16688
9082 1 16700
9082 2 16704
9082 3 16696
9082 4 16697
9083 0 16688
9083 1 16707
9083 2 16703
9083 3 16690
9083 4 16695
9084 0 16688
9084 1 16693
9084 2 16716
9084 3 16690
9084 4 16695
9085 0 16688
9085 1 16689
9085 2 16716
9085 3 16698
9085 4 16695
9086 0 16688
9086 1 16707
9086 2 16699
9086 3 16690
9086 4 16695
9087 0 16688
9087 1 16693
9087 2 16708
9087 3 16696
9088 0 16688
9088 1 16707
9088 2 16694
9088 3 16698
9088 4 16697
9089 0 16688
9089 1 16689
9089 2 16708
9089 3 16696
9090 0 16692
9090 1 16689
9090 2 16704
9090 3 16723
9090 4 16695
9091 0 16688
9091 1 16689
9091 2 16703
9091 3 16696
9091 4 16695
9092 0 16688
9092 1 16693
9092 2 16703
9092 3 16696
9092 4 16695
9093 0 16688
9093 1 16693
9093 2 16718
9093 3 16696
9093 4 16697
9094 0 16688
9094 1 16693
9094 2 16716
9094 3 16698
9094 4 16695
9095 0 16688
9095 1 16693
9095 2 16718
9095 3 16698
9096 0 16688
9096 1 16693
9096 2 16718
9096 3 16696
9097 0 16688
9097 1 16693
9097 2 16699
9097 3 16696
9097 4 16697
9098 0 16688
9098 1 16693
9098 2 16727
9098 3 16690
9098 4 16697
9099 0 16688
9099 1 16689
9099 2 16703
9099 3 16709
9100 0 16688
9100 1 16693
9100 2 16694
9100 3 16696
9100 4 16697
9101 0 16688
9101 1 16689
9101 2 16708
9101 3 16709
9102 0 16692
9102 1 16689
9102 2 16703
9102 3 16690
9102 4 16697
9103 0 16688
9103 1 16693
9103 2 16694
9103 3 16690
9103 4 16695
9104 0 16688
9104 1 16689
9104 2 16703
9104 3 16723
9105 0 16717
9105 1 16689
9105 2 16694
9105 3 16709
9105 4 16695
9106 0 16688
9106 1 16689
9106 2 16704
9106 3 16709
9106 4 16695
9107 0 16688
9107 1 16693
9107 2 16694
9107 3 16690
9107 4 16697
9108 0 16688
9108 1 16707
9108 2 16704
9108 3 16698
9108 4 16697
9109 0 16715
9109 1 16693
9109 2 16694
9109 3 16696
9109 4 16697
9110 0 16705
9110 1 16689
9110 2 16703
9110 3 16698
9110 4 16695
9111 0 16688
9111 1 16693
9111 2 16704
9111 3 16690
9111 4 16695
9112 0 16715
9112 1 16707
9112 2 16694
9112 3 16690
9112 4 16697
9113 0 16688
9113 1 16689
9113 2 16703
9113 3 16696
9113 4 16695
9114 0 16688
9114 1 16693
9114 2 16694
9114 3 16696
9114 4 16695
9115 0 16715
9115 1 16693
9115 2 16694
9115 3 16696
9115 4 16728
9116 0 16688
9116 1 16689
9116 2 16694
9116 3 16696
9116 4 16695
9117 0 16688
9117 1 16693
9117 2 16699
9117 3 16698
9118 0 16688
9118 1 16689
9118 2 16708
9118 3 16690
9119 0 16715
9119 1 16693
9119 2 16704
9119 3 16698
9119 4 16697
9120 0 16688
9120 1 16689
9120 2 16708
9120 3 16709
9121 0 16715
9121 1 16707
9121 2 16703
9121 3 16696
9121 4 16697
9122 0 16688
9122 1 16689
9122 2 16708
9122 3 16690
9123 0 16688
9123 1 16707
9123 2 16704
9123 3 16696
9123 4 16697
9124 0 16688
9124 1 16689
9124 2 16708
9124 3 16696
9125 0 16705
9125 1 16689
9125 2 16708
9125 3 16690
9126 0 16688
9126 1 16689
9126 2 16703
9126 3 16698
9127 0 16688
9127 1 16693
9127 2 16704
9127 3 16698
9128 0 16702
9128 1 16689
9128 2 16703
9128 3 16696
9128 4 16697
9129 0 16688
9129 1 16693
9129 2 16703
9129 3 16698
9130 0 16688
9130 1 16689
9130 2 16694
9130 3 16698
9131 0 16688
9131 1 16689
9131 2 16694
9131 3 16698
9132 0 16688
9132 1 16689
9132 2 16703
9132 3 16690
9133 0 16713
9133 1 16689
9133 2 16708
9133 3 16698
9134 0 16715
9134 1 16707
9134 2 16694
9134 3 16698
9135 0 16722
9135 1 16689
9135 2 16694
9135 3 16698
9136 0 16702
9136 1 16689
9136 2 16703
9136 3 16698
9137 0 16692
9137 1 16693
9137 2 16718
9137 3 16698
9138 0 16712
9138 1 16689
9138 2 16694
9138 3 16698
9139 0 16688
9139 1 16689
9139 2 16694
9139 3 16698
9140 0 16730
9140 1 16693
9140 2 16694
9140 3 16698
9141 0 16688
9141 1 16693
9141 2 16704
9141 3 16698
9142 0 16688
9142 1 16707
9142 2 16694
9142 3 16698
9143 0 16688
9143 1 16693
9143 2 16694
9143 3 16698
9144 0 16692
9144 1 16689
9144 2 16703
9144 3 16698
9145 0 16688
9145 1 16689
9145 2 16727
9145 3 16698
9146 0 16701
9146 1 16707
9146 2 16694
9146 3 16698
9147 0 16688
9147 1 16689
9147 2 16704
9147 3 16698
9148 0 16688
9148 1 16689
9148 2 16718
9148 3 16698
9149 0 16688
9149 1 16689
9149 2 16718
9149 3 16698
9150 0 16688
9150 1 16689
9150 2 16694
9150 3 16698
9151 0 16688
9151 1 16689
9151 2 16708
9151 3 16698
9152 0 16688
9152 1 16689
9152 2 16694
9152 3 16698
9153 0 16688
9153 1 16693
9153 2 16704
9153 3 16698
9154 0 16705
9154 1 16689
9154 2 16694
9154 3 16698
9155 0 16688
9155 1 16689
9155 2 16694
9155 3 16698
9156 0 16732
9156 1 16693
9156 2 16704
9156 3 16698
9156 4 16695
9157 0 16688
9157 1 16693
9157 2 16694
9157 3 16698
9158 0 16688
9158 1 16693
9158 2 16718
9158 3 16698
9159 0 16701
9159 1 16689
9159 2 16708
9159 3 16698
9160 0 16688
9160 1 16693
9160 2 16718
9160 3 16698
9161 0 16688
9161 1 16707
9161 2 16694
9161 3 16698
9162 0 16713
9162 1 16693
9162 2 16703
9162 3 16698
9163 0 16722
9163 1 16693
9163 2 16706
9163 3 16698
9164 0 16688
9164 1 16689
9164 2 16694
9164 3 16698
9165 0 16735
9165 1 16707
9165 2 16706
9165 3 16698
9166 0 16688
9166 1 16693
9166 2 16704
9166 3 16698
9167 0 16688
9167 1 16693
9167 2 16704
9167 3 16698
9167 4 16695
9168 0 16688
9168 1 16693
9168 2 16694
9168 3 16698
9168 4 16697
9169 0 16688
9169 1 16707
9169 2 16726
9169 3 16698
9170 0 16713
9170 1 16689
9170 2 16699
9170 3 16698
9171 0 16688
9171 1 16693
9171 2 16703
9171 3 16698
9172 0 16688
9172 1 16689
9172 2 16694
9172 3 16698
9173 0 16688
9173 1 16689
9173 2 16718
9173 3 16698
9174 0 16701
9174 1 16707
9174 2 16694
9174 3 16698
9175 0 16688
9175 1 16689
9175 2 16694
9175 3 16698
9176 0 16713
9176 1 16689
9176 2 16718
9176 3 16698
9177 0 16692
9177 1 16689
9177 2 16694
9177 3 16698
9178 0 16688
9178 1 16689
9178 2 16718
9178 3 16698
9179 0 16725
9179 1 16689
9179 2 16694
9179 3 16698
9180 0 16692
9180 1 16689
9180 2 16694
9180 3 16698
9181 0 16688
9181 1 16689
9181 3 16698
9182 0 16713
9182 1 16689
9182 2 16704
9182 3 16698
9183 0 16711
9183 1 16707
9183 2 16694
9183 3 16698
9184 0 16712
9184 1 16707
9184 2 16694
9184 3 16698
9184 4 16695
9185 0 16688
9185 1 16689
9185 2 16708
9185 3 16698
9186 0 16701
9186 1 16707
9186 2 16694
9186 3 16698
9186 4 16697
9187 0 16688
9187 1 16707
9187 2 16694
9187 3 16698
9188 0 16692
9188 1 16707
9188 2 16718
9188 3 16698
9189 0 16688
9189 1 16707
9189 2 16694
9189 3 16698
9189 4 16695
9190 0 16701
9190 1 16707
9190 2 16694
9190 3 16698
9191 0 16688
9191 1 16707
9191 2 16694
9191 3 16698
9192 0 16688
9192 1 16707
9192 2 16694
9192 3 16698
9193 0 16719
9193 1 16707
9193 2 16694
9193 3 16698
9194 0 16688
9194 1 16707
9194 2 16704
9194 3 16698
9195 0 16688
9195 1 16707
9195 2 16727
9195 3 16698
9196 0 16688
9196 1 16689
9196 2 16694
9196 3 16698
9197 0 16688
9197 1 16700
9197 2 16704
9197 3 16698
9198 0 16692
9198 1 16689
9198 2 16703
9198 3 16698
9199 0 16713
9199 1 16693
9199 2 16704
9199 3 16698
9200 0 16688
9200 1 16707
9200 2 16704
9200 3 16698
9201 0 16701
9201 1 16689
9201 2 16694
9201 3 16698
9201 4 16728
9202 0 16712
9202 1 16707
9202 2 16694
9202 3 16698
9202 4 16695
9203 0 16688
9203 1 16707
9203 2 16694
9203 3 16698
9204 0 16692
9204 1 16689
9204 2 16694
9204 3 16698
9205 0 16717
9205 1 16693
9205 2 16703
9205 3 16698
9206 0 16714
9206 1 16693
9206 2 16694
9206 3 16698
9206 4 16697
9207 0 16688
9207 1 16707
9207 2 16694
9207 3 16698
9207 4 16695
9208 0 16688
9208 1 16693
9208 2 16727
9208 3 16698
9209 0 16688
9209 1 16700
9209 2 16694
9209 3 16698
9209 4 16695
9210 0 16688
9210 1 16707
9210 2 16694
9210 3 16698
9211 0 16688
9211 1 16707
9211 2 16694
9211 3 16698
9212 0 16688
9212 1 16689
9212 2 16694
9212 3 16698
9212 4 16695
9213 0 16692
9213 1 16707
9213 2 16694
9213 3 16698
9213 4 16695
9214 0 16712
9214 1 16707
9214 2 16694
9214 3 16698
9215 0 16692
9215 1 16689
9215 2 16694
9215 3 16698
9216 0 16701
9216 1 16700
9216 2 16694
9216 3 16698
9217 0 16692
9217 1 16689
9217 2 16694
9217 3 16698
9217 4 16695
9218 0 16692
9218 1 16689
9218 2 16694
9218 3 16698
9218 4 16695
9219 0 16688
9219 1 16689
9219 2 16694
9219 3 16698
9219 4 16695
9220 0 16688
9220 1 16707
9220 2 16704
9220 3 16696
9221 0 16688
9221 1 16693
9221 2 16727
9221 3 16698
9222 0 16688
9222 1 16689
9222 2 16727
9222 3 16698
9223 0 16713
9223 1 16689
9223 2 16703
9223 3 16698
9224 0 16688
9224 1 16689
9224 2 16694
9224 3 16698
9225 0 16688
9225 1 16689
9225 2 16694
9225 3 16690
9225 4 16697
9226 0 16701
9226 1 16689
9226 2 16694
9226 3 16698
9227 0 16720
9227 1 16707
9227 2 16694
9227 3 16698
9228 0 16701
9228 1 16707
9228 2 16694
9228 3 16698
9228 4 16695
9229 0 16688
9229 1 16707
9229 2 16727
9229 3 16698
9230 0 16701
9230 1 16689
9230 2 16694
9230 3 16698
9231 0 16702
9231 1 16693
9231 2 16703
9231 3 16698
9232 0 16702
9232 1 16689
9232 2 16694
9232 3 16698
9232 4 16695
9233 0 16688
9233 1 16689
9233 2 16708
9233 3 16698
9234 0 16688
9234 1 16689
9234 2 16708
9234 3 16698
9235 0 16688
9235 1 16693
9235 2 16718
9235 3 16698
9236 0 16705
9236 1 16689
9236 2 16708
9236 3 16698
9237 0 16688
9237 1 16689
9237 2 16708
9237 3 16698
9238 0 16712
9238 1 16707
9238 2 16694
9238 3 16698
9239 0 16688
9239 1 16707
9239 2 16694
9239 3 16698
9240 0 16701
9240 1 16707
9240 2 16694
9240 3 16698
9240 4 16728
9241 0 16712
9241 1 16689
9241 2 16694
9241 3 16698
9242 0 16692
9242 1 16707
9242 2 16694
9242 3 16698
9243 0 16688
9243 1 16693
9243 2 16694
9243 3 16698
9243 4 16695
9244 0 16705
9244 1 16689
9244 2 16704
9244 3 16698
9244 4 16695
9245 0 16688
9245 1 16693
9245 2 16704
9245 3 16698
9245 4 16697
9246 0 16688
9246 1 16689
9246 2 16708
9246 3 16698
9247 0 16688
9247 1 16689
9247 2 16708
9247 3 16698
9248 0 16688
9248 1 16689
9248 2 16708
9248 3 16698
9249 0 16688
9249 1 16689
9249 2 16708
9249 3 16698
9250 0 16688
9250 1 16689
9250 2 16704
9250 3 16698
9251 0 16692
9251 1 16689
9251 2 16704
9251 3 16698
9252 0 16688
9252 1 16707
9252 2 16694
9252 3 16698
9252 4 16697
9253 0 16688
9253 1 16693
9253 2 16694
9253 3 16698
9253 4 16697
9254 0 16688
9254 1 16693
9254 2 16694
9254 3 16698
9254 4 16697
9255 0 16688
9255 1 16689
9255 2 16694
9255 3 16698
9255 4 16728
9256 0 16702
9256 1 16689
9256 2 16694
9256 3 16698
9257 0 16713
9257 1 16689
9257 2 16718
9257 3 16698
9258 0 16688
9258 1 16689
9258 2 16710
9258 3 16698
9259 0 16713
9259 1 16689
9259 2 16691
9259 3 16698
9260 0 16692
9260 1 16689
9260 2 16694
9260 3 16698
9261 0 16713
9261 1 16689
9261 2 16718
9261 3 16698
9261 4 16695
9262 0 16688
9262 1 16689
9262 2 16708
9262 3 16709
9263 0 16688
9263 1 16689
9263 2 16708
9263 3 16696
9264 0 16688
9264 1 16689
9264 2 16708
9264 3 16696
9265 0 16688
9265 1 16707
9265 2 16704
9265 3 16690
9265 4 16697
9266 0 16688
9266 1 16693
9266 2 16691
9266 3 16709
9267 0 16688
9267 1 16693
9267 2 16703
9267 3 16690
9268 0 16688
9268 1 16693
9268 2 16694
9268 3 16696
9268 4 16697
9269 0 16688
9269 1 16689
9269 2 16691
9269 3 16690
9270 0 16688
9270 1 16707
9270 2 16694
9270 3 16709
9270 4 16697
9271 0 16688
9271 1 16689
9271 2 16708
9271 3 16696
9272 0 16688
9272 1 16693
9272 2 16699
9272 3 16698
9272 4 16697
9273 0 16688
9273 1 16707
9273 2 16694
9273 3 16709
9273 4 16697
9274 0 16688
9274 1 16707
9274 2 16694
9274 3 16696
9274 4 16697
9275 0 16688
9275 1 16693
9275 3 16698
9275 4 16695
9276 0 16688
9276 1 16707
9276 2 16704
9276 3 16696
9276 4 16697
9277 0 16688
9277 1 16693
9277 3 16698
9277 4 16697
9278 0 16688
9278 1 16689
9278 2 16704
9278 3 16696
9278 4 16697
9279 0 16688
9279 1 16689
9279 2 16691
9279 3 16698
9280 0 16688
9280 1 16689
9280 2 16691
9280 3 16696
9281 0 16712
9281 1 16689
9281 2 16708
9281 3 16696
9282 0 16688
9282 1 16689
9282 2 16708
9282 3 16696
9283 0 16722
9283 1 16693
9283 2 16718
9283 3 16696
9283 4 16697
9284 0 16705
9284 1 16693
9284 2 16703
9284 3 16696
9284 4 16695
9285 0 16722
9285 1 16689
9285 2 16708
9285 3 16709
9286 0 16722
9286 1 16689
9286 2 16694
9286 3 16709
9286 4 16695
9287 0 16722
9287 1 16689
9287 2 16718
9287 3 16698
9287 4 16695
9288 0 16722
9288 1 16693
9288 2 16703
9288 3 16690
9288 4 16728
9289 0 16722
9289 1 16689
9289 3 16698
9289 4 16728
9290 0 16722
9290 1 16689
9290 2 16694
9290 3 16696
9290 4 16697
9291 0 16705
9291 1 16689
9291 2 16708
9291 3 16723
9292 0 16688
9292 1 16689
9292 2 16718
9292 3 16696
9292 4 16695
9293 0 16722
9293 1 16693
9293 2 16694
9293 3 16690
9293 4 16728
9294 0 16722
9294 1 16693
9294 2 16694
9294 3 16690
9294 4 16695
9295 0 16722
9295 1 16693
9295 3 16690
9295 4 16697
9296 0 16688
9296 1 16689
9296 2 16718
9296 3 16696
9296 4 16728
9297 0 16722
9297 1 16689
9297 2 16694
9297 3 16709
9297 4 16695
9298 0 16705
9298 1 16693
9298 2 16718
9298 3 16723
9298 4 16695
9299 0 16721
9299 1 16689
9299 2 16703
9299 3 16709
9299 4 16728
9300 0 16722
9300 1 16693
9300 2 16694
9300 3 16690
9300 4 16695
9301 0 16722
9301 1 16689
9301 2 16694
9301 3 16723
9301 4 16695
9302 0 16722
9302 1 16693
9302 2 16694
9302 3 16698
9302 4 16728
9303 0 16722
9303 1 16707
9303 2 16718
9303 3 16690
9304 0 16688
9304 1 16689
9304 2 16718
9304 3 16696
9304 4 16695
9305 0 16722
9305 1 16689
9305 2 16718
9305 3 16709
9306 0 16722
9306 1 16693
9306 3 16698
9306 4 16728
9307 0 16722
9307 1 16689
9307 2 16694
9307 3 16690
9307 4 16695
9308 0 16722
9308 1 16693
9308 2 16694
9308 3 16698
9308 4 16695
9309 0 16722
9309 1 16693
9309 2 16694
9309 3 16698
9309 4 16695
9310 0 16722
9310 1 16693
9310 2 16706
9310 3 16698
9310 4 16697
9311 0 16688
9311 1 16693
9311 2 16708
9311 3 16696
9312 0 16722
9312 1 16689
9312 3 16709
9312 4 16728
9313 0 16722
9313 1 16693
9313 2 16691
9313 3 16696
9314 0 16722
9314 1 16693
9314 2 16708
9314 3 16698
9315 0 16722
9315 1 16693
9315 2 16718
9315 3 16690
9315 4 16695
9316 0 16722
9316 1 16689
9316 2 16694
9316 3 16709
9316 4 16695
9317 0 16722
9317 1 16693
9317 2 16718
9317 3 16698
9318 0 16722
9318 1 16689
9318 2 16718
9318 3 16709
9318 4 16695
9319 0 16712
9319 1 16689
9319 2 16708
9319 3 16698
9320 0 16713
9320 1 16689
9320 2 16718
9320 3 16723
9320 4 16697
9321 0 16702
9321 1 16689
9321 2 16703
9321 3 16696
9321 4 16695
9322 0 16722
9322 1 16689
9322 2 16718
9322 3 16690
9322 4 16695
9323 0 16713
9323 1 16689
9323 2 16718
9323 3 16696
9323 4 16728
9324 0 16722
9324 1 16689
9324 2 16694
9324 3 16698
9324 4 16728
9325 0 16722
9325 1 16693
9325 2 16694
9325 3 16698
9325 4 16695
9326 0 16722
9326 1 16689
9326 2 16694
9326 3 16696
9326 4 16697
9327 0 16722
9327 1 16689
9327 2 16694
9327 3 16709
9327 4 16695
9328 0 16705
9328 1 16689
9328 2 16718
9328 3 16723
9328 4 16728
9329 0 16722
9329 1 16689
9329 2 16708
9329 3 16723
9329 4 16728
9330 0 16722
9330 1 16689
9330 2 16708
9330 3 16709
9331 0 16722
9331 1 16693
9331 3 16698
9331 4 16697
9332 0 16722
9332 1 16689
9332 2 16708
9332 3 16709
9333 0 16705
9333 1 16689
9333 2 16691
9333 3 16696
9334 0 16688
9334 1 16689
9334 3 16690
9334 4 16695
9335 0 16722
9335 1 16693
9335 3 16698
9335 4 16728
9336 0 16722
9336 1 16689
9336 2 16708
9336 3 16690
9337 0 16722
9337 1 16689
9337 2 16691
9337 3 16709
9338 0 16722
9338 1 16693
9338 3 16698
9339 0 16688
9339 1 16689
9339 2 16694
9339 3 16690
9339 4 16728
9340 0 16688
9340 1 16693
9340 2 16718
9340 3 16698
9340 4 16728
9341 0 16688
9341 1 16693
9341 2 16706
9341 3 16696
9342 0 16688
9342 1 16693
9342 2 16694
9342 3 16690
9342 4 16695
9343 0 16722
9343 1 16689
9343 2 16703
9343 3 16723
9343 4 16728
9344 0 16688
9344 1 16693
9344 2 16706
9344 3 16698
9344 4 16697
9345 0 16688
9345 1 16689
9345 2 16708
9345 3 16690
9346 0 16722
9346 1 16689
9346 2 16708
9346 3 16696
9347 0 16722
9347 1 16689
9347 2 16718
9347 3 16690
9347 4 16695
9348 0 16705
9348 1 16693
9348 2 16718
9348 3 16698
9348 4 16728
9349 0 16688
9349 1 16689
9349 2 16718
9349 3 16698
9349 4 16728
9350 0 16688
9350 1 16689
9350 2 16718
9350 3 16709
9350 4 16697
9351 0 16688
9351 1 16707
9351 2 16718
9351 3 16698
9351 4 16695
9352 0 16722
9352 1 16689
9352 2 16710
9352 3 16696
9353 0 16701
9353 1 16689
9353 2 16708
9353 3 16709
9354 0 16719
9354 1 16689
9354 2 16708
9354 3 16723
9355 0 16692
9355 1 16689
9355 2 16694
9355 3 16709
9355 4 16695
9356 0 16722
9356 1 16689
9356 2 16710
9356 3 16690
9356 4 16728
9357 0 16688
9357 1 16693
9357 2 16694
9357 3 16690
9357 4 16728
9358 0 16705
9358 1 16693
9358 2 16694
9358 3 16696
9358 4 16697
9359 0 16688
9359 1 16689
9359 2 16694
9359 3 16696
9359 4 16728
9360 0 16722
9360 1 16693
9360 2 16706
9360 3 16723
9360 4 16695
9361 0 16722
9361 1 16689
9361 2 16694
9361 3 16698
9361 4 16695
9362 0 16722
9362 1 16693
9362 3 16696
9362 4 16728
9363 0 16722
9363 1 16689
9363 2 16718
9363 3 16723
9363 4 16728
9364 0 16688
9364 1 16689
9364 2 16691
9364 3 16698
9364 4 16728
9365 0 16719
9365 1 16693
9365 3 16709
9365 4 16695
9366 0 16692
9366 1 16689
9366 2 16691
9366 3 16698
9367 0 16722
9367 1 16689
9367 3 16723
9367 4 16697
9368 0 16688
9368 1 16689
9368 2 16708
9368 3 16696
9369 0 16722
9369 1 16689
9369 2 16691
9369 3 16698
9369 4 16728
9370 0 16688
9370 1 16689
9370 2 16694
9370 3 16696
9370 4 16695
9371 0 16688
9371 1 16689
9371 2 16694
9371 3 16690
9371 4 16697
9372 0 16688
9372 1 16689
9372 2 16718
9372 3 16723
9373 0 16688
9373 1 16689
9373 2 16694
9373 3 16698
9373 4 16695
9374 0 16722
9374 1 16689
9374 2 16694
9374 3 16698
9374 4 16695
9375 0 16722
9375 1 16689
9375 2 16718
9375 3 16696
9375 4 16695
9376 0 16722
9376 1 16689
9376 2 16718
9376 3 16696
9376 4 16728
9377 0 16722
9377 1 16689
9377 2 16718
9377 3 16709
9377 4 16697
9378 0 16722
9378 1 16689
9378 2 16708
9378 3 16696
9379 0 16688
9379 1 16693
9379 2 16694
9380 0 16688
9380 1 16693
9380 2 16694
9381 0 16692
9381 1 16689
9381 2 16694
9381 3 16698
9381 4 16697
9382 0 16688
9382 1 16689
9382 2 16708
9382 3 16698
9383 0 16688
9383 1 16700
9383 2 16694
9383 3 16690
9383 4 16697
9384 0 16688
9384 1 16689
9384 2 16694
9384 3 16690
9384 4 16697
9385 0 16688
9385 1 16693
9385 2 16704
9385 3 16698
9385 4 16697
9386 0 16688
9386 1 16693
9386 2 16704
9386 3 16690
9386 4 16697
9387 0 16712
9387 1 16707
9387 2 16694
9387 3 16690
9387 4 16697
9388 0 16688
9388 1 16689
9388 2 16704
9388 3 16698
9388 4 16697
9389 0 16717
9389 1 16693
9389 2 16694
9389 3 16696
9389 4 16695
9390 0 16688
9390 1 16693
9390 2 16694
9390 3 16690
9390 4 16695
9391 0 16688
9391 1 16689
9391 2 16708
9391 3 16698
9392 0 16692
9392 1 16689
9392 2 16694
9392 3 16698
9392 4 16697
9393 0 16702
9393 1 16693
9393 2 16694
9393 3 16698
9393 4 16695
9394 0 16722
9394 1 16689
9394 2 16694
9394 3 16698
9394 4 16697
9395 0 16688
9395 1 16689
9395 2 16694
9395 3 16698
9396 0 16688
9396 1 16689
9396 2 16703
9396 3 16696
9397 0 16688
9397 1 16689
9397 2 16708
9397 3 16709
9398 0 16688
9398 1 16693
9398 2 16704
9398 3 16698
9399 0 16688
9399 1 16693
9399 2 16694
9399 3 16709
9399 4 16695
9400 0 16688
9400 1 16693
9400 2 16694
9400 3 16696
9400 4 16695
9401 0 16688
9401 1 16689
9401 2 16703
9401 3 16723
9402 0 16688
9402 1 16693
9402 2 16694
9402 3 16723
9402 4 16728
9403 0 16688
9403 1 16689
9403 2 16694
9403 3 16696
9404 0 16688
9404 1 16689
9404 2 16694
9404 3 16723
9404 4 16695
9405 0 16688
9405 1 16689
9405 2 16694
9405 3 16723
9406 0 16688
9406 1 16689
9406 2 16694
9406 3 16696
9407 0 16688
9407 1 16689
9407 2 16703
9407 3 16723
9408 0 16688
9408 1 16689
9408 2 16691
9408 3 16709
9409 0 16688
9409 1 16689
9409 2 16703
9409 3 16698
9410 0 16688
9410 1 16689
9410 2 16694
9410 3 16690
9411 0 16688
9411 1 16689
9411 2 16694
9411 3 16698
9412 0 16688
9412 1 16689
9412 2 16708
9412 3 16696
9413 0 16688
9413 1 16689
9413 2 16694
9413 3 16709
9414 0 16688
9414 1 16693
9414 2 16694
9414 3 16696
9414 4 16695
9415 0 16688
9415 1 16689
9415 2 16694
9415 3 16696
9416 0 16712
9416 1 16689
9416 2 16694
9416 3 16709
9417 0 16688
9417 1 16693
9417 2 16694
9417 3 16696
9417 4 16695
9418 0 16688
9418 1 16693
9418 2 16694
9418 3 16696
9418 4 16695
9419 0 16688
9419 1 16689
9419 2 16694
9419 3 16696
9420 0 16688
9420 1 16689
9420 2 16694
9420 3 16723
9420 4 16695
9421 0 16688
9421 1 16689
9421 2 16694
9421 3 16723
9422 0 16688
9422 1 16689
9422 2 16708
9422 3 16696
9423 0 16692
9423 1 16689
9423 2 16694
9423 3 16690
9424 0 16688
9424 1 16693
9424 2 16694
9424 3 16696
9425 0 16701
9425 1 16689
9425 2 16694
9425 3 16709
9426 0 16688
9426 1 16689
9426 2 16694
9426 3 16723
9426 4 16695
9427 0 16688
9427 1 16693
9427 2 16691
9427 3 16709
9428 0 16724
9428 1 16689
9428 2 16708
9428 3 16723
9429 0 16712
9429 1 16689
9429 2 16708
9429 3 16723
9430 0 16688
9430 1 16689
9430 2 16718
9430 3 16696
9430 4 16697
9431 0 16692
9431 1 16689
9431 2 16699
9431 3 16723
9431 4 16728
9432 0 16688
9432 1 16689
9432 2 16699
9432 3 16698
9433 0 16688
9433 1 16693
9433 2 16718
9433 3 16690
9434 0 16688
9434 1 16689
9434 2 16708
9434 3 16709
9435 0 16688
9435 1 16693
9435 3 16723
9436 0 16688
9436 1 16693
9436 2 16691
9436 3 16690
9437 0 16688
9437 1 16707
9437 2 16694
9437 3 16690
9437 4 16697
9438 0 16688
9438 1 16700
9438 2 16716
9438 3 16709
9438 4 16697
9439 0 16688
9439 1 16689
9439 2 16691
9439 3 16690
9440 0 16688
9440 1 16700
9440 2 16708
9440 3 16696
9441 0 16688
9441 1 16689
9441 2 16708
9441 3 16723
9442 0 16688
9442 1 16693
9442 2 16694
9442 3 16690
9443 0 16688
9443 1 16689
9443 2 16704
9443 3 16690
9443 4 16695
9444 0 16688
9444 1 16693
9444 2 16694
9444 3 16698
9444 4 16697
9445 0 16688
9445 1 16689
9445 2 16694
9445 3 16696
9445 4 16697
9446 0 16688
9446 1 16689
9446 2 16703
9446 3 16698
9446 4 16695
9447 0 16688
9447 1 16689
9447 2 16704
9447 3 16698
9447 4 16695
9448 0 16688
9448 1 16707
9448 2 16727
9448 3 16696
9449 0 16688
9449 1 16689
9449 2 16694
9449 3 16698
9449 4 16697
9450 0 16688
9450 1 16689
9450 2 16708
9450 3 16709
9451 0 16688
9451 1 16693
9451 2 16694
9451 3 16723
9451 4 16697
9452 0 16688
9452 1 16689
9452 2 16710
9452 3 16698
9452 4 16695
9453 0 16688
9453 1 16693
9453 2 16694
9453 3 16698
9454 0 16688
9454 1 16689
9454 2 16704
9454 3 16709
9454 4 16695
9455 0 16688
9455 1 16700
9455 2 16708
9455 3 16696
9456 0 16688
9456 1 16689
9456 2 16694
9456 3 16698
9457 0 16688
9457 1 16689
9457 2 16694
9457 3 16690
9457 4 16697
9458 0 16688
9458 1 16689
9458 2 16694
9458 3 16709
9459 0 16688
9459 1 16689
9459 2 16708
9459 3 16709
9460 0 16692
9460 1 16689
9460 2 16694
9460 3 16709
9460 4 16697
9461 0 16692
9461 1 16693
9461 2 16703
9461 3 16698
9461 4 16695
9462 0 16688
9462 1 16689
9462 2 16694
9462 3 16696
9462 4 16695
9463 0 16713
9463 1 16689
9463 2 16716
9463 3 16690
9463 4 16697
9464 0 16705
9464 1 16693
9464 2 16703
9464 3 16690
9464 4 16728
9465 0 16688
9465 1 16689
9465 2 16708
9465 3 16723
9466 0 16688
9466 1 16693
9466 2 16703
9466 3 16698
9466 4 16695
9467 0 16688
9467 1 16689
9467 2 16708
9467 3 16696
9468 0 16688
9468 1 16689
9468 2 16710
9468 3 16696
9469 0 16688
9469 1 16689
9469 2 16708
9469 3 16690
9470 0 16688
9470 1 16689
9470 2 16708
9470 3 16690
9471 0 16688
9471 1 16693
9471 2 16703
9471 3 16690
9471 4 16697
9472 0 16692
9472 1 16689
9472 2 16708
9472 3 16696
9473 0 16692
9473 1 16689
9473 2 16704
9473 3 16690
9473 4 16697
9474 0 16688
9474 1 16689
9474 2 16708
9474 3 16696
9475 0 16688
9475 1 16689
9475 2 16704
9475 3 16696
9475 4 16697
9476 0 16688
9476 1 16693
9476 2 16694
9476 3 16690
9477 0 16688
9477 1 16693
9477 2 16704
9477 3 16690
9477 4 16695
9478 0 16688
9478 1 16689
9478 2 16708
9478 3 16698
9479 0 16688
9479 1 16693
9479 2 16694
9479 3 16698
9479 4 16695
9480 0 16688
9480 1 16700
9480 2 16708
9480 3 16723
9481 0 16688
9481 1 16689
9481 2 16703
9481 3 16698
9482 0 16688
9482 1 16689
9482 2 16716
9482 3 16690
9482 4 16695
9483 0 16688
9483 1 16689
9483 2 16704
9483 3 16723
9483 4 16697
9484 0 16688
9484 1 16689
9484 2 16703
9484 3 16709
9485 0 16688
9485 1 16689
9485 2 16708
9485 3 16709
9486 0 16688
9486 1 16693
9486 2 16704
9486 3 16690
9486 4 16695
9487 0 16688
9487 1 16689
9487 2 16727
9487 3 16723
9487 4 16695
9488 0 16717
9488 1 16689
9488 2 16703
9488 3 16698
9489 0 16717
9489 1 16689
9489 2 16694
9489 3 16698
9489 4 16695
9490 0 16688
9490 1 16689
9490 2 16708
9490 3 16690
9491 0 16688
9491 1 16707
9491 2 16704
9491 3 16698
9491 4 16697
9492 0 16688
9492 1 16693
9492 3 16709
9492 4 16695
9493 0 16717
9493 1 16689
9493 2 16708
9493 3 16723
9494 0 16705
9494 1 16689
9494 2 16708
9494 3 16723
9495 0 16688
9495 1 16689
9495 2 16691
9495 3 16723
9495 4 16695
9496 0 16692
9496 1 16689
9496 2 16694
9496 3 16723
9496 4 16697
9497 0 16717
9497 1 16689
9497 2 16706
9497 3 16696
9497 4 16695
9498 0 16688
9498 1 16689
9498 2 16708
9498 3 16698
9499 0 16719
9499 1 16689
9499 2 16703
9499 3 16690
9499 4 16695
9500 0 16717
9500 1 16693
9500 2 16694
9500 3 16698
9500 4 16695
9501 0 16719
9501 1 16693
9501 2 16718
9501 3 16698
9502 0 16702
9502 1 16693
9502 2 16706
9502 3 16690
9503 0 16688
9503 1 16689
9503 2 16694
9503 3 16696
9503 4 16695
9504 0 16721
9504 1 16689
9504 2 16716
9504 3 16696
9504 4 16728
9505 0 16717
9505 1 16693
9505 2 16694
9505 3 16698
9505 4 16697
9506 0 16702
9506 1 16689
9506 2 16708
9506 3 16698
9507 0 16688
9507 1 16693
9507 2 16703
9507 3 16698
9507 4 16695
9508 0 16688
9508 1 16689
9508 2 16694
9508 3 16696
9508 4 16697
9509 0 16688
9509 1 16700
9509 2 16703
9509 3 16690
9510 0 16688
9510 1 16689
9510 2 16704
9510 3 16698
9510 4 16728
9511 0 16688
9511 1 16689
9511 2 16703
9511 3 16696
9511 4 16695
9512 0 16712
9512 1 16693
9512 2 16694
9512 3 16709
9512 4 16697
9513 0 16702
9513 1 16693
9513 2 16703
9513 3 16696
9513 4 16697
9514 0 16688
9514 1 16689
9514 2 16708
9514 3 16723
9515 0 16702
9515 1 16693
9515 2 16694
9515 3 16709
9515 4 16695
9516 0 16688
9516 1 16689
9516 2 16694
9516 3 16696
9516 4 16697
9517 0 16688
9517 1 16700
9517 2 16694
9517 3 16709
9517 4 16697
9518 0 16688
9518 1 16707
9518 2 16694
9518 3 16709
9518 4 16697
9519 0 16688
9519 1 16689
9519 2 16704
9519 3 16696
9519 4 16697
9520 0 16717
9520 1 16707
9520 2 16694
9520 3 16690
9520 4 16697
9521 0 16688
9521 1 16693
9521 2 16704
9521 3 16709
9521 4 16697
9522 0 16688
9522 1 16689
9522 2 16708
9522 3 16723
9523 0 16702
9523 1 16693
9523 2 16703
9523 3 16709
9524 0 16702
9524 1 16693
9524 2 16703
9524 3 16696
9524 4 16697
9525 0 16717
9525 1 16689
9525 2 16718
9525 3 16723
9526 0 16688
9526 1 16689
9526 2 16694
9526 3 16723
9526 4 16697
9527 0 16688
9527 1 16689
9527 2 16708
9527 3 16723
9528 0 16688
9528 1 16689
9528 2 16718
9528 3 16709
9528 4 16695
9529 0 16688
9529 1 16689
9529 2 16708
9529 3 16723
9530 0 16688
9530 1 16693
9530 2 16704
9530 3 16709
9530 4 16697
9531 0 16688
9531 1 16689
9531 2 16708
9531 3 16723
9532 0 16688
9532 1 16689
9532 2 16694
9532 3 16696
9532 4 16697
9533 0 16688
9533 1 16707
9533 2 16718
9533 3 16698
9533 4 16695
9534 0 16688
9534 1 16689
9534 2 16708
9534 3 16698
9535 0 16688
9535 1 16693
9535 2 16694
9535 3 16698
9535 4 16695
9536 0 16701
9536 1 16689
9536 2 16710
9536 3 16690
9536 4 16695
9537 0 16688
9537 1 16689
9537 2 16706
9537 3 16709
9538 0 16688
9538 1 16693
9538 2 16706
9538 3 16709
9538 4 16697
9539 0 16688
9539 1 16689
9539 2 16710
9539 3 16709
9540 0 16701
9540 1 16693
9540 2 16706
9540 3 16690
9540 4 16697
9541 0 16688
9541 1 16707
9541 2 16694
9541 3 16698
9541 4 16697
9542 0 16688
9542 1 16693
9542 2 16704
9542 3 16723
9542 4 16695
9543 0 16713
9543 1 16693
9543 2 16704
9543 3 16696
9543 4 16695
9544 0 16688
9544 1 16693
9544 2 16727
9544 3 16698
9544 4 16697
9545 0 16701
9545 1 16689
9545 2 16704
9545 3 16690
9545 4 16697
9546 0 16705
9546 1 16689
9546 2 16718
9546 3 16723
9546 4 16695
9547 0 16688
9547 1 16689
9547 2 16704
9547 3 16696
9547 4 16697
9548 0 16688
9548 1 16693
9548 2 16704
9548 3 16698
9548 4 16695
9549 0 16688
9549 1 16689
9549 2 16694
9549 3 16698
9549 4 16697
9550 0 16701
9550 1 16689
9550 2 16694
9550 3 16709
9550 4 16697
9551 0 16692
9551 1 16689
9551 2 16694
9551 3 16709
9551 4 16697
9552 0 16688
9552 1 16689
9552 2 16726
9552 3 16709
9552 4 16695
9553 0 16701
9553 1 16693
9553 2 16694
9553 3 16698
9553 4 16695
9554 0 16713
9554 1 16689
9554 2 16718
9554 3 16696
9554 4 16695
9555 0 16688
9555 1 16689
9555 2 16708
9555 3 16698
9556 0 16688
9556 1 16693
9556 2 16691
9556 3 16698
9557 0 16688
9557 1 16707
9557 2 16726
9557 3 16690
9558 0 16692
9558 1 16689
9558 2 16726
9558 3 16690
9558 4 16697
9559 0 16688
9559 1 16689
9559 2 16718
9559 3 16698
9559 4 16695
9560 0 16688
9560 1 16689
9560 2 16704
9560 3 16698
9560 4 16697
9561 0 16688
9561 1 16707
9561 2 16718
9561 3 16690
9562 0 16688
9562 1 16689
9562 2 16708
9562 3 16709
9563 0 16702
9563 1 16689
9563 2 16718
9563 3 16690
9564 0 16688
9564 1 16689
9564 2 16726
9564 3 16696
9564 4 16695
9565 0 16688
9565 1 16689
9565 2 16726
9565 3 16698
9565 4 16695
9566 0 16705
9566 1 16689
9566 2 16726
9566 3 16690
9566 4 16695
9567 0 16688
9567 1 16693
9567 2 16718
9567 3 16696
9567 4 16695
9568 0 16688
9568 1 16707
9568 2 16694
9568 3 16698
9568 4 16697
9569 0 16705
9569 1 16693
9569 2 16718
9569 3 16690
9569 4 16697
9570 0 16688
9570 1 16693
9570 2 16694
9570 3 16698
9570 4 16695
9571 0 16688
9571 1 16689
9571 2 16694
9571 3 16698
9571 4 16695
9572 0 16688
9572 1 16689
9572 2 16718
9572 3 16698
9573 0 16688
9573 1 16693
9573 3 16698
9574 0 16688
9574 1 16693
9574 2 16704
9574 3 16690
9574 4 16695
9575 0 16688
9575 1 16707
9575 2 16718
9575 3 16698
9576 0 16705
9576 1 16707
9576 2 16694
9576 3 16698
9576 4 16695
9577 0 16688
9577 1 16689
9577 2 16694
9577 3 16690
9577 4 16697
9578 0 16688
9578 1 16689
9578 2 16691
9578 3 16698
9579 0 16688
9579 1 16689
9579 2 16694
9579 3 16698
9579 4 16697
9580 0 16688
9580 1 16693
9580 2 16704
9580 3 16698
9580 4 16695
9581 0 16688
9581 1 16707
9581 2 16718
9581 3 16690
9581 4 16695
9582 0 16701
9582 1 16693
9582 2 16694
9582 3 16690
9582 4 16697
9583 0 16688
9583 1 16689
9583 2 16708
9583 3 16698
9584 0 16688
9584 1 16689
9584 2 16694
9584 3 16698
9584 4 16695
9585 0 16688
9585 1 16689
9585 2 16708
9585 3 16698
9586 0 16688
9586 1 16689
9586 2 16699
9586 3 16696
9586 4 16697
9587 0 16688
9587 1 16707
9587 2 16718
9587 3 16709
9587 4 16697
9588 0 16688
9588 1 16707
9588 2 16718
9588 3 16690
9589 0 16702
9589 1 16689
9589 2 16718
9589 3 16698
9589 4 16695
9590 0 16688
9590 1 16689
9590 2 16694
9590 3 16698
9590 4 16728
9591 0 16688
9591 1 16693
9591 2 16726
9591 3 16690
9591 4 16695
9592 0 16688
9592 1 16693
9592 2 16706
9592 3 16698
9592 4 16697
9593 0 16688
9593 1 16707
9593 2 16704
9593 3 16690
9593 4 16697
9594 0 16688
9594 1 16689
9594 2 16699
9594 3 16696
9594 4 16695
9595 0 16688
9595 1 16707
9595 2 16704
9595 3 16698
9596 0 16688
9596 1 16707
9596 2 16694
9596 3 16690
9596 4 16697
9597 0 16688
9597 1 16693
9597 2 16708
9597 3 16709
9598 0 16688
9598 1 16689
9598 2 16710
9598 3 16698
9599 0 16688
9599 1 16689
9599 2 16708
9599 3 16690
9600 0 16688
9600 1 16693
9600 2 16708
9600 3 16698
9601 0 16731
9601 1 16693
9601 2 16694
9601 3 16698
9601 4 16697
9602 0 16688
9602 1 16689
9602 2 16718
9602 3 16698
9602 4 16697
9603 0 16701
9603 1 16707
9603 2 16704
9603 3 16698
9603 4 16697
9604 0 16688
9604 1 16707
9604 2 16694
9604 3 16698
9604 4 16697
9605 0 16688
9605 1 16689
9605 2 16694
9605 3 16696
9605 4 16695
9606 0 16688
9606 1 16693
9606 2 16694
9606 3 16696
9606 4 16697
9607 0 16688
9607 1 16689
9607 2 16706
9607 3 16690
9607 4 16697
9608 0 16688
9608 1 16693
9608 2 16718
9608 3 16709
9609 0 16688
9609 1 16693
9609 2 16706
9609 3 16698
9609 4 16697
9610 0 16688
9610 1 16689
9610 2 16727
9610 3 16696
9610 4 16695
9611 0 16688
9611 1 16689
9611 2 16726
9611 3 16698
9611 4 16697
9612 0 16688
9612 1 16693
9612 2 16694
9612 3 16698
9612 4 16697
9613 0 16688
9613 1 16689
9613 2 16718
9613 3 16698
9614 0 16688
9614 1 16689
9614 2 16718
9614 3 16696
9614 4 16695
9615 0 16688
9615 1 16689
9615 2 16691
9615 3 16696
9616 0 16688
9616 1 16689
9616 2 16708
9616 3 16698
9617 0 16688
9617 1 16689
9617 2 16704
9617 3 16698
9617 4 16697
9618 0 16688
9618 1 16689
9618 2 16694
9618 3 16698
9618 4 16697
9619 0 16688
9619 1 16689
9619 2 16708
9619 3 16698
9620 0 16705
9620 1 16689
9620 2 16726
9620 3 16698
9620 4 16697
9621 0 16688
9621 1 16707
9621 2 16718
9621 3 16698
9621 4 16697
9622 0 16688
9622 1 16707
9622 2 16726
9622 3 16698
9622 4 16697
9623 0 16688
9623 1 16693
9623 2 16691
9623 3 16690
9623 4 16697
9624 0 16688
9624 1 16689
9624 2 16708
9624 3 16698
9625 0 16688
9625 1 16693
9625 2 16727
9625 3 16696
9626 0 16688
9626 1 16707
9626 2 16694
9626 3 16698
9626 4 16697
9627 0 16688
9627 1 16689
9627 2 16704
9627 3 16690
9627 4 16697
9628 0 16702
9628 1 16693
9628 2 16694
9628 3 16698
9628 4 16697
9629 0 16688
9629 1 16689
9629 2 16694
9629 3 16698
9629 4 16695
9630 0 16688
9630 1 16693
9630 2 16699
9630 3 16698
9630 4 16695
9631 0 16688
9631 1 16689
9631 2 16708
9631 3 16696
9632 0 16721
9632 1 16693
9632 2 16706
9632 3 16696
9632 4 16697
9633 0 16719
9633 1 16707
9633 2 16727
9633 3 16698
9633 4 16695
9634 0 16688
9634 1 16693
9634 2 16718
9634 3 16698
9634 4 16697
9635 0 16688
9635 1 16707
9635 2 16727
9635 3 16698
9635 4 16695
9636 0 16688
9636 1 16707
9636 2 16718
9636 3 16698
9637 0 16688
9637 1 16693
9637 2 16718
9637 3 16698
9637 4 16697
9638 0 16705
9638 1 16689
9638 2 16694
9638 3 16698
9638 4 16697
9639 0 16688
9639 1 16689
9639 2 16704
9639 3 16698
9640 0 16705
9640 1 16700
9640 2 16726
9640 3 16698
9640 4 16697
9641 0 16688
9641 1 16689
9641 2 16708
9641 3 16698
9642 0 16688
9642 1 16693
9642 2 16716
9642 3 16698
9642 4 16697
9643 0 16688
9643 1 16693
9643 2 16718
9643 3 16690
9643 4 16695
9644 0 16702
9644 1 16693
9644 2 16704
9644 3 16698
9644 4 16697
9645 0 16688
9645 1 16689
9645 2 16718
9645 3 16698
9645 4 16697
9646 0 16688
9646 1 16689
9646 2 16694
9646 3 16690
9646 4 16697
9647 0 16688
9647 1 16707
9647 2 16704
9647 3 16698
9647 4 16695
9648 0 16720
9648 1 16689
9648 2 16704
9648 3 16698
9648 4 16697
9649 0 16688
9649 1 16689
9649 2 16708
9649 3 16698
9650 0 16701
9650 1 16689
9650 2 16708
9650 3 16698
9651 0 16688
9651 1 16689
9651 2 16708
9651 3 16709
9652 0 16688
9652 1 16689
9652 2 16708
9652 3 16698
9653 0 16688
9653 1 16689
9653 2 16718
9653 3 16696
9653 4 16695
9654 0 16692
9654 1 16689
9654 2 16694
9654 3 16698
9654 4 16695
9655 0 16713
9655 1 16689
9655 2 16726
9655 3 16696
9656 0 16688
9656 1 16689
9656 2 16691
9656 3 16698
9657 0 16688
9657 1 16707
9657 2 16727
9657 3 16698
9658 0 16688
9658 1 16689
9658 2 16691
9658 3 16698
9659 0 16688
9659 1 16689
9659 2 16691
9659 3 16698
9659 4 16697
9660 0 16688
9660 1 16689
9660 2 16691
9660 3 16698
9661 0 16688
9661 1 16689
9661 2 16691
9661 3 16698
9662 0 16688
9662 1 16689
9662 2 16727
9662 3 16698
9663 0 16688
9663 1 16689
9663 2 16727
9663 3 16698
9663 4 16695
9664 0 16688
9664 1 16689
9664 2 16706
9664 3 16698
9664 4 16695
9665 0 16688
9665 1 16689
9665 2 16691
9665 3 16698
9666 0 16688
9666 1 16689
9666 2 16706
9666 3 16698
9667 0 16688
9667 1 16689
9667 2 16691
9667 3 16698
9668 0 16688
9668 1 16707
9668 2 16727
9668 3 16698
9668 4 16728
9669 0 16688
9669 1 16689
9669 2 16691
9669 3 16690
9670 0 16688
9670 1 16689
9670 2 16691
9670 3 16698
9671 0 16688
9671 1 16689
9671 2 16691
9671 3 16696
9672 0 16688
9672 1 16689
9672 2 16727
9672 3 16696
9672 4 16697
9673 0 16705
9673 1 16689
9673 2 16706
9673 3 16696
9673 4 16697
9674 0 16688
9674 1 16689
9674 2 16727
9674 3 16698
9674 4 16695
9675 0 16688
9675 1 16707
9675 2 16727
9675 3 16690
9675 4 16697
9676 0 16688
9676 1 16707
9676 2 16694
9676 3 16698
9676 4 16695
9677 0 16688
9677 1 16689
9677 2 16691
9677 3 16698
9678 0 16688
9678 1 16689
9678 2 16727
9678 3 16698
9678 4 16695
9679 0 16688
9679 1 16689
9679 2 16727
9679 3 16698
9679 4 16695
9680 0 16688
9680 1 16689
9680 2 16691
9680 3 16698
9681 0 16688
9681 1 16689
9681 2 16716
9681 3 16698
9681 4 16695
9682 0 16688
9682 1 16689
9682 2 16691
9682 3 16690
9683 0 16688
9683 1 16689
9683 2 16727
9683 3 16698
9683 4 16728
9684 0 16688
9684 1 16689
9684 2 16691
9684 3 16709
9685 0 16688
9685 1 16689
9685 2 16691
9685 3 16698
9686 0 16688
9686 1 16689
9686 2 16706
9686 3 16698
9686 4 16695
9687 0 16688
9687 1 16707
9687 2 16727
9687 3 16696
9687 4 16695
9688 0 16688
9688 1 16689
9688 2 16706
9688 3 16698
9688 4 16697
9689 0 16688
9689 1 16689
9689 2 16727
9689 3 16698
9689 4 16695
9690 0 16688
9690 1 16689
9690 2 16727
9690 3 16698
9691 0 16688
9691 1 16689
9691 2 16699
9691 3 16698
9691 4 16697
9692 0 16688
9692 1 16707
9692 2 16727
9692 3 16698
9693 0 16688
9693 1 16689
9693 2 16706
9693 3 16698
9693 4 16695
9694 0 16688
9694 1 16689
9694 2 16706
9694 3 16698
9694 4 16697
9695 0 16688
9695 1 16689
9695 2 16727
9695 3 16698
9695 4 16697
9696 0 16688
9696 1 16689
9696 2 16706
9696 3 16698
9696 4 16697
9697 0 16688
9697 1 16689
9697 2 16727
9697 3 16698
9697 4 16695
9698 0 16688
9698 1 16689
9698 2 16706
9698 3 16698
9698 4 16695
9699 0 16688
9699 1 16689
9699 2 16727
9699 3 16690
9699 4 16697
9700 0 16688
9700 1 16707
9700 2 16727
9700 3 16690
9700 4 16695
9701 0 16688
9701 1 16689
9701 2 16706
9701 3 16698
9701 4 16697
9702 0 16688
9702 1 16689
9702 2 16694
9702 3 16698
9702 4 16697
9703 0 16688
9703 1 16689
9703 2 16727
9703 3 16698
9704 0 16688
9704 1 16689
9704 2 16727
9704 3 16696
9705 0 16688
9705 1 16689
9705 2 16706
9705 3 16698
9706 0 16688
9706 1 16689
9706 2 16703
9706 3 16709
9707 0 16688
9707 1 16689
9707 2 16694
9707 3 16696
9707 4 16697
9708 0 16688
9708 1 16689
9708 2 16699
9708 3 16696
9708 4 16695
9709 0 16688
9709 1 16689
9709 2 16708
9709 3 16696
9710 0 16688
9710 1 16693
9710 2 16694
9710 3 16698
9710 4 16695
9711 0 16688
9711 1 16689
9711 2 16694
9711 3 16709
9711 4 16695
9712 0 16688
9712 1 16689
9712 2 16694
9712 3 16709
9712 4 16695
9713 0 16724
9713 1 16689
9713 2 16716
9713 3 16709
9713 4 16697
9714 0 16717
9714 1 16689
9714 2 16718
9714 3 16698
9714 4 16697
9715 0 16702
9715 1 16693
9715 2 16716
9715 3 16698
9715 4 16697
9716 0 16688
9716 1 16689
9716 2 16694
9716 3 16709
9717 0 16705
9717 1 16689
9717 2 16694
9717 3 16709
9718 0 16688
9718 1 16700
9718 2 16718
9718 3 16696
9718 4 16697
9719 0 16688
9719 1 16689
9719 2 16708
9719 3 16696
9720 0 16688
9720 1 16689
9720 2 16708
9720 3 16690
9721 0 16701
9721 1 16689
9721 2 16708
9721 3 16698
9722 0 16688
9722 1 16693
9722 2 16708
9722 3 16696
9723 0 16688
9723 1 16689
9723 2 16694
9723 3 16698
9723 4 16728
9724 0 16688
9724 1 16689
9724 2 16694
9724 3 16690
9724 4 16695
9725 0 16719
9725 1 16689
9725 2 16703
9725 3 16696
9726 0 16705
9726 1 16693
9726 2 16718
9726 3 16723
9726 4 16697
9727 0 16688
9727 1 16689
9727 2 16708
9727 3 16723
9728 0 16688
9728 1 16689
9728 2 16708
9728 3 16723
9729 0 16688
9729 1 16689
9729 2 16716
9729 3 16696
9729 4 16695
9730 0 16688
9730 1 16693
9730 2 16694
9730 3 16698
9731 0 16719
9731 1 16689
9731 2 16694
9731 3 16698
9732 0 16688
9732 1 16693
9732 2 16691
9732 3 16696
9732 4 16728
9733 0 16688
9733 1 16689
9733 2 16708
9733 3 16698
9734 0 16688
9734 1 16689
9734 2 16708
9734 3 16698
9735 0 16702
9735 1 16693
9735 2 16694
9735 3 16698
9735 4 16697
9736 0 16717
9736 1 16689
9736 2 16718
9736 3 16698
9737 0 16688
9737 1 16689
9737 2 16694
9737 3 16709
9738 0 16688
9738 1 16689
9738 2 16691
9738 3 16723
9739 0 16717
9739 1 16693
9739 2 16716
9739 3 16696
9740 0 16688
9740 1 16700
9740 2 16708
9740 3 16723
9741 0 16717
9741 1 16693
9741 2 16716
9741 3 16709
9742 0 16688
9742 1 16689
9742 2 16708
9742 3 16723
9743 0 16688
9743 1 16689
9743 2 16691
9743 3 16696
9744 0 16688
9744 1 16689
9744 2 16694
9744 3 16698
9744 4 16695
9745 0 16688
9745 1 16689
9745 2 16694
9745 3 16696
9745 4 16695
9746 0 16692
9746 1 16689
9746 2 16694
9746 3 16698
9746 4 16695
9747 0 16688
9747 1 16693
9747 2 16699
9747 3 16698
9747 4 16695
9748 0 16717
9748 1 16693
9748 2 16703
9748 3 16690
9748 4 16695
9749 0 16688
9749 1 16689
9749 2 16708
9749 3 16696
9750 0 16717
9750 1 16689
9750 2 16694
9750 3 16698
9750 4 16697
9751 0 16688
9751 1 16689
9751 2 16708
9751 3 16723
9752 0 16722
9752 1 16689
9752 2 16703
9752 3 16709
9752 4 16695
9753 0 16688
9753 1 16689
9753 2 16718
9753 3 16723
9753 4 16695
9754 0 16692
9754 1 16693
9754 2 16694
9754 3 16690
9754 4 16697
9755 0 16688
9755 1 16689
9755 2 16708
9755 3 16723
9756 0 16688
9756 1 16689
9756 2 16708
9756 3 16698
9757 0 16688
9757 1 16689
9757 2 16708
9757 3 16690
9758 0 16688
9758 1 16693
9758 2 16694
9758 3 16709
9759 0 16688
9759 1 16689
9759 2 16691
9759 3 16723
9760 0 16702
9760 1 16693
9760 2 16703
9760 3 16698
9760 4 16695
9761 0 16688
9761 1 16689
9761 2 16691
9761 3 16698
9761 4 16695
9762 0 16688
9762 1 16689
9762 2 16704
9762 3 16690
9762 4 16697
9763 0 16688
9763 1 16689
9763 2 16716
9763 3 16723
9763 4 16697
9764 0 16688
9764 1 16689
9764 2 16691
9764 3 16696
9764 4 16695
9765 0 16688
9765 1 16689
9765 2 16716
9765 3 16696
9765 4 16695
9766 0 16688
9766 1 16689
9766 2 16718
9766 3 16696
9767 0 16721
9767 1 16689
9767 2 16708
9767 3 16709
9768 0 16688
9768 1 16693
9768 2 16718
9768 3 16696
9768 4 16695
9769 0 16702
9769 1 16689
9769 2 16694
9769 3 16723
9770 0 16702
9770 1 16689
9770 2 16691
9770 3 16690
9771 0 16688
9771 1 16689
9771 2 16708
9771 3 16690
9772 0 16721
9772 1 16693
9772 2 16694
9772 3 16696
9773 0 16688
9773 1 16689
9773 2 16708
9773 3 16696
9774 0 16688
9774 1 16689
9774 2 16703
9774 3 16698
9775 0 16688
9775 1 16689
9775 2 16691
9775 3 16690
9776 0 16688
9776 1 16693
9776 2 16694
9776 3 16690
9777 0 16712
9777 1 16689
9777 2 16716
9777 3 16690
9777 4 16695
9778 0 16702
9778 1 16693
9778 2 16716
9778 3 16690
9778 4 16695
9779 0 16688
9779 1 16693
9779 2 16694
9779 3 16709
9779 4 16697
9780 0 16705
9780 1 16693
9780 2 16703
9780 3 16696
9780 4 16695
9781 0 16688
9781 1 16689
9781 2 16718
9781 3 16690
9781 4 16695
9782 0 16688
9782 1 16693
9782 2 16694
9782 3 16696
9782 4 16697
9783 0 16688
9783 1 16689
9783 2 16708
9783 3 16709
9784 0 16688
9784 1 16689
9784 2 16691
9784 3 16690
9785 0 16692
9785 1 16689
9785 2 16716
9785 3 16709
9785 4 16697
9786 0 16688
9786 1 16693
9786 2 16716
9786 3 16709
9786 4 16697
9787 0 16721
9787 1 16693
9787 2 16691
9787 3 16698
9788 0 16717
9788 1 16700
9788 2 16694
9788 3 16696
9788 4 16697
9789 0 16688
9789 1 16689
9789 2 16708
9789 3 16709
9790 0 16717
9790 1 16693
9790 2 16703
9790 3 16698
9790 4 16695
9791 0 16688
9791 1 16689
9791 2 16694
9791 3 16696
9791 4 16695
9792 0 16688
9792 1 16689
9792 2 16718
9792 3 16696
9793 0 16688
9793 1 16693
9793 2 16694
9793 3 16690
9793 4 16697
9794 0 16688
9794 1 16689
9794 2 16691
9794 3 16723
9794 4 16695
9795 0 16688
9795 1 16689
9795 2 16718
9795 3 16698
9796 0 16719
9796 1 16689
9796 2 16708
9796 3 16690
9797 0 16688
9797 1 16689
9797 2 16694
9797 3 16723
9797 4 16697
9798 0 16688
9798 1 16689
9798 2 16694
9798 3 16709
9798 4 16697
9799 0 16688
9799 1 16689
9799 2 16694
9799 3 16723
9799 4 16695
9800 0 16688
9800 1 16693
9800 2 16691
9800 3 16690
9801 0 16688
9801 1 16689
9801 2 16691
9801 3 16690
9801 4 16695
9802 0 16688
9802 1 16689
9802 2 16691
9802 3 16723
9803 0 16688
9803 1 16689
9803 2 16708
9803 3 16696
9804 0 16688
9804 1 16689
9804 2 16703
9804 3 16723
9805 0 16688
9805 1 16689
9805 2 16691
9805 3 16709
9806 0 16688
9806 1 16689
9806 2 16708
9806 3 16709
9807 0 16688
9807 1 16689
9807 2 16691
9807 3 16696
9808 0 16688
9808 1 16693
9808 2 16694
9808 3 16696
9808 4 16695
9809 0 16702
9809 1 16693
9809 2 16694
9809 3 16698
9809 4 16697
9810 0 16688
9810 1 16689
9810 2 16708
9810 3 16723
9811 0 16688
9811 1 16689
9811 2 16703
9811 3 16690
9812 0 16688
9812 1 16689
9812 2 16718
9812 3 16690
9813 0 16702
9813 1 16689
9813 2 16691
9813 3 16696
9814 0 16688
9814 1 16689
9814 2 16694
9814 3 16723
9814 4 16697
9815 0 16688
9815 1 16693
9815 2 16694
9815 3 16709
9815 4 16728
9816 0 16702
9816 1 16693
9816 2 16716
9816 3 16690
9816 4 16697
9817 0 16688
9817 1 16693
9817 2 16694
9817 3 16698
9817 4 16695
9818 0 16688
9818 1 16693
9818 2 16716
9818 3 16696
9818 4 16697
9819 0 16688
9819 1 16689
9819 2 16716
9819 3 16696
9819 4 16695
9820 0 16688
9820 1 16689
9820 2 16716
9820 3 16709
9820 4 16697
9821 0 16688
9821 1 16700
9821 2 16708
9821 3 16698
9822 0 16717
9822 1 16693
9822 2 16716
9822 3 16698
9822 4 16695
9823 0 16702
9823 1 16689
9823 2 16691
9823 3 16696
9824 0 16692
9824 1 16689
9824 2 16694
9824 3 16698
9825 0 16725
9825 1 16689
9825 2 16694
9825 3 16709
9825 4 16697
9826 0 16688
9826 1 16689
9826 2 16703
9826 3 16696
9827 0 16717
9827 1 16693
9827 2 16716
9827 3 16698
9827 4 16695
9828 0 16702
9828 1 16693
9828 2 16694
9828 3 16723
9828 4 16697
9829 0 16688
9829 1 16689
9829 2 16708
9829 3 16690
9830 0 16688
9830 1 16689
9830 2 16708
9830 3 16690
9831 0 16688
9831 1 16693
9831 2 16718
9831 3 16696
9831 4 16695
9832 0 16705
9832 1 16689
9832 2 16718
9832 3 16709
9833 0 16688
9833 1 16689
9833 2 16708
9833 3 16698
9834 0 16688
9834 1 16689
9834 2 16694
9834 3 16690
9834 4 16697
9835 0 16688
9835 1 16689
9835 2 16694
9835 3 16698
9835 4 16697
9836 0 16688
9836 1 16700
9836 2 16708
9836 3 16709
9837 0 16688
9837 1 16707
9837 2 16704
9837 3 16690
9838 0 16688
9838 1 16689
9838 2 16694
9838 3 16690
9838 4 16695
9839 0 16692
9839 1 16689
9839 2 16694
9839 3 16698
9839 4 16695
9840 0 16688
9840 1 16689
9840 2 16708
9840 3 16709
9841 0 16688
9841 1 16689
9841 2 16708
9841 3 16723
9842 0 16692
9842 1 16689
9842 2 16694
9842 3 16696
9842 4 16697
9843 0 16688
9843 1 16689
9843 2 16703
9843 3 16709
9844 0 16688
9844 1 16693
9844 2 16694
9844 3 16696
9844 4 16697
9845 0 16688
9845 1 16689
9845 2 16694
9845 3 16698
9845 4 16697
9846 0 16688
9846 1 16693
9846 2 16716
9846 3 16698
9846 4 16695
9847 0 16688
9847 1 16700
9847 2 16694
9847 3 16690
9847 4 16697
9848 0 16688
9848 1 16689
9848 2 16708
9848 3 16690
9849 0 16688
9849 1 16689
9849 2 16694
9849 3 16690
9850 0 16688
9850 1 16707
9850 2 16694
9850 3 16690
9850 4 16697
9851 0 16688
9851 1 16689
9851 2 16708
9851 3 16690
9852 0 16688
9852 1 16693
9852 3 16690
9853 0 16688
9853 1 16707
9853 2 16694
9853 3 16709
9853 4 16697
9854 0 16688
9854 1 16693
9854 2 16694
9854 3 16690
9854 4 16697
9855 0 16701
9855 1 16707
9855 2 16694
9855 3 16723
9855 4 16697
9856 0 16688
9856 1 16693
9856 2 16710
9856 3 16709
9857 0 16702
9857 1 16693
9857 2 16694
9857 3 16690
9857 4 16697
9858 0 16688
9858 1 16689
9858 2 16708
9858 3 16696
9859 0 16688
9859 1 16707
9859 2 16704
9859 3 16698
9859 4 16695
9860 0 16688
9860 1 16689
9860 2 16694
9860 3 16696
9860 4 16697
9861 0 16702
9861 1 16693
9861 2 16703
9861 3 16696
9861 4 16697
9862 0 16688
9862 1 16689
9862 2 16708
9862 3 16709
9863 0 16713
9863 1 16689
9863 2 16710
9863 3 16698
9863 4 16695
9864 0 16688
9864 1 16689
9864 2 16694
9864 3 16698
9864 4 16697
9865 0 16713
9865 1 16693
9865 2 16694
9865 3 16696
9865 4 16697
9866 0 16701
9866 1 16689
9866 2 16694
9866 3 16690
9866 4 16697
9867 0 16688
9867 1 16693
9867 2 16708
9867 3 16696
9868 0 16688
9868 1 16700
9868 2 16708
9868 3 16709
9869 0 16701
9869 1 16689
9869 2 16694
9869 3 16698
9869 4 16697
9870 0 16688
9870 1 16689
9870 2 16703
9870 3 16690
9871 0 16688
9871 1 16689
9871 2 16727
9871 3 16696
9871 4 16695
9872 0 16688
9872 1 16689
9872 2 16699
9872 3 16723
9873 0 16688
9873 1 16689
9873 2 16694
9873 3 16690
9873 4 16697
9874 0 16688
9874 1 16693
9874 2 16706
9874 3 16709
9874 4 16697
9875 0 16701
9875 1 16693
9875 2 16706
9875 3 16696
9875 4 16697
9876 0 16688
9876 1 16689
9876 2 16694
9876 3 16698
9876 4 16695
9877 0 16688
9877 1 16693
9877 2 16703
9877 3 16698
9877 4 16695
9878 0 16688
9878 1 16689
9878 2 16694
9878 3 16690
9878 4 16697
9879 0 16688
9879 1 16689
9879 2 16703
9879 3 16709
9879 4 16695
9880 0 16688
9880 1 16693
9880 2 16691
9880 3 16698
9880 4 16695
9881 0 16688
9881 1 16689
9881 2 16694
9881 3 16696
9881 4 16695
9882 0 16688
9882 1 16693
9882 2 16727
9882 3 16696
9883 0 16688
9883 1 16689
9883 2 16708
9883 3 16696
9883 4 16728
9884 0 16688
9884 1 16700
9884 2 16703
9884 3 16709
9884 4 16695
9885 0 16688
9885 1 16693
9885 2 16691
9885 3 16698
9886 0 16688
9886 1 16700
9886 2 16718
9886 3 16709
9887 0 16688
9887 1 16689
9887 2 16710
9887 3 16690
9888 0 16688
9888 1 16689
9888 2 16710
9888 3 16723
9888 4 16695
9889 0 16688
9889 1 16693
9889 2 16694
9889 3 16690
9889 4 16695
9890 0 16688
9890 1 16689
9890 2 16708
9890 3 16723
9890 4 16695
9891 0 16688
9891 1 16700
9891 2 16708
9891 3 16709
9892 0 16688
9892 1 16700
9892 2 16708
9892 3 16723
9893 0 16688
9893 1 16693
9893 2 16704
9893 3 16690
9893 4 16695
9894 0 16688
9894 1 16689
9894 2 16708
9894 3 16709
9895 0 16688
9895 1 16689
9895 2 16708
9895 3 16709
9896 0 16688
9896 1 16689
9896 2 16708
9896 3 16690
9897 0 16688
9897 1 16689
9897 2 16708
9897 3 16696
9898 0 16688
9898 1 16689
9898 2 16704
9898 3 16723
9899 0 16701
9899 1 16689
9899 2 16708
9899 3 16690
9900 0 16692
9900 1 16707
9900 2 16694
9900 3 16690
9900 4 16697
9901 0 16712
9901 1 16689
9901 2 16708
9901 3 16696
9902 0 16688
9902 1 16707
9902 2 16704
9902 3 16698
9902 4 16697
9903 0 16688
9903 1 16707
9903 2 16727
9903 3 16696
9903 4 16697
9904 0 16688
9904 1 16689
9904 2 16703
9904 3 16723
9904 4 16697
9905 0 16688
9905 1 16689
9905 2 16694
9905 3 16698
9905 4 16697
9906 0 16701
9906 1 16689
9906 2 16708
9906 3 16696
9907 0 16688
9907 1 16689
9907 2 16694
9907 3 16696
9907 4 16697
9908 0 16688
9908 1 16689
9908 2 16708
9908 3 16709
9909 0 16688
9909 1 16689
9909 2 16708
9909 3 16709
9910 0 16701
9910 1 16707
9910 2 16694
9910 3 16698
9910 4 16697
9911 0 16688
9911 1 16689
9911 2 16704
9911 3 16698
9911 4 16695
9912 0 16688
9912 1 16689
9912 2 16694
9912 3 16690
9912 4 16695
9913 0 16688
9913 1 16693
9913 2 16716
9913 3 16723
9913 4 16697
9914 0 16701
9914 1 16689
9914 2 16694
9914 3 16709
9914 4 16697
9915 0 16688
9915 1 16693
9915 3 16698
9916 0 16688
9916 1 16689
9916 2 16716
9916 3 16723
9917 0 16688
9917 1 16689
9917 2 16691
9917 3 16696
9917 4 16695
9918 0 16701
9918 1 16707
9918 2 16694
9918 3 16709
9918 4 16697
9919 0 16688
9919 1 16689
9919 2 16716
9919 3 16696
9919 4 16697
9920 0 16713
9920 1 16689
9920 2 16704
9920 3 16696
9920 4 16697
9921 0 16688
9921 1 16689
9921 2 16708
9921 3 16709
9922 0 16688
9922 1 16689
9922 2 16694
9922 3 16709
9922 4 16697
9923 0 16692
9923 1 16689
9923 2 16694
9923 3 16709
9923 4 16695
9924 0 16702
9924 1 16693
9924 2 16694
9924 3 16698
9924 4 16697
9925 0 16688
9925 1 16689
9925 2 16704
9925 3 16698
9925 4 16695
9926 0 16688
9926 1 16693
9926 2 16706
9926 3 16698
9926 4 16695
9927 0 16721
9927 1 16693
9927 2 16691
9927 3 16698
9928 0 16688
9928 1 16689
9928 2 16716
9928 3 16690
9928 4 16697
9929 0 16713
9929 1 16693
9929 2 16716
9929 3 16709
9929 4 16697
9930 0 16688
9930 1 16693
9930 2 16691
9930 3 16690
9930 4 16695
9931 0 16717
9931 1 16689
9931 2 16694
9931 3 16696
9931 4 16695
9932 0 16688
9932 1 16689
9932 2 16691
9932 3 16709
9932 4 16697
9933 0 16688
9933 1 16689
9933 2 16704
9933 3 16696
9933 4 16697
9934 0 16705
9934 1 16689
9934 2 16703
9934 3 16698
9934 4 16695
9935 0 16717
9935 1 16689
9935 2 16708
9935 3 16709
9936 0 16717
9936 1 16689
9936 2 16708
9936 3 16723
9937 0 16688
9937 1 16693
9937 2 16704
9937 3 16709
9937 4 16697
9938 0 16720
9938 1 16707
9938 2 16704
9938 3 16690
9938 4 16695
9939 0 16731
9939 1 16693
9939 2 16706
9939 3 16690
9940 0 16702
9940 1 16689
9940 2 16703
9940 3 16698
9940 4 16697
9941 0 16719
9941 1 16693
9941 2 16703
9941 3 16698
9942 0 16717
9942 1 16693
9942 2 16716
9942 3 16698
9942 4 16695
9943 0 16688
9943 1 16693
9943 2 16699
9943 3 16698
9943 4 16695
9944 0 16717
9944 1 16689
9944 2 16708
9944 3 16723
9945 0 16702
9945 1 16689
9945 2 16703
9945 3 16696
9945 4 16695
9946 0 16721
9946 1 16689
9946 2 16708
9946 3 16696
9947 0 16688
9947 1 16689
9947 2 16704
9947 3 16690
9947 4 16697
9948 0 16688
9948 1 16693
9948 2 16708
9948 3 16690
9949 0 16688
9949 1 16693
9949 2 16694
9949 3 16709
9949 4 16697
9950 0 16688
9950 1 16700
9950 2 16708
9950 3 16696
9951 0 16688
9951 1 16693
9951 2 16694
9951 3 16698
9952 0 16688
9952 1 16693
9952 2 16694
9952 3 16690
9952 4 16695
9953 0 16692
9953 1 16693
9953 2 16694
9953 3 16696
9953 4 16697
9954 0 16701
9954 1 16693
9954 3 16696
9954 4 16695
9955 0 16688
9955 1 16693
9955 3 16709
9956 0 16688
9956 1 16693
9956 2 16699
9956 3 16696
9956 4 16697
9957 0 16688
9957 1 16693
9957 2 16727
9957 3 16698
9957 4 16728
9958 0 16688
9958 1 16707
9958 3 16690
9958 4 16697
9959 0 16712
9959 1 16689
9959 2 16694
9959 3 16709
9959 4 16697
9960 0 16688
9960 1 16693
9960 3 16709
9961 0 16702
9961 1 16693
9961 2 16703
9961 3 16698
9961 4 16728
9962 0 16688
9962 1 16693
9962 2 16694
9962 3 16696
9963 0 16688
9963 1 16707
9963 3 16696
9964 0 16688
9964 1 16700
9964 3 16696
9965 0 16688
9965 1 16693
9965 2 16694
9965 3 16698
9965 4 16697
9966 0 16722
9966 1 16693
9966 2 16694
9966 3 16696
9966 4 16697
9967 0 16719
9967 1 16693
9967 3 16698
9967 4 16697
9968 0 16688
9968 1 16707
9968 2 16694
9968 3 16696
9968 4 16697
9969 0 16721
9969 1 16693
9969 3 16723
9970 0 16713
9970 1 16689
9970 2 16694
9970 3 16723
9970 4 16695
9971 0 16688
9971 1 16693
9971 2 16694
9971 3 16723
9971 4 16695
9972 0 16725
9972 1 16693
9972 3 16709
9972 4 16695
9973 0 16688
9973 1 16707
9973 2 16694
9973 3 16723
9974 0 16688
9974 1 16693
9974 3 16696
9975 0 16688
9975 1 16693
9975 2 16694
9975 3 16709
9975 4 16728
9976 0 16688
9976 1 16689
9976 3 16698
9977 0 16688
9977 1 16700
9977 3 16723
9978 0 16721
9978 1 16689
9978 2 16694
9978 3 16696
9979 0 16712
9979 1 16689
9979 2 16694
9979 3 16723
9979 4 16697
9980 0 16702
9980 1 16693
9980 3 16698
9980 4 16697
9981 0 16688
9981 1 16689
9981 2 16694
9981 3 16698
9981 4 16697
9982 0 16734
9982 1 16693
9982 2 16694
9982 3 16696
9982 4 16697
9983 0 16713
9983 1 16689
9983 2 16704
9983 3 16698
9983 4 16695
9984 0 16688
9984 1 16693
9984 3 16696
9985 0 16688
9985 1 16693
9985 3 16698
9986 0 16734
9986 1 16693
9986 2 16704
9986 3 16709
9987 0 16688
9987 1 16707
9987 3 16696
9987 4 16695
9988 0 16702
9988 1 16689
9988 2 16694
9988 3 16709
9989 0 16688
9989 1 16707
9989 2 16694
9989 3 16698
9989 4 16695
9990 0 16688
9990 1 16707
9990 2 16694
9990 3 16709
9990 4 16697
9991 0 16722
9991 1 16693
9991 2 16694
9991 3 16696
9991 4 16695
9992 0 16701
9992 1 16689
9992 2 16694
9992 3 16723
9992 4 16695
9993 0 16688
9993 1 16700
9993 3 16723
9994 0 16688
9994 1 16700
9994 3 16698
9995 0 16725
9995 1 16689
9995 2 16694
9995 3 16696
9995 4 16697
9996 0 16702
9996 1 16693
9996 2 16694
9996 3 16698
9996 4 16697
9997 0 16722
9997 1 16693
9997 3 16698
9997 4 16695
9998 0 16724
9998 1 16707
9998 2 16694
9998 3 16698
9998 4 16695
9999 0 16688
9999 1 16689
9999 2 16691
9999 3 16709
10000 0 16688
10000 1 16693
10000 2 16716
10000 3 16690
10000 4 16695
10001 0 16688
10001 1 16689
10001 2 16694
10001 3 16696
10001 4 16695
10002 0 16705
10002 1 16693
10002 2 16718
10002 3 16696
10002 4 16697
10003 0 16688
10003 1 16689
10003 2 16708
10003 3 16690
10004 0 16692
10004 1 16689
10004 2 16704
10004 3 16698
10004 4 16697
10005 0 16692
10005 1 16689
10005 2 16694
10005 3 16696
10005 4 16695
10006 0 16688
10006 1 16693
10006 2 16691
10006 3 16709
10007 0 16688
10007 1 16689
10007 2 16708
10007 3 16690
10008 0 16713
10008 1 16693
10008 3 16696
10008 4 16695
10009 0 16688
10009 1 16693
10009 2 16694
10009 3 16690
10009 4 16697
10010 0 16688
10010 1 16689
10010 2 16694
10010 3 16698
10011 0 16692
10011 1 16689
10011 2 16694
10011 3 16698
10012 0 16692
10012 1 16693
10012 2 16691
10012 3 16723
10013 0 16688
10013 1 16693
10013 2 16708
10013 3 16709
10013 4 16697
10014 0 16722
10014 1 16693
10014 2 16694
10014 3 16696
10014 4 16697
10015 0 16688
10015 1 16689
10015 2 16708
10015 3 16696
10016 0 16688
10016 1 16693
10016 2 16694
10016 3 16709
10016 4 16697
10017 0 16722
10017 1 16693
10017 2 16694
10017 3 16696
10017 4 16697
10018 0 16702
10018 1 16693
10018 2 16706
10018 3 16690
10018 4 16695
10019 0 16688
10019 1 16689
10019 2 16708
10019 3 16690
10020 0 16688
10020 1 16689
10020 2 16708
10020 3 16696
10021 0 16688
10021 1 16689
10021 2 16694
10021 3 16698
10022 0 16717
10022 1 16689
10022 2 16694
10022 3 16696
10023 0 16688
10023 1 16689
10023 3 16698
10024 0 16688
10024 1 16689
10024 2 16691
10024 3 16696
10025 0 16702
10025 1 16689
10025 2 16703
10025 3 16690
10025 4 16695
10026 0 16688
10026 1 16707
10026 2 16694
10026 3 16709
10026 4 16697
10027 0 16688
10027 1 16689
10027 2 16694
10027 3 16698
10027 4 16695
10028 0 16688
10028 1 16689
10028 2 16694
10028 3 16696
10028 4 16697
10029 0 16688
10029 1 16693
10029 2 16704
10029 3 16690
10029 4 16697
10030 0 16688
10030 1 16689
10030 2 16708
10030 3 16696
10031 0 16702
10031 1 16693
10031 2 16694
10031 3 16696
10031 4 16695
10032 0 16688
10032 1 16693
10032 2 16694
10032 3 16709
10032 4 16697
10033 0 16688
10033 1 16689
10033 2 16704
10033 3 16698
10034 0 16688
10034 1 16693
10034 2 16718
10034 3 16698
10034 4 16697
10035 0 16688
10035 1 16689
10035 2 16708
10035 3 16690
10036 0 16688
10036 1 16689
10036 2 16704
10036 3 16698
10036 4 16697
10037 0 16688
10037 1 16689
10037 2 16703
10037 3 16698
10038 0 16688
10038 1 16689
10038 2 16699
10038 3 16698
10038 4 16695
10039 0 16688
10039 1 16689
10039 2 16706
10039 3 16696
10039 4 16695
10040 0 16688
10040 1 16689
10040 2 16708
10040 3 16709
10041 0 16688
10041 1 16693
10041 2 16691
10041 3 16696
10042 0 16688
10042 1 16689
10042 2 16716
10042 3 16698
10042 4 16695
10043 0 16688
10043 1 16689
10043 2 16694
10043 3 16696
10043 4 16697
10044 0 16692
10044 1 16689
10044 2 16694
10044 3 16690
10044 4 16697
10045 0 16688
10045 1 16693
10045 2 16703
10045 3 16696
10046 0 16688
10046 1 16689
10046 2 16699
10046 3 16723
10046 4 16697
10047 0 16688
10047 1 16693
10047 2 16704
10047 3 16690
10047 4 16695
10048 0 16688
10048 1 16689
10048 2 16716
10048 3 16698
10048 4 16697
10049 0 16688
10049 1 16689
10049 2 16703
10049 3 16696
10050 0 16688
10050 1 16693
10050 2 16699
10050 3 16690
10050 4 16697
10051 0 16688
10051 1 16689
10051 2 16691
10051 3 16690
10052 0 16688
10052 1 16693
10052 2 16694
10052 3 16698
10052 4 16697
10053 0 16688
10053 1 16689
10053 2 16708
10053 3 16709
10054 0 16688
10054 1 16707
10054 2 16694
10054 3 16709
10054 4 16695
10055 0 16692
10055 1 16707
10055 2 16694
10055 3 16698
10055 4 16695
10056 0 16702
10056 1 16689
10056 2 16694
10056 3 16709
10056 4 16697
10057 0 16688
10057 1 16707
10057 2 16694
10057 3 16690
10057 4 16697
10058 0 16692
10058 1 16689
10058 2 16694
10058 3 16696
10058 4 16697
10059 0 16712
10059 1 16689
10059 2 16694
10059 3 16698
10059 4 16697
10060 0 16688
10060 1 16707
10060 2 16694
10060 3 16709
10060 4 16697
10061 0 16688
10061 1 16707
10061 2 16694
10061 3 16690
10061 4 16695
10062 0 16688
10062 1 16707
10062 2 16694
10062 3 16690
10062 4 16697
10063 0 16702
10063 1 16693
10063 2 16703
10063 3 16696
10063 4 16695
10064 0 16688
10064 1 16689
10064 2 16694
10064 3 16696
10065 0 16688
10065 1 16693
10065 2 16694
10065 3 16698
10065 4 16695
10066 0 16688
10066 1 16693
10066 2 16694
10066 3 16698
10066 4 16697
10067 0 16702
10067 1 16693
10067 2 16703
10067 3 16709
10067 4 16695
10068 0 16688
10068 1 16700
10068 2 16708
10068 3 16698
10069 0 16688
10069 1 16689
10069 2 16694
10069 3 16690
10070 0 16688
10070 1 16700
10070 2 16708
10070 3 16709
10071 0 16688
10071 1 16700
10071 2 16704
10071 3 16690
10071 4 16695
10072 0 16688
10072 1 16689
10072 2 16708
10072 3 16723
10073 0 16688
10073 1 16689
10073 2 16708
10073 3 16723
10074 0 16688
10074 1 16689
10074 2 16704
10074 3 16723
10074 4 16697
10075 0 16688
10075 1 16689
10075 2 16704
10075 3 16690
10075 4 16695
10076 0 16688
10076 1 16689
10076 2 16708
10076 3 16723
10077 0 16688
10077 1 16693
10077 2 16708
10077 3 16696
10078 0 16688
10078 1 16693
10078 2 16708
10078 3 16698
10079 0 16688
10079 1 16689
10079 2 16708
10079 3 16696
10080 0 16688
10080 1 16689
10080 2 16708
10080 3 16723
10081 0 16688
10081 1 16700
10081 2 16708
10081 3 16690
10082 0 16688
10082 1 16693
10082 2 16708
10082 3 16723
10083 0 16688
10083 1 16700
10083 2 16708
10083 3 16696
10084 0 16688
10084 1 16693
10084 2 16718
10084 3 16690
10085 0 16688
10085 1 16700
10085 2 16703
10085 3 16723
10086 0 16688
10086 1 16689
10086 2 16708
10086 3 16690
10087 0 16688
10087 1 16689
10087 2 16708
10087 3 16696
10088 0 16688
10088 1 16689
10088 2 16708
10088 3 16690
10089 0 16688
10089 1 16693
10089 2 16716
10089 3 16709
10090 0 16688
10090 1 16689
10090 2 16708
10090 3 16696
10091 0 16688
10091 1 16689
10091 2 16708
10091 3 16690
10092 0 16688
10092 1 16689
10092 2 16708
10092 3 16709
10093 0 16688
10093 1 16689
10093 2 16718
10093 3 16698
10093 4 16695
10094 0 16713
10094 1 16689
10094 2 16694
10094 3 16696
10094 4 16697
10095 0 16722
10095 1 16693
10095 2 16703
10095 3 16698
10095 4 16695
10096 0 16688
10096 1 16693
10096 2 16694
10096 3 16698
10097 0 16688
10097 1 16693
10097 2 16694
10097 3 16696
10097 4 16697
10098 0 16724
10098 1 16689
10098 2 16718
10098 3 16709
10098 4 16695
10099 0 16688
10099 1 16693
10099 2 16727
10099 3 16698
10099 4 16695
10100 0 16692
10100 1 16693
10100 2 16694
10100 3 16696
10100 4 16697
10101 0 16722
10101 1 16693
10101 2 16694
10101 3 16709
10101 4 16695
10102 0 16692
10102 1 16689
10102 2 16703
10102 3 16698
10103 0 16702
10103 1 16689
10103 2 16703
10103 3 16723
10104 0 16688
10104 1 16693
10104 2 16694
10104 3 16709
10104 4 16697
10105 0 16688
10105 1 16689
10105 2 16708
10105 3 16723
10106 0 16692
10106 1 16693
10106 2 16694
10106 3 16709
10106 4 16695
10107 0 16722
10107 1 16689
10107 2 16694
10107 3 16696
10107 4 16697
10108 0 16688
10108 1 16689
10108 2 16708
10108 3 16696
10109 0 16688
10109 1 16689
10109 2 16716
10109 3 16690
10109 4 16695
10110 0 16688
10110 1 16689
10110 2 16716
10110 3 16690
10110 4 16697
10111 0 16705
10111 1 16693
10111 2 16694
10111 3 16709
10112 0 16705
10112 1 16689
10112 2 16718
10112 3 16698
10113 0 16705
10113 1 16693
10113 2 16718
10113 3 16690
10113 4 16697
10114 0 16705
10114 1 16693
10114 2 16716
10114 3 16698
10114 4 16695
10115 0 16688
10115 1 16689
10115 2 16694
10115 3 16698
10115 4 16697
10116 0 16713
10116 1 16689
10116 2 16694
10116 3 16709
10116 4 16697
10117 0 16705
10117 1 16693
10117 2 16694
10117 3 16698
10117 4 16697
10118 0 16688
10118 1 16689
10118 2 16708
10118 3 16690
10119 0 16688
10119 1 16689
10119 2 16727
10119 3 16696
10119 4 16695
10120 0 16688
10120 1 16689
10120 2 16708
10120 3 16690
10121 0 16688
10121 1 16689
10121 2 16708
10121 3 16698
10122 0 16688
10122 1 16689
10122 2 16708
10122 3 16698
10123 0 16688
10123 1 16693
10123 2 16727
10123 3 16696
10123 4 16697
10124 0 16701
10124 1 16689
10124 2 16708
10124 3 16709
10125 0 16688
10125 1 16689
10125 2 16704
10125 3 16698
10125 4 16695
10126 0 16692
10126 1 16693
10126 2 16694
10126 3 16698
10126 4 16697
10127 0 16688
10127 1 16689
10127 2 16694
10127 3 16690
10127 4 16695
10128 0 16688
10128 1 16689
10128 2 16694
10128 3 16723
10128 4 16697
10129 0 16692
10129 1 16689
10129 2 16704
10129 3 16723
10129 4 16697
10130 0 16688
10130 1 16693
10130 2 16727
10130 3 16698
10130 4 16697
10131 0 16692
10131 1 16693
10131 2 16694
10131 3 16696
10131 4 16697
10132 0 16688
10132 1 16689
10132 2 16716
10132 3 16723
10133 0 16688
10133 1 16689
10133 2 16708
10133 3 16723
10134 0 16688
10134 1 16693
10134 2 16694
10134 3 16696
10134 4 16697
10135 0 16688
10135 1 16693
10135 2 16694
10135 3 16709
10135 4 16697
10136 0 16713
10136 1 16693
10136 2 16694
10136 3 16696
10136 4 16695
10137 0 16688
10137 1 16693
10137 2 16694
10137 3 16709
10137 4 16697
10138 0 16688
10138 1 16689
10138 2 16703
10138 3 16696
10139 0 16688
10139 1 16689
10139 2 16694
10139 3 16698
10139 4 16697
10140 0 16692
10140 1 16693
10140 2 16694
10140 3 16698
10141 0 16731
10141 1 16693
10141 2 16703
10141 3 16698
10142 0 16702
10142 1 16693
10142 2 16703
10142 3 16696
10142 4 16697
10143 0 16692
10143 1 16689
10143 2 16694
10143 3 16698
10143 4 16695
10144 0 16688
10144 1 16689
10144 2 16694
10144 3 16698
10144 4 16697
10145 0 16688
10145 1 16693
10145 2 16718
10145 3 16696
10145 4 16695
10146 0 16712
10146 1 16689
10146 2 16694
10146 3 16723
10146 4 16697
10147 0 16688
10147 1 16689
10147 2 16694
10147 3 16690
10147 4 16697
10148 0 16688
10148 1 16689
10148 2 16704
10148 3 16723
10148 4 16697
10149 0 16688
10149 1 16689
10149 2 16708
10149 3 16709
10150 0 16688
10150 1 16689
10150 2 16708
10150 3 16709
10151 0 16688
10151 1 16689
10151 2 16708
10151 3 16696
10152 0 16712
10152 1 16689
10152 2 16708
10152 3 16723
10153 0 16688
10153 1 16689
10153 2 16694
10153 3 16696
10153 4 16695
10154 0 16701
10154 1 16693
10154 2 16694
10154 3 16696
10154 4 16697
10155 0 16688
10155 1 16693
10155 2 16694
10155 3 16690
10156 0 16701
10156 1 16693
10156 2 16706
10156 3 16698
10156 4 16695
10157 0 16701
10157 1 16693
10157 2 16694
10157 3 16696
10157 4 16695
10158 0 16701
10158 1 16689
10158 2 16694
10158 3 16723
10158 4 16697
10159 0 16688
10159 1 16707
10159 2 16694
10159 3 16696
10159 4 16695
10160 0 16688
10160 1 16689
10160 2 16708
10160 3 16696
10161 0 16717
10161 1 16693
10161 2 16694
10161 3 16690
10161 4 16697
10162 0 16717
10162 1 16689
10162 2 16703
10162 3 16696
10162 4 16695
10163 0 16717
10163 1 16689
10163 2 16708
10163 3 16690
10164 0 16717
10164 1 16693
10164 2 16704
10164 3 16696
10164 4 16695
10165 0 16719
10165 1 16689
10165 2 16694
10165 3 16696
10165 4 16697
10166 0 16717
10166 1 16693
10166 2 16716
10166 3 16690
10166 4 16695
10167 0 16717
10167 1 16689
10167 2 16694
10167 3 16696
10167 4 16697
10168 0 16719
10168 1 16693
10168 2 16694
10168 3 16709
10168 4 16695
10169 0 16717
10169 1 16689
10169 2 16703
10169 3 16690
10169 4 16697
10170 0 16717
10170 1 16693
10170 2 16699
10170 3 16690
10170 4 16697
10171 0 16717
10171 1 16693
10171 2 16694
10171 3 16696
10171 4 16695
10172 0 16731
10172 1 16693
10172 2 16694
10172 3 16698
10172 4 16697
10173 0 16721
10173 1 16689
10173 2 16708
10173 3 16723
10174 0 16717
10174 1 16689
10174 2 16694
10174 3 16696
10174 4 16697
10175 0 16688
10175 1 16689
10175 2 16708
10175 3 16709
10176 0 16722
10176 1 16689
10176 2 16716
10176 3 16698
10176 4 16697
10177 0 16717
10177 1 16707
10177 2 16694
10177 3 16696
10177 4 16697
10178 0 16717
10178 1 16689
10178 2 16716
10178 3 16709
10178 4 16697
10179 0 16717
10179 1 16693
10179 2 16718
10179 3 16696
10180 0 16717
10180 1 16689
10180 2 16727
10180 3 16690
10180 4 16695
10181 0 16717
10181 1 16689
10181 2 16703
10181 3 16698
10181 4 16695
10182 0 16717
10182 1 16693
10182 2 16694
10182 3 16698
10182 4 16697
10183 0 16717
10183 1 16689
10183 2 16694
10183 3 16698
10183 4 16695
10184 0 16717
10184 1 16689
10184 2 16703
10184 3 16696
10185 0 16717
10185 1 16689
10185 2 16718
10185 3 16698
10185 4 16695
10186 0 16717
10186 1 16693
10186 2 16703
10186 3 16698
10186 4 16728
10187 0 16717
10187 1 16689
10187 2 16694
10187 3 16690
10187 4 16697
10188 0 16717
10188 1 16693
10188 2 16694
10188 3 16698
10188 4 16697
10189 0 16721
10189 1 16693
10189 2 16716
10189 3 16709
10189 4 16697
10190 0 16717
10190 1 16693
10190 2 16716
10190 3 16690
10191 0 16717
10191 1 16693
10191 3 16698
10191 4 16695
10192 0 16717
10192 1 16689
10192 2 16694
10192 3 16696
10192 4 16695
10193 0 16717
10193 1 16693
10193 2 16699
10193 3 16698
10193 4 16697
10194 0 16717
10194 1 16689
10194 2 16703
10194 3 16690
10194 4 16697
10195 0 16717
10195 1 16693
10195 2 16718
10195 3 16696
10195 4 16695
10196 0 16717
10196 1 16689
10196 2 16694
10196 3 16696
10197 0 16717
10197 1 16689
10197 2 16718
10197 3 16709
10197 4 16695
10198 0 16717
10198 1 16693
10198 2 16706
10198 3 16690
10198 4 16695
10199 0 16713
10199 1 16693
10199 2 16703
10199 3 16698
10199 4 16697
10200 0 16717
10200 1 16689
10200 2 16708
10200 3 16698
10201 0 16717
10201 1 16689
10201 2 16703
10201 3 16690
10201 4 16695
10202 0 16713
10202 1 16689
10202 2 16694
10202 3 16723
10202 4 16695
10203 0 16717
10203 1 16693
10203 2 16694
10203 3 16696
10203 4 16697
10204 0 16717
10204 1 16689
10204 2 16691
10204 3 16696
10204 4 16697
10205 0 16717
10205 1 16689
10205 2 16694
10205 3 16696
10205 4 16697
10206 0 16717
10206 1 16693
10206 2 16694
10206 3 16698
10206 4 16695
10207 0 16717
10207 1 16693
10207 2 16716
10207 3 16698
10207 4 16695
10208 0 16717
10208 1 16693
10208 2 16706
10208 3 16698
10208 4 16695
10209 0 16717
10209 1 16689
10209 2 16708
10209 3 16696
10210 0 16705
10210 1 16689
10210 2 16703
10210 3 16690
10210 4 16695
10211 0 16717
10211 1 16693
10211 2 16718
10211 3 16690
10211 4 16697
10212 0 16717
10212 1 16689
10212 2 16704
10212 3 16690
10212 4 16697
10213 0 16721
10213 1 16693
10213 2 16708
10213 3 16723
10214 0 16692
10214 1 16689
10214 2 16716
10214 3 16709
10214 4 16697
10215 0 16717
10215 1 16693
10215 2 16726
10215 3 16696
10215 4 16695
10216 0 16717
10216 1 16689
10216 2 16726
10216 3 16690
10216 4 16695
10217 0 16717
10217 1 16689
10217 2 16726
10217 3 16709
10217 4 16695
10218 0 16717
10218 1 16689
10218 2 16708
10218 3 16696
10219 0 16702
10219 1 16689
10219 2 16726
10219 3 16696
10219 4 16697
10220 0 16717
10220 1 16689
10220 2 16694
10220 3 16696
10220 4 16697
10221 0 16717
10221 1 16693
10221 2 16726
10221 3 16696
10221 4 16697
10222 0 16717
10222 1 16689
10222 2 16718
10222 3 16698
10222 4 16695
10223 0 16717
10223 1 16693
10223 2 16694
10223 3 16690
10223 4 16695
10224 0 16713
10224 1 16689
10224 2 16726
10224 3 16709
10224 4 16695
10225 0 16705
10225 1 16689
10225 2 16716
10225 3 16709
10225 4 16695
10226 0 16717
10226 1 16689
10226 2 16694
10226 3 16690
10227 0 16702
10227 1 16693
10227 3 16696
10227 4 16695
10228 0 16688
10228 1 16693
10228 2 16704
10228 3 16709
10228 4 16695
10229 0 16688
10229 1 16693
10229 2 16716
10229 3 16690
10230 0 16688
10230 1 16689
10230 2 16694
10230 3 16723
10231 0 16688
10231 1 16689
10231 2 16716
10231 3 16696
10231 4 16697
10232 0 16688
10232 1 16689
10232 2 16704
10232 3 16723
10232 4 16697
10233 0 16688
10233 1 16707
10233 2 16694
10233 3 16698
10233 4 16697
10234 0 16688
10234 1 16689
10234 2 16708
10234 3 16723
10235 0 16688
10235 1 16707
10235 2 16694
10235 3 16696
10235 4 16697
10236 0 16688
10236 1 16689
10236 2 16710
10236 3 16698
10237 0 16688
10237 1 16707
10237 2 16694
10237 3 16698
10237 4 16697
10238 0 16721
10238 1 16707
10238 2 16694
10238 3 16698
10238 4 16695
10239 0 16688
10239 1 16693
10239 2 16716
10239 3 16698
10239 4 16695
10240 0 16721
10240 1 16689
10240 2 16708
10240 3 16698
10241 0 16688
10241 1 16689
10241 2 16708
10241 3 16698
10242 0 16721
10242 1 16689
10242 2 16716
10242 3 16698
10242 4 16697
10243 0 16688
10243 1 16689
10243 2 16694
10243 3 16709
10243 4 16697
10244 0 16692
10244 1 16689
10244 2 16694
10244 3 16709
10244 4 16697
10245 0 16688
10245 1 16693
10245 2 16694
10245 3 16690
10245 4 16697
10246 0 16692
10246 1 16689
10246 2 16694
10246 3 16690
10246 4 16697
10247 0 16688
10247 1 16689
10247 2 16694
10247 3 16709
10247 4 16697
10248 0 16688
10248 1 16693
10248 2 16694
10248 3 16698
10248 4 16697
10249 0 16688
10249 1 16693
10249 2 16716
10249 3 16698
10249 4 16695
10250 0 16701
10250 1 16689
10250 2 16708
10250 3 16696
10251 0 16688
10251 1 16689
10251 2 16694
10251 3 16690
10251 4 16697
10252 0 16688
10252 1 16689
10252 2 16704
10252 3 16698
10252 4 16697
10253 0 16688
10253 1 16700
10253 2 16708
10253 3 16698
10254 0 16688
10254 1 16700
10254 2 16703
10254 3 16696
10254 4 16695
10255 0 16688
10255 1 16693
10255 3 16690
10255 4 16695
10256 0 16688
10256 1 16689
10256 2 16694
10256 3 16709
10256 4 16697
10257 0 16688
10257 1 16689
10257 2 16694
10257 3 16696
10257 4 16695
10258 0 16688
10258 1 16693
10258 3 16698
10258 4 16695
10259 0 16688
10259 1 16693
10259 2 16694
10259 3 16698
10260 0 16688
10260 1 16689
10260 2 16708
10260 3 16709
10261 0 16688
10261 1 16689
10261 2 16708
10261 3 16698
10262 0 16688
10262 1 16689
10262 2 16704
10262 3 16696
10262 4 16697
10263 0 16688
10263 1 16689
10263 2 16708
10263 3 16696
10264 0 16688
10264 1 16700
10264 2 16708
10264 3 16696
10265 0 16688
10265 1 16693
10265 2 16694
10265 3 16698
10265 4 16697
10266 0 16688
10266 1 16700
10266 2 16708
10266 3 16696
10267 0 16688
10267 1 16689
10267 2 16691
10267 3 16723
10268 0 16688
10268 1 16693
10268 2 16699
10268 3 16696
10268 4 16695
10269 0 16688
10269 1 16689
10269 2 16703
10269 3 16723
10270 0 16688
10270 1 16689
10270 2 16691
10270 3 16696
10271 0 16688
10271 1 16689
10271 2 16691
10271 3 16698
10272 0 16688
10272 1 16689
10272 2 16691
10272 3 16696
10273 0 16688
10273 1 16689
10273 2 16691
10273 3 16696
10274 0 16692
10274 1 16707
10274 2 16694
10274 3 16696
10274 4 16697
10275 0 16688
10275 1 16689
10275 2 16708
10275 3 16696
10276 0 16688
10276 1 16700
10276 2 16710
10276 3 16696
10277 0 16688
10277 1 16689
10277 2 16708
10277 3 16698
10278 0 16688
10278 1 16689
10278 2 16708
10278 3 16698
10279 0 16688
10279 1 16689
10279 2 16708
10279 3 16709
10280 0 16688
10280 1 16700
10280 2 16708
10280 3 16709
10281 0 16688
10281 1 16707
10281 2 16694
10281 3 16696
10281 4 16695
10282 0 16688
10282 1 16700
10282 2 16708
10282 3 16690
10283 0 16688
10283 1 16689
10283 2 16708
10283 3 16709
10284 0 16692
10284 1 16689
10284 2 16691
10284 3 16690
10285 0 16688
10285 1 16689
10285 2 16710
10285 3 16696
10286 0 16688
10286 1 16689
10286 2 16708
10286 3 16709
10287 0 16721
10287 1 16689
10287 2 16708
10287 3 16723
10288 0 16688
10288 1 16693
10288 2 16706
10288 3 16698
10289 0 16688
10289 1 16693
10289 2 16691
10289 3 16696
10290 0 16688
10290 1 16707
10290 2 16694
10290 3 16690
10290 4 16697
10291 0 16688
10291 1 16707
10291 2 16694
10291 3 16709
10291 4 16697
10292 0 16688
10292 1 16700
10292 2 16703
10292 3 16696
10293 0 16688
10293 1 16689
10293 2 16708
10293 3 16709
10294 0 16688
10294 1 16689
10294 2 16708
10294 3 16709
10295 0 16721
10295 1 16700
10295 2 16694
10295 3 16690
10295 4 16695
10296 0 16721
10296 1 16700
10296 2 16694
10296 3 16698
10296 4 16697
10297 0 16688
10297 1 16707
10297 2 16718
10297 3 16696
10297 4 16697
10298 0 16688
10298 1 16693
10298 2 16716
10298 3 16690
10298 4 16697
10299 0 16688
10299 1 16689
10299 2 16694
10299 3 16696
10299 4 16697
10300 0 16721
10300 1 16693
10300 2 16708
10300 3 16709
10301 0 16688
10301 1 16693
10301 2 16694
10301 3 16690
10301 4 16697
10302 0 16688
10302 1 16689
10302 2 16708
10302 3 16690
10303 0 16688
10303 1 16689
10303 2 16708
10303 3 16709
10304 0 16692
10304 1 16689
10304 2 16716
10304 3 16698
10304 4 16695
10305 0 16688
10305 1 16689
10305 2 16703
10305 3 16723
10306 0 16688
10306 1 16689
10306 2 16708
10306 3 16696
10307 0 16688
10307 1 16700
10307 2 16708
10307 3 16723
10308 0 16688
10308 1 16700
10308 2 16708
10308 3 16690
10309 0 16688
10309 1 16700
10309 2 16703
10309 3 16709
10310 0 16688
10310 1 16700
10310 2 16708
10310 3 16696
10311 0 16688
10311 1 16700
10311 2 16708
10311 3 16723
10312 0 16688
10312 1 16707
10312 2 16694
10312 3 16696
10312 4 16697
10313 0 16688
10313 1 16689
10313 2 16703
10313 3 16696
10314 0 16688
10314 1 16689
10314 2 16708
10314 3 16709
10315 0 16688
10315 1 16707
10315 2 16726
10315 3 16696
10315 4 16697
10316 0 16688
10316 1 16689
10316 2 16691
10316 3 16690
10316 4 16697
10317 0 16688
10317 1 16707
10317 2 16694
10317 3 16696
10317 4 16697
10318 0 16688
10318 1 16700
10318 2 16708
10318 3 16709
10319 0 16688
10319 1 16689
10319 2 16691
10319 3 16709
10320 0 16721
10320 1 16689
10320 2 16716
10320 3 16696
10320 4 16697
10321 0 16688
10321 1 16689
10321 2 16694
10321 3 16690
10321 4 16697
10322 0 16688
10322 1 16707
10322 2 16694
10322 3 16696
10322 4 16697
10323 0 16688
10323 1 16693
10323 2 16727
10323 3 16698
10323 4 16697
10324 0 16688
10324 1 16689
10324 2 16694
10324 3 16696
10324 4 16697
10325 0 16688
10325 1 16689
10325 2 16691
10325 3 16690
10326 0 16688
10326 1 16689
10326 2 16708
10326 3 16698
10327 0 16688
10327 1 16689
10327 2 16691
10327 3 16690
10328 0 16688
10328 1 16689
10328 2 16691
10328 3 16698
10329 0 16688
10329 1 16700
10329 2 16708
10329 3 16723
10330 0 16688
10330 1 16700
10330 2 16708
10330 3 16709
10331 0 16688
10331 1 16689
10331 2 16691
10331 3 16698
10332 0 16688
10332 1 16700
10332 2 16703
10332 3 16690
10332 4 16695
10333 0 16688
10333 1 16693
10333 2 16691
10333 3 16696
10334 0 16688
10334 1 16707
10334 2 16694
10334 3 16709
10334 4 16697
10335 0 16688
10335 1 16689
10335 2 16708
10335 3 16723
10336 0 16688
10336 1 16693
10336 2 16718
10336 3 16696
10337 0 16688
10337 1 16689
10337 2 16708
10337 3 16723
10338 0 16688
10338 1 16707
10338 2 16699
10338 3 16698
10338 4 16695
10339 0 16688
10339 1 16689
10339 2 16708
10339 3 16709
10340 0 16688
10340 1 16707
10340 2 16704
10340 3 16690
10340 4 16697
10341 0 16688
10341 1 16689
10341 2 16703
10341 3 16696
10342 0 16688
10342 1 16689
10342 2 16708
10342 3 16696
10343 0 16688
10343 1 16707
10343 2 16694
10343 3 16723
10343 4 16695
10344 0 16688
10344 1 16707
10344 2 16694
10344 3 16696
10344 4 16697
10345 0 16688
10345 1 16689
10345 2 16708
10345 3 16723
10346 0 16688
10346 1 16689
10346 2 16718
10346 3 16709
10346 4 16697
10347 0 16688
10347 1 16693
10347 2 16691
10347 3 16696
10348 0 16688
10348 1 16707
10348 2 16694
10348 3 16696
10348 4 16695
10349 0 16688
10349 1 16707
10349 2 16694
10349 3 16690
10349 4 16697
10350 0 16688
10350 1 16689
10350 2 16708
10350 3 16709
10351 0 16688
10351 1 16689
10351 2 16691
10351 3 16698
10352 0 16688
10352 1 16700
10352 2 16708
10352 3 16696
10353 0 16688
10353 1 16689
10353 2 16708
10353 3 16709
10354 0 16688
10354 1 16700
10354 2 16703
10354 3 16709
10355 0 16688
10355 1 16700
10355 2 16708
10355 3 16723
10356 0 16688
10356 1 16700
10356 2 16694
10356 3 16696
10356 4 16697
10357 0 16688
10357 1 16700
10357 2 16703
10357 3 16709
10358 0 16713
10358 1 16693
10358 2 16691
10358 3 16690
10359 0 16688
10359 1 16689
10359 2 16691
10359 3 16690
10360 0 16688
10360 1 16700
10360 2 16708
10360 3 16709
10361 0 16688
10361 1 16693
10361 2 16694
10361 3 16698
10361 4 16697
10362 0 16688
10362 1 16707
10362 2 16727
10362 3 16696
10362 4 16697
10363 0 16688
10363 1 16689
10363 2 16708
10363 3 16696
10364 0 16688
10364 1 16689
10364 2 16708
10364 3 16696
10365 0 16721
10365 1 16707
10365 2 16694
10365 3 16698
10365 4 16697
10366 0 16688
10366 1 16693
10366 2 16694
10366 3 16698
10366 4 16697
10367 0 16688
10367 1 16693
10367 2 16708
10367 3 16690
10368 0 16688
10368 1 16689
10368 2 16708
10368 3 16723
10369 0 16688
10369 1 16700
10369 2 16708
10369 3 16723
10370 0 16688
10370 1 16693
10370 2 16726
10370 3 16696
10371 0 16688
10371 1 16693
10371 2 16691
10371 3 16696
10372 0 16688
10372 1 16689
10372 2 16708
10372 3 16723
10373 0 16702
10373 1 16693
10373 2 16694
10373 3 16696
10373 4 16697
10374 0 16692
10374 1 16689
10374 2 16710
10374 3 16690
10374 4 16695
10375 0 16721
10375 1 16693
10375 2 16716
10375 3 16696
10375 4 16695
10376 0 16688
10376 1 16689
10376 2 16691
10376 3 16696
10377 0 16688
10377 1 16689
10377 2 16691
10377 3 16696
10378 0 16688
10378 1 16689
10378 2 16726
10378 3 16696
10378 4 16697
10379 0 16688
10379 1 16700
10379 2 16708
10379 3 16723
10380 0 16688
10380 1 16689
10380 2 16708
10380 3 16690
10381 0 16688
10381 1 16700
10381 2 16703
10381 3 16696
10382 0 16688
10382 1 16693
10382 2 16699
10382 3 16696
10382 4 16697
10383 0 16688
10383 1 16693
10383 2 16691
10383 3 16698
10384 0 16688
10384 1 16693
10384 2 16718
10384 3 16696
10385 0 16721
10385 1 16693
10385 2 16706
10385 3 16696
10385 4 16695
10386 0 16688
10386 1 16700
10386 2 16708
10386 3 16723
10387 0 16688
10387 1 16689
10387 2 16708
10387 3 16723
10388 0 16688
10388 1 16689
10388 2 16703
10388 3 16696
10389 0 16721
10389 1 16689
10389 2 16694
10389 3 16709
10389 4 16697
10390 0 16688
10390 1 16689
10390 2 16708
10390 3 16723
10391 0 16688
10391 1 16693
10391 2 16694
10391 3 16696
10391 4 16697
10392 0 16688
10392 1 16707
10392 2 16694
10392 3 16690
10392 4 16697
10393 0 16688
10393 1 16689
10393 2 16703
10393 3 16696
10394 0 16688
10394 1 16700
10394 2 16708
10394 3 16709
10395 0 16688
10395 1 16693
10395 2 16708
10395 3 16723
10396 0 16722
10396 1 16689
10396 2 16718
10396 3 16696
10396 4 16695
10397 0 16688
10397 1 16689
10397 2 16703
10397 3 16690
10397 4 16697
10398 0 16688
10398 1 16689
10398 2 16718
10398 3 16709
10399 0 16688
10399 1 16689
10399 2 16708
10399 3 16723
10400 0 16688
10400 1 16693
10400 2 16716
10400 3 16723
10400 4 16695
10401 0 16722
10401 1 16689
10401 2 16694
10401 3 16696
10401 4 16695
10402 0 16705
10402 1 16689
10402 2 16694
10402 3 16723
10402 4 16697
10403 0 16688
10403 1 16689
10403 2 16694
10403 3 16696
10403 4 16695
10404 0 16719
10404 1 16693
10404 2 16716
10404 3 16690
10404 4 16697
10405 0 16688
10405 1 16689
10405 2 16694
10405 3 16696
10406 0 16688
10406 1 16693
10406 2 16694
10406 3 16696
10406 4 16695
10407 0 16688
10407 1 16693
10407 2 16708
10407 3 16723
10408 0 16688
10408 1 16693
10408 2 16703
10408 3 16709
10409 0 16688
10409 1 16693
10409 2 16708
10409 3 16698
10410 0 16688
10410 1 16693
10410 2 16694
10410 3 16690
10410 4 16695
10411 0 16688
10411 1 16693
10411 2 16694
10411 3 16690
10411 4 16695
10412 0 16688
10412 1 16693
10412 2 16708
10412 3 16690
10413 0 16692
10413 1 16693
10413 2 16691
10413 3 16696
10414 0 16688
10414 1 16693
10414 2 16716
10414 3 16698
10415 0 16688
10415 1 16689
10415 2 16710
10415 3 16696
10416 0 16688
10416 1 16693
10416 2 16694
10416 3 16690
10416 4 16697
10417 0 16688
10417 1 16693
10417 2 16704
10417 3 16696
10418 0 16688
10418 1 16693
10418 2 16716
10418 3 16723
10418 4 16695
10419 0 16688
10419 1 16693
10419 2 16716
10419 3 16690
10419 4 16695
10420 0 16688
10420 1 16693
10420 2 16694
10420 3 16696
10420 4 16697
10421 0 16688
10421 1 16693
10421 2 16708
10421 3 16723
10422 0 16688
10422 1 16693
10422 2 16708
10422 3 16709
10423 0 16688
10423 1 16693
10423 2 16706
10423 3 16709
10423 4 16695
10424 0 16688
10424 1 16693
10424 2 16694
10424 3 16698
10424 4 16695
10425 0 16688
10425 1 16693
10425 2 16694
10425 3 16698
10425 4 16697
10426 0 16688
10426 1 16707
10426 2 16694
10426 3 16696
10426 4 16697
10427 0 16688
10427 1 16689
10427 2 16694
10427 3 16723
10428 0 16688
10428 1 16693
10428 2 16718
10428 3 16698
10428 4 16697
10429 0 16688
10429 1 16693
10429 2 16716
10429 3 16709
10430 0 16688
10430 1 16693
10430 2 16694
10430 3 16690
10431 0 16722
10431 1 16689
10431 2 16694
10431 3 16696
10431 4 16697
10432 0 16688
10432 1 16689
10432 2 16694
10432 3 16723
10432 4 16697
10433 0 16688
10433 1 16707
10433 2 16694
10433 3 16709
10433 4 16697
10434 0 16688
10434 1 16689
10434 2 16694
10434 3 16723
10435 0 16688
10435 1 16693
10435 2 16694
10435 3 16696
10435 4 16697
10436 0 16688
10436 1 16693
10436 2 16699
10436 3 16696
10436 4 16695
10437 0 16688
10437 1 16693
10437 2 16716
10437 3 16698
10437 4 16697
10438 0 16688
10438 1 16689
10438 2 16708
10438 3 16709
10439 0 16688
10439 1 16689
10439 2 16708
10439 3 16696
10440 0 16688
10440 1 16689
10440 2 16694
10440 3 16698
10440 4 16697
10441 0 16688
10441 1 16689
10441 2 16727
10441 3 16723
10441 4 16697
10442 0 16701
10442 1 16689
10442 2 16708
10442 3 16709
10443 0 16688
10443 1 16689
10443 2 16694
10443 3 16690
10443 4 16697
10444 0 16688
10444 1 16689
10444 2 16694
10444 3 16698
10444 4 16695
10445 0 16688
10445 1 16689
10445 2 16694
10445 3 16698
10445 4 16697
10446 0 16688
10446 1 16689
10446 2 16699
10446 3 16696
10446 4 16697
10447 0 16688
10447 1 16689
10447 2 16694
10447 3 16696
10447 4 16695
10448 0 16688
10448 1 16689
10448 2 16727
10448 3 16696
10448 4 16697
10449 0 16688
10449 1 16689
10449 2 16704
10449 3 16698
10449 4 16697
10450 0 16688
10450 1 16689
10450 2 16694
10450 3 16698
10450 4 16697
10451 0 16688
10451 1 16689
10451 2 16708
10451 3 16696
10452 0 16688
10452 1 16689
10452 2 16694
10452 3 16698
10452 4 16695
10453 0 16688
10453 1 16689
10453 2 16694
10453 3 16698
10453 4 16695
10454 0 16688
10454 1 16689
10454 2 16716
10454 3 16698
10454 4 16695
10455 0 16688
10455 1 16693
10455 2 16699
10455 3 16698
10455 4 16697
10456 0 16688
10456 1 16689
10456 2 16704
10456 3 16690
10456 4 16697
10457 0 16688
10457 1 16707
10457 2 16704
10457 3 16690
10457 4 16697
10458 0 16688
10458 1 16707
10458 2 16694
10458 3 16696
10458 4 16697
10459 0 16688
10459 1 16707
10459 2 16694
10459 3 16696
10459 4 16697
10460 0 16688
10460 1 16700
10460 2 16708
10460 3 16723
10461 0 16688
10461 1 16700
10461 2 16708
10461 3 16696
10462 0 16688
10462 1 16700
10462 2 16708
10462 3 16696
10463 0 16688
10463 1 16700
10463 2 16708
10463 3 16690
10464 0 16688
10464 1 16700
10464 2 16708
10464 3 16709
10465 0 16688
10465 1 16707
10465 2 16694
10465 3 16709
10465 4 16697
10466 0 16692
10466 1 16689
10466 2 16708
10466 3 16690
10467 0 16688
10467 1 16700
10467 2 16708
10467 3 16709
10468 0 16688
10468 1 16700
10468 2 16708
10468 3 16709
10469 0 16688
10469 1 16700
10469 2 16703
10469 3 16723
10470 0 16688
10470 1 16689
10470 2 16708
10470 3 16698
10471 0 16688
10471 1 16689
10471 2 16694
10471 3 16690
10471 4 16697
10472 0 16688
10472 1 16693
10472 2 16708
10472 3 16698
10473 0 16688
10473 1 16693
10473 2 16691
10473 3 16698
10474 0 16688
10474 1 16707
10474 2 16694
10474 3 16696
10474 4 16697
10475 0 16688
10475 1 16689
10475 2 16708
10475 3 16723
10476 0 16688
10476 1 16707
10476 2 16694
10476 3 16696
10477 0 16688
10477 1 16700
10477 2 16708
10477 3 16696
10478 0 16688
10478 1 16693
10478 2 16691
10478 3 16696
10479 0 16688
10479 1 16693
10479 2 16691
10479 3 16690
10480 0 16688
10480 1 16693
10480 2 16704
10480 3 16698
10480 4 16697
10481 0 16688
10481 1 16707
10481 2 16708
10481 3 16723
10482 0 16688
10482 1 16700
10482 2 16703
10482 3 16690
10483 0 16688
10483 1 16707
10483 2 16694
10483 3 16696
10483 4 16728
10484 0 16688
10484 1 16700
10484 2 16708
10484 3 16696
10485 0 16688
10485 1 16700
10485 2 16694
10485 3 16690
10486 0 16688
10486 1 16700
10486 2 16703
10486 3 16696
10487 0 16688
10487 1 16700
10487 2 16708
10487 3 16723
10488 0 16688
10488 1 16689
10488 2 16708
10488 3 16696
10489 0 16688
10489 1 16693
10489 2 16708
10489 3 16696
10490 0 16688
10490 1 16700
10490 2 16718
10490 3 16696
10491 0 16688
10491 1 16707
10491 2 16708
10491 3 16698
10492 0 16688
10492 1 16707
10492 2 16703
10492 3 16690
10492 4 16695
10493 0 16688
10493 1 16689
10493 2 16708
10493 3 16698
10494 0 16688
10494 1 16689
10494 2 16708
10494 3 16698
10495 0 16688
10495 1 16700
10495 2 16703
10495 3 16696
10496 0 16688
10496 1 16689
10496 2 16708
10496 3 16723
10497 0 16688
10497 1 16693
10497 2 16718
10497 3 16696
10498 0 16688
10498 1 16689
10498 2 16718
10498 3 16698
10498 4 16697
10499 0 16688
10499 1 16689
10499 2 16703
10499 3 16696
10499 4 16697
10500 0 16688
10500 1 16693
10500 2 16718
10500 3 16696
10500 4 16697
10501 0 16701
10501 1 16693
10501 2 16694
10501 3 16696
10501 4 16697
10502 0 16688
10502 1 16693
10502 2 16706
10502 3 16698
10502 4 16697
10503 0 16688
10503 1 16693
10503 2 16694
10503 3 16690
10503 4 16695
10504 0 16688
10504 1 16693
10504 2 16710
10504 3 16698
10505 0 16688
10505 1 16693
10505 2 16691
10505 3 16698
10505 4 16695
10506 0 16688
10506 1 16693
10506 2 16718
10506 3 16698
10506 4 16695
10507 0 16688
10507 1 16689
10507 2 16718
10507 3 16723
10507 4 16697
10508 0 16688
10508 1 16700
10508 3 16690
10508 4 16697
10509 0 16717
10509 1 16693
10509 2 16703
10509 3 16690
10509 4 16695
10510 0 16721
10510 1 16689
10510 2 16710
10510 3 16698
10511 0 16702
10511 1 16689
10511 2 16703
10511 3 16690
10511 4 16695
10512 0 16688
10512 1 16689
10512 2 16699
10512 3 16696
10512 4 16695
10513 0 16688
10513 1 16689
10513 2 16718
10513 3 16696
10513 4 16697
10514 0 16688
10514 1 16689
10514 2 16718
10514 3 16709
10515 0 16719
10515 1 16689
10515 2 16703
10515 3 16696
10516 0 16688
10516 1 16700
10516 2 16708
10516 3 16723
10517 0 16715
10517 1 16689
10517 2 16708
10517 3 16723
10518 0 16688
10518 1 16689
10518 2 16708
10518 3 16709
10519 0 16688
10519 1 16693
10519 2 16718
10519 3 16723
10519 4 16697
10520 0 16702
10520 1 16689
10520 2 16703
10520 3 16690
10521 0 16688
10521 1 16689
10521 2 16708
10521 3 16690
10522 0 16688
10522 1 16693
10522 2 16694
10522 3 16690
10522 4 16695
10523 0 16702
10523 1 16689
10523 2 16703
10523 3 16698
10524 0 16688
10524 1 16693
10524 2 16718
10524 3 16698
10524 4 16697
10525 0 16688
10525 1 16689
10525 2 16708
10525 3 16709
10526 0 16705
10526 1 16693
10526 2 16691
10526 3 16709
10526 4 16695
10527 0 16688
10527 1 16689
10527 2 16694
10527 3 16696
10527 4 16695
10528 0 16688
10528 1 16689
10528 2 16691
10528 3 16709
10529 0 16721
10529 1 16693
10529 2 16716
10529 3 16696
10529 4 16695
10530 0 16688
10530 1 16689
10530 2 16708
10530 3 16696
10531 0 16688
10531 1 16693
10531 2 16708
10531 3 16698
10532 0 16701
10532 1 16689
10532 2 16708
10532 3 16690
10533 0 16722
10533 1 16689
10533 2 16704
10533 3 16698
10533 4 16697
10534 0 16688
10534 1 16707
10534 2 16708
10534 3 16696
10535 0 16688
10535 1 16700
10535 2 16694
10535 3 16696
10535 4 16697
10536 0 16688
10536 1 16689
10536 2 16703
10536 3 16698
10536 4 16697
10537 0 16688
10537 1 16693
10537 2 16704
10537 3 16690
10537 4 16695
10538 0 16688
10538 1 16693
10538 2 16704
10538 3 16690
10538 4 16695
10539 0 16732
10539 1 16693
10539 2 16694
10539 3 16698
10539 4 16697
10540 0 16688
10540 1 16693
10540 2 16716
10540 3 16698
10540 4 16697
10541 0 16688
10541 1 16693
10541 2 16703
10541 3 16696
10542 0 16692
10542 1 16689
10542 2 16694
10542 3 16690
10542 4 16697
10543 0 16688
10543 1 16693
10543 2 16704
10543 3 16690
10543 4 16695
10544 0 16688
10544 1 16693
10544 2 16703
10544 3 16698
10544 4 16695
10545 0 16688
10545 1 16693
10545 2 16694
10545 3 16690
10546 0 16688
10546 1 16689
10546 2 16694
10546 3 16698
10546 4 16697
10547 0 16688
10547 1 16700
10547 2 16708
10547 3 16709
10548 0 16688
10548 1 16693
10548 2 16716
10548 3 16698
10548 4 16697
10549 0 16688
10549 1 16693
10549 2 16716
10549 3 16698
10549 4 16697
10550 0 16688
10550 1 16693
10550 2 16716
10550 3 16690
10550 4 16697
10551 0 16688
10551 1 16689
10551 2 16691
10551 3 16709
10552 0 16702
10552 1 16689
10552 2 16694
10552 3 16698
10552 4 16697
10553 0 16705
10553 1 16689
10553 2 16703
10553 3 16698
10553 4 16695
10554 0 16688
10554 1 16689
10554 2 16708
10554 3 16696
10555 0 16688
10555 1 16693
10555 2 16694
10555 3 16690
10555 4 16697
10556 0 16717
10556 1 16689
10556 2 16708
10556 3 16709
10557 0 16717
10557 1 16689
10557 2 16708
10557 3 16698
10558 0 16721
10558 1 16689
10558 2 16708
10558 3 16698
10559 0 16688
10559 1 16693
10559 2 16691
10559 3 16696
10560 0 16688
10560 1 16693
10560 2 16699
10560 3 16723
10560 4 16695
10561 0 16688
10561 1 16689
10561 2 16727
10561 3 16723
10561 4 16697
10562 0 16688
10562 1 16689
10562 2 16716
10562 3 16723
10562 4 16697
10563 0 16688
10563 1 16689
10563 2 16710
10563 3 16696
10563 4 16695
10564 0 16688
10564 1 16707
10564 2 16694
10564 3 16690
10564 4 16697
10565 0 16688
10565 1 16707
10565 2 16704
10565 3 16696
10565 4 16695
10566 0 16688
10566 1 16707
10566 2 16694
10566 3 16696
10566 4 16697
10567 0 16688
10567 1 16689
10567 2 16706
10567 3 16696
10567 4 16697
10568 0 16688
10568 1 16689
10568 2 16699
10568 3 16696
10568 4 16695
10569 0 16688
10569 1 16707
10569 2 16716
10569 3 16690
10569 4 16697
10570 0 16688
10570 1 16689
10570 2 16694
10570 3 16690
10570 4 16697
10571 0 16688
10571 1 16689
10571 2 16716
10571 3 16723
10571 4 16695
10572 0 16717
10572 1 16693
10572 2 16694
10572 3 16723
10572 4 16697
10573 0 16688
10573 1 16707
10573 2 16716
10573 3 16696
10573 4 16697
10574 0 16731
10574 1 16707
10574 2 16716
10574 3 16709
10574 4 16697
10575 0 16688
10575 1 16693
10575 3 16723
10575 4 16697
10576 0 16688
10576 1 16707
10576 2 16694
10576 3 16690
10576 4 16695
10577 0 16688
10577 1 16707
10577 2 16694
10577 3 16723
10577 4 16695
10578 0 16688
10578 1 16707
10578 2 16704
10578 3 16698
10578 4 16695
10579 0 16688
10579 1 16707
10579 2 16704
10579 3 16723
10579 4 16697
10580 0 16688
10580 1 16693
10580 2 16704
10580 3 16723
10581 0 16688
10581 1 16700
10581 2 16708
10581 3 16690
10582 0 16688
10582 1 16689
10582 2 16704
10582 3 16696
10583 0 16688
10583 1 16689
10583 2 16708
10583 3 16709
10584 0 16688
10584 1 16700
10584 2 16708
10584 3 16696
10585 0 16688
10585 1 16700
10585 2 16708
10585 3 16723
10586 0 16692
10586 1 16689
10586 2 16708
10586 3 16690
10587 0 16688
10587 1 16700
10587 2 16703
10587 3 16696
10588 0 16688
10588 1 16689
10588 2 16716
10588 3 16723
10588 4 16697
10589 0 16688
10589 1 16707
10589 2 16694
10589 3 16690
10589 4 16695
10590 0 16688
10590 1 16707
10590 2 16694
10590 3 16696
10590 4 16695
10591 0 16688
10591 1 16700
10591 2 16708
10591 3 16723
10592 0 16688
10592 1 16700
10592 2 16708
10592 3 16690
10593 0 16688
10593 1 16693
10593 2 16691
10593 3 16696
10594 0 16688
10594 1 16707
10594 2 16694
10594 3 16690
10594 4 16697
10595 0 16688
10595 1 16707
10595 2 16694
10595 3 16696
10595 4 16695
10596 0 16688
10596 1 16707
10596 2 16699
10596 3 16698
10597 0 16688
10597 1 16700
10597 2 16704
10597 3 16690
10598 0 16688
10598 1 16689
10598 2 16710
10598 3 16709
10599 0 16688
10599 1 16707
10599 2 16710
10599 3 16690
10599 4 16697
10600 0 16688
10600 1 16700
10600 2 16708
10600 3 16696
10601 0 16688
10601 1 16700
10601 2 16708
10601 3 16696
10602 0 16688
10602 1 16700
10602 2 16708
10602 3 16696
10603 0 16701
10603 1 16693
10603 2 16718
10603 3 16698
10603 4 16697
10604 0 16725
10604 1 16689
10604 2 16694
10604 3 16696
10604 4 16697
10605 0 16701
10605 1 16693
10605 3 16690
10605 4 16697
10606 0 16688
10606 1 16689
10606 2 16716
10606 3 16698
10607 0 16688
10607 1 16689
10607 2 16694
10607 3 16698
10608 0 16688
10608 1 16693
10608 2 16699
10608 3 16696
10608 4 16695
10609 0 16688
10609 1 16689
10609 2 16708
10609 3 16690
10610 0 16688
10610 1 16689
10610 2 16708
10610 3 16698
10611 0 16688
10611 1 16689
10611 2 16708
10611 3 16696
10612 0 16688
10612 1 16689
10612 2 16708
10612 3 16698
10613 0 16701
10613 1 16693
10613 2 16694
10613 3 16690
10613 4 16697
10614 0 16701
10614 1 16693
10614 2 16716
10614 3 16696
10614 4 16697
10615 0 16688
10615 1 16693
10615 2 16716
10615 3 16690
10615 4 16697
10616 0 16712
10616 1 16689
10616 2 16694
10616 3 16709
10616 4 16697
10617 0 16721
10617 1 16693
10617 2 16716
10617 3 16696
10617 4 16697
10618 0 16688
10618 1 16689
10618 2 16708
10618 3 16709
10619 0 16702
10619 1 16693
10619 2 16703
10619 3 16696
10619 4 16695
10620 0 16724
10620 1 16689
10620 2 16718
10620 3 16709
10620 4 16697
10621 0 16688
10621 1 16689
10621 2 16691
10621 3 16698
10621 4 16695
10622 0 16721
10622 1 16693
10622 2 16694
10622 3 16696
10623 0 16721
10623 1 16689
10623 2 16694
10623 3 16698
10623 4 16697
10624 0 16701
10624 1 16689
10624 3 16698
10625 0 16688
10625 1 16689
10625 2 16694
10625 3 16723
10626 0 16702
10626 1 16693
10626 2 16703
10626 3 16698
10627 0 16701
10627 1 16693
10627 2 16716
10627 3 16690
10627 4 16697
10628 0 16717
10628 1 16689
10628 2 16718
10628 3 16709
10629 0 16688
10629 1 16693
10629 2 16694
10629 3 16698
10629 4 16697
10630 0 16688
10630 1 16689
10630 2 16694
10630 3 16709
10630 4 16695
10631 0 16688
10631 1 16693
10631 2 16716
10631 3 16698
10632 0 16688
10632 1 16689
10632 2 16694
10632 3 16723
10632 4 16697
10633 0 16688
10633 1 16693
10633 2 16716
10633 3 16696
10633 4 16695
10634 0 16688
10634 1 16693
10634 2 16694
10634 3 16690
10634 4 16697
10635 0 16701
10635 1 16707
10635 2 16694
10635 3 16696
10635 4 16695
10636 0 16688
10636 1 16707
10636 2 16694
10636 3 16696
10636 4 16697
10637 0 16688
10637 1 16693
10637 2 16694
10637 3 16698
10637 4 16695
10638 0 16688
10638 1 16700
10638 2 16694
10638 3 16690
10638 4 16697
10639 0 16688
10639 1 16693
10639 2 16694
10639 3 16723
10639 4 16697
10640 0 16688
10640 1 16689
10640 2 16694
10640 3 16709
10640 4 16697
10641 0 16688
10641 1 16693
10641 2 16694
10641 3 16698
10641 4 16697
10642 0 16688
10642 1 16707
10642 2 16694
10642 3 16723
10642 4 16697
10643 0 16688
10643 1 16693
10643 2 16694
10643 3 16709
10643 4 16697
10644 0 16688
10644 1 16707
10644 2 16694
10644 3 16690
10644 4 16695
10645 0 16688
10645 1 16689
10645 2 16694
10645 3 16696
10646 0 16688
10646 1 16693
10646 2 16708
10646 3 16709
10646 4 16695
10647 0 16701
10647 1 16707
10647 2 16694
10647 3 16698
10647 4 16697
10648 0 16688
10648 1 16707
10648 2 16694
10648 3 16723
10648 4 16695
10649 0 16701
10649 1 16693
10649 2 16716
10649 3 16690
10649 4 16697
10650 0 16701
10650 1 16707
10650 2 16694
10650 3 16696
10650 4 16697
10651 0 16701
10651 1 16707
10651 2 16694
10651 3 16698
10652 0 16688
10652 1 16693
10652 2 16718
10652 3 16690
10652 4 16697
10653 0 16688
10653 1 16707
10653 2 16694
10653 3 16696
10653 4 16695
10654 0 16688
10654 1 16693
10654 2 16691
10654 3 16696
10655 0 16688
10655 1 16707
10655 2 16704
10655 3 16698
10655 4 16695
10656 0 16688
10656 1 16700
10656 2 16708
10656 3 16696
10657 0 16688
10657 1 16693
10657 2 16716
10657 3 16696
10657 4 16697
10658 0 16688
10658 1 16700
10658 2 16708
10658 3 16696
10659 0 16688
10659 1 16689
10659 2 16691
10659 3 16698
10660 0 16688
10660 1 16707
10660 2 16694
10660 3 16698
10660 4 16697
10661 0 16688
10661 1 16700
10661 2 16716
10661 3 16690
10661 4 16697
10662 0 16688
10662 1 16689
10662 2 16716
10662 3 16690
10662 4 16695
10663 0 16688
10663 1 16689
10663 2 16691
10663 3 16698
10664 0 16688
10664 1 16700
10664 2 16708
10664 3 16709
10665 0 16688
10665 1 16707
10665 2 16694
10665 3 16690
10665 4 16697
10666 0 16688
10666 1 16700
10666 2 16708
10666 3 16723
10667 0 16688
10667 1 16689
10667 2 16703
10667 3 16698
10668 0 16688
10668 1 16689
10668 2 16716
10668 3 16709
10668 4 16697
10669 0 16702
10669 1 16693
10669 2 16703
10669 3 16698
10669 4 16695
10670 0 16717
10670 1 16700
10670 2 16718
10670 3 16690
10670 4 16695
10671 0 16717
10671 1 16689
10671 2 16703
10671 3 16690
10671 4 16697
10672 0 16702
10672 1 16693
10672 2 16716
10672 3 16696
10672 4 16728
10673 0 16701
10673 1 16689
10673 2 16694
10673 3 16698
10673 4 16695
10674 0 16702
10674 1 16693
10674 2 16694
10674 3 16698
10675 0 16717
10675 1 16693
10675 2 16694
10675 3 16698
10675 4 16697
10676 0 16717
10676 1 16689
10676 2 16694
10676 3 16698
10677 0 16717
10677 1 16689
10677 2 16708
10677 3 16698
10678 0 16721
10678 1 16689
10678 2 16708
10678 3 16698
10679 0 16717
10679 1 16693
10679 2 16718
10679 3 16698
10680 0 16688
10680 1 16689
10680 2 16708
10680 3 16698
10681 0 16719
10681 1 16689
10681 2 16703
10681 3 16696
10682 0 16688
10682 1 16689
10682 2 16716
10682 3 16698
10682 4 16697
10683 0 16721
10683 1 16700
10683 2 16716
10683 3 16698
10683 4 16695
10684 0 16717
10684 1 16700
10684 2 16716
10684 3 16698
10684 4 16697
10685 0 16702
10685 1 16693
10685 2 16716
10685 3 16698
10685 4 16695
10686 0 16717
10686 1 16693
10686 2 16708
10686 3 16698
10687 0 16717
10687 1 16693
10687 2 16694
10687 3 16698
10687 4 16695
10688 0 16702
10688 1 16693
10688 2 16694
10688 3 16690
10688 4 16697
10689 0 16688
10689 1 16693
10689 2 16694
10689 3 16698
10690 0 16702
10690 1 16693
10690 2 16716
10690 3 16698
10690 4 16697
10691 0 16688
10691 1 16689
10691 2 16691
10691 3 16698
10692 0 16688
10692 1 16693
10692 2 16694
10692 3 16690
10692 4 16697
10693 0 16702
10693 1 16693
10693 2 16694
10693 3 16698
10693 4 16697
10694 0 16717
10694 1 16693
10694 2 16694
10694 3 16698
10694 4 16697
10695 0 16702
10695 1 16693
10695 2 16694
10695 3 16698
10695 4 16695
10696 0 16688
10696 1 16689
10696 2 16706
10696 3 16690
10696 4 16695
10697 0 16717
10697 1 16689
10697 2 16716
10697 3 16698
10698 0 16688
10698 1 16689
10698 2 16704
10698 3 16690
10698 4 16697
10699 0 16688
10699 1 16689
10699 2 16703
10699 3 16698
10700 0 16717
10700 1 16693
10700 2 16716
10700 3 16698
10700 4 16728
10701 0 16717
10701 1 16689
10701 2 16708
10701 3 16698
10702 0 16702
10702 1 16693
10702 2 16716
10702 3 16698
10702 4 16695
10703 0 16717
10703 1 16693
10703 2 16716
10703 3 16698
10703 4 16697
10704 0 16713
10704 1 16689
10704 2 16716
10704 3 16690
10704 4 16697
10705 0 16688
10705 1 16693
10705 2 16704
10705 3 16698
10705 4 16695
10706 0 16713
10706 1 16689
10706 2 16708
10706 3 16696
10707 0 16713
10707 1 16689
10707 2 16716
10707 3 16690
10707 4 16697
10708 0 16713
10708 1 16689
10708 2 16704
10708 3 16690
10709 0 16713
10709 1 16693
10709 2 16718
10709 3 16696
10709 4 16697
10710 0 16713
10710 1 16689
10710 2 16704
10710 3 16690
10710 4 16697
10711 0 16724
10711 1 16689
10711 2 16718
10711 3 16690
10711 4 16695
10712 0 16712
10712 1 16689
10712 2 16694
10712 3 16696
10712 4 16697
10713 0 16692
10713 1 16689
10713 2 16694
10713 3 16698
10713 4 16697
10714 0 16688
10714 1 16693
10714 2 16704
10714 3 16709
10714 4 16697
10715 0 16713
10715 1 16689
10715 2 16704
10715 3 16709
10715 4 16695
10716 0 16688
10716 1 16700
10716 2 16704
10716 3 16723
10717 0 16731
10717 1 16693
10717 2 16694
10717 3 16690
10717 4 16695
10718 0 16713
10718 1 16689
10718 2 16704
10718 3 16698
10718 4 16695
10719 0 16688
10719 1 16689
10719 2 16718
10719 3 16709
10720 0 16713
10720 1 16689
10720 2 16708
10720 3 16709
10721 0 16688
10721 1 16700
10721 2 16708
10721 3 16723
10722 0 16688
10722 1 16707
10722 2 16694
10722 3 16698
10722 4 16695
10723 0 16688
10723 1 16707
10723 2 16704
10723 3 16690
10723 4 16695
10724 0 16688
10724 1 16693
10724 2 16704
10724 3 16709
10725 0 16713
10725 1 16689
10725 2 16704
10725 3 16709
10726 0 16702
10726 1 16689
10726 2 16718
10726 3 16709
10727 0 16688
10727 1 16707
10727 2 16718
10727 3 16698
10727 4 16695
10728 0 16688
10728 1 16689
10728 2 16704
10728 3 16709
10728 4 16695
10729 0 16713
10729 1 16707
10729 2 16718
10729 3 16698
10729 4 16697
10730 0 16688
10730 1 16707
10730 2 16718
10730 3 16709
10730 4 16695
10731 0 16688
10731 1 16707
10731 2 16718
10731 3 16696
10732 0 16713
10732 1 16689
10732 2 16708
10732 3 16696
10733 0 16722
10733 1 16689
10733 2 16704
10733 3 16709
10734 0 16713
10734 1 16693
10734 2 16694
10734 3 16690
10735 0 16688
10735 1 16700
10735 2 16704
10735 3 16698
10735 4 16695
10736 0 16688
10736 1 16693
10736 2 16704
10736 3 16696
10737 0 16688
10737 1 16693
10737 2 16704
10737 3 16690
10737 4 16697
10738 0 16688
10738 1 16707
10738 2 16704
10738 3 16690
10739 0 16688
10739 1 16700
10739 2 16703
10739 3 16709
10740 0 16688
10740 1 16693
10740 2 16703
10740 3 16690
10741 0 16688
10741 1 16700
10741 2 16704
10741 3 16709
10742 0 16688
10742 1 16700
10742 2 16708
10742 3 16696
10743 0 16688
10743 1 16700
10743 2 16704
10743 3 16709
10744 0 16688
10744 1 16693
10744 2 16718
10744 3 16698
10744 4 16697
10745 0 16688
10745 1 16700
10745 2 16718
10745 3 16709
10746 0 16713
10746 1 16689
10746 2 16704
10746 3 16698
10747 0 16688
10747 1 16693
10747 2 16704
10747 3 16698
10747 4 16695
10748 0 16705
10748 1 16693
10748 2 16718
10748 3 16698
10748 4 16695
10749 0 16713
10749 1 16689
10749 2 16716
10749 3 16696
10749 4 16695
10750 0 16688
10750 1 16707
10750 2 16704
10750 3 16690
10750 4 16695
10751 0 16688
10751 1 16700
10751 2 16708
10751 3 16696
10752 0 16713
10752 1 16689
10752 2 16708
10752 3 16709
10753 0 16713
10753 1 16700
10753 2 16704
10753 3 16709
10753 4 16695
10754 0 16713
10754 1 16693
10754 2 16704
10754 3 16698
10754 4 16697
10755 0 16688
10755 1 16700
10755 2 16704
10755 3 16690
10755 4 16697
10756 0 16725
10756 1 16693
10756 2 16718
10756 3 16698
10757 0 16713
10757 1 16693
10757 2 16694
10757 3 16696
10757 4 16697
10758 0 16705
10758 1 16693
10758 2 16718
10758 3 16696
10758 4 16695
10759 0 16713
10759 1 16689
10759 2 16708
10759 3 16696
10759 4 16728
10760 0 16713
10760 1 16693
10760 2 16694
10760 3 16698
10760 4 16697
10761 0 16705
10761 1 16693
10761 2 16704
10761 3 16696
10761 4 16695
10762 0 16688
10762 1 16689
10762 2 16704
10762 3 16723
10762 4 16695
10763 0 16688
10763 1 16689
10763 2 16704
10763 3 16709
10764 0 16688
10764 1 16689
10764 2 16708
10764 3 16723
10765 0 16712
10765 1 16707
10765 2 16704
10765 3 16698
10765 4 16697
10766 0 16702
10766 1 16689
10766 2 16704
10766 3 16690
10767 0 16688
10767 1 16693
10767 2 16704
10767 3 16698
10767 4 16697
10768 0 16713
10768 1 16689
10768 2 16704
10768 3 16709
10769 0 16688
10769 1 16689
10769 2 16704
10769 3 16723
10770 0 16702
10770 1 16689
10770 2 16703
10770 3 16690
10771 0 16713
10771 1 16700
10771 2 16718
10771 3 16696
10771 4 16695
10772 0 16702
10772 1 16693
10772 2 16704
10772 3 16690
10772 4 16728
10773 0 16713
10773 1 16689
10773 2 16716
10773 3 16696
10773 4 16695
10774 0 16688
10774 1 16700
10774 2 16704
10774 3 16709
10774 4 16695
10775 0 16688
10775 1 16693
10775 2 16699
10775 3 16698
10775 4 16695
10776 0 16705
10776 1 16689
10776 2 16708
10776 3 16709
10777 0 16688
10777 1 16689
10777 2 16704
10777 3 16696
10777 4 16695
10778 0 16688
10778 1 16689
10778 2 16699
10778 3 16709
10778 4 16695
10779 0 16688
10779 1 16689
10779 2 16694
10779 3 16723
10779 4 16697
10780 0 16692
10780 1 16707
10780 2 16694
10780 3 16696
10780 4 16695
10781 0 16692
10781 1 16707
10781 2 16716
10781 3 16690
10781 4 16695
10782 0 16717
10782 1 16689
10782 2 16718
10782 3 16690
10783 0 16722
10783 1 16689
10783 2 16704
10783 3 16709
10783 4 16697
10784 0 16713
10784 1 16689
10784 2 16694
10784 3 16709
10784 4 16695
10785 0 16713
10785 1 16707
10785 2 16704
10785 3 16698
10785 4 16697
10786 0 16688
10786 1 16689
10786 2 16704
10786 3 16696
10786 4 16695
10787 0 16717
10787 1 16693
10787 2 16704
10787 3 16690
10787 4 16697
10788 0 16713
10788 1 16693
10788 2 16718
10788 3 16709
10788 4 16695
10789 0 16688
10789 1 16689
10789 2 16704
10789 3 16696
10790 0 16688
10790 1 16689
10790 2 16704
10790 3 16723
10791 0 16688
10791 1 16700
10791 2 16704
10791 3 16709
10792 0 16688
10792 1 16693
10792 2 16699
10792 3 16690
10793 0 16722
10793 1 16689
10793 2 16718
10793 3 16696
10793 4 16695
10794 0 16701
10794 1 16693
10794 2 16706
10794 3 16723
10794 4 16695
10795 0 16688
10795 1 16700
10795 2 16703
10795 3 16690
10796 0 16713
10796 1 16693
10796 2 16704
10796 3 16709
10797 0 16713
10797 1 16689
10797 2 16704
10797 3 16690
10797 4 16697
10798 0 16688
10798 1 16693
10798 2 16716
10798 3 16698
10799 0 16688
10799 1 16689
10799 2 16704
10799 3 16690
10800 0 16688
10800 1 16689
10800 2 16694
10800 3 16709
10800 4 16695
10801 0 16713
10801 1 16693
10801 2 16704
10801 3 16690
10801 4 16697
10802 0 16692
10802 1 16693
10802 2 16716
10802 3 16696
10802 4 16697
10803 0 16688
10803 1 16689
10803 2 16718
10803 3 16698
10803 4 16695
10804 0 16713
10804 1 16689
10804 2 16694
10804 3 16698
10804 4 16697
10805 0 16713
10805 1 16689
10805 2 16704
10805 3 16709
10806 0 16688
10806 1 16707
10806 2 16704
10806 3 16723
10806 4 16695
10807 0 16688
10807 1 16689
10807 2 16704
10807 3 16709
10807 4 16697
10808 0 16713
10808 1 16689
10808 2 16718
10808 3 16709
10808 4 16695
10809 0 16702
10809 1 16689
10809 2 16718
10809 3 16698
10809 4 16695
10810 0 16713
10810 1 16689
10810 2 16703
10810 3 16709
10810 4 16697
10811 0 16688
10811 1 16689
10811 2 16718
10811 3 16723
10811 4 16695
10812 0 16688
10812 1 16707
10812 2 16718
10812 3 16696
10812 4 16695
10813 0 16688
10813 1 16689
10813 2 16718
10813 3 16690
10814 0 16688
10814 1 16689
10814 2 16718
10814 3 16698
10814 4 16695
10815 0 16688
10815 1 16689
10815 2 16716
10815 3 16696
10815 4 16695
10816 0 16688
10816 1 16689
10816 2 16704
10816 3 16709
10816 4 16697
10817 0 16702
10817 1 16707
10817 2 16694
10817 3 16723
10817 4 16697
10818 0 16717
10818 1 16700
10818 2 16716
10818 3 16696
10818 4 16697
10819 0 16702
10819 1 16707
10819 2 16704
10819 3 16690
10819 4 16697
10820 0 16688
10820 1 16707
10820 2 16704
10820 3 16698
10820 4 16697
10821 0 16713
10821 1 16707
10821 2 16694
10821 3 16698
10821 4 16697
10822 0 16712
10822 1 16707
10822 2 16694
10822 3 16709
10822 4 16695
10823 0 16713
10823 1 16707
10823 2 16694
10823 3 16690
10823 4 16697
10824 0 16701
10824 1 16707
10824 2 16704
10824 3 16698
10824 4 16697
10825 0 16713
10825 1 16693
10825 2 16704
10825 3 16709
10825 4 16695
10826 0 16688
10826 1 16689
10826 2 16704
10826 3 16690
10827 0 16688
10827 1 16689
10827 2 16718
10827 3 16709
10827 4 16697
10828 0 16688
10828 1 16700
10828 2 16708
10828 3 16709
10829 0 16688
10829 1 16689
10829 2 16704
10829 3 16696
10830 0 16688
10830 1 16700
10830 2 16708
10830 3 16723
10830 4 16697
10831 0 16688
10831 1 16689
10831 2 16708
10831 3 16709
10832 0 16688
10832 1 16700
10832 2 16704
10832 3 16723
10833 0 16688
10833 1 16689
10833 2 16704
10833 3 16696
10834 0 16705
10834 1 16689
10834 2 16718
10834 3 16709
10835 0 16713
10835 1 16700
10835 2 16708
10835 3 16723
10836 0 16713
10836 1 16693
10836 2 16718
10836 3 16696
10836 4 16695
10837 0 16688
10837 1 16693
10837 2 16704
10837 3 16698
10837 4 16695
10838 0 16688
10838 1 16707
10838 2 16703
10838 3 16690
10838 4 16695
10839 0 16688
10839 1 16689
10839 2 16718
10839 3 16696
10840 0 16688
10840 1 16700
10840 2 16704
10840 3 16709
10841 0 16713
10841 1 16689
10841 2 16708
10841 3 16696
10842 0 16688
10842 1 16700
10842 2 16704
10842 3 16723
10843 0 16688
10843 1 16700
10843 2 16704
10843 3 16709
10844 0 16702
10844 1 16707
10844 2 16694
10844 3 16696
10844 4 16695
10845 0 16688
10845 1 16689
10845 2 16704
10845 3 16696
10845 4 16697
10846 0 16713
10846 1 16693
10846 2 16704
10846 3 16709
10847 0 16688
10847 1 16689
10847 2 16704
10847 3 16723
10848 0 16713
10848 1 16689
10848 2 16704
10848 3 16709
10849 0 16688
10849 1 16689
10849 2 16708
10849 3 16696
10850 0 16688
10850 1 16707
10850 2 16694
10850 3 16690
10850 4 16695
10851 0 16688
10851 1 16689
10851 2 16718
10851 3 16690
10852 0 16713
10852 1 16693
10852 2 16718
10852 3 16696
10852 4 16695
10853 0 16713
10853 1 16700
10853 2 16718
10853 3 16690
10853 4 16697
10854 0 16688
10854 1 16700
10854 2 16708
10854 3 16709
10855 0 16688
10855 1 16689
10855 2 16704
10855 3 16696
10855 4 16695
10856 0 16688
10856 1 16689
10856 2 16704
10856 3 16696
10857 0 16688
10857 1 16689
10857 2 16704
10857 3 16698
10857 4 16695
10858 0 16688
10858 1 16707
10858 2 16704
10858 3 16709
10858 4 16695
10859 0 16688
10859 1 16700
10859 2 16706
10859 3 16709
10860 0 16688
10860 1 16689
10860 2 16704
10860 3 16696
10860 4 16695
10861 0 16688
10861 1 16693
10861 2 16704
10861 3 16698
10862 0 16688
10862 1 16689
10862 2 16703
10862 3 16698
10863 0 16713
10863 1 16689
10863 2 16704
10863 3 16709
10863 4 16697
10864 0 16692
10864 1 16689
10864 2 16716
10864 3 16698
10864 4 16695
10865 0 16713
10865 1 16707
10865 2 16704
10865 3 16696
10865 4 16728
10866 0 16688
10866 1 16707
10866 2 16694
10866 3 16698
10866 4 16695
10867 0 16713
10867 1 16689
10867 2 16694
10867 3 16698
10868 0 16688
10868 1 16707
10868 2 16704
10868 3 16696
10868 4 16695
10869 0 16688
10869 1 16689
10869 2 16704
10869 3 16709
10870 0 16688
10870 1 16693
10870 2 16708
10870 3 16709
10871 0 16724
10871 1 16689
10871 2 16704
10871 3 16723
10872 0 16725
10872 1 16689
10872 2 16694
10872 3 16696
10872 4 16695
10873 0 16688
10873 1 16700
10873 2 16704
10873 3 16723
10874 0 16702
10874 1 16700
10874 2 16694
10874 3 16698
10875 0 16702
10875 1 16700
10875 2 16718
10875 3 16690
10875 4 16695
10876 0 16713
10876 1 16700
10876 2 16694
10876 3 16690
10876 4 16695
10877 0 16702
10877 1 16700
10877 2 16718
10877 3 16696
10877 4 16697
10878 0 16688
10878 1 16700
10878 2 16704
10878 3 16698
10879 0 16713
10879 1 16700
10879 2 16704
10879 3 16709
10879 4 16695
10880 0 16688
10880 1 16689
10880 2 16708
10880 3 16723
10881 0 16688
10881 1 16689
10881 2 16708
10881 3 16709
10882 0 16688
10882 1 16689
10882 2 16704
10882 3 16723
10883 0 16688
10883 1 16689
10883 2 16718
10883 3 16696
10884 0 16688
10884 1 16689
10884 2 16718
10884 3 16696
10885 0 16688
10885 1 16689
10885 2 16708
10885 3 16709
10886 0 16702
10886 1 16689
10886 2 16704
10886 3 16696
10887 0 16688
10887 1 16693
10887 2 16704
10887 3 16698
10887 4 16695
10888 0 16688
10888 1 16689
10888 2 16718
10888 3 16696
10888 4 16695
10889 0 16688
10889 1 16693
10889 2 16704
10889 3 16698
10889 4 16697
10890 0 16688
10890 1 16700
10890 2 16704
10890 3 16698
10890 4 16695
10891 0 16713
10891 1 16693
10891 2 16704
10891 3 16698
10891 4 16697
10892 0 16688
10892 1 16700
10892 2 16704
10892 3 16698
10893 0 16713
10893 1 16689
10893 2 16704
10893 3 16690
10894 0 16688
10894 1 16689
10894 2 16704
10894 3 16723
10895 0 16688
10895 1 16689
10895 2 16708
10895 3 16709
10896 0 16713
10896 1 16689
10896 2 16704
10896 3 16709
10897 0 16713
10897 1 16693
10897 2 16704
10897 3 16696
10897 4 16697
10898 0 16713
10898 1 16693
10898 2 16691
10898 3 16690
10898 4 16695
10899 0 16688
10899 1 16689
10899 2 16703
10899 3 16709
10899 4 16697
10900 0 16688
10900 1 16689
10900 2 16716
10900 3 16709
10900 4 16695
10901 0 16688
10901 1 16689
10901 2 16704
10901 3 16698
10902 0 16702
10902 1 16693
10902 2 16704
10902 3 16696
10902 4 16697
10903 0 16688
10903 1 16689
10903 2 16704
10903 3 16709
10904 0 16688
10904 1 16689
10904 2 16704
10904 3 16696
10904 4 16695
10905 0 16688
10905 1 16689
10905 2 16716
10905 3 16698
10906 0 16688
10906 1 16693
10906 2 16704
10906 3 16696
10906 4 16697
10907 0 16688
10907 1 16689
10907 2 16704
10907 3 16723
10908 0 16713
10908 1 16693
10908 2 16718
10908 3 16698
10908 4 16697
10909 0 16702
10909 1 16693
10909 2 16704
10909 3 16690
10909 4 16697
10910 0 16713
10910 1 16689
10910 2 16704
10910 3 16690
10910 4 16697
10911 0 16688
10911 1 16693
10911 2 16704
10911 3 16723
10912 0 16713
10912 1 16689
10912 2 16703
10912 3 16723
10912 4 16695
10913 0 16688
10913 1 16693
10913 2 16706
10913 3 16698
10914 0 16702
10914 1 16693
10914 2 16716
10914 3 16696
10914 4 16695
10915 0 16713
10915 1 16693
10915 2 16718
10915 3 16696
10916 0 16733
10916 1 16689
10916 2 16694
10916 3 16690
10916 4 16697
10917 0 16713
10917 1 16693
10917 2 16718
10917 3 16698
10917 4 16695
10918 0 16688
10918 1 16689
10918 2 16704
10918 3 16709
10918 4 16695
10919 0 16713
10919 1 16689
10919 2 16694
10919 3 16696
10919 4 16697
10920 0 16725
10920 1 16689
10920 2 16694
10920 3 16690
10920 4 16695
10921 0 16713
10921 1 16693
10921 2 16716
10921 3 16698
10921 4 16697
10922 0 16713
10922 1 16689
10922 2 16704
10922 3 16698
10922 4 16695
10923 0 16713
10923 1 16693
10923 2 16718
10923 3 16698
10923 4 16695
10924 0 16688
10924 1 16707
10924 2 16703
10924 3 16698
10924 4 16695
10925 0 16688
10925 1 16689
10925 2 16704
10925 3 16709
10925 4 16697
10926 0 16713
10926 1 16693
10926 2 16704
10926 3 16696
10927 0 16702
10927 1 16689
10927 2 16708
10927 3 16696
10928 0 16688
10928 1 16700
10928 2 16708
10928 3 16690
10929 0 16688
10929 1 16689
10929 2 16704
10929 3 16690
10930 0 16688
10930 1 16689
10930 2 16704
10930 3 16709
10931 0 16713
10931 1 16689
10931 2 16718
10931 3 16690
10931 4 16697
10932 0 16688
10932 1 16689
10932 2 16704
10932 3 16696
10933 0 16688
10933 1 16700
10933 2 16703
10933 3 16709
10933 4 16695
10934 0 16714
10934 1 16693
10934 2 16704
10934 3 16696
10934 4 16697
10935 0 16702
10935 1 16693
10935 2 16718
10935 3 16709
10935 4 16695
10936 0 16702
10936 1 16707
10936 2 16694
10936 3 16696
10936 4 16695
10937 0 16702
10937 1 16689
10937 2 16703
10937 3 16690
10937 4 16695
10938 0 16688
10938 1 16689
10938 2 16704
10938 3 16696
10939 0 16688
10939 1 16693
10939 2 16699
10939 3 16696
10939 4 16695
10940 0 16713
10940 1 16693
10940 2 16704
10940 3 16696
10940 4 16695
10941 0 16721
10941 1 16689
10941 2 16694
10941 3 16709
10941 4 16697
10942 0 16713
10942 1 16689
10942 2 16704
10942 3 16698
10942 4 16697
10943 0 16705
10943 1 16693
10943 2 16704
10943 3 16696
10944 0 16713
10944 1 16707
10944 2 16694
10944 3 16698
10944 4 16697
10945 0 16713
10945 1 16689
10945 2 16704
10945 3 16709
10946 0 16713
10946 1 16693
10946 2 16694
10946 3 16698
10946 4 16697
10947 0 16702
10947 1 16689
10947 2 16704
10947 3 16690
10948 0 16713
10948 1 16693
10948 2 16704
10948 3 16698
10948 4 16697
10949 0 16712
10949 1 16689
10949 2 16703
10949 3 16696
10949 4 16695
10950 0 16713
10950 1 16689
10950 2 16704
10950 3 16696
10950 4 16695
10951 0 16702
10951 1 16689
10951 2 16704
10951 3 16723
10952 0 16713
10952 1 16689
10952 2 16716
10952 3 16696
10952 4 16697
10953 0 16713
10953 1 16689
10953 2 16703
10953 3 16698
10953 4 16697
10954 0 16688
10954 1 16689
10954 2 16718
10954 3 16696
10955 0 16701
10955 1 16689
10955 2 16704
10955 3 16696
10956 0 16688
10956 1 16700
10956 2 16704
10956 3 16696
10957 0 16688
10957 1 16693
10957 2 16704
10957 3 16696
10958 0 16688
10958 1 16693
10958 2 16699
10958 3 16696
10959 0 16722
10959 1 16689
10959 2 16694
10959 3 16696
10959 4 16695
10960 0 16688
10960 1 16700
10960 2 16699
10960 3 16698
10961 0 16688
10961 1 16689
10961 2 16704
10961 3 16696
10962 0 16688
10962 1 16689
10962 2 16718
10962 3 16709
10962 4 16697
10963 0 16701
10963 1 16707
10963 2 16716
10963 3 16709
10963 4 16695
10964 0 16713
10964 1 16689
10964 2 16694
10964 3 16698
10964 4 16697
10965 0 16724
10965 1 16689
10965 2 16708
10965 3 16709
10965 4 16695
10966 0 16724
10966 1 16689
10966 2 16704
10966 3 16709
10967 0 16692
10967 1 16689
10967 2 16694
10967 3 16690
10967 4 16695
10968 0 16713
10968 1 16689
10968 2 16704
10968 3 16709
10969 0 16688
10969 1 16700
10969 2 16704
10969 3 16709
10970 0 16713
10970 1 16689
10970 2 16708
10970 3 16696
10971 0 16702
10971 1 16689
10971 2 16704
10971 3 16723
10972 0 16688
10972 1 16693
10972 2 16699
10972 3 16690
10972 4 16695
10973 0 16688
10973 1 16689
10973 2 16706
10973 3 16696
10974 0 16688
10974 1 16689
10974 2 16704
10974 3 16723
10974 4 16695
10975 0 16713
10975 1 16689
10975 2 16718
10975 3 16690
10975 4 16697
10976 0 16705
10976 1 16689
10976 2 16704
10976 3 16709
10976 4 16697
10977 0 16702
10977 1 16693
10977 2 16718
10977 3 16690
10977 4 16697
10978 0 16713
10978 1 16693
10978 2 16716
10978 3 16698
10978 4 16697
10979 0 16688
10979 1 16689
10979 2 16716
10979 3 16696
10979 4 16695
10980 0 16688
10980 1 16707
10980 2 16704
10980 3 16698
10980 4 16697
10981 0 16713
10981 1 16689
10981 2 16694
10981 3 16696
10981 4 16697
10982 0 16713
10982 1 16693
10982 2 16718
10982 3 16690
10982 4 16697
10983 0 16688
10983 1 16689
10983 2 16699
10983 3 16690
10983 4 16695
10984 0 16688
10984 1 16693
10984 2 16704
10984 3 16698
10985 0 16713
10985 1 16707
10985 2 16694
10985 3 16698
10985 4 16697
10986 0 16688
10986 1 16689
10986 2 16704
10986 3 16709
10987 0 16688
10987 1 16689
10987 2 16718
10987 3 16709
10987 4 16697
10988 0 16692
10988 1 16689
10988 2 16704
10988 3 16696
10988 4 16697
10989 0 16713
10989 1 16693
10989 2 16718
10989 3 16690
10989 4 16695
10990 0 16713
10990 1 16693
10990 2 16704
10990 3 16723
10990 4 16695
10991 0 16713
10991 1 16693
10991 2 16718
10991 3 16698
10991 4 16697
10992 0 16722
10992 1 16689
10992 2 16704
10992 3 16698
10992 4 16697
10993 0 16688
10993 1 16700
10993 2 16718
10993 3 16723
10994 0 16713
10994 1 16693
10994 2 16704
10994 3 16698
10994 4 16697
10995 0 16713
10995 1 16693
10995 2 16704
10995 3 16696
10995 4 16695
10996 0 16713
10996 1 16689
10996 2 16703
10996 3 16709
10996 4 16697
10997 0 16702
10997 1 16693
10997 2 16703
10997 3 16696
10997 4 16695
10998 0 16688
10998 1 16689
10998 2 16718
10998 3 16696
10998 4 16697
10999 0 16705
10999 1 16689
10999 2 16704
10999 3 16690
10999 4 16697
11000 0 16702
11000 1 16689
11000 2 16718
11000 3 16696
11000 4 16695
11001 0 16688
11001 1 16689
11001 2 16704
11001 3 16696
11001 4 16697
11002 0 16713
11002 1 16689
11002 2 16694
11002 3 16709
11002 4 16697
11003 0 16713
11003 1 16689
11003 2 16704
11003 3 16690
11003 4 16697
11004 0 16713
11004 1 16689
11004 2 16718
11004 3 16696
11004 4 16695
11005 0 16702
11005 1 16707
11005 2 16704
11005 3 16696
11005 4 16697
11006 0 16702
11006 1 16689
11006 2 16704
11006 3 16723
11006 4 16695
11007 0 16713
11007 1 16693
11007 2 16718
11007 3 16696
11007 4 16697
11008 0 16713
11008 1 16689
11008 2 16704
11008 3 16709
11009 0 16713
11009 1 16693
11009 2 16704
11009 3 16698
11009 4 16728
11010 0 16702
11010 1 16689
11010 2 16704
11010 3 16723
11011 0 16712
11011 1 16707
11011 2 16718
11011 3 16696
11011 4 16695
11012 0 16701
11012 1 16689
11012 2 16704
11012 3 16723
11013 0 16701
11013 1 16689
11013 2 16704
11013 3 16723
11014 0 16688
11014 1 16693
11014 2 16704
11014 3 16698
11014 4 16695
11015 0 16688
11015 1 16693
11015 2 16704
11015 3 16696
11016 0 16713
11016 1 16689
11016 2 16718
11016 3 16709
11017 0 16688
11017 1 16693
11017 2 16694
11017 3 16698
11018 0 16713
11018 1 16689
11018 2 16718
11018 3 16698
11018 4 16697
11019 0 16702
11019 1 16689
11019 2 16703
11019 3 16696
11019 4 16695
11020 0 16688
11020 1 16689
11020 2 16694
11020 3 16698
11020 4 16697
11021 0 16702
11021 1 16689
11021 2 16703
11021 3 16690
11021 4 16695
11022 0 16688
11022 1 16689
11022 2 16704
11022 3 16709
11023 0 16702
11023 1 16693
11023 2 16703
11023 3 16709
11023 4 16695
11024 0 16719
11024 1 16693
11024 2 16704
11024 3 16696
11025 0 16713
11025 1 16693
11025 2 16694
11025 3 16690
11025 4 16695
11026 0 16688
11026 1 16689
11026 2 16704
11026 3 16709
11027 0 16713
11027 1 16689
11027 2 16708
11027 3 16690
11028 0 16688
11028 1 16693
11028 2 16706
11028 3 16690
11029 0 16713
11029 1 16693
11029 2 16718
11029 3 16698
11029 4 16697
11030 0 16713
11030 1 16689
11030 2 16704
11030 3 16723
11031 0 16702
11031 1 16689
11031 2 16704
11031 3 16723
11032 0 16713
11032 1 16689
11032 2 16694
11032 3 16690
11033 0 16713
11033 1 16689
11033 2 16704
11033 3 16698
11033 4 16695
11034 0 16713
11034 1 16693
11034 2 16694
11034 3 16709
11034 4 16697
11035 0 16713
11035 1 16693
11035 2 16716
11035 3 16698
11035 4 16697
11036 0 16734
11036 1 16689
11036 2 16704
11036 3 16696
11037 0 16688
11037 1 16707
11037 2 16704
11037 3 16690
11037 4 16697
11038 0 16688
11038 1 16700
11038 2 16703
11038 3 16723
11039 0 16713
11039 1 16689
11039 2 16718
11039 3 16690
11039 4 16695
11040 0 16713
11040 1 16689
11040 2 16694
11040 3 16696
11040 4 16695
11041 0 16713
11041 1 16689
11041 2 16703
11041 3 16696
11041 4 16695
11042 0 16688
11042 1 16689
11042 2 16704
11042 3 16696
11042 4 16695
11043 0 16688
11043 1 16689
11043 2 16704
11043 3 16723
11044 0 16713
11044 1 16689
11044 2 16694
11044 3 16709
11044 4 16695
11045 0 16688
11045 1 16693
11045 2 16704
11045 3 16696
11045 4 16695
11046 0 16688
11046 1 16693
11046 2 16704
11046 3 16690
11046 4 16695
11047 0 16688
11047 1 16689
11047 2 16708
11047 3 16696
11048 0 16688
11048 1 16700
11048 2 16703
11048 3 16709
11049 0 16713
11049 1 16689
11049 2 16716
11049 3 16690
11049 4 16695
11050 0 16692
11050 1 16693
11050 2 16718
11050 3 16696
11051 0 16688
11051 1 16693
11051 2 16704
11051 3 16723
11052 0 16688
11052 1 16689
11052 2 16704
11052 3 16690
11053 0 16713
11053 1 16689
11053 2 16694
11053 3 16723
11053 4 16697
11054 0 16692
11054 1 16689
11054 2 16704
11054 3 16709
11055 0 16688
11055 1 16707
11055 2 16694
11055 3 16696
11055 4 16697
11056 0 16688
11056 1 16689
11056 2 16694
11056 3 16696
11056 4 16697
11057 0 16713
11057 1 16707
11057 2 16716
11057 3 16698
11057 4 16695
11058 0 16713
11058 1 16689
11058 2 16704
11058 3 16723
11059 0 16713
11059 1 16689
11059 2 16704
11059 3 16723
11060 0 16688
11060 1 16689
11060 2 16694
11060 3 16709
11060 4 16695
11061 0 16713
11061 1 16689
11061 2 16703
11061 3 16696
11062 0 16713
11062 1 16693
11062 2 16704
11062 3 16709
11063 0 16688
11063 1 16700
11063 2 16718
11063 3 16698
11063 4 16697
11064 0 16688
11064 1 16693
11064 2 16704
11064 3 16698
11064 4 16695
11065 0 16713
11065 1 16693
11065 2 16694
11065 3 16698
11065 4 16695
11066 0 16688
11066 1 16693
11066 2 16718
11066 3 16698
11066 4 16697
11067 0 16713
11067 1 16693
11067 2 16718
11067 3 16696
11067 4 16697
11068 0 16688
11068 1 16707
11068 2 16694
11068 3 16696
11069 0 16688
11069 1 16700
11069 2 16704
11069 3 16723
11070 0 16692
11070 1 16689
11070 2 16718
11070 3 16690
11070 4 16695
11071 0 16688
11071 1 16689
11071 2 16694
11071 3 16709
11072 0 16692
11072 1 16707
11072 2 16704
11072 3 16690
11072 4 16697
11073 0 16688
11073 1 16689
11073 2 16704
11073 3 16709
11074 0 16713
11074 1 16689
11074 2 16704
11074 3 16709
11075 0 16719
11075 1 16689
11075 2 16694
11075 3 16696
11075 4 16697
11076 0 16688
11076 1 16700
11076 2 16708
11076 3 16696
11077 0 16701
11077 1 16693
11077 2 16694
11077 3 16698
11077 4 16697
11078 0 16688
11078 1 16700
11078 2 16704
11078 3 16709
11079 0 16725
11079 1 16693
11079 2 16694
11079 3 16709
11079 4 16697
11080 0 16713
11080 1 16693
11080 2 16694
11080 3 16698
11080 4 16695
11081 0 16692
11081 1 16689
11081 2 16694
11081 3 16698
11081 4 16697
11082 0 16702
11082 1 16689
11082 2 16704
11082 3 16690
11082 4 16697
11083 0 16688
11083 1 16689
11083 2 16704
11083 3 16690
11084 0 16688
11084 1 16693
11084 2 16704
11084 3 16698
11084 4 16697
11085 0 16702
11085 1 16693
11085 2 16704
11085 3 16698
11085 4 16695
11086 0 16688
11086 1 16689
11086 2 16704
11086 3 16723
11087 0 16688
11087 1 16693
11087 2 16704
11087 3 16698
11087 4 16697
11088 0 16688
11088 1 16689
11088 2 16694
11088 3 16696
11088 4 16697
11089 0 16688
11089 1 16700
11089 2 16704
11089 3 16709
11090 0 16688
11090 1 16693
11090 2 16706
11090 3 16698
11090 4 16695
11091 0 16702
11091 1 16693
11091 2 16694
11091 3 16690
11091 4 16695
11092 0 16688
11092 1 16693
11092 2 16718
11092 3 16698
11092 4 16695
11093 0 16688
11093 1 16693
11093 2 16716
11093 3 16698
11093 4 16695
11094 0 16688
11094 1 16693
11094 2 16716
11094 3 16698
11094 4 16695
11095 0 16713
11095 1 16689
11095 2 16708
11095 3 16696
11096 0 16688
11096 1 16689
11096 2 16718
11096 3 16709
11097 0 16688
11097 1 16693
11097 2 16704
11097 3 16698
11098 0 16734
11098 1 16693
11098 2 16704
11098 3 16698
11098 4 16697
11099 0 16688
11099 1 16693
11099 2 16699
11099 3 16709
11100 0 16713
11100 1 16693
11100 2 16694
11100 3 16696
11100 4 16695
11101 0 16702
11101 1 16707
11101 2 16694
11101 3 16690
11101 4 16728
11102 0 16688
11102 1 16689
11102 2 16718
11102 3 16709
11102 4 16697
11103 0 16688
11103 1 16689
11103 2 16703
11103 3 16698
11103 4 16695
11104 0 16713
11104 1 16689
11104 2 16694
11104 3 16709
11104 4 16697
11105 0 16705
11105 1 16689
11105 2 16704
11105 3 16723
11106 0 16713
11106 1 16707
11106 2 16694
11106 3 16698
11106 4 16697
11107 0 16688
11107 1 16700
11107 2 16704
11107 3 16723
11108 0 16713
11108 1 16707
11108 2 16718
11108 3 16709
11108 4 16695
11109 0 16688
11109 1 16689
11109 2 16718
11109 3 16723
11109 4 16697
11110 0 16688
11110 1 16700
11110 2 16708
11110 3 16696
11111 0 16713
11111 1 16689
11111 2 16704
11111 3 16698
11111 4 16697
11112 0 16713
11112 1 16693
11112 2 16694
11112 3 16698
11112 4 16697
11113 0 16688
11113 1 16693
11113 2 16718
11113 3 16698
11113 4 16697
11114 0 16713
11114 1 16689
11114 2 16694
11114 3 16690
11114 4 16695
11115 0 16713
11115 1 16689
11115 2 16704
11115 3 16698
11115 4 16695
11116 0 16713
11116 1 16693
11116 2 16718
11116 3 16698
11116 4 16697
11117 0 16713
11117 1 16693
11117 2 16699
11117 3 16690
11117 4 16697
11118 0 16688
11118 1 16693
11118 2 16704
11118 3 16698
11119 0 16688
11119 1 16700
11119 2 16703
11119 3 16690
11119 4 16697
11120 0 16688
11120 1 16689
11120 2 16704
11120 3 16696
11120 4 16695
11121 0 16713
11121 1 16693
11121 2 16704
11121 3 16690
11121 4 16697
11122 0 16688
11122 1 16689
11122 2 16718
11122 3 16696
11122 4 16695
11123 0 16713
11123 1 16707
11123 2 16694
11123 3 16690
11123 4 16695
11124 0 16688
11124 1 16689
11124 2 16708
11124 3 16709
11125 0 16688
11125 1 16689
11125 2 16704
11125 3 16696
11126 0 16688
11126 1 16693
11126 2 16703
11126 3 16690
11127 0 16688
11127 1 16707
11127 2 16694
11127 3 16723
11127 4 16697
11128 0 16688
11128 1 16707
11128 2 16716
11128 3 16696
11129 0 16688
11129 1 16689
11129 3 16709
11130 0 16688
11130 1 16689
11130 2 16704
11130 3 16709
11131 0 16688
11131 1 16689
11131 2 16718
11131 3 16709
11131 4 16695
11132 0 16713
11132 1 16693
11132 2 16694
11132 3 16698
11132 4 16695
11133 0 16722
11133 1 16689
11133 2 16718
11133 3 16696
11133 4 16695
11134 0 16713
11134 1 16693
11134 2 16704
11134 3 16690
11134 4 16695
11135 0 16688
11135 1 16689
11135 2 16694
11135 3 16709
11135 4 16697
11136 0 16713
11136 1 16689
11136 2 16716
11136 3 16698
11136 4 16697
11137 0 16713
11137 1 16700
11137 2 16704
11137 3 16698
11137 4 16697
11138 0 16713
11138 1 16693
11138 2 16704
11138 3 16696
11138 4 16697
11139 0 16688
11139 1 16689
11139 2 16704
11139 3 16696
11139 4 16695
11140 0 16688
11140 1 16693
11140 2 16704
11140 3 16709
11141 0 16688
11141 1 16700
11141 2 16708
11141 3 16709
11142 0 16713
11142 1 16693
11142 2 16718
11142 3 16690
11142 4 16697
11143 0 16702
11143 1 16693
11143 2 16704
11143 3 16698
11143 4 16695
11144 0 16713
11144 1 16689
11144 2 16704
11144 3 16696
11145 0 16688
11145 1 16689
11145 2 16716
11145 3 16698
11145 4 16695
11146 0 16688
11146 1 16689
11146 2 16704
11146 3 16696
11146 4 16728
11147 0 16713
11147 1 16689
11147 2 16704
11147 3 16723
11147 4 16695
11148 0 16688
11148 1 16689
11148 2 16704
11148 3 16723
11148 4 16697
11149 0 16701
11149 1 16700
11149 2 16718
11149 3 16696
11149 4 16695
11150 0 16688
11150 1 16689
11150 2 16704
11150 3 16723
11150 4 16695
11151 0 16688
11151 1 16689
11151 2 16703
11151 3 16709
11151 4 16695
11152 0 16688
11152 1 16693
11152 2 16694
11152 3 16696
11152 4 16695
11153 0 16702
11153 1 16693
11153 2 16703
11153 3 16698
11153 4 16695
11154 0 16713
11154 1 16689
11154 2 16694
11154 3 16696
11154 4 16697
11155 0 16705
11155 1 16689
11155 2 16704
11155 3 16709
11156 0 16705
11156 1 16689
11156 2 16704
11156 3 16709
11156 4 16697
11157 0 16688
11157 1 16689
11157 2 16704
11157 3 16723
11158 0 16688
11158 1 16689
11158 2 16718
11158 3 16709
11158 4 16697
11159 0 16688
11159 1 16689
11159 2 16694
11159 3 16696
11159 4 16697
11160 0 16717
11160 1 16693
11160 2 16703
11160 3 16690
11160 4 16695
11161 0 16713
11161 1 16693
11161 2 16718
11161 3 16698
11161 4 16695
11162 0 16702
11162 1 16689
11162 2 16703
11162 3 16698
11162 4 16695
11163 0 16688
11163 1 16689
11163 2 16704
11163 3 16698
11163 4 16697
11164 0 16713
11164 1 16693
11164 2 16704
11164 3 16698
11164 4 16695
11165 0 16713
11165 1 16689
11165 2 16694
11165 3 16698
11165 4 16695
11166 0 16688
11166 1 16689
11166 2 16704
11166 3 16709
11167 0 16688
11167 1 16693
11167 2 16704
11167 3 16696
11167 4 16695
11168 0 16688
11168 1 16689
11168 2 16699
11168 3 16723
11168 4 16695
11169 0 16688
11169 1 16689
11169 2 16716
11169 3 16709
11169 4 16695
11170 0 16705
11170 1 16689
11170 2 16704
11170 3 16690
11170 4 16697
11171 0 16688
11171 1 16700
11171 2 16703
11171 3 16690
11171 4 16695
11172 0 16688
11172 1 16689
11172 2 16716
11172 3 16696
11173 0 16688
11173 1 16693
11173 2 16704
11173 3 16698
11173 4 16728
11174 0 16688
11174 1 16689
11174 2 16708
11174 3 16696
11175 0 16688
11175 1 16693
11175 2 16703
11175 3 16709
11175 4 16695
11176 0 16688
11176 1 16689
11176 2 16708
11176 3 16696
11177 0 16712
11177 1 16689
11177 2 16694
11177 3 16709
11177 4 16695
11178 0 16688
11178 1 16700
11178 2 16708
11178 3 16709
11179 0 16688
11179 1 16689
11179 2 16691
11179 3 16696
11180 0 16688
11180 1 16689
11180 2 16691
11180 3 16709
11181 0 16701
11181 1 16700
11181 2 16694
11181 3 16723
11181 4 16697
11182 0 16688
11182 1 16693
11182 2 16704
11182 3 16698
11182 4 16697
11183 0 16688
11183 1 16689
11183 2 16704
11183 3 16696
11183 4 16697
11184 0 16688
11184 1 16689
11184 2 16706
11184 3 16690
11184 4 16695
11185 0 16692
11185 1 16693
11185 2 16694
11185 3 16696
11185 4 16697
11186 0 16688
11186 1 16700
11186 2 16704
11186 3 16696
11186 4 16697
11187 0 16713
11187 1 16689
11187 2 16706
11187 3 16696
11187 4 16697
11188 0 16688
11188 1 16689
11188 2 16706
11188 3 16690
11188 4 16695
11189 0 16688
11189 1 16689
11189 2 16716
11189 3 16698
11189 4 16695
11190 0 16701
11190 1 16689
11190 2 16694
11190 3 16698
11191 0 16688
11191 1 16689
11191 2 16694
11191 3 16698
11191 4 16695
11192 0 16688
11192 1 16689
11192 2 16694
11192 3 16709
11192 4 16697
11193 0 16688
11193 1 16689
11193 2 16694
11193 3 16709
11194 0 16688
11194 1 16689
11194 2 16708
11194 3 16696
11195 0 16688
11195 1 16707
11195 2 16704
11195 3 16698
11195 4 16697
11196 0 16688
11196 1 16693
11196 2 16694
11196 3 16698
11196 4 16695
11197 0 16688
11197 1 16689
11197 2 16694
11197 3 16698
11197 4 16697
11198 0 16713
11198 1 16693
11198 2 16704
11198 3 16690
11198 4 16697
11199 0 16688
11199 1 16689
11199 2 16694
11199 3 16696
11199 4 16697
11200 0 16688
11200 1 16689
11200 2 16694
11200 3 16696
11200 4 16695
11201 0 16688
11201 1 16689
11201 2 16704
11201 3 16696
11201 4 16695
11202 0 16719
11202 1 16693
11202 2 16694
11202 3 16690
11202 4 16697
11203 0 16721
11203 1 16693
11203 2 16694
11203 3 16696
11203 4 16695
11204 0 16719
11204 1 16693
11204 3 16696
11205 0 16702
11205 1 16689
11205 2 16703
11205 3 16696
11206 0 16702
11206 1 16693
11206 2 16694
11206 3 16690
11207 0 16719
11207 1 16689
11207 3 16696
11207 4 16695
11208 0 16719
11208 1 16689
11208 3 16698
11209 0 16719
11209 1 16689
11209 3 16698
11210 0 16719
11210 1 16693
11210 2 16718
11210 3 16698
11211 0 16719
11211 1 16693
11211 3 16696
11212 0 16719
11212 1 16693
11212 2 16694
11212 3 16696
11212 4 16697
11213 0 16719
11213 1 16693
11213 2 16694
11213 3 16698
11214 0 16717
11214 1 16693
11214 2 16718
11214 3 16698
11215 0 16719
11215 1 16689
11215 2 16708
11215 3 16698
11216 0 16702
11216 1 16693
11216 2 16703
11216 3 16698
11217 0 16719
11217 1 16693
11217 3 16696
11217 4 16697
11218 0 16719
11218 1 16689
11218 2 16716
11218 3 16696
11219 0 16702
11219 1 16689
11219 2 16694
11219 3 16698
11219 4 16697
11220 0 16719
11220 1 16693
11220 2 16718
11220 3 16690
11221 0 16719
11221 1 16693
11221 2 16708
11221 3 16698
11222 0 16719
11222 1 16693
11222 2 16694
11222 3 16696
11222 4 16695
11223 0 16719
11223 1 16693
11223 3 16698
11223 4 16697
11224 0 16719
11224 1 16693
11224 2 16694
11224 3 16696
11224 4 16695
11225 0 16719
11225 1 16689
11225 2 16716
11225 3 16696
11225 4 16695
11226 0 16719
11226 1 16689
11226 2 16691
11226 3 16698
11227 0 16719
11227 1 16689
11227 2 16708
11227 3 16698
11228 0 16702
11228 1 16689
11228 2 16694
11228 3 16698
11228 4 16695
11229 0 16719
11229 1 16693
11229 2 16718
11229 3 16698
11229 4 16697
11230 0 16719
11230 1 16689
11230 2 16708
11230 3 16698
11231 0 16719
11231 1 16689
11231 2 16708
11231 3 16698
11232 0 16719
11232 1 16693
11232 2 16694
11232 3 16690
11232 4 16697
11233 0 16719
11233 1 16689
11233 2 16694
11233 3 16698
11233 4 16697
11234 0 16702
11234 1 16693
11234 2 16703
11234 3 16696
11235 0 16719
11235 1 16693
11235 2 16718
11235 3 16698
11235 4 16697
11236 0 16719
11236 1 16693
11236 2 16716
11236 3 16696
11236 4 16697
11237 0 16719
11237 1 16693
11237 2 16716
11237 3 16696
11238 0 16717
11238 1 16693
11238 2 16694
11238 3 16696
11239 0 16719
11239 1 16693
11239 3 16698
11240 0 16719
11240 1 16693
11240 3 16690
11241 0 16719
11241 1 16689
11241 2 16708
11241 3 16698
11242 0 16719
11242 1 16689
11242 2 16708
11242 3 16698
11243 0 16702
11243 1 16689
11243 2 16703
11243 3 16698
11243 4 16697
11244 0 16717
11244 1 16689
11244 2 16703
11244 3 16698
11245 0 16702
11245 1 16689
11245 2 16703
11245 3 16690
11246 0 16719
11246 1 16689
11246 2 16716
11246 3 16698
11246 4 16695
11247 0 16719
11247 1 16693
11247 2 16691
11247 3 16698
11248 0 16719
11248 1 16689
11248 2 16708
11248 3 16698
11249 0 16719
11249 1 16689
11249 2 16708
11249 3 16698
11250 0 16719
11250 1 16693
11250 2 16708
11250 3 16698
11251 0 16719
11251 1 16693
11251 2 16708
11251 3 16698
11252 0 16719
11252 1 16693
11252 2 16718
11252 3 16696
11252 4 16695
11253 0 16719
11253 1 16689
11253 2 16708
11253 3 16698
11254 0 16719
11254 1 16693
11254 2 16703
11254 3 16698
11254 4 16695
11255 0 16702
11255 1 16689
11255 2 16703
11255 3 16698
11256 0 16719
11256 1 16693
11256 2 16706
11256 3 16698
11256 4 16728
11257 0 16719
11257 1 16693
11257 2 16716
11257 3 16709
11257 4 16695
11258 0 16719
11258 1 16693
11258 2 16694
11258 3 16696
11258 4 16697
11259 0 16688
11259 1 16700
11259 2 16708
11259 3 16709
11260 0 16692
11260 1 16689
11260 2 16708
11260 3 16709
11261 0 16688
11261 1 16689
11261 2 16708
11261 3 16696
11262 0 16688
11262 1 16693
11262 2 16703
11262 3 16696
11263 0 16692
11263 1 16693
11263 2 16694
11263 3 16696
11263 4 16695
11264 0 16688
11264 1 16693
11264 2 16716
11264 3 16690
11265 0 16688
11265 1 16700
11265 2 16703
11265 3 16696
11266 0 16688
11266 1 16689
11266 2 16703
11266 3 16696
11267 0 16692
11267 1 16707
11267 2 16694
11267 3 16690
11267 4 16697
11268 0 16692
11268 1 16689
11268 2 16694
11268 3 16696
11268 4 16697
11269 0 16692
11269 1 16693
11269 2 16694
11269 3 16698
11269 4 16695
11270 0 16713
11270 1 16693
11270 2 16706
11270 3 16698
11271 0 16688
11271 1 16693
11271 2 16694
11271 3 16690
11271 4 16697
11272 0 16688
11272 1 16693
11272 2 16699
11272 3 16690
11272 4 16695
11273 0 16688
11273 1 16693
11273 2 16716
11273 3 16698
11274 0 16688
11274 1 16689
11274 2 16716
11274 3 16696
11274 4 16695
11275 0 16688
11275 1 16689
11275 2 16716
11275 3 16709
11275 4 16695
11276 0 16688
11276 1 16707
11276 2 16694
11276 3 16709
11276 4 16695
11277 0 16688
11277 1 16689
11277 2 16716
11277 3 16698
11277 4 16697
11278 0 16688
11278 1 16689
11278 2 16694
11278 3 16698
11278 4 16697
11279 0 16688
11279 1 16707
11279 2 16694
11279 3 16696
11279 4 16695
11280 0 16688
11280 1 16693
11280 2 16703
11280 3 16690
11281 0 16688
11281 1 16689
11281 2 16694
11281 3 16696
11281 4 16697
11282 0 16688
11282 1 16693
11282 3 16723
11282 4 16695
11283 0 16688
11283 1 16689
11283 2 16703
11283 3 16709
11284 0 16688
11284 1 16700
11284 2 16703
11284 3 16698
11285 0 16688
11285 1 16693
11285 2 16694
11285 3 16709
11285 4 16697
11286 0 16688
11286 1 16689
11286 2 16703
11286 3 16709
11286 4 16695
11287 0 16688
11287 1 16693
11287 2 16694
11287 3 16690
11287 4 16697
11288 0 16688
11288 1 16693
11288 2 16694
11288 3 16696
11288 4 16697
11289 0 16688
11289 1 16689
11289 2 16708
11289 3 16696
11290 0 16688
11290 1 16693
11290 2 16694
11290 3 16690
11291 0 16701
11291 1 16689
11291 2 16708
11291 3 16690
11292 0 16688
11292 1 16689
11292 2 16694
11292 3 16690
11292 4 16697
11293 0 16702
11293 1 16689
11293 2 16694
11293 3 16709
11293 4 16695
11294 0 16688
11294 1 16693
11294 2 16694
11294 3 16696
11294 4 16697
11295 0 16688
11295 1 16693
11295 3 16696
11295 4 16697
11296 0 16688
11296 1 16689
11296 2 16694
11296 3 16698
11297 0 16688
11297 1 16689
11297 2 16694
11297 3 16696
11297 4 16697
11298 0 16688
11298 1 16689
11298 2 16694
11298 3 16723
11299 0 16688
11299 1 16693
11299 2 16694
11299 3 16696
11299 4 16697
11300 0 16688
11300 1 16693
11300 2 16694
11300 3 16696
11300 4 16697
11301 0 16688
11301 1 16693
11301 2 16716
11301 3 16709
11301 4 16697
11302 0 16688
11302 1 16689
11302 3 16696
11302 4 16697
11303 0 16705
11303 1 16689
11303 2 16708
11303 3 16723
11304 0 16702
11304 1 16693
11304 2 16694
11304 3 16690
11304 4 16697
11305 0 16692
11305 1 16689
11305 2 16716
11305 3 16690
11305 4 16695
11306 0 16688
11306 1 16689
11306 2 16703
11306 3 16709
11307 0 16688
11307 1 16700
11307 2 16710
11307 3 16698
11308 0 16688
11308 1 16689
11308 2 16708
11308 3 16698
11309 0 16688
11309 1 16693
11309 2 16694
11309 3 16709
11309 4 16697
11310 0 16688
11310 1 16693
11310 2 16703
11310 3 16690
11311 0 16688
11311 1 16693
11311 2 16708
11311 3 16698
11312 0 16688
11312 1 16689
11312 2 16703
11312 3 16696
11313 0 16688
11313 1 16693
11313 2 16694
11313 3 16690
11313 4 16697
11314 0 16688
11314 1 16693
11314 2 16716
11314 3 16696
11314 4 16697
11315 0 16688
11315 1 16689
11315 2 16694
11315 3 16723
11315 4 16695
11316 0 16688
11316 1 16689
11316 2 16708
11316 3 16690
11317 0 16688
11317 1 16693
11317 2 16694
11317 3 16709
11317 4 16695
11318 0 16688
11318 1 16689
11318 2 16708
11318 3 16696
11319 0 16701
11319 1 16689
11319 2 16704
11319 3 16709
11319 4 16697
11320 0 16688
11320 1 16689
11320 2 16694
11320 3 16709
11320 4 16697
11321 0 16688
11321 1 16693
11321 2 16708
11321 3 16690
11322 0 16722
11322 1 16689
11322 2 16703
11322 3 16696
11322 4 16697
11323 0 16688
11323 1 16689
11323 2 16708
11323 3 16709
11324 0 16688
11324 1 16689
11324 2 16708
11324 3 16696
11324 4 16697
11325 0 16688
11325 1 16689
11325 2 16708
11325 3 16696
11325 4 16695
11326 0 16688
11326 1 16693
11326 2 16708
11326 3 16709
11327 0 16688
11327 1 16689
11327 2 16694
11327 3 16723
11327 4 16697
11328 0 16688
11328 1 16693
11328 2 16716
11328 3 16690
11328 4 16697
11329 0 16688
11329 1 16707
11329 2 16694
11329 3 16723
11329 4 16697
11330 0 16688
11330 1 16693
11330 2 16706
11330 3 16698
11330 4 16695
11331 0 16688
11331 1 16689
11331 2 16694
11331 3 16698
11331 4 16697
11332 0 16688
11332 1 16693
11332 2 16708
11332 3 16698
11333 0 16688
11333 1 16693
11333 2 16694
11333 3 16696
11333 4 16697
11334 0 16688
11334 1 16689
11334 2 16710
11334 3 16690
11335 0 16688
11335 1 16689
11335 2 16703
11335 3 16696
11336 0 16688
11336 1 16689
11336 2 16710
11336 3 16698
11337 0 16688
11337 1 16693
11337 2 16694
11337 3 16690
11337 4 16697
11338 0 16688
11338 1 16693
11338 2 16694
11338 3 16709
11338 4 16695
11339 0 16688
11339 1 16689
11339 2 16691
11339 3 16698
11340 0 16688
11340 1 16693
11340 2 16716
11340 3 16698
11340 4 16697
11341 0 16688
11341 1 16693
11341 2 16716
11341 3 16698
11341 4 16697
11342 0 16688
11342 1 16689
11342 2 16694
11342 3 16698
11342 4 16697
11343 0 16688
11343 1 16689
11343 2 16694
11343 3 16696
11343 4 16695
11344 0 16688
11344 1 16689
11344 2 16694
11344 3 16709
11345 0 16688
11345 1 16689
11345 2 16708
11345 3 16696
11346 0 16688
11346 1 16689
11346 2 16704
11346 3 16698
11346 4 16697
11347 0 16688
11347 1 16689
11347 2 16694
11347 3 16696
11347 4 16697
11348 0 16688
11348 1 16693
11348 2 16708
11348 3 16709
11349 0 16688
11349 1 16689
11349 2 16694
11349 3 16723
11349 4 16697
11350 0 16688
11350 1 16689
11350 2 16710
11350 3 16698
11351 0 16688
11351 1 16689
11351 2 16708
11351 3 16709
11352 0 16688
11352 1 16693
11352 2 16694
11352 3 16696
11352 4 16697
11353 0 16688
11353 1 16689
11353 2 16708
11353 3 16696
11354 0 16688
11354 1 16689
11354 2 16704
11354 3 16690
11354 4 16697
11355 0 16688
11355 1 16689
11355 2 16710
11355 3 16698
11356 0 16688
11356 1 16700
11356 2 16704
11356 3 16696
11356 4 16695
11357 0 16688
11357 1 16693
11357 2 16727
11357 3 16723
11357 4 16697
11358 0 16688
11358 1 16689
11358 2 16708
11358 3 16690
11359 0 16688
11359 1 16689
11359 2 16708
11359 3 16698
11360 0 16688
11360 1 16693
11360 2 16710
11360 3 16698
11361 0 16688
11361 1 16689
11361 3 16690
11362 0 16688
11362 1 16693
11362 2 16694
11362 3 16698
11362 4 16697
11363 0 16688
11363 1 16693
11363 2 16716
11363 3 16690
11363 4 16697
11364 0 16688
11364 1 16693
11364 2 16710
11364 3 16698
11365 0 16701
11365 1 16693
11365 2 16694
11365 3 16698
11365 4 16697
11366 0 16688
11366 1 16689
11366 2 16694
11366 3 16698
11366 4 16697
11367 0 16688
11367 1 16689
11367 2 16708
11367 3 16709
11368 0 16688
11368 1 16689
11368 2 16691
11368 3 16690
11368 4 16695
11369 0 16688
11369 1 16689
11369 2 16694
11369 3 16723
11369 4 16697
11370 0 16688
11370 1 16693
11370 2 16694
11370 3 16698
11370 4 16697
11371 0 16688
11371 1 16689
11371 2 16694
11371 3 16709
11371 4 16697
11372 0 16688
11372 1 16689
11372 2 16694
11372 3 16723
11372 4 16695
11373 0 16688
11373 1 16689
11373 2 16703
11373 3 16709
11374 0 16688
11374 1 16689
11374 2 16703
11374 3 16696
11375 0 16702
11375 1 16693
11375 2 16703
11375 3 16723
11375 4 16697
11376 0 16712
11376 1 16689
11376 2 16694
11376 3 16696
11376 4 16697
11377 0 16712
11377 1 16689
11377 2 16703
11377 3 16696
11378 0 16688
11378 1 16689
11378 2 16694
11378 3 16698
11378 4 16697
11379 0 16688
11379 1 16689
11379 2 16694
11379 3 16696
11379 4 16697
11380 0 16688
11380 1 16689
11380 2 16716
11380 3 16696
11380 4 16695
11381 0 16688
11381 1 16689
11381 2 16694
11381 3 16698
11381 4 16695
11382 0 16688
11382 1 16689
11382 2 16716
11382 3 16698
11382 4 16697
11383 0 16688
11383 1 16689
11383 2 16718
11383 3 16690
11383 4 16697
11384 0 16688
11384 1 16693
11384 2 16716
11384 3 16698
11384 4 16697
11385 0 16688
11385 1 16689
11385 2 16727
11385 3 16723
11385 4 16697
11386 0 16688
11386 1 16700
11386 2 16710
11386 3 16690
11387 0 16688
11387 1 16689
11387 2 16694
11387 3 16696
11387 4 16697
11388 0 16688
11388 1 16693
11388 2 16694
11388 3 16698
11388 4 16697
11389 0 16688
11389 1 16693
11389 2 16716
11389 3 16690
11389 4 16697
11390 0 16688
11390 1 16693
11390 2 16718
11390 3 16698
11390 4 16697
11391 0 16688
11391 1 16689
11391 2 16703
11391 3 16690
11392 0 16688
11392 1 16707
11392 2 16694
11392 3 16709
11392 4 16697
11393 0 16688
11393 1 16693
11393 2 16694
11393 3 16698
11393 4 16697
11394 0 16688
11394 1 16707
11394 2 16694
11394 3 16690
11394 4 16697
11395 0 16688
11395 1 16707
11395 2 16694
11395 3 16690
11395 4 16697
11396 0 16688
11396 1 16689
11396 2 16727
11396 3 16723
11396 4 16697
11397 0 16692
11397 1 16689
11397 2 16694
11397 3 16698
11397 4 16697
11398 0 16688
11398 1 16689
11398 2 16708
11398 3 16696
11399 0 16688
11399 1 16689
11399 2 16708
11399 3 16690
11399 4 16695
11400 0 16688
11400 1 16689
11400 2 16691
11400 3 16696
11401 0 16688
11401 1 16693
11401 2 16708
11401 3 16698
11402 0 16688
11402 1 16689
11402 2 16716
11402 3 16698
11402 4 16695
11403 0 16688
11403 1 16689
11403 2 16704
11403 3 16696
11403 4 16697
11404 0 16688
11404 1 16689
11404 2 16708
11404 3 16696
11405 0 16688
11405 1 16689
11405 2 16704
11405 3 16696
11405 4 16695
11406 0 16688
11406 1 16700
11406 2 16694
11406 3 16696
11406 4 16695
11407 0 16701
11407 1 16689
11407 2 16716
11407 3 16698
11408 0 16688
11408 1 16689
11408 2 16708
11408 3 16709
11409 0 16688
11409 1 16693
11409 2 16694
11409 3 16723
11409 4 16697
11410 0 16688
11410 1 16700
11410 2 16718
11410 3 16698
11410 4 16695
11411 0 16688
11411 1 16689
11411 2 16704
11411 3 16698
11411 4 16695
11412 0 16688
11412 1 16689
11412 2 16694
11412 3 16696
11412 4 16697
11413 0 16688
11413 1 16689
11413 2 16708
11413 3 16690
11414 0 16688
11414 1 16689
11414 2 16708
11414 3 16698
11415 0 16688
11415 1 16693
11415 2 16716
11415 3 16696
11415 4 16695
11416 0 16688
11416 1 16689
11416 2 16694
11416 3 16709
11416 4 16697
11417 0 16688
11417 1 16689
11417 2 16708
11417 3 16709
11418 0 16688
11418 1 16689
11418 2 16694
11418 3 16696
11418 4 16695
11419 0 16688
11419 1 16700
11419 2 16703
11419 3 16698
11419 4 16697
11420 0 16688
11420 1 16693
11420 2 16694
11420 3 16709
11420 4 16697
11421 0 16688
11421 1 16693
11421 2 16694
11421 3 16709
11421 4 16697
11422 0 16712
11422 1 16689
11422 2 16694
11422 3 16723
11422 4 16697
11423 0 16688
11423 1 16693
11423 2 16694
11423 3 16696
11423 4 16697
11424 0 16688
11424 1 16693
11424 2 16703
11424 3 16690
11425 0 16688
11425 1 16689
11425 2 16694
11425 3 16696
11425 4 16697
11426 0 16688
11426 1 16693
11426 2 16694
11426 3 16698
11426 4 16695
11427 0 16702
11427 1 16693
11427 2 16706
11427 3 16696
11427 4 16697
11428 0 16731
11428 1 16693
11428 2 16706
11428 3 16698
11428 4 16695
11429 0 16688
11429 1 16689
11429 2 16708
11429 3 16690
11430 0 16688
11430 1 16689
11430 2 16694
11430 3 16723
11430 4 16697
11431 0 16688
11431 1 16689
11431 2 16704
11431 3 16696
11431 4 16695
11432 0 16692
11432 1 16689
11432 2 16694
11432 3 16696
11432 4 16697
11433 0 16688
11433 1 16689
11433 2 16694
11433 3 16709
11433 4 16697
11434 0 16688
11434 1 16693
11434 2 16716
11434 3 16696
11434 4 16697
11435 0 16688
11435 1 16689
11435 2 16694
11435 3 16723
11435 4 16697
11436 0 16688
11436 1 16693
11436 2 16694
11436 3 16698
11436 4 16697
11437 0 16713
11437 1 16693
11437 2 16718
11437 3 16690
11437 4 16697
11438 0 16692
11438 1 16689
11438 2 16694
11438 3 16698
11438 4 16697
11439 0 16688
11439 1 16693
11439 2 16694
11439 3 16690
11439 4 16697
11440 0 16688
11440 1 16689
11440 2 16694
11440 3 16696
11440 4 16697
11441 0 16688
11441 1 16693
11441 2 16718
11441 3 16698
11441 4 16697
11442 0 16688
11442 1 16689
11442 2 16708
11442 3 16696
11443 0 16688
11443 1 16693
11443 2 16706
11443 3 16698
11443 4 16697
11444 0 16692
11444 1 16693
11444 2 16694
11444 3 16698
11444 4 16697
11445 0 16701
11445 1 16693
11445 2 16706
11445 3 16696
11445 4 16695
11446 0 16688
11446 1 16689
11446 2 16703
11446 3 16690
11446 4 16695
11447 0 16688
11447 1 16693
11447 2 16718
11447 3 16696
11447 4 16697
11448 0 16688
11448 1 16689
11448 2 16706
11448 3 16690
11448 4 16697
11449 0 16692
11449 1 16689
11449 2 16694
11449 3 16698
11449 4 16695
11450 0 16688
11450 1 16693
11450 2 16694
11450 3 16690
11450 4 16697
11451 0 16705
11451 1 16693
11451 2 16718
11451 3 16723
11451 4 16697
11452 0 16688
11452 1 16693
11452 2 16718
11452 3 16709
11452 4 16697
11453 0 16702
11453 1 16693
11453 2 16718
11453 3 16696
11453 4 16697
11454 0 16688
11454 1 16693
11454 2 16708
11454 3 16696
11455 0 16692
11455 1 16689
11455 2 16694
11455 3 16696
11455 4 16697
11456 0 16688
11456 1 16689
11456 2 16691
11456 3 16709
11456 4 16695
11457 0 16688
11457 1 16689
11457 2 16727
11457 3 16709
11457 4 16695
11458 0 16688
11458 1 16689
11458 2 16708
11458 3 16696
11459 0 16688
11459 1 16693
11459 2 16691
11459 3 16698
11460 0 16688
11460 1 16689
11460 2 16708
11460 3 16709
11461 0 16688
11461 1 16693
11461 2 16694
11461 3 16698
11461 4 16695
11462 0 16688
11462 1 16693
11462 2 16694
11462 3 16698
11463 0 16688
11463 1 16693
11463 2 16704
11463 3 16698
11463 4 16695
11464 0 16705
11464 1 16693
11464 2 16694
11464 3 16698
11465 0 16717
11465 1 16693
11465 2 16694
11465 3 16698
11465 4 16695
11466 0 16702
11466 1 16689
11466 2 16694
11466 3 16709
11466 4 16697
11467 0 16688
11467 1 16693
11467 2 16704
11467 3 16696
11468 0 16717
11468 1 16693
11468 2 16694
11468 3 16698
11469 0 16717
11469 1 16693
11469 2 16716
11469 3 16698
11470 0 16717
11470 1 16693
11470 2 16716
11470 3 16698
11471 0 16733
11471 1 16689
11471 2 16708
11471 3 16696
11472 0 16717
11472 1 16689
11472 2 16694
11472 3 16709
11472 4 16695
11473 0 16702
11473 1 16689
11473 3 16709
11473 4 16697
11474 0 16717
11474 1 16693
11474 2 16694
11474 3 16696
11474 4 16697
11475 0 16717
11475 1 16689
11475 2 16703
11475 3 16690
11476 0 16717
11476 1 16689
11476 2 16708
11476 3 16723
11477 0 16702
11477 1 16689
11477 2 16703
11477 3 16698
11478 0 16702
11478 1 16689
11478 2 16703
11478 3 16690
11479 0 16717
11479 1 16693
11479 2 16691
11479 3 16696
11480 0 16713
11480 1 16693
11480 2 16704
11480 3 16696
11481 0 16717
11481 1 16693
11481 2 16694
11481 3 16690
11481 4 16695
11482 0 16717
11482 1 16693
11482 2 16694
11482 3 16690
11483 0 16688
11483 1 16689
11483 2 16708
11483 3 16698
11484 0 16717
11484 1 16693
11484 2 16694
11484 3 16698
11484 4 16695
11485 0 16717
11485 1 16693
11485 2 16694
11485 3 16698
11485 4 16695
11486 0 16717
11486 1 16693
11486 2 16691
11486 3 16690
11486 4 16695
11487 0 16717
11487 1 16693
11487 2 16694
11487 3 16698
11487 4 16695
11488 0 16717
11488 1 16693
11488 2 16716
11488 3 16690
11489 0 16722
11489 1 16693
11489 2 16726
11489 3 16698
11489 4 16695
11490 0 16717
11490 1 16689
11490 2 16691
11490 3 16690
11491 0 16702
11491 1 16700
11491 2 16694
11491 3 16690
11491 4 16695
11492 0 16688
11492 1 16693
11492 2 16727
11492 3 16698
11492 4 16695
11493 0 16701
11493 1 16693
11493 2 16694
11493 3 16709
11493 4 16695
11494 0 16736
11494 1 16689
11494 2 16694
11494 3 16709
11494 4 16695
11495 0 16702
11495 1 16689
11495 2 16694
11495 3 16690
11495 4 16728
11496 0 16702
11496 1 16693
11496 2 16716
11496 3 16723
11496 4 16697
11497 0 16702
11497 1 16693
11497 2 16704
11497 3 16698
11497 4 16697
11498 0 16717
11498 1 16689
11498 2 16708
11498 3 16709
11499 0 16717
11499 1 16693
11499 2 16694
11499 3 16696
11499 4 16728
11500 0 16717
11500 1 16693
11500 2 16694
11500 3 16690
11501 0 16721
11501 1 16689
11501 2 16694
11501 3 16690
11501 4 16697
11502 0 16717
11502 1 16693
11502 2 16703
11502 3 16690
11502 4 16695
11503 0 16717
11503 1 16693
11503 2 16694
11503 3 16690
11503 4 16695
11504 0 16721
11504 1 16693
11504 2 16708
11504 3 16723
11505 0 16717
11505 1 16693
11505 2 16694
11505 3 16698
11505 4 16695
11506 0 16717
11506 1 16693
11506 2 16694
11506 3 16690
11506 4 16695
11507 0 16717
11507 1 16689
11507 2 16716
11507 3 16698
11508 0 16721
11508 1 16689
11508 2 16694
11508 3 16698
11508 4 16695
11509 0 16688
11509 1 16689
11509 2 16691
11509 3 16709
11510 0 16688
11510 1 16689
11510 2 16704
11510 3 16723
11511 0 16701
11511 1 16693
11511 2 16726
11511 3 16696
11512 0 16725
11512 1 16689
11512 2 16694
11512 3 16698
11512 4 16695
11513 0 16717
11513 1 16689
11513 2 16694
11513 3 16696
11513 4 16728
11514 0 16688
11514 1 16689
11514 2 16694
11514 3 16690
11515 0 16717
11515 1 16700
11515 2 16704
11515 3 16698
11515 4 16695
11516 0 16714
11516 1 16689
11516 2 16694
11516 3 16698
11517 0 16688
11517 1 16689
11517 2 16716
11517 3 16696
11517 4 16695
11518 0 16717
11518 1 16693
11518 2 16694
11518 3 16690
11518 4 16695
11519 0 16717
11519 1 16689
11519 2 16718
11519 3 16696
11520 0 16688
11520 1 16693
11520 2 16704
11520 3 16698
11521 0 16688
11521 1 16689
11521 2 16694
11521 3 16696
11522 0 16717
11522 1 16693
11522 2 16694
11522 3 16696
11523 0 16717
11523 1 16689
11523 2 16694
11523 3 16690
11523 4 16697
11524 0 16717
11524 1 16693
11524 2 16694
11524 3 16690
11525 0 16717
11525 1 16693
11525 2 16694
11525 3 16690
11526 0 16702
11526 1 16693
11526 2 16718
11526 3 16698
11526 4 16695
11527 0 16688
11527 1 16689
11527 2 16708
11527 3 16698
11528 0 16702
11528 1 16689
11528 2 16694
11528 3 16698
11528 4 16728
11529 0 16717
11529 1 16689
11529 2 16691
11529 3 16698
11530 0 16688
11530 1 16689
11530 2 16726
11530 3 16723
11530 4 16695
11531 0 16717
11531 1 16689
11531 2 16703
11531 3 16723
11532 0 16717
11532 1 16689
11532 2 16716
11532 3 16690
11532 4 16695
11533 0 16702
11533 1 16693
11533 2 16694
11533 3 16696
11534 0 16688
11534 1 16689
11534 2 16708
11534 3 16696
11535 0 16688
11535 1 16689
11535 2 16708
11535 3 16690
11536 0 16688
11536 1 16693
11536 2 16706
11536 3 16696
11536 4 16695
11537 0 16688
11537 1 16693
11537 2 16703
11537 3 16690
11537 4 16697
11538 0 16688
11538 1 16693
11538 2 16691
11538 3 16698
11539 0 16688
11539 1 16700
11539 2 16718
11539 3 16690
11540 0 16688
11540 1 16693
11540 2 16727
11540 3 16690
11540 4 16695
11541 0 16688
11541 1 16693
11541 2 16703
11541 3 16690
11541 4 16695
11542 0 16688
11542 1 16689
11542 2 16716
11542 3 16690
11542 4 16697
11543 0 16688
11543 1 16689
11543 2 16691
11543 3 16698
11544 0 16688
11544 1 16693
11544 2 16691
11544 3 16690
11545 0 16688
11545 1 16693
11545 2 16708
11545 3 16698
11546 0 16688
11546 1 16693
11546 2 16694
11546 3 16723
11546 4 16697
11547 0 16701
11547 1 16707
11547 2 16694
11547 3 16709
11547 4 16697
11548 0 16688
11548 1 16689
11548 2 16704
11548 3 16696
11548 4 16697
11549 0 16701
11549 1 16689
11549 2 16694
11549 3 16709
11549 4 16695
11550 0 16692
11550 1 16689
11550 2 16694
11550 3 16698
11551 0 16702
11551 1 16689
11551 2 16691
11551 3 16696
11552 0 16688
11552 1 16693
11552 2 16694
11552 3 16698
11552 4 16695
11553 0 16688
11553 1 16693
11553 2 16706
11553 3 16696
11554 0 16688
11554 1 16693
11554 2 16691
11554 3 16696
11555 0 16688
11555 1 16693
11555 2 16691
11555 3 16698
11556 0 16692
11556 1 16707
11556 2 16694
11556 3 16709
11556 4 16697
11557 0 16705
11557 1 16693
11557 2 16694
11557 3 16698
11557 4 16695
11558 0 16713
11558 1 16693
11558 2 16706
11558 3 16696
11558 4 16695
11559 0 16713
11559 1 16689
11559 2 16694
11559 3 16690
11559 4 16697
11560 0 16714
11560 1 16689
11560 2 16691
11560 3 16698
11561 0 16692
11561 1 16689
11561 2 16694
11561 3 16696
11562 0 16688
11562 1 16689
11562 2 16691
11562 3 16709
11563 0 16713
11563 1 16689
11563 2 16694
11563 3 16696
11563 4 16695
11564 0 16715
11564 1 16707
11564 2 16694
11564 3 16690
11564 4 16695
11565 0 16702
11565 1 16689
11565 2 16703
11565 3 16709
11566 0 16713
11566 1 16689
11566 2 16710
11566 3 16690
11566 4 16728
11567 0 16713
11567 1 16689
11567 2 16710
11567 3 16698
11567 4 16695
11568 0 16688
11568 1 16689
11568 2 16708
11568 3 16709
11569 0 16714
11569 1 16693
11569 2 16694
11569 3 16709
11569 4 16697
11570 0 16713
11570 1 16693
11570 2 16718
11570 3 16698
11571 0 16688
11571 1 16693
11571 2 16691
11571 3 16690
11572 0 16688
11572 1 16689
11572 2 16691
11572 3 16696
11573 0 16688
11573 1 16693
11573 2 16691
11573 3 16709
11574 0 16688
11574 1 16693
11574 2 16703
11574 3 16709
11575 0 16688
11575 1 16707
11575 2 16699
11575 3 16698
11575 4 16695
11576 0 16688
11576 1 16689
11576 2 16694
11576 3 16690
11576 4 16697
11577 0 16725
11577 1 16693
11577 2 16694
11577 3 16690
11577 4 16697
11578 0 16719
11578 1 16689
11578 2 16694
11578 3 16709
11578 4 16697
11579 0 16713
11579 1 16700
11579 2 16704
11579 3 16698
11579 4 16695
11580 0 16713
11580 1 16693
11580 2 16694
11580 3 16698
11580 4 16695
11581 0 16713
11581 1 16689
11581 2 16704
11581 3 16690
11581 4 16697
11582 0 16705
11582 1 16689
11582 2 16694
11582 3 16698
11583 0 16702
11583 1 16689
11583 2 16694
11583 3 16690
11583 4 16695
11584 0 16688
11584 1 16689
11584 2 16703
11584 3 16696
11585 0 16688
11585 1 16693
11585 2 16727
11585 3 16696
11585 4 16695
11586 0 16721
11586 1 16700
11586 2 16694
11586 3 16690
11587 0 16688
11587 1 16689
11587 2 16703
11587 3 16709
11588 0 16701
11588 1 16693
11588 2 16694
11588 3 16698
11588 4 16695
11589 0 16692
11589 1 16689
11589 2 16694
11589 3 16698
11589 4 16695
11590 0 16688
11590 1 16689
11590 2 16703
11590 3 16696
11590 4 16695
11591 0 16688
11591 1 16689
11591 2 16708
11591 3 16723
11592 0 16688
11592 1 16693
11592 2 16691
11592 3 16698
11593 0 16713
11593 1 16689
11593 2 16694
11593 3 16698
11593 4 16695
11594 0 16713
11594 1 16689
11594 2 16694
11594 3 16696
11594 4 16697
11595 0 16705
11595 1 16693
11595 2 16694
11595 3 16690
11595 4 16695
11596 0 16713
11596 1 16693
11596 2 16706
11596 3 16698
11596 4 16697
11597 0 16720
11597 1 16693
11597 2 16694
11597 3 16698
11597 4 16695
11598 0 16713
11598 1 16689
11598 2 16694
11598 3 16698
11598 4 16695
11599 0 16717
11599 1 16693
11599 2 16727
11599 3 16690
11599 4 16697
11600 0 16688
11600 1 16700
11600 2 16716
11600 3 16690
11600 4 16697
11601 0 16717
11601 1 16689
11601 2 16703
11601 3 16696
11601 4 16695
11602 0 16688
11602 1 16689
11602 2 16708
11602 3 16696
11603 0 16688
11603 1 16689
11603 2 16691
11603 3 16698
11604 0 16688
11604 1 16689
11604 2 16691
11604 3 16709
11605 0 16688
11605 1 16689
11605 2 16691
11605 3 16698
11606 0 16688
11606 1 16707
11606 2 16694
11606 3 16698
11606 4 16697
11607 0 16711
11607 1 16689
11607 2 16716
11607 3 16698
11607 4 16697
11608 0 16688
11608 1 16707
11608 2 16699
11608 3 16690
11608 4 16697
11609 0 16688
11609 1 16707
11609 2 16716
11609 3 16698
11610 0 16688
11610 1 16693
11610 2 16706
11610 3 16698
11611 0 16688
11611 1 16707
11611 2 16694
11611 3 16709
11611 4 16695
11612 0 16688
11612 1 16693
11612 2 16691
11612 3 16696
11613 0 16712
11613 1 16689
11613 2 16694
11613 3 16690
11613 4 16697
11614 0 16688
11614 1 16689
11614 2 16691
11614 3 16709
11615 0 16688
11615 1 16689
11615 2 16691
11615 3 16723
11616 0 16688
11616 1 16689
11616 2 16691
11616 3 16698
11616 4 16728
11617 0 16688
11617 1 16693
11617 2 16716
11617 3 16698
11618 0 16688
11618 1 16689
11618 2 16706
11618 3 16698
11619 0 16688
11619 1 16689
11619 2 16699
11619 3 16690
11619 4 16695
11620 0 16688
11620 1 16689
11620 2 16704
11620 3 16696
11620 4 16697
11621 0 16688
11621 1 16707
11621 2 16716
11621 3 16698
11621 4 16697
11622 0 16688
11622 1 16689
11622 2 16694
11622 3 16723
11622 4 16697
11623 0 16688
11623 1 16693
11623 2 16699
11623 3 16696
11623 4 16697
11624 0 16688
11624 1 16707
11624 2 16704
11624 3 16709
11624 4 16697
11625 0 16688
11625 1 16689
11625 2 16704
11625 3 16696
11625 4 16697
11626 0 16688
11626 1 16707
11626 2 16694
11626 3 16696
11626 4 16697
11627 0 16688
11627 1 16707
11627 2 16694
11627 3 16709
11627 4 16695
11628 0 16688
11628 1 16689
11628 2 16716
11628 3 16690
11628 4 16695
11629 0 16688
11629 1 16689
11629 2 16716
11629 3 16696
11629 4 16697
11630 0 16688
11630 1 16707
11630 2 16727
11630 3 16696
11630 4 16697
11631 0 16688
11631 1 16689
11631 2 16716
11631 3 16698
11631 4 16697
11632 0 16688
11632 1 16700
11632 2 16699
11632 3 16690
11632 4 16695
11633 0 16688
11633 1 16689
11633 2 16706
11633 3 16696
11633 4 16695
11634 0 16688
11634 1 16707
11634 2 16706
11634 3 16698
11634 4 16695
11635 0 16688
11635 1 16707
11635 2 16694
11635 3 16696
11635 4 16697
11636 0 16688
11636 1 16707
11636 2 16694
11636 3 16698
11636 4 16697
11637 0 16688
11637 1 16707
11637 2 16727
11637 3 16723
11637 4 16695
11638 0 16688
11638 1 16689
11638 2 16716
11638 3 16723
11638 4 16695
11639 0 16688
11639 1 16693
11639 2 16716
11639 3 16698
11640 0 16688
11640 1 16700
11640 2 16703
11640 3 16696
11641 0 16688
11641 1 16700
11641 2 16704
11641 3 16690
11641 4 16697
11642 0 16688
11642 1 16693
11642 2 16694
11642 3 16698
11642 4 16695
11643 0 16721
11643 1 16707
11643 2 16694
11643 3 16723
11643 4 16695
11644 0 16721
11644 1 16707
11644 2 16726
11644 3 16709
11644 4 16697
11645 0 16688
11645 1 16689
11645 2 16718
11645 3 16690
11645 4 16697
11646 0 16688
11646 1 16693
11646 2 16718
11646 3 16696
11646 4 16695
11647 0 16692
11647 1 16700
11647 2 16704
11647 3 16696
11647 4 16697
11648 0 16688
11648 1 16693
11648 2 16718
11648 3 16696
11648 4 16697
11649 0 16717
11649 1 16693
11649 2 16694
11649 3 16709
11649 4 16695
11650 0 16688
11650 1 16707
11650 2 16704
11650 3 16690
11650 4 16697
11651 0 16688
11651 1 16693
11651 3 16698
11651 4 16695
11652 0 16711
11652 1 16693
11652 2 16691
11652 3 16698
11653 0 16692
11653 1 16689
11653 2 16694
11653 3 16696
11653 4 16697
11654 0 16733
11654 1 16689
11654 2 16694
11654 3 16696
11655 0 16688
11655 1 16707
11655 2 16694
11655 3 16698
11655 4 16697
11656 0 16714
11656 1 16707
11656 2 16694
11656 3 16709
11656 4 16695
11657 0 16688
11657 1 16689
11657 2 16708
11657 3 16709
11658 0 16712
11658 1 16689
11658 2 16726
11658 3 16709
11658 4 16697
11659 0 16692
11659 1 16693
11659 2 16694
11659 3 16698
11659 4 16695
11660 0 16721
11660 1 16689
11660 2 16716
11660 3 16723
11660 4 16695
11661 0 16688
11661 1 16693
11661 2 16699
11661 3 16698
11661 4 16697
11662 0 16731
11662 1 16700
11662 2 16694
11662 3 16696
11662 4 16697
11663 0 16705
11663 1 16693
11663 2 16694
11663 3 16709
11663 4 16697
11664 0 16688
11664 1 16693
11664 2 16694
11664 3 16690
11665 0 16688
11665 1 16689
11665 2 16694
11665 3 16690
11666 0 16688
11666 1 16689
11666 2 16694
11666 3 16690
11666 4 16695
11667 0 16688
11667 1 16693
11667 2 16694
11667 3 16690
11668 0 16688
11668 1 16689
11668 2 16708
11668 3 16698
11669 0 16688
11669 1 16693
11669 2 16694
11669 3 16696
11670 0 16688
11670 1 16689
11670 2 16694
11670 3 16696
11670 4 16697
11671 0 16688
11671 1 16689
11671 2 16694
11671 3 16698
11672 0 16688
11672 1 16689
11672 2 16708
11672 3 16698
11673 0 16688
11673 1 16707
11673 2 16694
11673 3 16690
11673 4 16697
11674 0 16688
11674 1 16707
11674 2 16694
11674 3 16696
11674 4 16697
11675 0 16688
11675 1 16693
11675 2 16694
11675 3 16690
11676 0 16688
11676 1 16707
11676 2 16694
11676 3 16696
11676 4 16695
11677 0 16688
11677 1 16689
11677 3 16696
11677 4 16697
11678 0 16688
11678 1 16693
11678 2 16694
11678 3 16690
11678 4 16695
11679 0 16688
11679 1 16693
11679 2 16694
11679 3 16696
11680 0 16688
11680 1 16707
11680 2 16694
11680 3 16698
11680 4 16697
11681 0 16688
11681 1 16689
11681 2 16694
11681 3 16696
11681 4 16697
11682 0 16688
11682 1 16700
11682 3 16696
11683 0 16701
11683 1 16693
11683 2 16694
11683 3 16690
11684 0 16688
11684 1 16693
11684 2 16694
11684 3 16690
11684 4 16697
11685 0 16688
11685 1 16707
11685 2 16694
11685 3 16698
11686 0 16688
11686 1 16693
11686 2 16694
11686 3 16690
11687 0 16688
11687 1 16689
11687 2 16694
11687 3 16696
11688 0 16688
11688 1 16689
11688 2 16694
11688 3 16690
11688 4 16697
11689 0 16688
11689 1 16707
11689 2 16694
11689 3 16690
11689 4 16697
11690 0 16688
11690 1 16707
11690 2 16694
11690 3 16690
11690 4 16695
11691 0 16688
11691 1 16689
11691 2 16710
11691 3 16690
11692 0 16688
11692 1 16693
11692 2 16694
11692 3 16690
11693 0 16688
11693 1 16707
11693 2 16694
11693 3 16690
11693 4 16695
11694 0 16688
11694 1 16689
11694 2 16691
11694 3 16698
11695 0 16688
11695 1 16693
11695 2 16694
11695 3 16690
11696 0 16688
11696 1 16693
11696 2 16694
11696 3 16698
11697 0 16688
11697 1 16689
11697 2 16694
11697 3 16690
11697 4 16695
11698 0 16688
11698 1 16700
11698 2 16710
11698 3 16696
11699 0 16688
11699 1 16707
11699 2 16694
11699 3 16690
11699 4 16697
11700 0 16688
11700 1 16707
11700 2 16694
11700 3 16690
11700 4 16697
11701 0 16688
11701 1 16689
11701 2 16694
11701 3 16690
11701 4 16697
11702 0 16688
11702 1 16689
11702 2 16694
11702 3 16690
11703 0 16692
11703 1 16707
11703 2 16694
11703 3 16698
11703 4 16697
11704 0 16688
11704 1 16700
11704 2 16694
11704 3 16690
11704 4 16695
11705 0 16688
11705 1 16707
11705 2 16694
11705 3 16698
11705 4 16695
11706 0 16688
11706 1 16707
11706 2 16694
11706 3 16698
11706 4 16695
11707 0 16688
11707 1 16689
11707 2 16694
11707 3 16690
11707 4 16697
11708 0 16688
11708 1 16689
11708 2 16694
11708 3 16690
11708 4 16697
11709 0 16688
11709 1 16707
11709 2 16694
11709 3 16690
11709 4 16697
11710 0 16688
11710 1 16689
11710 2 16694
11710 3 16690
11711 0 16688
11711 1 16693
11711 2 16694
11711 3 16690
11711 4 16697
11712 0 16688
11712 1 16689
11712 2 16694
11712 3 16698
11713 0 16688
11713 1 16693
11713 2 16694
11713 3 16690
11713 4 16697
11714 0 16688
11714 1 16707
11714 2 16694
11714 3 16696
11715 0 16688
11715 1 16707
11715 2 16694
11715 3 16690
11715 4 16697
11716 0 16688
11716 1 16693
11716 3 16690
11717 0 16688
11717 1 16707
11717 2 16694
11717 3 16690
11717 4 16695
11718 0 16688
11718 1 16689
11718 2 16710
11718 3 16696
11719 0 16688
11719 1 16693
11719 2 16694
11719 3 16690
11720 0 16692
11720 1 16707
11720 2 16694
11720 3 16690
11720 4 16697
11721 0 16688
11721 1 16707
11721 2 16694
11721 3 16698
11721 4 16695
11722 0 16688
11722 1 16689
11722 2 16694
11722 3 16696
11723 0 16688
11723 1 16689
11723 2 16694
11723 3 16696
11723 4 16697
11724 0 16688
11724 1 16693
11724 2 16694
11724 3 16696
11724 4 16695
11725 0 16688
11725 1 16707
11725 2 16694
11725 3 16696
11725 4 16697
11726 0 16688
11726 1 16707
11726 2 16694
11726 3 16690
11726 4 16697
11727 0 16688
11727 1 16689
11727 2 16708
11727 3 16690
11728 0 16688
11728 1 16693
11728 2 16694
11728 3 16698
11728 4 16697
11729 0 16701
11729 1 16707
11729 2 16694
11729 3 16690
11729 4 16697
11730 0 16688
11730 1 16689
11730 2 16694
11730 3 16698
11731 0 16688
11731 1 16689
11731 2 16694
11731 3 16696
11731 4 16697
11732 0 16688
11732 1 16693
11732 2 16694
11732 3 16696
11733 0 16688
11733 1 16689
11733 2 16694
11733 3 16696
11733 4 16695
11734 0 16701
11734 1 16689
11734 2 16694
11734 3 16690
11734 4 16697
11735 0 16688
11735 1 16707
11735 2 16694
11735 3 16698
11735 4 16697
11736 0 16688
11736 1 16693
11736 2 16694
11736 3 16690
11737 0 16688
11737 1 16693
11737 2 16694
11737 3 16690
11737 4 16697
11738 0 16688
11738 1 16689
11738 2 16708
11738 3 16690
11739 0 16688
11739 1 16689
11739 2 16694
11739 3 16690
11740 0 16688
11740 1 16693
11740 2 16694
11740 3 16690
11741 0 16688
11741 1 16693
11741 2 16694
11741 3 16690
11741 4 16695
11742 0 16688
11742 1 16689
11742 2 16694
11742 3 16698
11742 4 16697
11743 0 16692
11743 1 16693
11743 2 16694
11743 3 16698
11743 4 16695
11744 0 16688
11744 1 16693
11744 3 16698
11744 4 16697
11745 0 16688
11745 1 16689
11745 2 16708
11745 3 16698
11746 0 16688
11746 1 16693
11746 2 16694
11746 3 16696
11746 4 16697
11747 0 16688
11747 1 16689
11747 2 16694
11747 3 16696
11748 0 16688
11748 1 16707
11748 2 16694
11748 3 16690
11748 4 16695
11749 0 16688
11749 1 16689
11749 2 16708
11749 3 16698
11750 0 16688
11750 1 16707
11750 2 16694
11750 3 16690
11750 4 16697
11751 0 16688
11751 1 16693
11751 2 16694
11751 3 16698
11751 4 16695
11752 0 16688
11752 1 16689
11752 2 16708
11752 3 16690
11753 0 16688
11753 1 16693
11753 2 16699
11753 3 16696
11753 4 16695
11754 0 16688
11754 1 16689
11754 2 16694
11754 3 16696
11754 4 16695
11755 0 16688
11755 1 16689
11755 2 16694
11755 3 16690
11756 0 16688
11756 1 16700
11756 2 16694
11756 3 16696
11757 0 16688
11757 1 16689
11757 2 16694
11757 3 16690
11758 0 16688
11758 1 16707
11758 2 16694
11758 3 16690
11758 4 16695
11759 0 16688
11759 1 16689
11759 2 16708
11759 3 16690
11760 0 16688
11760 1 16707
11760 2 16694
11760 3 16690
11760 4 16695
11761 0 16688
11761 1 16689
11761 3 16696
11761 4 16697
11762 0 16688
11762 1 16689
11762 3 16696
11763 0 16688
11763 1 16689
11763 2 16694
11763 3 16690
11763 4 16697
11764 0 16688
11764 1 16689
11764 2 16694
11764 3 16690
11764 4 16697
11765 0 16688
11765 1 16689
11765 2 16694
11765 3 16690
11765 4 16697
11766 0 16688
11766 1 16693
11766 2 16694
11766 3 16690
11767 0 16688
11767 1 16689
11767 2 16694
11767 3 16698
11768 0 16688
11768 1 16689
11768 2 16694
11768 3 16696
11769 0 16688
11769 1 16689
11769 2 16694
11769 3 16690
11769 4 16697
11770 0 16688
11770 1 16693
11770 2 16694
11770 3 16690
11771 0 16688
11771 1 16700
11771 3 16690
11772 0 16688
11772 1 16693
11772 2 16694
11772 3 16696
11773 0 16688
11773 1 16693
11773 2 16694
11773 3 16690
11773 4 16695
11774 0 16688
11774 1 16693
11774 2 16694
11774 3 16696
11775 0 16688
11775 1 16707
11775 2 16694
11775 3 16690
11775 4 16697
11776 0 16688
11776 1 16693
11776 2 16694
11776 3 16690
11777 0 16688
11777 1 16693
11777 2 16694
11777 3 16690
11777 4 16697
11778 0 16688
11778 1 16707
11778 2 16694
11778 3 16690
11778 4 16695
11779 0 16688
11779 1 16707
11779 2 16694
11779 3 16690
11779 4 16697
11780 0 16688
11780 1 16689
11780 2 16694
11780 3 16690
11781 0 16688
11781 1 16689
11781 2 16694
11781 3 16690
11781 4 16697
11782 0 16688
11782 1 16707
11782 2 16694
11782 3 16696
11783 0 16688
11783 1 16689
11783 2 16694
11783 3 16690
11783 4 16697
11784 0 16688
11784 1 16689
11784 2 16694
11784 3 16690
11785 0 16688
11785 1 16693
11785 2 16694
11785 3 16690
11785 4 16695
11786 0 16688
11786 1 16693
11786 2 16694
11786 3 16690
11787 0 16688
11787 1 16707
11787 2 16694
11787 3 16698
11788 0 16688
11788 1 16693
11788 2 16694
11788 3 16690
11789 0 16688
11789 1 16707
11789 2 16694
11789 3 16696
11790 0 16688
11790 1 16693
11790 2 16694
11790 3 16690
11790 4 16697
11791 0 16688
11791 1 16689
11791 2 16694
11791 3 16690
11791 4 16697
11792 0 16688
11792 1 16689
11792 2 16708
11792 3 16696
11793 0 16688
11793 1 16689
11793 2 16694
11793 3 16690
11793 4 16695
11794 0 16688
11794 1 16689
11794 2 16694
11794 3 16696
11794 4 16695
11795 0 16688
11795 1 16707
11795 2 16694
11795 3 16696
11795 4 16697
11796 0 16688
11796 1 16693
11796 2 16694
11796 3 16690
11796 4 16697
11797 0 16688
11797 1 16689
11797 2 16694
11797 3 16696
11798 0 16688
11798 1 16707
11798 2 16694
11798 3 16698
11798 4 16697
11799 0 16688
11799 1 16693
11799 2 16694
11799 3 16690
11799 4 16697
11800 0 16688
11800 1 16689
11800 2 16694
11800 3 16696
11801 0 16688
11801 1 16689
11801 2 16694
11801 3 16690
11801 4 16695
11802 0 16688
11802 1 16693
11802 2 16694
11802 3 16696
11803 0 16688
11803 1 16707
11803 2 16694
11803 3 16696
11803 4 16695
11804 0 16688
11804 1 16689
11804 2 16694
11804 3 16696
11804 4 16697
11805 0 16688
11805 1 16689
11805 2 16694
11805 3 16690
11806 0 16692
11806 1 16689
11806 2 16694
11806 3 16696
11806 4 16697
11807 0 16688
11807 1 16689
11807 2 16694
11807 3 16690
11807 4 16697
11808 0 16688
11808 1 16689
11808 2 16694
11808 3 16690
11809 0 16688
11809 1 16693
11809 2 16694
11809 3 16690
11810 0 16688
11810 1 16707
11810 2 16694
11810 3 16696
11810 4 16697
11811 0 16688
11811 1 16689
11811 2 16691
11811 3 16698
11812 0 16688
11812 1 16689
11812 2 16694
11812 3 16696
11812 4 16697
11813 0 16688
11813 1 16689
11813 2 16694
11813 3 16690
11813 4 16695
11814 0 16688
11814 1 16707
11814 2 16694
11814 3 16698
11815 0 16688
11815 1 16707
11815 2 16694
11815 3 16690
11815 4 16697
11816 0 16688
11816 1 16693
11816 2 16694
11816 3 16696
11817 0 16688
11817 1 16707
11817 2 16694
11817 3 16690
11817 4 16697
11818 0 16692
11818 1 16689
11818 2 16694
11818 3 16696
11818 4 16697
11819 0 16688
11819 1 16693
11819 3 16690
11820 0 16688
11820 1 16693
11820 2 16694
11820 3 16696
11820 4 16695
11821 0 16688
11821 1 16689
11821 2 16694
11821 3 16698
11821 4 16695
11822 0 16688
11822 1 16693
11822 2 16694
11822 3 16690
11823 0 16688
11823 1 16689
11823 2 16694
11823 3 16690
11823 4 16697
11824 0 16688
11824 1 16707
11824 2 16694
11824 3 16696
11824 4 16695
11825 0 16688
11825 1 16693
11825 2 16694
11825 3 16696
11825 4 16697
11826 0 16688
11826 1 16689
11826 2 16694
11826 3 16698
11826 4 16697
11827 0 16688
11827 1 16693
11827 2 16694
11827 3 16696
11827 4 16697
11828 0 16688
11828 1 16689
11828 2 16694
11828 3 16690
11829 0 16688
11829 1 16689
11829 2 16694
11829 3 16696
11830 0 16688
11830 1 16693
11830 2 16691
11830 3 16698
11830 4 16697
11831 0 16688
11831 1 16707
11831 2 16694
11831 3 16690
11831 4 16695
11832 0 16688
11832 1 16689
11832 2 16694
11832 3 16696
11833 0 16688
11833 1 16693
11833 2 16694
11833 3 16696
11834 0 16688
11834 1 16689
11834 2 16694
11834 3 16696
11835 0 16688
11835 1 16689
11835 2 16691
11835 3 16698
11836 0 16688
11836 1 16707
11836 2 16694
11836 3 16690
11836 4 16695
11837 0 16688
11837 1 16689
11837 2 16694
11837 3 16690
11837 4 16695
11838 0 16688
11838 1 16693
11838 2 16708
11838 3 16698
11839 0 16688
11839 1 16693
11839 2 16694
11839 3 16690
11839 4 16697
11840 0 16688
11840 1 16689
11840 2 16694
11840 3 16690
11840 4 16697
11841 0 16688
11841 1 16693
11841 2 16694
11841 3 16696
11842 0 16688
11842 1 16693
11842 2 16694
11842 3 16696
11842 4 16697
11843 0 16688
11843 1 16707
11843 2 16694
11843 3 16696
11843 4 16695
11844 0 16688
11844 1 16707
11844 2 16694
11844 3 16690
11844 4 16695
11845 0 16688
11845 1 16689
11845 2 16694
11845 3 16690
11845 4 16697
11846 0 16688
11846 1 16693
11846 2 16694
11846 3 16698
11847 0 16688
11847 1 16689
11847 2 16694
11847 3 16696
11848 0 16688
11848 1 16689
11848 2 16694
11848 3 16690
11849 0 16701
11849 1 16693
11849 2 16694
11849 3 16690
11849 4 16695
11850 0 16688
11850 1 16707
11850 2 16694
11850 3 16696
11851 0 16688
11851 1 16707
11851 2 16694
11851 3 16690
11851 4 16697
11852 0 16688
11852 1 16707
11852 2 16694
11852 3 16690
11853 0 16714
11853 1 16700
11853 2 16716
11853 3 16696
11853 4 16697
11854 0 16714
11854 1 16689
11854 2 16708
11854 3 16709
11855 0 16731
11855 1 16693
11855 2 16703
11855 3 16696
11855 4 16697
11856 0 16712
11856 1 16693
11856 2 16718
11856 3 16690
11857 0 16714
11857 1 16693
11857 2 16694
11857 3 16709
11857 4 16695
11858 0 16714
11858 1 16707
11858 2 16694
11858 3 16696
11858 4 16697
11859 0 16688
11859 1 16693
11859 2 16691
11859 3 16690
11860 0 16701
11860 1 16707
11860 2 16704
11860 3 16696
11860 4 16697
11861 0 16731
11861 1 16693
11861 2 16694
11861 3 16698
11861 4 16697
11862 0 16702
11862 1 16693
11862 2 16703
11862 3 16698
11863 0 16688
11863 1 16700
11863 2 16694
11863 3 16690
11863 4 16697
11864 0 16688
11864 1 16707
11864 2 16694
11864 3 16696
11864 4 16697
11865 0 16692
11865 1 16693
11865 2 16694
11865 3 16698
11865 4 16695
11866 0 16714
11866 1 16689
11866 2 16694
11866 3 16696
11866 4 16697
11867 0 16717
11867 1 16689
11867 2 16726
11867 3 16696
11867 4 16697
11868 0 16731
11868 1 16693
11868 2 16694
11868 3 16698
11868 4 16697
11869 0 16688
11869 1 16693
11869 2 16718
11869 3 16698
11869 4 16695
11870 0 16719
11870 1 16689
11870 2 16708
11870 3 16696
11871 0 16714
11871 1 16689
11871 2 16708
11871 3 16723
11872 0 16714
11872 1 16707
11872 2 16694
11872 3 16690
11872 4 16697
11873 0 16692
11873 1 16689
11873 2 16694
11873 3 16696
11873 4 16695
11874 0 16688
11874 1 16689
11874 2 16691
11874 3 16723
11875 0 16714
11875 1 16693
11875 2 16716
11875 3 16698
11875 4 16697
11876 0 16688
11876 1 16689
11876 2 16691
11876 3 16690
11877 0 16688
11877 1 16707
11877 2 16694
11877 3 16698
11877 4 16695
11878 0 16688
11878 1 16707
11878 2 16694
11878 3 16698
11878 4 16697
11879 0 16688
11879 1 16707
11879 2 16694
11879 3 16690
11879 4 16697
11880 0 16721
11880 1 16707
11880 2 16694
11880 3 16698
11881 0 16721
11881 1 16707
11881 2 16694
11881 3 16690
11881 4 16697
11882 0 16688
11882 1 16707
11882 2 16694
11882 3 16690
11882 4 16695
11883 0 16688
11883 1 16707
11883 2 16716
11883 3 16698
11883 4 16695
11884 0 16688
11884 1 16693
11884 2 16691
11884 3 16698
11885 0 16688
11885 1 16700
11885 2 16708
11885 3 16698
11886 0 16692
11886 1 16707
11886 2 16704
11886 3 16690
11886 4 16697
11887 0 16705
11887 1 16689
11887 2 16708
11887 3 16698
11888 0 16713
11888 1 16689
11888 2 16708
11888 3 16709
11889 0 16688
11889 1 16689
11889 2 16708
11889 3 16698
11890 0 16688
11890 1 16689
11890 2 16708
11890 3 16723
11891 0 16688
11891 1 16693
11891 2 16706
11891 3 16690
11891 4 16697
11892 0 16688
11892 1 16700
11892 2 16708
11892 3 16696
11893 0 16688
11893 1 16693
11893 2 16704
11893 3 16709
11893 4 16697
11894 0 16688
11894 1 16689
11894 2 16694
11894 3 16696
11895 0 16719
11895 1 16700
11895 2 16694
11895 3 16698
11896 0 16713
11896 1 16693
11896 2 16694
11896 3 16709
11897 0 16688
11897 1 16689
11897 2 16703
11897 3 16709
11898 0 16688
11898 1 16693
11898 2 16691
11898 3 16690
11899 0 16688
11899 1 16689
11899 2 16708
11899 3 16698
11900 0 16688
11900 1 16689
11900 2 16704
11900 3 16690
11900 4 16697
11901 0 16688
11901 1 16689
11901 2 16708
11901 3 16698
11902 0 16688
11902 1 16689
11902 2 16691
11902 3 16698
11903 0 16688
11903 1 16689
11903 2 16708
11903 3 16696
11904 0 16688
11904 1 16689
11904 2 16708
11904 3 16698
11905 0 16688
11905 1 16689
11905 2 16691
11905 3 16690
11906 0 16692
11906 1 16689
11906 2 16694
11906 3 16698
11906 4 16697
11907 0 16688
11907 1 16707
11907 2 16718
11907 3 16698
11907 4 16695
11908 0 16688
11908 1 16689
11908 2 16716
11908 3 16696
11908 4 16697
11909 0 16688
11909 1 16689
11909 2 16708
11909 3 16698
11910 0 16688
11910 1 16689
11910 2 16708
11910 3 16698
11911 0 16688
11911 1 16689
11911 2 16704
11911 3 16698
11911 4 16695
11912 0 16688
11912 1 16689
11912 2 16708
11912 3 16690
11913 0 16688
11913 1 16693
11913 2 16718
11913 3 16698
11914 0 16688
11914 1 16693
11914 2 16704
11914 3 16698
11914 4 16697
11915 0 16688
11915 1 16707
11915 2 16694
11915 3 16698
11915 4 16697
11916 0 16717
11916 1 16707
11916 2 16694
11916 3 16698
11916 4 16697
11917 0 16717
11917 1 16693
11917 2 16694
11917 3 16698
11917 4 16697
11918 0 16688
11918 1 16700
11918 2 16708
11918 3 16696
11919 0 16688
11919 1 16689
11919 2 16708
11919 3 16698
11920 0 16688
11920 1 16707
11920 2 16694
11920 3 16690
11920 4 16697
11921 0 16688
11921 1 16693
11921 2 16727
11921 3 16698
11921 4 16697
11922 0 16688
11922 1 16689
11922 2 16708
11922 3 16698
11923 0 16688
11923 1 16707
11923 2 16694
11923 3 16690
11923 4 16697
11924 0 16688
11924 1 16707
11924 2 16694
11924 3 16696
11924 4 16697
11925 0 16688
11925 1 16689
11925 2 16703
11925 3 16696
11926 0 16688
11926 1 16700
11926 2 16703
11926 3 16696
11927 0 16688
11927 1 16689
11927 2 16708
11927 3 16698
11928 0 16688
11928 1 16700
11928 2 16708
11928 3 16698
11929 0 16688
11929 1 16689
11929 2 16708
11929 3 16698
11930 0 16688
11930 1 16700
11930 2 16708
11930 3 16698
11931 0 16688
11931 1 16700
11931 2 16708
11931 3 16696
11932 0 16688
11932 1 16689
11932 2 16708
11932 3 16698
11933 0 16688
11933 1 16689
11933 2 16708
11933 3 16690
11934 0 16688
11934 1 16689
11934 2 16708
11934 3 16698
11935 0 16717
11935 1 16689
11935 2 16694
11935 3 16690
11935 4 16697
11936 0 16688
11936 1 16689
11936 2 16718
11936 3 16698
11937 0 16688
11937 1 16689
11937 2 16694
11937 3 16696
11937 4 16695
11938 0 16688
11938 1 16707
11938 2 16704
11938 3 16698
11938 4 16697
11939 0 16688
11939 1 16693
11939 2 16703
11939 3 16696
11939 4 16697
11940 0 16688
11940 1 16689
11940 2 16704
11940 3 16698
11940 4 16695
11941 0 16688
11941 1 16689
11941 2 16708
11941 3 16698
11942 0 16688
11942 1 16689
11942 2 16708
11942 3 16698
11943 0 16688
11943 1 16689
11943 2 16708
11943 3 16709
11944 0 16688
11944 1 16700
11944 2 16708
11944 3 16698
11945 0 16688
11945 1 16700
11945 2 16708
11945 3 16698
11946 0 16688
11946 1 16693
11946 2 16718
11946 3 16698
11947 0 16688
11947 1 16693
11947 2 16704
11947 3 16698
11947 4 16697
11948 0 16688
11948 1 16689
11948 2 16703
11948 3 16696
11948 4 16697
11949 0 16688
11949 1 16693
11949 2 16704
11949 3 16698
11949 4 16695
11950 0 16712
11950 1 16707
11950 2 16704
11950 3 16698
11950 4 16695
11951 0 16688
11951 1 16689
11951 2 16694
11951 3 16698
11951 4 16695
11952 0 16688
11952 1 16707
11952 2 16694
11952 3 16696
11952 4 16697
11953 0 16705
11953 1 16689
11953 2 16694
11953 3 16696
11953 4 16697
11954 0 16688
11954 1 16689
11954 2 16704
11954 3 16698
11954 4 16697
11955 0 16688
11955 1 16707
11955 2 16694
11955 3 16690
11955 4 16697
11956 0 16688
11956 1 16693
11956 2 16703
11956 3 16698
11956 4 16695
11957 0 16688
11957 1 16689
11957 2 16708
11957 3 16723
11958 0 16725
11958 1 16693
11958 2 16716
11958 3 16690
11958 4 16695
11959 0 16688
11959 1 16689
11959 2 16708
11959 3 16690
11960 0 16688
11960 1 16693
11960 2 16703
11960 3 16690
11961 0 16721
11961 1 16693
11961 2 16694
11961 3 16696
11961 4 16695
11962 0 16688
11962 1 16693
11962 2 16704
11962 3 16690
11963 0 16688
11963 1 16700
11963 2 16703
11963 3 16723
11964 0 16688
11964 1 16693
11964 2 16694
11964 3 16709
11964 4 16695
11965 0 16719
11965 1 16689
11965 2 16694
11965 3 16690
11966 0 16692
11966 1 16707
11966 2 16694
11966 3 16690
11966 4 16697
11967 0 16692
11967 1 16689
11967 2 16694
11967 3 16698
11968 0 16688
11968 1 16693
11968 2 16694
11968 3 16696
11968 4 16695
11969 0 16688
11969 1 16689
11969 2 16704
11969 3 16698
11969 4 16697
11970 0 16688
11970 1 16689
11970 2 16694
11970 3 16698
11970 4 16697
11971 0 16688
11971 1 16689
11971 2 16703
11971 3 16709
11971 4 16695
11972 0 16702
11972 1 16693
11972 2 16703
11972 3 16698
11973 0 16717
11973 1 16693
11973 2 16694
11973 3 16698
11973 4 16697
11974 0 16688
11974 1 16689
11974 2 16718
11974 3 16698
11975 0 16688
11975 1 16689
11975 2 16694
11975 3 16698
11976 0 16688
11976 1 16689
11976 2 16708
11976 3 16709
11977 0 16688
11977 1 16693
11977 2 16694
11977 3 16690
11977 4 16697
11978 0 16688
11978 1 16693
11978 2 16716
11978 3 16698
11978 4 16697
11979 0 16688
11979 1 16689
11979 2 16708
11979 3 16698
11980 0 16688
11980 1 16693
11980 2 16691
11980 3 16690
11981 0 16688
11981 1 16689
11981 2 16708
11981 3 16696
11982 0 16688
11982 1 16689
11982 2 16708
11982 3 16723
11983 0 16688
11983 1 16689
11983 2 16708
11983 3 16698
11984 0 16714
11984 1 16689
11984 2 16694
11984 3 16690
11984 4 16695
11985 0 16688
11985 1 16693
11985 2 16694
11985 3 16709
11985 4 16695
11986 0 16688
11986 1 16700
11986 2 16708
11986 3 16723
11987 0 16688
11987 1 16689
11987 2 16708
11987 3 16698
11988 0 16688
11988 1 16700
11988 2 16708
11988 3 16696
11989 0 16717
11989 1 16707
11989 2 16694
11989 3 16698
11989 4 16697
11990 0 16717
11990 1 16693
11990 2 16703
11990 3 16698
11990 4 16697
11991 0 16717
11991 1 16693
11991 2 16703
11991 3 16698
11991 4 16697
11992 0 16688
11992 1 16700
11992 2 16708
11992 3 16709
11993 0 16688
11993 1 16689
11993 2 16694
11993 3 16696
11993 4 16728
11994 0 16688
11994 1 16689
11994 2 16708
11994 3 16723
11995 0 16717
11995 1 16693
11995 2 16716
11995 3 16698
11995 4 16695
11996 0 16688
11996 1 16689
11996 2 16708
11996 3 16698
11997 0 16688
11997 1 16700
11997 2 16708
11997 3 16698
11998 0 16688
11998 1 16693
11998 2 16716
11998 3 16698
11998 4 16697
11999 0 16688
11999 1 16707
11999 2 16694
11999 3 16698
11999 4 16697
12000 0 16688
12000 1 16689
12000 2 16708
12000 3 16709
12001 0 16688
12001 1 16693
12001 2 16718
12001 3 16696
12001 4 16697
12002 0 16688
12002 1 16689
12002 2 16708
12002 3 16698
12003 0 16688
12003 1 16693
12003 2 16691
12003 3 16698
12004 0 16688
12004 1 16707
12004 2 16704
12004 3 16696
12004 4 16697
12005 0 16688
12005 1 16693
12005 2 16699
12005 3 16696
12006 0 16688
12006 1 16693
12006 2 16694
12006 3 16709
12006 4 16697
12007 0 16717
12007 1 16689
12007 2 16708
12007 3 16709
12008 0 16688
12008 1 16689
12008 2 16694
12008 3 16690
12009 0 16688
12009 1 16689
12009 2 16708
12009 3 16696
12010 0 16688
12010 1 16693
12010 2 16694
12010 3 16709
12010 4 16697
12011 0 16688
12011 1 16689
12011 2 16694
12011 3 16690
12011 4 16697
12012 0 16702
12012 1 16689
12012 2 16716
12012 3 16698
12012 4 16695
12013 0 16688
12013 1 16700
12013 2 16703
12013 3 16696
12014 0 16688
12014 1 16700
12014 2 16703
12014 3 16698
12015 0 16717
12015 1 16693
12015 2 16704
12015 3 16698
12015 4 16695
12016 0 16688
12016 1 16693
12016 2 16703
12016 3 16696
12017 0 16688
12017 1 16700
12017 2 16703
12017 3 16696
12018 0 16719
12018 1 16700
12018 2 16708
12018 3 16696
12019 0 16688
12019 1 16689
12019 2 16703
12019 3 16698
12019 4 16697
12020 0 16688
12020 1 16689
12020 2 16703
12020 3 16698
12021 0 16688
12021 1 16689
12021 2 16708
12021 3 16696
12022 0 16688
12022 1 16689
12022 2 16703
12022 3 16698
12022 4 16697
12023 0 16688
12023 1 16693
12023 2 16710
12023 3 16696
12024 0 16721
12024 1 16689
12024 2 16694
12024 3 16698
12024 4 16695
12025 0 16688
12025 1 16689
12025 2 16703
12025 3 16698
12026 0 16688
12026 1 16707
12026 2 16694
12026 3 16698
12026 4 16697
12027 0 16688
12027 1 16689
12027 2 16708
12027 3 16723
12028 0 16688
12028 1 16693
12028 2 16703
12028 3 16698
12029 0 16688
12029 1 16689
12029 2 16708
12029 3 16696
12030 0 16688
12030 1 16689
12030 2 16694
12030 3 16723
12030 4 16695
12031 0 16688
12031 1 16700
12031 2 16716
12031 3 16690
12031 4 16697
12032 0 16688
12032 1 16689
12032 2 16708
12032 3 16698
12033 0 16688
12033 1 16689
12033 2 16708
12033 3 16698
12034 0 16705
12034 1 16689
12034 2 16708
12034 3 16698
12035 0 16688
12035 1 16693
12035 2 16694
12035 3 16690
12035 4 16697
12036 0 16688
12036 1 16700
12036 2 16708
12036 3 16696
12037 0 16688
12037 1 16707
12037 2 16694
12037 3 16696
12037 4 16697
12038 0 16719
12038 1 16693
12038 2 16703
12038 3 16698
12039 0 16688
12039 1 16693
12039 2 16704
12039 3 16698
12039 4 16697
12040 0 16688
12040 1 16693
12040 2 16716
12040 3 16698
12040 4 16695
12041 0 16688
12041 1 16689
12041 2 16694
12041 3 16698
12042 0 16688
12042 1 16689
12042 2 16708
12042 3 16709
12043 0 16702
12043 1 16693
12043 2 16704
12043 3 16698
12043 4 16695
12044 0 16688
12044 1 16707
12044 2 16716
12044 3 16698
12044 4 16695
12045 0 16688
12045 1 16693
12045 2 16704
12045 3 16690
12045 4 16695
12046 0 16688
12046 1 16693
12046 3 16698
12046 4 16695
12047 0 16688
12047 1 16700
12047 2 16694
12047 3 16698
12047 4 16697
12048 0 16717
12048 1 16693
12048 2 16694
12048 3 16698
12048 4 16697
12049 0 16702
12049 1 16707
12049 2 16716
12049 3 16698
12049 4 16697
12050 0 16688
12050 1 16689
12050 2 16694
12050 3 16698
12050 4 16697
12051 0 16713
12051 1 16689
12051 2 16694
12051 3 16698
12051 4 16695
12052 0 16705
12052 1 16693
12052 2 16694
12052 3 16690
12052 4 16697
12053 0 16702
12053 1 16689
12053 3 16696
12053 4 16697
12054 0 16688
12054 1 16693
12054 2 16694
12054 3 16690
12054 4 16695
12055 0 16731
12055 1 16693
12055 2 16694
12055 3 16690
12055 4 16695
12056 0 16692
12056 1 16707
12056 2 16694
12056 3 16698
12056 4 16697
12057 0 16713
12057 1 16689
12057 2 16694
12057 3 16709
12057 4 16695
12058 0 16712
12058 1 16689
12058 2 16694
12058 3 16690
12058 4 16697
12059 0 16688
12059 1 16689
12059 2 16694
12059 3 16690
12059 4 16697
12060 0 16688
12060 1 16689
12060 2 16691
12060 3 16709
12061 0 16688
12061 1 16689
12061 2 16708
12061 3 16698
12062 0 16688
12062 1 16689
12062 2 16708
12062 3 16709
12063 0 16688
12063 1 16689
12063 2 16708
12063 3 16696
12064 0 16712
12064 1 16700
12064 2 16694
12064 3 16698
12064 4 16697
12065 0 16688
12065 1 16689
12065 2 16708
12065 3 16698
12066 0 16688
12066 1 16700
12066 2 16703
12066 3 16709
12066 4 16695
12067 0 16688
12067 1 16700
12067 2 16708
12067 3 16698
12068 0 16688
12068 1 16693
12068 2 16691
12068 3 16690
12069 0 16688
12069 1 16700
12069 2 16708
12069 3 16698
12070 0 16688
12070 1 16693
12070 2 16699
12070 3 16698
12070 4 16697
12071 0 16688
12071 1 16689
12071 2 16704
12071 3 16690
12071 4 16697
12072 0 16719
12072 1 16689
12072 2 16703
12072 3 16696
12073 0 16688
12073 1 16700
12073 2 16694
12073 3 16690
12074 0 16688
12074 1 16689
12074 2 16703
12074 3 16723
12075 0 16688
12075 1 16689
12075 2 16727
12075 3 16690
12075 4 16697
12076 0 16712
12076 1 16689
12076 2 16694
12076 3 16698
12076 4 16695
12077 0 16688
12077 1 16707
12077 2 16694
12077 3 16698
12077 4 16697
12078 0 16705
12078 1 16689
12078 2 16708
12078 3 16696
12079 0 16688
12079 1 16689
12079 2 16708
12079 3 16709
12080 0 16688
12080 1 16689
12080 2 16694
12080 3 16723
12080 4 16695
12081 0 16688
12081 1 16689
12081 2 16691
12081 3 16709
12082 0 16688
12082 1 16689
12082 2 16694
12082 3 16696
12082 4 16697
12083 0 16702
12083 1 16693
12083 2 16703
12083 3 16698
12084 0 16688
12084 1 16693
12084 2 16694
12084 3 16690
12085 0 16688
12085 1 16693
12085 2 16704
12085 3 16698
12085 4 16697
12086 0 16688
12086 1 16693
12086 2 16703
12086 3 16709
12086 4 16695
12087 0 16688
12087 1 16689
12087 2 16708
12087 3 16723
12088 0 16688
12088 1 16689
12088 2 16703
12088 3 16698
12089 0 16688
12089 1 16700
12089 2 16703
12089 3 16698
12090 0 16688
12090 1 16700
12090 2 16708
12090 3 16698
12091 0 16688
12091 1 16693
12091 2 16703
12091 3 16698
12092 0 16688
12092 1 16689
12092 2 16708
12092 3 16698
12093 0 16702
12093 1 16689
12093 2 16716
12093 3 16709
12093 4 16697
12094 0 16688
12094 1 16689
12094 2 16691
12094 3 16698
12094 4 16695
12095 0 16717
12095 1 16689
12095 2 16704
12095 3 16698
12096 0 16721
12096 1 16693
12096 2 16694
12096 3 16690
12096 4 16728
12097 0 16688
12097 1 16693
12097 2 16703
12097 3 16690
12097 4 16697
12098 0 16688
12098 1 16689
12098 2 16708
12098 3 16723
12099 0 16688
12099 1 16700
12099 2 16703
12099 3 16696
12099 4 16697
12100 0 16688
12100 1 16689
12100 2 16704
12100 3 16709
12100 4 16695
12101 0 16688
12101 1 16689
12101 2 16708
12101 3 16690
12102 0 16702
12102 1 16693
12102 2 16703
12102 3 16696
12102 4 16695
12103 0 16688
12103 1 16689
12103 2 16718
12103 3 16690
12104 0 16688
12104 1 16689
12104 2 16708
12104 3 16696
12105 0 16688
12105 1 16689
12105 2 16708
12105 3 16698
12106 0 16721
12106 1 16689
12106 2 16708
12106 3 16723
12107 0 16688
12107 1 16707
12107 2 16694
12107 3 16698
12107 4 16697
12108 0 16717
12108 1 16693
12108 2 16694
12108 3 16696
12108 4 16695
12109 0 16688
12109 1 16689
12109 2 16694
12109 3 16698
12109 4 16697
12110 0 16688
12110 1 16689
12110 2 16699
12110 3 16698
12110 4 16695
12111 0 16688
12111 1 16689
12111 2 16694
12111 3 16696
12111 4 16697
12112 0 16702
12112 1 16707
12112 2 16694
12112 3 16698
12112 4 16697
12113 0 16688
12113 1 16700
12113 2 16703
12113 3 16698
12113 4 16697
12114 0 16688
12114 1 16689
12114 2 16694
12114 3 16690
12114 4 16697
12115 0 16688
12115 1 16693
12115 3 16698
12116 0 16688
12116 1 16693
12116 2 16694
12116 3 16698
12116 4 16697
12117 0 16688
12117 1 16689
12117 2 16708
12117 3 16698
12118 0 16688
12118 1 16689
12118 2 16694
12118 3 16698
12118 4 16697
12119 0 16688
12119 1 16693
12119 2 16718
12119 3 16690
12119 4 16697
12120 0 16688
12120 1 16689
12120 2 16704
12120 3 16690
12121 0 16688
12121 1 16693
12121 2 16694
12121 3 16698
12121 4 16695
12122 0 16688
12122 1 16689
12122 2 16716
12122 3 16698
12122 4 16697
12123 0 16688
12123 1 16693
12123 2 16691
12123 3 16698
12124 0 16688
12124 1 16693
12124 2 16691
12124 3 16698
12125 0 16688
12125 1 16689
12125 2 16691
12125 3 16698
12126 0 16688
12126 1 16689
12126 2 16708
12126 3 16698
12127 0 16717
12127 1 16693
12127 2 16716
12127 3 16698
12127 4 16697
12128 0 16688
12128 1 16689
12128 2 16708
12128 3 16698
12129 0 16692
12129 1 16689
12129 2 16694
12129 3 16698
12129 4 16695
12130 0 16721
12130 1 16693
12130 2 16708
12130 3 16698
12131 0 16688
12131 1 16693
12131 2 16706
12131 3 16698
12131 4 16697
12132 0 16717
12132 1 16693
12132 2 16703
12132 3 16698
12132 4 16697
12133 0 16688
12133 1 16700
12133 2 16703
12133 3 16696
12133 4 16695
12134 0 16688
12134 1 16693
12134 2 16703
12134 3 16698
12134 4 16697
12135 0 16688
12135 1 16693
12135 2 16704
12135 3 16690
12136 0 16702
12136 1 16693
12136 2 16706
12136 3 16690
12136 4 16695
12137 0 16688
12137 1 16693
12137 2 16694
12137 3 16698
12137 4 16695
12138 0 16688
12138 1 16693
12138 2 16694
12138 3 16698
12138 4 16695
12139 0 16702
12139 1 16689
12139 2 16703
12139 3 16698
12139 4 16697
12140 0 16688
12140 1 16689
12140 2 16708
12140 3 16698
12141 0 16713
12141 1 16693
12141 2 16716
12141 3 16696
12141 4 16697
12142 0 16688
12142 1 16693
12142 2 16718
12142 3 16698
12142 4 16695
12143 0 16702
12143 1 16707
12143 2 16694
12143 3 16696
12143 4 16697
12144 0 16721
12144 1 16689
12144 2 16708
12144 3 16709
12145 0 16688
12145 1 16689
12145 2 16691
12145 3 16690
12146 0 16688
12146 1 16700
12146 2 16708
12146 3 16709
12147 0 16721
12147 1 16693
12147 2 16708
12147 3 16690
12148 0 16717
12148 1 16689
12148 2 16703
12148 3 16696
12148 4 16695
12149 0 16688
12149 1 16689
12149 2 16718
12149 3 16696
12149 4 16697
12150 0 16688
12150 1 16689
12150 2 16708
12150 3 16698
12151 0 16717
12151 1 16693
12151 2 16694
12151 3 16690
12151 4 16697
12152 0 16688
12152 1 16689
12152 2 16694
12152 3 16696
12153 0 16688
12153 1 16693
12153 2 16694
12153 3 16698
12153 4 16695
12154 0 16731
12154 1 16689
12154 2 16706
12154 3 16696
12154 4 16697
12155 0 16688
12155 1 16689
12155 2 16694
12155 3 16696
12155 4 16695
12156 0 16688
12156 1 16700
12156 2 16703
12156 3 16709
12157 0 16688
12157 1 16707
12157 2 16694
12157 3 16696
12157 4 16697
12158 0 16688
12158 1 16689
12158 2 16708
12158 3 16698
12159 0 16713
12159 1 16689
12159 2 16694
12159 3 16698
12159 4 16695
12160 0 16713
12160 1 16689
12160 2 16694
12160 3 16709
12160 4 16697
12161 0 16719
12161 1 16693
12161 2 16694
12161 3 16709
12162 0 16717
12162 1 16693
12162 2 16694
12162 3 16698
12162 4 16695
12163 0 16688
12163 1 16693
12163 2 16704
12163 3 16690
12163 4 16695
12164 0 16688
12164 1 16689
12164 2 16703
12164 3 16690
12165 0 16688
12165 1 16693
12165 2 16708
12165 3 16698
12166 0 16688
12166 1 16689
12166 2 16694
12166 3 16723
12166 4 16697
12167 0 16702
12167 1 16693
12167 2 16694
12167 3 16696
12167 4 16697
12168 0 16721
12168 1 16693
12168 2 16694
12168 3 16698
12168 4 16697
12169 0 16688
12169 1 16700
12169 2 16708
12169 3 16698
12170 0 16688
12170 1 16689
12170 2 16694
12170 3 16698
12170 4 16695
12171 0 16702
12171 1 16693
12171 2 16703
12171 3 16698
12172 0 16688
12172 1 16707
12172 2 16727
12172 3 16690
12172 4 16695
12173 0 16688
12173 1 16700
12173 2 16703
12173 3 16698
12174 0 16688
12174 1 16693
12174 2 16716
12174 3 16698
12174 4 16695
12175 0 16688
12175 1 16689
12175 2 16708
12175 3 16698
12176 0 16688
12176 1 16689
12176 2 16708
12176 3 16709
12177 0 16688
12177 1 16689
12177 2 16708
12177 3 16696
12178 0 16688
12178 1 16689
12178 2 16708
12178 3 16698
12179 0 16688
12179 1 16689
12179 2 16694
12179 3 16698
12179 4 16697
12180 0 16688
12180 1 16707
12180 2 16694
12180 3 16690
12180 4 16697
12181 0 16688
12181 1 16693
12181 2 16708
12181 3 16696
12182 0 16688
12182 1 16689
12182 2 16708
12182 3 16696
12183 0 16688
12183 1 16693
12183 2 16706
12183 3 16709
12184 0 16712
12184 1 16693
12184 2 16694
12184 3 16690
12184 4 16697
12185 0 16688
12185 1 16693
12185 2 16694
12185 3 16698
12185 4 16697
12186 0 16688
12186 1 16689
12186 2 16708
12186 3 16698
12187 0 16688
12187 1 16689
12187 2 16708
12187 3 16698
12188 0 16688
12188 1 16700
12188 2 16708
12188 3 16709
12189 0 16705
12189 1 16693
12189 2 16694
12189 3 16696
12189 4 16695
12190 0 16688
12190 1 16693
12190 2 16704
12190 3 16698
12190 4 16695
12191 0 16688
12191 1 16689
12191 2 16708
12191 3 16690
12192 0 16705
12192 1 16693
12192 2 16694
12192 3 16696
12192 4 16697
12193 0 16688
12193 1 16700
12193 2 16708
12193 3 16723
12194 0 16692
12194 1 16689
12194 2 16691
12194 3 16698
12195 0 16688
12195 1 16693
12195 2 16710
12195 3 16709
12196 0 16688
12196 1 16700
12196 2 16703
12196 3 16709
12197 0 16688
12197 1 16689
12197 2 16708
12197 3 16696
12198 0 16688
12198 1 16693
12198 3 16696
12199 0 16721
12199 1 16689
12199 2 16708
12199 3 16709
12200 0 16688
12200 1 16693
12200 2 16691
12200 3 16690
12201 0 16688
12201 1 16693
12201 2 16691
12201 3 16696
12202 0 16688
12202 1 16689
12202 2 16708
12202 3 16709
12203 0 16688
12203 1 16693
12203 2 16704
12203 3 16698
12203 4 16697
12204 0 16688
12204 1 16693
12204 2 16727
12204 3 16723
12204 4 16697
12205 0 16688
12205 1 16700
12205 2 16703
12205 3 16696
12206 0 16688
12206 1 16693
12206 2 16691
12206 3 16690
12206 4 16695
12207 0 16688
12207 1 16689
12207 2 16703
12207 3 16709
12208 0 16688
12208 1 16693
12208 2 16718
12208 3 16709
12209 0 16688
12209 1 16700
12209 2 16708
12209 3 16690
12210 0 16688
12210 1 16700
12210 2 16708
12210 3 16690
12211 0 16688
12211 1 16693
12211 2 16691
12211 3 16709
12212 0 16688
12212 1 16700
12212 2 16704
12212 3 16698
12213 0 16688
12213 1 16689
12213 2 16694
12213 3 16698
12213 4 16695
12214 0 16688
12214 1 16693
12214 2 16691
12214 3 16690
12215 0 16688
12215 1 16693
12215 2 16694
12215 3 16696
12216 0 16688
12216 1 16693
12216 2 16691
12216 3 16696
12216 4 16728
12217 0 16688
12217 1 16693
12217 2 16691
12217 3 16696
12218 0 16688
12218 1 16693
12218 2 16691
12218 3 16723
12219 0 16688
12219 1 16693
12219 2 16704
12219 3 16698
12219 4 16697
12220 0 16688
12220 1 16700
12220 2 16703
12220 3 16723
12221 0 16688
12221 1 16689
12221 2 16694
12221 3 16698
12221 4 16697
12222 0 16688
12222 1 16689
12222 2 16694
12222 3 16698
12223 0 16719
12223 1 16689
12223 2 16708
12223 3 16696
12224 0 16688
12224 1 16693
12224 2 16694
12224 3 16698
12225 0 16688
12225 1 16700
12225 2 16708
12225 3 16690
12226 0 16688
12226 1 16689
12226 2 16704
12226 3 16690
12226 4 16697
12227 0 16688
12227 1 16700
12227 2 16703
12227 3 16690
12228 0 16688
12228 1 16689
12228 2 16708
12228 3 16696
12228 4 16695
12229 0 16688
12229 1 16693
12229 2 16716
12229 3 16698
12229 4 16697
12230 0 16721
12230 1 16689
12230 2 16708
12230 3 16696
12231 0 16688
12231 1 16689
12231 2 16716
12231 3 16698
12231 4 16695
12232 0 16688
12232 1 16689
12232 2 16703
12232 3 16723
12233 0 16688
12233 1 16693
12233 2 16699
12233 3 16696
12233 4 16697
12234 0 16688
12234 1 16689
12234 2 16706
12234 3 16698
12234 4 16697
12235 0 16731
12235 1 16689
12235 2 16694
12235 3 16698
12235 4 16697
12236 0 16731
12236 1 16689
12236 2 16694
12236 3 16698
12236 4 16697
12237 0 16731
12237 1 16689
12237 2 16716
12237 3 16690
12237 4 16697
12238 0 16731
12238 1 16693
12238 2 16703
12238 3 16690
12238 4 16695
12239 0 16688
12239 1 16689
12239 2 16716
12239 3 16698
12240 0 16731
12240 1 16689
12240 2 16694
12240 3 16690
12240 4 16695
12241 0 16702
12241 1 16693
12241 2 16703
12241 3 16690
12242 0 16711
12242 1 16689
12242 2 16694
12242 3 16698
12243 0 16688
12243 1 16689
12243 2 16708
12243 3 16709
12244 0 16688
12244 1 16693
12244 2 16703
12244 3 16698
12245 0 16688
12245 1 16689
12245 2 16718
12245 3 16696
12246 0 16692
12246 1 16689
12246 2 16708
12246 3 16709
12247 0 16731
12247 1 16693
12247 2 16694
12247 3 16698
12247 4 16697
12248 0 16688
12248 1 16693
12248 2 16716
12248 3 16690
12248 4 16695
12249 0 16688
12249 1 16693
12249 2 16703
12249 3 16698
12249 4 16695
12250 0 16731
12250 1 16693
12250 2 16694
12250 3 16698
12250 4 16697
12251 0 16702
12251 1 16693
12251 2 16694
12251 3 16709
12251 4 16695
12252 0 16688
12252 1 16693
12252 2 16699
12252 3 16698
12252 4 16695
12253 0 16688
12253 1 16689
12253 2 16694
12253 3 16690
12253 4 16695
12254 0 16721
12254 1 16689
12254 2 16716
12254 3 16698
12255 0 16705
12255 1 16689
12255 2 16694
12255 3 16696
12255 4 16695
12256 0 16688
12256 1 16689
12256 2 16694
12256 3 16690
12256 4 16697
12257 0 16701
12257 1 16689
12257 2 16708
12257 3 16690
12258 0 16688
12258 1 16693
12258 2 16716
12258 3 16698
12258 4 16697
12259 0 16731
12259 1 16693
12259 2 16694
12259 3 16690
12259 4 16697
12260 0 16717
12260 1 16689
12260 2 16703
12260 3 16698
12260 4 16695
12261 0 16688
12261 1 16689
12261 2 16694
12261 3 16698
12261 4 16697
12262 0 16701
12262 1 16689
12262 2 16694
12262 3 16709
12263 0 16721
12263 1 16689
12263 2 16694
12263 3 16709
12264 0 16731
12264 1 16689
12264 2 16706
12264 3 16698
12264 4 16697
12265 0 16731
12265 1 16689
12265 2 16694
12265 3 16698
12266 0 16721
12266 1 16689
12266 2 16694
12266 3 16690
12266 4 16697
12267 0 16702
12267 1 16689
12267 2 16703
12267 3 16696
12267 4 16728
12268 0 16717
12268 1 16689
12268 2 16694
12268 3 16709
12269 0 16702
12269 1 16693
12269 2 16703
12269 3 16698
12270 0 16688
12270 1 16689
12270 2 16727
12270 3 16690
12270 4 16695
12271 0 16688
12271 1 16693
12271 2 16727
12271 3 16690
12271 4 16695
12272 0 16702
12272 1 16689
12272 2 16694
12272 3 16698
12272 4 16697
12273 0 16688
12273 1 16689
12273 2 16694
12273 3 16698
12273 4 16695
12274 0 16688
12274 1 16689
12274 2 16694
12274 3 16709
12274 4 16695
12275 0 16731
12275 1 16689
12275 2 16694
12275 3 16698
12275 4 16697
12276 0 16702
12276 1 16689
12276 2 16694
12276 3 16698
12276 4 16697
12277 0 16688
12277 1 16689
12277 2 16694
12277 3 16690
12277 4 16695
12278 0 16731
12278 1 16693
12278 2 16694
12278 3 16698
12278 4 16697
12279 0 16688
12279 1 16693
12279 2 16727
12279 3 16698
12279 4 16695
12280 0 16731
12280 1 16689
12280 2 16694
12280 3 16698
12280 4 16697
12281 0 16688
12281 1 16700
12281 2 16708
12281 3 16723
12282 0 16702
12282 1 16693
12282 2 16716
12282 3 16709
12282 4 16697
12283 0 16688
12283 1 16693
12283 2 16694
12283 3 16696
12283 4 16697
12284 0 16688
12284 1 16700
12284 3 16690
12285 0 16688
12285 1 16707
12285 2 16727
12285 3 16690
12285 4 16695
12286 0 16688
12286 1 16700
12286 2 16708
12286 3 16696
12287 0 16688
12287 1 16689
12287 2 16694
12287 3 16698
12287 4 16695
12288 0 16688
12288 1 16693
12288 3 16698
12288 4 16697
12289 0 16688
12289 1 16689
12289 2 16708
12289 3 16690
12290 0 16688
12290 1 16689
12290 2 16708
12290 3 16696
12291 0 16688
12291 1 16689
12291 2 16708
12291 3 16696
12292 0 16688
12292 1 16689
12292 2 16708
12292 3 16698
12293 0 16715
12293 1 16707
12293 2 16694
12293 3 16698
12293 4 16697
12294 0 16688
12294 1 16693
12294 2 16699
12294 3 16698
12295 0 16688
12295 1 16693
12295 2 16706
12295 3 16698
12295 4 16697
12296 0 16688
12296 1 16700
12296 2 16703
12296 3 16696
12297 0 16688
12297 1 16689
12297 2 16708
12297 3 16696
12298 0 16721
12298 1 16693
12298 2 16716
12298 3 16690
12298 4 16697
12299 0 16688
12299 1 16693
12299 2 16718
12299 3 16709
12300 0 16688
12300 1 16693
12300 2 16704
12300 3 16698
12301 0 16717
12301 1 16693
12301 2 16718
12301 3 16698
12301 4 16695
12302 0 16688
12302 1 16689
12302 2 16691
12302 3 16690
12303 0 16688
12303 1 16689
12303 2 16706
12303 3 16696
12304 0 16688
12304 1 16693
12304 2 16727
12304 3 16723
12304 4 16695
12305 0 16688
12305 1 16707
12305 2 16694
12305 3 16698
12305 4 16697
12306 0 16688
12306 1 16689
12306 2 16716
12306 3 16690
12307 0 16688
12307 1 16707
12307 2 16727
12307 3 16698
12307 4 16697
12308 0 16688
12308 1 16700
12308 2 16708
12308 3 16709
12309 0 16688
12309 1 16707
12309 2 16694
12309 3 16690
12309 4 16697
12310 0 16688
12310 1 16693
12310 2 16704
12310 3 16698
12310 4 16695
12311 0 16688
12311 1 16693
12311 2 16691
12311 3 16696
12311 4 16695
12312 0 16688
12312 1 16693
12312 2 16694
12312 3 16709
12312 4 16695
12313 0 16688
12313 1 16700
12313 2 16708
12313 3 16698
12314 0 16688
12314 1 16700
12314 2 16708
12314 3 16698
12315 0 16702
12315 1 16693
12315 2 16718
12315 3 16698
12315 4 16697
12316 0 16721
12316 1 16707
12316 2 16694
12316 3 16698
12316 4 16697
12317 0 16721
12317 1 16693
12317 2 16716
12317 3 16698
12317 4 16697
12318 0 16721
12318 1 16693
12318 3 16698
12319 0 16688
12319 1 16693
12319 2 16694
12319 3 16698
12320 0 16688
12320 1 16693
12320 2 16708
12320 3 16690
12321 0 16688
12321 1 16689
12321 2 16694
12321 3 16690
12322 0 16692
12322 1 16707
12322 2 16694
12322 3 16698
12322 4 16695
12323 0 16688
12323 1 16689
12323 2 16708
12323 3 16698
12324 0 16692
12324 1 16689
12324 2 16694
12324 3 16698
12325 0 16688
12325 1 16689
12325 2 16708
12325 3 16698
12326 0 16688
12326 1 16693
12326 2 16694
12326 3 16690
12326 4 16695
12327 0 16712
12327 1 16689
12327 2 16708
12327 3 16698
12328 0 16688
12328 1 16689
12328 2 16708
12328 3 16698
12329 0 16688
12329 1 16707
12329 2 16694
12329 3 16690
12330 0 16688
12330 1 16693
12330 2 16727
12330 3 16690
12331 0 16688
12331 1 16689
12331 2 16704
12331 3 16698
12332 0 16688
12332 1 16689
12332 2 16694
12332 3 16690
12333 0 16688
12333 1 16693
12333 2 16694
12333 3 16690
12334 0 16688
12334 1 16700
12334 2 16703
12334 3 16698
12335 0 16688
12335 1 16693
12335 2 16704
12335 3 16690
12336 0 16688
12336 1 16689
12336 2 16691
12336 3 16698
12337 0 16688
12337 1 16689
12337 2 16708
12337 3 16690
12338 0 16705
12338 1 16693
12338 2 16703
12338 3 16698
12339 0 16688
12339 1 16689
12339 2 16694
12339 3 16690
12340 0 16688
12340 1 16689
12340 2 16704
12340 3 16690
12340 4 16697
12341 0 16688
12341 1 16689
12341 2 16708
12341 3 16698
12342 0 16688
12342 1 16693
12342 2 16704
12342 3 16698
12343 0 16688
12343 1 16689
12343 2 16708
12343 3 16698
12344 0 16688
12344 1 16689
12344 2 16694
12344 3 16698
12345 0 16702
12345 1 16707
12345 2 16694
12345 3 16690
12345 4 16695
12346 0 16688
12346 1 16689
12346 2 16694
12346 3 16696
12346 4 16695
12347 0 16688
12347 1 16693
12347 2 16704
12347 3 16690
12348 0 16712
12348 1 16689
12348 2 16694
12348 3 16698
12349 0 16688
12349 1 16693
12349 2 16703
12349 3 16698
12350 0 16688
12350 1 16707
12350 2 16694
12350 3 16690
12351 0 16688
12351 1 16689
12351 2 16703
12351 3 16698
12352 0 16688
12352 1 16689
12352 2 16703
12352 3 16698
12353 0 16692
12353 1 16693
12353 2 16694
12353 3 16690
12354 0 16688
12354 1 16693
12354 2 16703
12354 3 16698
12355 0 16688
12355 1 16689
12355 2 16708
12355 3 16698
12356 0 16688
12356 1 16689
12356 2 16694
12356 3 16698
12356 4 16697
12357 0 16688
12357 1 16707
12357 2 16694
12357 3 16696
12357 4 16697
12358 0 16688
12358 1 16689
12358 2 16694
12358 3 16698
12358 4 16695
12359 0 16712
12359 1 16689
12359 2 16708
12359 3 16698
12360 0 16688
12360 1 16689
12360 2 16708
12360 3 16698
12361 0 16692
12361 1 16689
12361 2 16694
12361 3 16696
12362 0 16692
12362 1 16689
12362 2 16694
12362 3 16698
12363 0 16688
12363 1 16693
12363 2 16694
12363 3 16698
12364 0 16688
12364 1 16689
12364 2 16703
12364 3 16698
12365 0 16688
12365 1 16689
12365 2 16694
12365 3 16698
12366 0 16692
12366 1 16707
12366 2 16694
12366 3 16696
12367 0 16702
12367 1 16689
12367 2 16703
12367 3 16690
12368 0 16688
12368 1 16689
12368 2 16694
12368 3 16698
12369 0 16688
12369 1 16689
12369 2 16694
12369 3 16690
12370 0 16688
12370 1 16689
12370 2 16694
12370 3 16698
12371 0 16702
12371 1 16693
12371 2 16694
12371 3 16698
12372 0 16688
12372 1 16689
12372 2 16694
12372 3 16698
12373 0 16688
12373 1 16707
12373 2 16694
12373 3 16698
12374 0 16692
12374 1 16689
12374 2 16694
12374 3 16698
12375 0 16702
12375 1 16707
12375 2 16694
12375 3 16690
12376 0 16688
12376 1 16689
12376 2 16694
12376 3 16698
12377 0 16688
12377 1 16689
12377 2 16694
12377 3 16690
12378 0 16692
12378 1 16689
12378 2 16694
12378 3 16690
12379 0 16702
12379 1 16693
12379 2 16694
12379 3 16698
12379 4 16728
12380 0 16688
12380 1 16689
12380 2 16694
12380 3 16698
12381 0 16688
12381 1 16689
12381 2 16703
12381 3 16698
12381 4 16695
12382 0 16688
12382 1 16693
12382 2 16706
12382 3 16690
12383 0 16688
12383 1 16689
12383 2 16708
12383 3 16698
12384 0 16688
12384 1 16693
12384 2 16716
12384 3 16698
12384 4 16728
12385 0 16713
12385 1 16689
12385 2 16694
12385 3 16698
12385 4 16728
12386 0 16688
12386 1 16689
12386 2 16708
12386 3 16698
12387 0 16688
12387 1 16689
12387 2 16727
12387 3 16698
12388 0 16688
12388 1 16689
12388 2 16694
12388 3 16698
12389 0 16688
12389 1 16693
12389 2 16694
12389 3 16690
12390 0 16702
12390 1 16689
12390 2 16694
12390 3 16698
12391 0 16688
12391 1 16689
12391 2 16694
12391 3 16690
12391 4 16728
12392 0 16712
12392 1 16693
12392 2 16694
12393 0 16688
12393 1 16689
12393 2 16708
12393 3 16690
12394 0 16692
12394 1 16689
12394 2 16703
12394 3 16690
12395 0 16713
12395 1 16689
12395 2 16694
12395 3 16698
12396 0 16688
12396 1 16700
12396 2 16718
12396 3 16690
12396 4 16697
12397 0 16688
12397 1 16689
12397 2 16694
12397 3 16698
12397 4 16695
12398 0 16688
12398 1 16689
12398 2 16708
12398 3 16690
12399 0 16688
12399 1 16689
12399 2 16708
12399 3 16709
12400 0 16688
12400 1 16693
12400 2 16718
12400 3 16696
12400 4 16697
12401 0 16688
12401 1 16689
12401 2 16708
12401 3 16723
12402 0 16702
12402 1 16689
12402 2 16694
12402 3 16696
12402 4 16695
12403 0 16688
12403 1 16689
12403 2 16708
12403 3 16723
12404 0 16688
12404 1 16689
12404 2 16708
12404 3 16723
12405 0 16688
12405 1 16689
12405 2 16694
12405 3 16696
12405 4 16695
12406 0 16702
12406 1 16693
12406 2 16694
12406 3 16690
12406 4 16695
12407 0 16688
12407 1 16693
12407 2 16694
12407 3 16709
12407 4 16695
12408 0 16688
12408 1 16693
12408 2 16694
12408 3 16696
12408 4 16695
12409 0 16688
12409 1 16689
12409 2 16718
12409 3 16709
12410 0 16688
12410 1 16693
12410 2 16694
12410 3 16696
12411 0 16688
12411 1 16689
12411 2 16694
12411 3 16709
12412 0 16722
12412 1 16693
12412 2 16694
12412 3 16696
12412 4 16697
12413 0 16717
12413 1 16689
12413 2 16708
12413 3 16723
12414 0 16702
12414 1 16693
12414 2 16699
12414 3 16698
12415 0 16731
12415 1 16693
12415 2 16706
12415 3 16696
12415 4 16697
12416 0 16692
12416 1 16707
12416 2 16704
12416 3 16696
12416 4 16695
12417 0 16688
12417 1 16693
12417 2 16699
12417 3 16723
12417 4 16695
12418 0 16731
12418 1 16693
12418 2 16694
12418 3 16709
12418 4 16697
12419 0 16702
12419 1 16693
12419 2 16694
12419 3 16696
12419 4 16695
12420 0 16688
12420 1 16689
12420 2 16708
12420 3 16723
12421 0 16688
12421 1 16693
12421 2 16704
12421 3 16696
12421 4 16697
12422 0 16692
12422 1 16689
12422 2 16694
12422 3 16690
12422 4 16728
12423 0 16722
12423 1 16689
12423 2 16708
12423 3 16709
12424 0 16688
12424 1 16689
12424 2 16708
12424 3 16709
12425 0 16717
12425 1 16693
12425 2 16694
12425 3 16690
12426 0 16688
12426 1 16689
12426 2 16694
12426 3 16690
12426 4 16695
12427 0 16692
12427 1 16689
12427 2 16694
12427 3 16723
12427 4 16695
12428 0 16688
12428 1 16689
12428 2 16694
12428 3 16709
12428 4 16695
12429 0 16688
12429 1 16693
12429 2 16704
12429 3 16696
12429 4 16697
12430 0 16688
12430 1 16693
12430 2 16694
12430 3 16696
12430 4 16697
12431 0 16717
12431 1 16693
12431 2 16694
12431 3 16698
12432 0 16688
12432 1 16693
12432 2 16718
12432 3 16709
12432 4 16697
12433 0 16688
12433 1 16689
12433 2 16708
12433 3 16709
12434 0 16688
12434 1 16689
12434 2 16708
12434 3 16723
12435 0 16731
12435 1 16693
12435 2 16694
12435 3 16698
12435 4 16695
12436 0 16732
12436 1 16689
12436 2 16694
12436 3 16696
12436 4 16695
12437 0 16688
12437 1 16693
12437 2 16703
12437 3 16698
12437 4 16697
12438 0 16719
12438 1 16689
12438 2 16694
12438 3 16696
12438 4 16697
12439 0 16688
12439 1 16700
12439 2 16694
12439 3 16723
12439 4 16697
12440 0 16688
12440 1 16707
12440 2 16694
12440 3 16723
12440 4 16695
12441 0 16731
12441 1 16693
12441 2 16706
12441 3 16696
12441 4 16697
12442 0 16688
12442 1 16689
12442 2 16694
12442 3 16698
12442 4 16697
12443 0 16701
12443 1 16689
12443 2 16708
12443 3 16696
12444 0 16717
12444 1 16689
12444 2 16694
12444 3 16709
12444 4 16695
12445 0 16688
12445 1 16689
12445 2 16708
12445 3 16709
12446 0 16688
12446 1 16689
12446 2 16708
12446 3 16696
12447 0 16731
12447 1 16693
12447 2 16694
12447 3 16709
12447 4 16695
12448 0 16688
12448 1 16689
12448 2 16708
12448 3 16696
12449 0 16688
12449 1 16693
12449 2 16708
12449 3 16696
12450 0 16688
12450 1 16693
12450 2 16694
12450 3 16698
12451 0 16688
12451 1 16707
12451 2 16694
12451 3 16696
12451 4 16695
12452 0 16688
12452 1 16689
12452 2 16704
12452 3 16723
12452 4 16697
12453 0 16692
12453 1 16689
12453 2 16694
12453 3 16723
12453 4 16695
12454 0 16712
12454 1 16689
12454 2 16694
12454 3 16723
12454 4 16697
12455 0 16688
12455 1 16689
12455 2 16703
12455 3 16698
12456 0 16688
12456 1 16689
12456 2 16703
12456 3 16709
12456 4 16695
12457 0 16688
12457 1 16689
12457 2 16694
12457 3 16690
12457 4 16697
12458 0 16688
12458 1 16689
12458 2 16703
12458 3 16723
12459 0 16688
12459 1 16689
12459 2 16708
12459 3 16696
12460 0 16717
12460 1 16689
12460 2 16694
12460 3 16709
12460 4 16697
12461 0 16712
12461 1 16689
12461 2 16694
12461 3 16709
12461 4 16695
12462 0 16717
12462 1 16693
12462 2 16694
12462 3 16698
12463 0 16688
12463 1 16689
12463 2 16718
12463 3 16696
12463 4 16697
12464 0 16688
12464 1 16689
12464 2 16708
12464 3 16690
12465 0 16688
12465 1 16689
12465 2 16708
12465 3 16698
12466 0 16688
12466 1 16689
12466 2 16708
12466 3 16723
12467 0 16692
12467 1 16689
12467 2 16694
12467 3 16698
12467 4 16697
12468 0 16688
12468 1 16689
12468 2 16703
12468 3 16723
12468 4 16695
12469 0 16688
12469 1 16689
12469 2 16708
12469 3 16709
12470 0 16688
12470 1 16700
12470 2 16703
12470 3 16696
12471 0 16688
12471 1 16689
12471 2 16708
12471 3 16723
12472 0 16688
12472 1 16693
12472 2 16706
12472 3 16698
12472 4 16695
12473 0 16702
12473 1 16693
12473 2 16706
12473 3 16696
12473 4 16695
12474 0 16688
12474 1 16689
12474 2 16708
12474 3 16709
12475 0 16688
12475 1 16689
12475 2 16694
12475 3 16698
12476 0 16688
12476 1 16700
12476 2 16703
12476 3 16709
12476 4 16695
12477 0 16692
12477 1 16689
12477 2 16694
12477 3 16709
12477 4 16697
12478 0 16688
12478 1 16707
12478 2 16694
12478 3 16698
12478 4 16695
12479 0 16688
12479 1 16689
12479 2 16706
12479 3 16698
12479 4 16697
12480 0 16688
12480 1 16689
12480 3 16698
12480 4 16695
12481 0 16688
12481 1 16689
12481 2 16699
12481 3 16698
12481 4 16695
12482 0 16688
12482 1 16689
12482 2 16703
12482 3 16709
12482 4 16697
12483 0 16688
12483 1 16693
12483 2 16694
12484 0 16688
12484 1 16689
12484 2 16706
12484 3 16690
12484 4 16695
12485 0 16688
12485 1 16689
12485 2 16691
12485 3 16696
12486 0 16688
12486 1 16689
12486 2 16708
12486 3 16709
12487 0 16688
12487 1 16689
12487 2 16694
12487 3 16698
12488 0 16688
12488 1 16700
12488 2 16694
12488 3 16696
12488 4 16695
12489 0 16713
12489 1 16689
12489 2 16694
12489 3 16696
12489 4 16695
12490 0 16688
12490 1 16689
12490 2 16708
12490 3 16696
12491 0 16688
12491 1 16700
12491 2 16703
12491 3 16696
12492 0 16688
12492 1 16693
12492 2 16727
12492 3 16696
12492 4 16697
12493 0 16688
12493 1 16700
12493 2 16708
12493 3 16696
12494 0 16688
12494 1 16689
12494 2 16691
12494 3 16696
12495 0 16688
12495 1 16689
12495 2 16694
12495 3 16709
12495 4 16697
12496 0 16688
12496 1 16700
12496 2 16703
12496 3 16696
12497 0 16688
12497 1 16689
12497 2 16694
12497 3 16709
12497 4 16697
12498 0 16688
12498 1 16700
12498 2 16708
12498 3 16690
12499 0 16692
12499 1 16689
12499 2 16694
12499 3 16698
12499 4 16695
12500 0 16688
12500 1 16689
12500 2 16708
12500 3 16709
12501 0 16688
12501 1 16700
12501 2 16694
12501 3 16690
12502 0 16688
12502 1 16689
12502 2 16694
12502 3 16723
12502 4 16697
12503 0 16688
12503 1 16689
12503 2 16703
12503 3 16696
12503 4 16695
12504 0 16688
12504 1 16693
12504 2 16691
12504 3 16709
12505 0 16692
12505 1 16689
12505 2 16694
12505 3 16696
12506 0 16688
12506 1 16689
12506 2 16708
12506 3 16690
12507 0 16688
12507 1 16689
12507 2 16718
12507 3 16723
12508 0 16688
12508 1 16689
12508 2 16708
12508 3 16690
12509 0 16688
12509 1 16689
12509 2 16691
12509 3 16698
12510 0 16702
12510 1 16693
12510 2 16718
12510 3 16696
12511 0 16688
12511 1 16689
12511 2 16708
12511 3 16723
12512 0 16688
12512 1 16689
12512 2 16694
12512 3 16696
12512 4 16697
12513 0 16688
12513 1 16693
12513 2 16694
12513 3 16698
12514 0 16688
12514 1 16693
12514 2 16694
12514 3 16698
12515 0 16688
12515 1 16693
12515 2 16694
12515 3 16698
12516 0 16688
12516 1 16693
12516 2 16694
12516 3 16698
12517 0 16688
12517 1 16693
12517 2 16694
12518 0 16688
12518 1 16693
12518 2 16694
12518 3 16698
12519 0 16688
12519 1 16693
12519 2 16694
12520 0 16688
12520 1 16693
12520 2 16694
12520 3 16698
12521 0 16688
12521 1 16689
12521 2 16708
12521 3 16698
12522 0 16688
12522 1 16689
12522 2 16718
12522 3 16698
12522 4 16697
12523 0 16688
12523 1 16689
12523 2 16703
12523 3 16698
12523 4 16697
12524 0 16688
12524 1 16689
12524 2 16703
12524 3 16698
12524 4 16697
12525 0 16688
12525 1 16689
12525 2 16703
12525 3 16698
12526 0 16688
12526 1 16689
12526 2 16691
12526 3 16698
12526 4 16697
12527 0 16688
12527 1 16689
12527 2 16708
12527 3 16698
12528 0 16725
12528 1 16689
12528 2 16703
12528 3 16690
12529 0 16688
12529 1 16689
12529 2 16710
12529 3 16698
12529 4 16697
12530 0 16688
12530 1 16693
12530 2 16704
12530 3 16698
12530 4 16697
12531 0 16688
12531 1 16689
12531 2 16708
12531 3 16698
12532 0 16688
12532 1 16693
12532 3 16698
12532 4 16697
12533 0 16688
12533 1 16689
12533 2 16710
12533 3 16696
12534 0 16688
12534 1 16693
12534 2 16694
12534 3 16690
12534 4 16695
12535 0 16717
12535 1 16693
12535 2 16703
12535 3 16690
12535 4 16728
12536 0 16721
12536 1 16707
12536 2 16694
12536 3 16690
12536 4 16695
12537 0 16721
12537 1 16700
12537 2 16716
12537 3 16698
12538 0 16688
12538 1 16693
12538 2 16694
12538 3 16698
12539 0 16721
12539 1 16689
12539 2 16694
12539 3 16698
12539 4 16695
12540 0 16721
12540 1 16707
12540 2 16694
12540 3 16696
12540 4 16695
12541 0 16688
12541 1 16700
12541 2 16716
12541 3 16690
12542 0 16688
12542 1 16693
12542 2 16691
12542 3 16698
12543 0 16688
12543 1 16689
12543 2 16691
12543 3 16698
12544 0 16688
12544 1 16700
12544 2 16703
12544 3 16690
12545 0 16688
12545 1 16689
12545 2 16703
12545 3 16698
12546 0 16688
12546 1 16689
12546 2 16718
12546 3 16698
12547 0 16688
12547 1 16700
12547 2 16708
12547 3 16696
12548 0 16688
12548 1 16693
12548 2 16708
12548 3 16698
12549 0 16702
12549 1 16689
12549 2 16703
12549 3 16696
12550 0 16688
12550 1 16689
12550 2 16691
12550 3 16698
12551 0 16688
12551 1 16693
12551 2 16691
12551 3 16698
12552 0 16721
12552 1 16689
12552 2 16708
12552 3 16698
12553 0 16688
12553 1 16700
12553 2 16708
12553 3 16698
12554 0 16692
12554 1 16689
12554 2 16704
12554 3 16698
12554 4 16697
12555 0 16688
12555 1 16689
12555 2 16708
12555 3 16698
12556 0 16721
12556 1 16707
12556 2 16694
12556 3 16698
12556 4 16695
12557 0 16721
12557 1 16693
12557 2 16718
12557 3 16698
12558 0 16688
12558 1 16700
12558 2 16703
12558 3 16690
12558 4 16695
12559 0 16721
12559 1 16689
12559 2 16708
12559 3 16696
12560 0 16721
12560 1 16689
12560 2 16708
12560 3 16698
12561 0 16721
12561 1 16707
12561 2 16694
12561 3 16698
12561 4 16695
12562 0 16721
12562 1 16707
12562 2 16694
12562 3 16698
12562 4 16697
12563 0 16692
12563 1 16707
12563 2 16694
12563 3 16698
12563 4 16697
12564 0 16688
12564 1 16700
12564 2 16699
12564 3 16698
12565 0 16688
12565 1 16707
12565 2 16704
12565 3 16698
12565 4 16695
12566 0 16688
12566 1 16693
12566 2 16691
12566 3 16698
12567 0 16688
12567 1 16689
12567 2 16691
12567 3 16698
12568 0 16721
12568 1 16693
12568 2 16718
12568 3 16698
12569 0 16721
12569 1 16689
12569 2 16694
12569 3 16698
12570 0 16688
12570 1 16689
12570 2 16716
12570 3 16698
12570 4 16697
12571 0 16688
12571 1 16700
12571 2 16718
12571 3 16698
12572 0 16721
12572 1 16693
12572 2 16716
12572 3 16696
12573 0 16688
12573 1 16689
12573 2 16691
12573 3 16709
12574 0 16721
12574 1 16693
12574 2 16716
12574 3 16690
12575 0 16721
12575 1 16693
12575 2 16703
12575 3 16698
12576 0 16721
12576 1 16693
12576 2 16703
12576 3 16698
12576 4 16695
12577 0 16721
12577 1 16689
12577 2 16718
12577 3 16698
12578 0 16721
12578 1 16693
12578 2 16716
12578 3 16696
12579 0 16721
12579 1 16689
12579 2 16718
12579 3 16698
12580 0 16688
12580 1 16700
12580 2 16708
12580 3 16696
12581 0 16688
12581 1 16693
12581 2 16699
12581 3 16698
12581 4 16695
12582 0 16721
12582 1 16707
12582 2 16718
12582 3 16690
12582 4 16697
12583 0 16721
12583 1 16700
12583 2 16718
12583 3 16698
12584 0 16688
12584 1 16689
12584 2 16708
12584 3 16698
12585 0 16712
12585 1 16689
12585 2 16694
12585 3 16696
12585 4 16695
12586 0 16721
12586 1 16693
12586 2 16694
12586 3 16698
12586 4 16728
12587 0 16721
12587 1 16689
12587 2 16691
12587 3 16698
12588 0 16688
12588 1 16689
12588 2 16718
12588 3 16698
12589 0 16688
12589 1 16689
12589 2 16691
12589 3 16698
12590 0 16721
12590 1 16689
12590 2 16703
12590 3 16698
12591 0 16721
12591 1 16693
12591 2 16703
12591 3 16698
12592 0 16688
12592 1 16689
12592 2 16716
12592 3 16690
12593 0 16721
12593 1 16689
12593 2 16716
12593 3 16698
12594 0 16688
12594 1 16689
12594 2 16703
12594 3 16698
12594 4 16695
12595 0 16688
12595 1 16700
12595 2 16691
12595 3 16698
12596 0 16688
12596 1 16700
12596 2 16727
12596 3 16698
12596 4 16695
12597 0 16688
12597 1 16700
12597 2 16718
12597 3 16698
12598 0 16688
12598 1 16689
12598 2 16691
12598 3 16698
12599 0 16688
12599 1 16700
12599 2 16718
12599 3 16698
12600 0 16721
12600 1 16707
12600 2 16716
12600 3 16690
12600 4 16697
12601 0 16688
12601 1 16700
12601 2 16708
12601 3 16698
12602 0 16721
12602 1 16700
12602 2 16708
12602 3 16698
12603 0 16721
12603 1 16689
12603 2 16708
12603 3 16698
12604 0 16721
12604 1 16693
12604 2 16694
12604 3 16696
12604 4 16697
12605 0 16688
12605 1 16693
12605 2 16706
12605 3 16696
12605 4 16697
12606 0 16721
12606 1 16693
12606 2 16703
12606 3 16696
12607 0 16688
12607 1 16693
12607 2 16718
12607 3 16690
12607 4 16697
12608 0 16688
12608 1 16689
12608 2 16694
12608 3 16698
12608 4 16697
12609 0 16688
12609 1 16689
12609 2 16694
12609 3 16690
12609 4 16697
12610 0 16692
12610 1 16689
12610 2 16694
12610 3 16696
12611 0 16688
12611 1 16693
12611 2 16694
12611 3 16709
12611 4 16697
12612 0 16721
12612 1 16689
12612 2 16708
12612 3 16698
12613 0 16717
12613 1 16693
12613 2 16694
12613 3 16696
12613 4 16697
12614 0 16717
12614 1 16693
12614 2 16694
12614 3 16690
12614 4 16697
12615 0 16688
12615 1 16689
12615 2 16694
12615 3 16696
12615 4 16697
12616 0 16688
12616 1 16689
12616 2 16708
12616 3 16723
12617 0 16692
12617 1 16689
12617 2 16694
12617 3 16698
12617 4 16697
12618 0 16688
12618 1 16707
12618 2 16694
12618 3 16696
12618 4 16697
12619 0 16688
12619 1 16707
12619 2 16694
12619 3 16696
12620 0 16688
12620 1 16707
12620 2 16694
12620 3 16698
12620 4 16697
12621 0 16688
12621 1 16707
12621 2 16694
12621 3 16690
12621 4 16697
12622 0 16688
12622 1 16689
12622 2 16703
12622 3 16698
12623 0 16688
12623 1 16700
12623 2 16703
12623 3 16723
12624 0 16701
12624 1 16689
12624 2 16708
12624 3 16696
12625 0 16688
12625 1 16707
12625 2 16694
12625 3 16698
12625 4 16695
12626 0 16688
12626 1 16689
12626 2 16708
12626 3 16690
12627 0 16688
12627 1 16707
12627 2 16694
12627 3 16709
12627 4 16697
12628 0 16688
12628 1 16707
12628 2 16694
12628 3 16709
12628 4 16697
12629 0 16688
12629 1 16707
12629 2 16694
12629 3 16696
12629 4 16695
12630 0 16688
12630 1 16707
12630 2 16694
12630 3 16696
12630 4 16697
12631 0 16688
12631 1 16700
12631 2 16708
12631 3 16723
12632 0 16688
12632 1 16689
12632 2 16691
12632 3 16723
12633 0 16688
12633 1 16689
12633 2 16708
12633 3 16698
12634 0 16688
12634 1 16700
12634 2 16716
12634 3 16690
12635 0 16688
12635 1 16689
12635 2 16704
12635 3 16698
12635 4 16695
12636 0 16688
12636 1 16700
12636 2 16704
12636 3 16690
12636 4 16697
12637 0 16688
12637 1 16700
12637 2 16708
12637 3 16698
12638 0 16688
12638 1 16689
12638 2 16708
12638 3 16698
12639 0 16688
12639 1 16700
12639 2 16708
12639 3 16698
12640 0 16688
12640 1 16700
12640 2 16704
12640 3 16698
12641 0 16688
12641 1 16693
12641 3 16698
12642 0 16688
12642 1 16700
12642 2 16704
12642 3 16690
12643 0 16688
12643 1 16693
12643 2 16704
12643 3 16698
12643 4 16697
12644 0 16688
12644 1 16689
12644 2 16710
12644 3 16698
12645 0 16688
12645 1 16693
12645 2 16699
12645 3 16690
12646 0 16688
12646 1 16689
12646 2 16710
12646 3 16696
12647 0 16688
12647 1 16689
12647 2 16708
12647 3 16698
12648 0 16688
12648 1 16693
12648 2 16710
12648 3 16698
12649 0 16688
12649 1 16689
12649 2 16710
12649 3 16698
12650 0 16688
12650 1 16693
12650 2 16708
12650 3 16698
12651 0 16688
12651 1 16689
12651 2 16694
12651 3 16698
12651 4 16695
12652 0 16717
12652 1 16689
12652 2 16694
12652 3 16690
12653 0 16688
12653 1 16689
12653 2 16708
12653 3 16698
12654 0 16688
12654 1 16689
12654 2 16704
12654 3 16696
12655 0 16688
12655 1 16700
12655 2 16694
12655 3 16696
12655 4 16695
12656 0 16713
12656 1 16689
12656 2 16694
12656 3 16696
12656 4 16697
12657 0 16688
12657 1 16689
12657 2 16708
12657 3 16690
12658 0 16688
12658 1 16689
12658 2 16699
12658 3 16690
12659 0 16688
12659 1 16689
12659 2 16694
12659 3 16690
12660 0 16688
12660 1 16689
12660 3 16723
12660 4 16695
12661 0 16688
12661 1 16689
12661 3 16696
12662 0 16688
12662 1 16689
12662 2 16691
12662 3 16698
12663 0 16688
12663 1 16689
12663 2 16727
12663 3 16696
12663 4 16695
12664 0 16688
12664 1 16689
12664 2 16703
12664 3 16690
12665 0 16688
12665 1 16689
12665 3 16696
12666 0 16688
12666 1 16689
12666 2 16708
12666 3 16696
12666 4 16695
12667 0 16688
12667 1 16689
12667 2 16708
12667 3 16696
12668 0 16688
12668 1 16689
12668 2 16708
12668 3 16698
12669 0 16688
12669 1 16693
12669 2 16704
12669 3 16690
12670 0 16717
12670 1 16689
12670 2 16694
12670 3 16690
12671 0 16688
12671 1 16689
12671 3 16696
12671 4 16697
12672 0 16688
12672 1 16689
12672 2 16708
12672 3 16723
12673 0 16688
12673 1 16689
12673 2 16694
12673 3 16696
12674 0 16688
12674 1 16693
12674 3 16696
12674 4 16697
12675 0 16721
12675 1 16693
12675 2 16708
12675 3 16698
12676 0 16688
12676 1 16693
12676 2 16708
12676 3 16698
12677 0 16688
12677 1 16693
12677 2 16708
12677 3 16698
12678 0 16712
12678 1 16689
12678 2 16694
12678 3 16696
12678 4 16697
12679 0 16688
12679 1 16689
12679 2 16708
12679 3 16696
12680 0 16688
12680 1 16689
12680 2 16708
12680 3 16696
12681 0 16688
12681 1 16693
12681 2 16704
12681 3 16690
12681 4 16697
12682 0 16688
12682 1 16689
12682 2 16708
12682 3 16690
12683 0 16688
12683 1 16689
12683 2 16708
12683 3 16690
12684 0 16688
12684 1 16689
12684 2 16708
12684 3 16696
12685 0 16688
12685 1 16689
12685 2 16708
12685 3 16690
12686 0 16688
12686 1 16689
12686 2 16708
12686 3 16696
12687 0 16717
12687 1 16689
12687 2 16694
12687 3 16698
12687 4 16695
12688 0 16702
12688 1 16693
12688 2 16703
12688 3 16696
12689 0 16688
12689 1 16689
12689 2 16703
12689 3 16690
12690 0 16688
12690 1 16689
12690 2 16708
12690 3 16696
12691 0 16688
12691 1 16689
12691 2 16708
12691 3 16696
12692 0 16688
12692 1 16689
12692 2 16708
12692 3 16723
12693 0 16688
12693 1 16689
12693 2 16708
12693 3 16696
12694 0 16688
12694 1 16700
12694 2 16708
12694 3 16690
12695 0 16688
12695 1 16689
12695 2 16710
12695 3 16698
12695 4 16695
12696 0 16688
12696 1 16689
12696 2 16710
12696 3 16696
12697 0 16688
12697 1 16689
12697 2 16708
12697 3 16698
12698 0 16701
12698 1 16689
12698 2 16708
12698 3 16698
12699 0 16688
12699 1 16689
12699 2 16710
12699 3 16696
12700 0 16688
12700 1 16689
12700 2 16708
12700 3 16696
12701 0 16688
12701 1 16693
12701 2 16708
12701 3 16698
12702 0 16688
12702 1 16689
12702 2 16708
12702 3 16709
12703 0 16712
12703 1 16689
12703 2 16708
12703 3 16709
12704 0 16688
12704 1 16689
12704 2 16710
12704 3 16698
12705 0 16688
12705 1 16689
12705 2 16708
12705 3 16696
12706 0 16688
12706 1 16689
12706 2 16708
12706 3 16696
12707 0 16688
12707 1 16689
12707 2 16708
12707 3 16696
12708 0 16688
12708 1 16689
12708 2 16708
12708 3 16696
12709 0 16688
12709 1 16689
12709 2 16708
12709 3 16696
12710 0 16688
12710 1 16693
12710 2 16716
12710 3 16698
12710 4 16695
12711 0 16688
12711 1 16693
12711 2 16716
12711 3 16698
12712 0 16688
12712 1 16707
12712 2 16727
12712 3 16696
12713 0 16688
12713 1 16707
12713 2 16694
12713 3 16698
12713 4 16695
12714 0 16688
12714 1 16707
12714 2 16694
12714 3 16709
12714 4 16697
12715 0 16688
12715 1 16707
12715 2 16694
12715 3 16709
12715 4 16697
12716 0 16688
12716 1 16707
12716 2 16694
12716 3 16723
12717 0 16692
12717 1 16693
12717 2 16694
12717 3 16696
12717 4 16695
12718 0 16688
12718 1 16707
12718 2 16694
12718 3 16723
12718 4 16697
12719 0 16688
12719 1 16707
12719 2 16716
12719 3 16698
12720 0 16692
12720 1 16689
12720 2 16716
12720 3 16696
12721 0 16725
12721 1 16689
12721 2 16694
12721 3 16723
12721 4 16695
12722 0 16688
12722 1 16693
12722 2 16694
12722 3 16723
12723 0 16701
12723 1 16689
12723 2 16694
12723 3 16698
12723 4 16695
12724 0 16688
12724 1 16693
12724 2 16694
12724 3 16698
12724 4 16695
12725 0 16688
12725 1 16689
12725 2 16704
12725 3 16698
12725 4 16697
12726 0 16688
12726 1 16693
12726 2 16704
12726 3 16698
12726 4 16697
12727 0 16722
12727 1 16689
12727 2 16704
12727 3 16698
12728 0 16705
12728 1 16689
12728 2 16708
12728 3 16698
12729 0 16688
12729 1 16693
12729 2 16704
12729 3 16696
12729 4 16695
12730 0 16702
12730 1 16689
12730 2 16703
12730 3 16709
12731 0 16692
12731 1 16689
12731 2 16694
12731 3 16698
12731 4 16695
12732 0 16702
12732 1 16689
12732 2 16694
12732 3 16698
12732 4 16695
12733 0 16722
12733 1 16693
12733 2 16694
12733 3 16709
12733 4 16697
12734 0 16688
12734 1 16689
12734 2 16694
12734 3 16696
12735 0 16688
12735 1 16689
12735 2 16708
12735 3 16709
12736 0 16722
12736 1 16693
12736 2 16718
12736 3 16690
12736 4 16695
12737 0 16688
12737 1 16689
12737 2 16703
12737 3 16696
12738 0 16688
12738 1 16689
12738 2 16708
12738 3 16709
12739 0 16688
12739 1 16689
12739 2 16708
12739 3 16723
12740 0 16712
12740 1 16707
12740 2 16694
12740 3 16696
12740 4 16695
12741 0 16688
12741 1 16707
12741 2 16694
12741 3 16690
12741 4 16697
12742 0 16688
12742 1 16693
12742 2 16694
12742 3 16723
12742 4 16697
12743 0 16688
12743 1 16700
12743 3 16696
12744 0 16712
12744 1 16707
12744 2 16694
12744 3 16709
12744 4 16697
12745 0 16688
12745 1 16689
12745 2 16708
12745 3 16709
12746 0 16714
12746 1 16689
12746 2 16694
12746 3 16696
12746 4 16695
12747 0 16688
12747 1 16689
12747 2 16708
12747 3 16709
12748 0 16688
12748 1 16689
12748 2 16708
12748 3 16709
12749 0 16688
12749 1 16689
12749 2 16708
12749 3 16723
12750 0 16712
12750 1 16707
12750 2 16694
12750 3 16690
12751 0 16688
12751 1 16707
12751 2 16694
12751 3 16696
12751 4 16697
12752 0 16688
12752 1 16693
12752 2 16710
12752 3 16690
12753 0 16688
12753 1 16707
12753 2 16694
12753 3 16698
12753 4 16697
12754 0 16688
12754 1 16693
12754 2 16694
12754 3 16696
12754 4 16697
12755 0 16688
12755 1 16693
12755 2 16694
12755 3 16690
12755 4 16697
12756 0 16688
12756 1 16689
12756 2 16694
12756 3 16690
12756 4 16695
12757 0 16688
12757 1 16693
12757 2 16716
12757 3 16696
12757 4 16697
12758 0 16688
12758 1 16689
12758 2 16694
12758 3 16696
12758 4 16697
12759 0 16688
12759 1 16693
12759 2 16694
12759 3 16696
12759 4 16697
12760 0 16688
12760 1 16689
12760 2 16694
12760 3 16690
12760 4 16697
12761 0 16688
12761 1 16693
12761 2 16694
12761 3 16696
12761 4 16695
12762 0 16717
12762 1 16693
12762 2 16694
12762 3 16696
12763 0 16688
12763 1 16689
12763 2 16708
12763 3 16696
12764 0 16721
12764 1 16689
12764 2 16708
12764 3 16696
12765 0 16688
12765 1 16689
12765 2 16703
12765 3 16696
12765 4 16695
12766 0 16688
12766 1 16689
12766 2 16691
12766 3 16690
12767 0 16688
12767 1 16689
12767 2 16694
12767 3 16698
12768 0 16702
12768 1 16689
12768 2 16694
12768 3 16698
12769 0 16732
12769 1 16693
12769 2 16694
12769 3 16698
12770 0 16688
12770 1 16689
12770 2 16694
12770 3 16698
12771 0 16721
12771 1 16689
12771 2 16708
12771 3 16709
12772 0 16688
12772 1 16693
12772 2 16704
12772 3 16696
12773 0 16688
12773 1 16689
12773 2 16708
12773 3 16709
12774 0 16688
12774 1 16693
12774 2 16703
12774 3 16690
12775 0 16688
12775 1 16689
12775 2 16694
12775 3 16698
12775 4 16695
12776 0 16688
12776 1 16689
12776 2 16708
12776 3 16690
12777 0 16688
12777 1 16689
12777 2 16708
12777 3 16709
12778 0 16688
12778 1 16689
12778 2 16694
12778 3 16698
12778 4 16697
12779 0 16702
12779 1 16693
12779 2 16694
12779 3 16698
12780 0 16688
12780 1 16689
12780 2 16703
12780 3 16696
12781 0 16688
12781 1 16689
12781 2 16708
12781 3 16709
12782 0 16688
12782 1 16689
12782 2 16703
12782 3 16709
12783 0 16688
12783 1 16689
12783 2 16703
12783 3 16696
12783 4 16697
12784 0 16721
12784 1 16689
12784 2 16716
12784 3 16690
12784 4 16697
12785 0 16688
12785 1 16689
12785 2 16703
12785 3 16696
12785 4 16695
12786 0 16717
12786 1 16693
12786 2 16699
12786 3 16698
12787 0 16688
12787 1 16707
12787 2 16694
12787 3 16709
12788 0 16717
12788 1 16689
12788 2 16694
12788 3 16690
12788 4 16697
12789 0 16688
12789 1 16693
12789 2 16708
12789 3 16690
12790 0 16717
12790 1 16693
12790 2 16703
12790 3 16698
12790 4 16695
12791 0 16717
12791 1 16693
12791 2 16694
12791 3 16709
12792 0 16702
12792 1 16689
12792 2 16694
12792 3 16696
12792 4 16697
12793 0 16717
12793 1 16693
12793 2 16694
12793 3 16698
12793 4 16695
12794 0 16688
12794 1 16689
12794 3 16723
12794 4 16697
12795 0 16717
12795 1 16689
12795 2 16694
12795 3 16709
12795 4 16695
12796 0 16688
12796 1 16689
12796 2 16694
12796 3 16690
12797 0 16688
12797 1 16689
12797 2 16708
12797 3 16696
12798 0 16717
12798 1 16689
12798 2 16694
12798 3 16690
12798 4 16697
12799 0 16688
12799 1 16689
12799 2 16704
12799 3 16698
12799 4 16697
12800 0 16688
12800 1 16689
12800 2 16708
12800 3 16690
12801 0 16688
12801 1 16689
12801 2 16694
12801 3 16696
12801 4 16697
12802 0 16688
12802 1 16689
12802 2 16694
12802 3 16698
12803 0 16688
12803 1 16689
12803 2 16694
12803 3 16698
12803 4 16697
12804 0 16688
12804 1 16689
12804 2 16708
12804 3 16709
12805 0 16688
12805 1 16689
12805 2 16691
12805 3 16709
12806 0 16688
12806 1 16689
12806 2 16716
12806 3 16696
12806 4 16697
12807 0 16688
12807 1 16689
12807 2 16703
12807 3 16709
12807 4 16697
12808 0 16688
12808 1 16689
12808 2 16694
12808 3 16696
12809 0 16688
12809 1 16689
12809 2 16708
12809 3 16723
12810 0 16719
12810 1 16693
12810 2 16694
12810 3 16709
12810 4 16728
12811 0 16719
12811 1 16693
12811 2 16694
12811 3 16709
12811 4 16728
12812 0 16719
12812 1 16693
12812 2 16694
12812 3 16696
12812 4 16728
12813 0 16719
12813 1 16693
12813 3 16709
12814 0 16719
12814 1 16689
12814 2 16703
12814 3 16709
12815 0 16688
12815 1 16693
12815 3 16709
12815 4 16728
12816 0 16719
12816 1 16689
12816 2 16694
12816 3 16723
12816 4 16728
12817 0 16719
12817 1 16689
12817 2 16694
12817 3 16709
12818 0 16719
12818 1 16689
12818 2 16694
12818 3 16696
12819 0 16719
12819 1 16689
12819 2 16694
12819 3 16696
12820 0 16719
12820 1 16693
12820 2 16694
12820 3 16696
12821 0 16719
12821 1 16693
12821 3 16690
12822 0 16719
12822 1 16689
12822 2 16694
12822 3 16709
12823 0 16719
12823 1 16693
12823 3 16696
12824 0 16719
12824 1 16689
12824 2 16694
12824 3 16696
12825 0 16719
12825 1 16693
12825 2 16694
12825 3 16696
12826 0 16719
12826 1 16693
12826 2 16699
12826 3 16698
12826 4 16728
12827 0 16719
12827 1 16693
12827 2 16694
12827 3 16709
12828 0 16719
12828 1 16693
12828 2 16694
12828 3 16696
12829 0 16719
12829 1 16693
12829 2 16694
12829 3 16696
12830 0 16719
12830 1 16689
12830 2 16694
12830 3 16696
12831 0 16719
12831 1 16693
12831 2 16694
12831 3 16709
12831 4 16695
12832 0 16719
12832 1 16693
12832 2 16694
12832 3 16690
12832 4 16728
12833 0 16719
12833 1 16693
12833 2 16694
12833 3 16709
12833 4 16728
12834 0 16719
12834 1 16689
12834 2 16708
12834 3 16709
12835 0 16719
12835 1 16689
12835 2 16708
12835 3 16709
12836 0 16719
12836 1 16693
12836 2 16694
12836 3 16690
12836 4 16728
12837 0 16719
12837 1 16693
12837 2 16694
12837 3 16723
12838 0 16719
12838 1 16689
12838 2 16694
12838 3 16709
12839 0 16719
12839 1 16689
12839 2 16694
12839 3 16690
12839 4 16728
12840 0 16719
12840 1 16693
12840 2 16694
12840 3 16709
12841 0 16719
12841 1 16693
12841 3 16723
12841 4 16728
12842 0 16719
12842 1 16693
12842 2 16718
12842 3 16696
12843 0 16719
12843 1 16689
12843 2 16708
12843 3 16723
12844 0 16719
12844 1 16689
12844 2 16708
12844 3 16723
12845 0 16719
12845 1 16693
12845 2 16694
12845 3 16723
12846 0 16719
12846 1 16693
12846 2 16694
12846 3 16709
12847 0 16719
12847 1 16693
12847 2 16694
12847 3 16723
12848 0 16719
12848 1 16693
12848 2 16694
12848 3 16690
12849 0 16719
12849 1 16689
12849 2 16694
12849 3 16696
12849 4 16695
12850 0 16719
12850 1 16689
12850 3 16696
12851 0 16719
12851 1 16689
12851 3 16709
12851 4 16728
12852 0 16719
12852 1 16689
12852 3 16696
12853 0 16719
12853 1 16689
12853 2 16694
12853 3 16690
12854 0 16719
12854 1 16693
12854 2 16694
12854 3 16709
12854 4 16728
12855 0 16719
12855 1 16689
12855 2 16694
12855 3 16723
12855 4 16728
12856 0 16719
12856 1 16693
12856 2 16694
12856 3 16696
12856 4 16728
12857 0 16719
12857 1 16689
12857 2 16708
12857 3 16709
12858 0 16719
12858 1 16693
12858 2 16694
12858 3 16709
12859 0 16719
12859 1 16689
12859 2 16718
12859 3 16696
12860 0 16719
12860 1 16689
12860 3 16709
12860 4 16728
12861 0 16688
12861 1 16689
12861 3 16709
12861 4 16728
12862 0 16719
12862 1 16693
12862 3 16709
12863 0 16688
12863 1 16689
12863 2 16708
12863 3 16698
12864 0 16688
12864 1 16707
12864 2 16694
12864 3 16709
12864 4 16697
12865 0 16701
12865 1 16689
12865 2 16708
12865 3 16698
12866 0 16688
12866 1 16693
12866 2 16694
12866 3 16698
12867 0 16688
12867 1 16693
12867 2 16716
12867 3 16698
12868 0 16688
12868 1 16693
12868 2 16694
12868 3 16698
12869 0 16688
12869 1 16693
12869 3 16698
12870 0 16688
12870 1 16693
12870 3 16698
12871 0 16688
12871 1 16693
12871 2 16694
12871 3 16698
12872 0 16688
12872 1 16700
12872 2 16694
12872 3 16723
12872 4 16697
12873 0 16688
12873 1 16689
12873 2 16691
12873 3 16698
12873 4 16695
12874 0 16688
12874 1 16689
12874 2 16708
12874 3 16690
12875 0 16688
12875 1 16707
12875 2 16694
12875 3 16690
12875 4 16697
12876 0 16688
12876 1 16689
12876 3 16696
12876 4 16697
12877 0 16688
12877 1 16689
12877 2 16703
12877 3 16690
12877 4 16697
12878 0 16688
12878 1 16693
12878 2 16694
12878 3 16696
12878 4 16697
12879 0 16688
12879 1 16689
12879 2 16706
12879 3 16696
12879 4 16697
12880 0 16688
12880 1 16693
12880 2 16694
12880 3 16723
12880 4 16695
12881 0 16688
12881 1 16689
12881 2 16694
12881 3 16698
12881 4 16697
12882 0 16688
12882 1 16707
12882 2 16694
12882 3 16698
12882 4 16695
12883 0 16688
12883 1 16689
12883 2 16694
12883 3 16698
12883 4 16697
12884 0 16692
12884 1 16689
12884 2 16694
12884 3 16698
12884 4 16697
12885 0 16688
12885 1 16689
12885 2 16694
12885 3 16696
12885 4 16695
12886 0 16688
12886 1 16689
12886 2 16694
12886 3 16696
12887 0 16688
12887 1 16689
12887 2 16694
12887 3 16709
12887 4 16695
12888 0 16688
12888 1 16689
12888 2 16694
12888 3 16698
12888 4 16695
12889 0 16717
12889 1 16689
12889 2 16694
12889 3 16690
12889 4 16697
12890 0 16688
12890 1 16689
12890 2 16694
12890 3 16696
12890 4 16697
12891 0 16688
12891 1 16693
12891 2 16694
12891 3 16698
12892 0 16688
12892 1 16689
12892 3 16698
12893 0 16688
12893 1 16689
12893 3 16698
12894 0 16688
12894 1 16689
12894 2 16694
12894 3 16698
12895 0 16688
12895 1 16689
12895 2 16708
12895 3 16698
12896 0 16688
12896 1 16700
12896 2 16708
12896 3 16698
12897 0 16688
12897 1 16689
12897 2 16703
12897 3 16698
12898 0 16688
12898 1 16689
12898 2 16708
12898 3 16698
12899 0 16688
12899 1 16707
12899 2 16694
12899 3 16698
12900 0 16705
12900 1 16689
12900 3 16690
12901 0 16688
12901 1 16693
12901 2 16716
12901 3 16696
12901 4 16697
12902 0 16688
12902 1 16693
12902 2 16694
12902 3 16696
12902 4 16697
12903 0 16688
12903 1 16693
12903 2 16706
12903 3 16696
12903 4 16695
12904 0 16713
12904 1 16689
12904 2 16706
12904 3 16690
12904 4 16697
12905 0 16688
12905 1 16689
12905 2 16716
12905 3 16690
12905 4 16697
12906 0 16688
12906 1 16693
12906 2 16716
12906 3 16696
12906 4 16697
12907 0 16701
12907 1 16689
12907 2 16694
12907 3 16696
12907 4 16697
12908 0 16688
12908 1 16693
12908 2 16706
12908 3 16698
12908 4 16697
12909 0 16688
12909 1 16693
12909 2 16694
12909 3 16698
12909 4 16697
12910 0 16688
12910 1 16689
12910 2 16694
12910 3 16696
12911 0 16688
12911 1 16689
12911 2 16703
12911 3 16690
12911 4 16697
12912 0 16688
12912 1 16693
12912 2 16706
12912 3 16709
12912 4 16697
12913 0 16688
12913 1 16693
12913 2 16694
12913 3 16696
12913 4 16697
12914 0 16688
12914 1 16693
12914 2 16706
12914 3 16709
12914 4 16697
12915 0 16688
12915 1 16693
12915 2 16706
12915 3 16696
12915 4 16697
12916 0 16722
12916 1 16689
12916 2 16694
12916 3 16696
12916 4 16697
12917 0 16688
12917 1 16693
12917 2 16706
12917 3 16698
12917 4 16697
12918 0 16688
12918 1 16689
12918 2 16708
12918 3 16696
12919 0 16712
12919 1 16689
12919 2 16694
12919 3 16696
12919 4 16697
12920 0 16688
12920 1 16689
12920 2 16708
12920 3 16690
12921 0 16688
12921 1 16693
12921 2 16699
12921 3 16696
12921 4 16697
12922 0 16688
12922 1 16689
12922 2 16694
12922 3 16696
12922 4 16697
12923 0 16688
12923 1 16693
12923 2 16694
12923 3 16690
12923 4 16697
12924 0 16688
12924 1 16693
12924 2 16699
12924 3 16696
12925 0 16701
12925 1 16693
12925 2 16694
12925 3 16696
12925 4 16697
12926 0 16688
12926 1 16693
12926 2 16694
12926 3 16696
12926 4 16697
12927 0 16688
12927 1 16689
12927 2 16708
12927 3 16696
12928 0 16688
12928 1 16693
12928 2 16704
12928 3 16696
12928 4 16697
12929 0 16688
12929 1 16689
12929 2 16694
12929 3 16698
12929 4 16695
12930 0 16688
12930 1 16693
12930 2 16694
12930 3 16696
12930 4 16697
12931 0 16688
12931 1 16689
12931 2 16694
12931 3 16723
12931 4 16697
12932 0 16688
12932 1 16689
12932 2 16694
12932 3 16696
12932 4 16697
12933 0 16688
12933 1 16693
12933 2 16704
12933 3 16690
12933 4 16697
12934 0 16688
12934 1 16693
12934 2 16691
12934 3 16690
12934 4 16695
12935 0 16701
12935 1 16693
12935 2 16694
12935 3 16690
12935 4 16697
12936 0 16688
12936 1 16693
12936 2 16706
12936 3 16698
12936 4 16697
12937 0 16719
12937 1 16689
12937 2 16703
12937 3 16696
12937 4 16697
12938 0 16688
12938 1 16693
12938 2 16706
12938 3 16698
12938 4 16697
12939 0 16688
12939 1 16693
12939 2 16703
12939 3 16690
12939 4 16697
12940 0 16688
12940 1 16693
12940 2 16694
12940 3 16709
12940 4 16697
12941 0 16713
12941 1 16689
12941 2 16704
12941 3 16698
12941 4 16695
12942 0 16688
12942 1 16693
12942 2 16706
12942 3 16709
12942 4 16697
12943 0 16692
12943 1 16689
12943 2 16694
12943 3 16696
12944 0 16688
12944 1 16693
12944 2 16706
12944 3 16690
12944 4 16697
12945 0 16688
12945 1 16693
12945 2 16704
12945 3 16696
12945 4 16695
12946 0 16688
12946 1 16689
12946 2 16691
12946 3 16709
12946 4 16695
12947 0 16688
12947 1 16693
12947 2 16718
12947 3 16698
12948 0 16688
12948 1 16693
12948 2 16694
12948 3 16698
12948 4 16697
12949 0 16688
12949 1 16689
12949 2 16694
12949 3 16690
12949 4 16697
12950 0 16705
12950 1 16689
12950 2 16703
12950 3 16698
12950 4 16697
12951 0 16692
12951 1 16693
12951 2 16703
12951 3 16698
12951 4 16697
12952 0 16713
12952 1 16689
12952 2 16704
12952 3 16690
12952 4 16697
12953 0 16701
12953 1 16689
12953 2 16704
12953 3 16698
12953 4 16695
12954 0 16688
12954 1 16693
12954 2 16694
12954 3 16690
12954 4 16697
12955 0 16688
12955 1 16689
12955 2 16699
12955 3 16690
12955 4 16697
12956 0 16688
12956 1 16693
12956 2 16694
12956 3 16696
12956 4 16695
12957 0 16688
12957 1 16689
12957 2 16704
12957 3 16690
12957 4 16697
12958 0 16688
12958 1 16689
12958 2 16708
12958 3 16723
12959 0 16688
12959 1 16689
12959 2 16691
12959 3 16690
12959 4 16695
12960 0 16688
12960 1 16689
12960 2 16708
12960 3 16690
12961 0 16688
12961 1 16689
12961 2 16708
12961 3 16698
12962 0 16688
12962 1 16689
12962 2 16708
12962 3 16690
12963 0 16717
12963 1 16689
12963 2 16694
12963 3 16690
12963 4 16695
12964 0 16688
12964 1 16700
12964 2 16708
12964 3 16696
12965 0 16688
12965 1 16689
12965 2 16703
12965 3 16696
12966 0 16702
12966 1 16693
12966 2 16703
12966 3 16696
12966 4 16695
12967 0 16688
12967 1 16700
12967 2 16708
12967 3 16696
12968 0 16688
12968 1 16693
12968 2 16718
12968 3 16696
12968 4 16695
12969 0 16688
12969 1 16689
12969 2 16708
12969 3 16723
12970 0 16688
12970 1 16689
12970 2 16694
12970 3 16696
12970 4 16697
12971 0 16688
12971 1 16693
12971 2 16704
12971 3 16690
12971 4 16697
12972 0 16692
12972 1 16689
12972 2 16704
12972 3 16696
12972 4 16697
12973 0 16688
12973 1 16693
12973 2 16694
12973 3 16698
12973 4 16697
12974 0 16688
12974 1 16689
12974 2 16703
12974 3 16696
12975 0 16688
12975 1 16693
12975 2 16704
12975 3 16698
12975 4 16695
12976 0 16692
12976 1 16689
12976 2 16694
12976 3 16698
12976 4 16697
12977 0 16688
12977 1 16689
12977 2 16694
12977 3 16698
12977 4 16695
12978 0 16717
12978 1 16693
12978 3 16698
12978 4 16695
12979 0 16688
12979 1 16689
12979 2 16704
12979 3 16709
12979 4 16695
12980 0 16702
12980 1 16693
12980 2 16694
12980 3 16690
12980 4 16697
12981 0 16702
12981 1 16693
12981 2 16704
12981 3 16698
12981 4 16695
12982 0 16688
12982 1 16693
12982 2 16694
12982 3 16698
12983 0 16692
12983 1 16689
12983 2 16691
12983 3 16696
12984 0 16692
12984 1 16689
12984 2 16694
12984 3 16696
12984 4 16695
12985 0 16688
12985 1 16689
12985 2 16694
12985 3 16698
12986 0 16688
12986 1 16693
12986 2 16694
12986 3 16696
12987 0 16688
12987 1 16689
12987 2 16694
12987 3 16698
12988 0 16688
12988 1 16689
12988 2 16694
12988 3 16698
12988 4 16695
12989 0 16688
12989 1 16693
12989 2 16694
12989 3 16696
12989 4 16695
12990 0 16688
12990 1 16689
12990 2 16694
12990 3 16690
12991 0 16688
12991 1 16689
12991 3 16696
12992 0 16688
12992 1 16689
12992 2 16708
12992 3 16690
12993 0 16688
12993 1 16693
12993 2 16694
12993 3 16698
12994 0 16688
12994 1 16689
12994 2 16694
12994 3 16690
12995 0 16688
12995 1 16689
12995 2 16708
12995 3 16690
12996 0 16688
12996 1 16689
12996 2 16708
12996 3 16690
12997 0 16688
12997 1 16700
12997 2 16694
12997 3 16696
12998 0 16688
12998 1 16689
12998 2 16708
12998 3 16698
12999 0 16688
12999 1 16689
12999 2 16694
12999 3 16690
13000 0 16688
13000 1 16689
13000 2 16708
13000 3 16696
13001 0 16688
13001 1 16689
13001 2 16708
13001 3 16690
13002 0 16688
13002 1 16700
13002 2 16694
13002 3 16698
13002 4 16695
13003 0 16688
13003 1 16693
13003 2 16694
13003 3 16690
13003 4 16695
13004 0 16688
13004 1 16700
13004 2 16694
13004 3 16696
13004 4 16695
13005 0 16688
13005 1 16689
13005 2 16694
13005 3 16690
13006 0 16688
13006 1 16689
13006 2 16694
13006 3 16690
13007 0 16688
13007 1 16693
13007 2 16694
13007 3 16698
13007 4 16697
13008 0 16688
13008 1 16693
13008 2 16694
13008 3 16698
13009 0 16688
13009 1 16693
13009 2 16694
13009 3 16698
13010 0 16688
13010 1 16689
13010 2 16708
13010 3 16698
13011 0 16688
13011 1 16689
13011 2 16708
13011 3 16690
13012 0 16688
13012 1 16689
13012 2 16708
13012 3 16698
13013 0 16688
13013 1 16700
13013 3 16698
13014 0 16688
13014 1 16689
13014 2 16694
13014 3 16698
13015 0 16688
13015 1 16693
13015 2 16694
13015 3 16698
13016 0 16688
13016 1 16689
13016 2 16708
13016 3 16698
13017 0 16688
13017 1 16689
13017 2 16708
13017 3 16698
13018 0 16688
13018 1 16689
13018 2 16694
13018 3 16696
13018 4 16697
13019 0 16688
13019 1 16689
13019 2 16710
13019 3 16690
13020 0 16688
13020 1 16689
13020 2 16694
13020 3 16698
13020 4 16695
13021 0 16688
13021 1 16693
13021 2 16727
13021 3 16696
13021 4 16697
13022 0 16701
13022 1 16689
13022 2 16708
13022 3 16696
13023 0 16688
13023 1 16689
13023 2 16694
13023 3 16690
13024 0 16688
13024 1 16693
13024 2 16694
13024 3 16698
13024 4 16695
13025 0 16688
13025 1 16693
13025 2 16694
13025 3 16709
13025 4 16697
13026 0 16688
13026 1 16689
13026 2 16703
13026 3 16709
13027 0 16688
13027 1 16689
13027 2 16694
13027 3 16690
13028 0 16688
13028 1 16689
13028 2 16694
13028 3 16696
13028 4 16695
13029 0 16688
13029 1 16689
13029 2 16708
13029 3 16698
13030 0 16712
13030 1 16700
13030 2 16694
13030 3 16709
13030 4 16695
13031 0 16688
13031 1 16689
13031 2 16708
13031 3 16690
13032 0 16688
13032 1 16700
13032 2 16694
13032 3 16709
13033 0 16688
13033 1 16689
13033 2 16694
13033 3 16698
13033 4 16697
13034 0 16688
13034 1 16700
13034 2 16708
13034 3 16690
13035 0 16688
13035 1 16693
13035 2 16694
13035 3 16690
13035 4 16697
13036 0 16688
13036 1 16689
13036 2 16703
13036 3 16690
13037 0 16688
13037 1 16689
13037 2 16703
13037 3 16696
13038 0 16688
13038 1 16689
13038 2 16704
13038 3 16698
13039 0 16688
13039 1 16689
13039 2 16708
13039 3 16690
13040 0 16688
13040 1 16689
13040 2 16691
13040 3 16690
13041 0 16688
13041 1 16689
13041 2 16694
13041 3 16690
13041 4 16695
13042 0 16688
13042 1 16689
13042 2 16708
13042 3 16696
13043 0 16688
13043 1 16689
13043 2 16694
13043 3 16696
13043 4 16697
13044 0 16688
13044 1 16693
13044 2 16694
13044 3 16723
13044 4 16695
13045 0 16688
13045 1 16689
13045 2 16708
13045 3 16696
13046 0 16688
13046 1 16693
13046 2 16694
13046 3 16698
13046 4 16697
13047 0 16688
13047 1 16689
13047 2 16703
13047 3 16696
13048 0 16722
13048 1 16689
13048 2 16694
13048 3 16698
13048 4 16695
13049 0 16688
13049 1 16689
13049 2 16708
13049 3 16723
13050 0 16688
13050 1 16689
13050 2 16694
13050 3 16709
13050 4 16697
13051 0 16688
13051 1 16693
13051 2 16694
13051 3 16723
13051 4 16697
13052 0 16688
13052 1 16689
13052 2 16708
13052 3 16696
13053 0 16688
13053 1 16700
13053 2 16708
13053 3 16709
13054 0 16688
13054 1 16700
13054 2 16694
13054 3 16696
13055 0 16688
13055 1 16689
13055 2 16703
13055 3 16690
13056 0 16688
13056 1 16689
13056 2 16708
13056 3 16690
13057 0 16688
13057 1 16693
13057 2 16694
13057 3 16723
13057 4 16697
13058 0 16688
13058 1 16689
13058 2 16704
13058 3 16696
13058 4 16697
13059 0 16688
13059 1 16693
13059 2 16706
13059 3 16709
13059 4 16695
13060 0 16688
13060 1 16693
13060 2 16694
13060 3 16690
13060 4 16697
13061 0 16724
13061 1 16689
13061 2 16718
13061 3 16696
13061 4 16697
13062 0 16688
13062 1 16693
13062 2 16718
13062 3 16690
13062 4 16695
13063 0 16688
13063 1 16689
13063 2 16694
13063 3 16709
13063 4 16695
13064 0 16688
13064 1 16693
13064 2 16718
13064 3 16709
13064 4 16695
13065 0 16688
13065 1 16693
13065 2 16694
13065 3 16696
13065 4 16695
13066 0 16688
13066 1 16700
13066 2 16703
13066 3 16690
13067 0 16688
13067 1 16700
13067 2 16703
13067 3 16690
13068 0 16688
13068 1 16700
13068 2 16703
13068 3 16709
13069 0 16688
13069 1 16689
13069 2 16691
13069 3 16690
13070 0 16692
13070 1 16689
13070 2 16694
13070 3 16690
13070 4 16697
13071 0 16688
13071 1 16689
13071 2 16694
13071 3 16696
13071 4 16697
13072 0 16688
13072 1 16693
13072 2 16718
13072 3 16698
13072 4 16697
13073 0 16688
13073 1 16689
13073 2 16694
13073 3 16723
13073 4 16697
13074 0 16688
13074 1 16689
13074 2 16691
13074 3 16723
13074 4 16695
13075 0 16688
13075 1 16700
13075 2 16694
13075 3 16709
13075 4 16697
13076 0 16688
13076 1 16700
13076 2 16694
13076 3 16690
13076 4 16697
13077 0 16688
13077 1 16689
13077 2 16708
13077 3 16696
13078 0 16722
13078 1 16689
13078 2 16718
13078 3 16696
13078 4 16697
13079 0 16688
13079 1 16693
13079 2 16691
13079 3 16696
13080 0 16688
13080 1 16689
13080 2 16691
13080 3 16723
13081 0 16688
13081 1 16689
13081 2 16708
13081 3 16723
13082 0 16701
13082 1 16700
13082 2 16694
13082 3 16709
13082 4 16695
13083 0 16688
13083 1 16689
13083 2 16708
13083 3 16696
13084 0 16688
13084 1 16689
13084 2 16694
13084 3 16698
13084 4 16697
13085 0 16688
13085 1 16689
13085 2 16694
13085 3 16690
13086 0 16688
13086 1 16689
13086 2 16708
13086 3 16709
13087 0 16688
13087 1 16693
13087 2 16694
13087 3 16709
13087 4 16695
13088 0 16688
13088 1 16689
13088 2 16694
13088 3 16698
13088 4 16695
13089 0 16688
13089 1 16693
13089 2 16708
13089 3 16690
13090 0 16688
13090 1 16689
13090 2 16708
13090 3 16709
13091 0 16688
13091 1 16689
13091 2 16708
13091 3 16696
13092 0 16688
13092 1 16693
13092 2 16694
13092 3 16698
13093 0 16688
13093 1 16700
13093 2 16710
13093 3 16690
13094 0 16717
13094 1 16693
13094 2 16718
13094 3 16698
13094 4 16695
13095 0 16688
13095 1 16693
13095 2 16691
13096 0 16688
13096 1 16693
13096 2 16708
13097 0 16688
13097 1 16693
13097 2 16708
13098 0 16688
13098 1 16689
13098 2 16716
13098 3 16696
13098 4 16697
13099 0 16688
13099 1 16693
13099 2 16710
13099 3 16696
13100 0 16688
13100 1 16700
13100 2 16710
13100 3 16696
13101 0 16688
13101 1 16693
13101 2 16716
13101 3 16696
13102 0 16688
13102 1 16693
13102 2 16708
13102 3 16698
13103 0 16688
13103 1 16689
13103 2 16708
13103 3 16723
13104 0 16688
13104 1 16689
13104 2 16699
13104 3 16698
13104 4 16697
13105 0 16688
13105 1 16689
13105 2 16708
13105 3 16709
13106 0 16688
13106 1 16689
13106 2 16708
13106 3 16723
13107 0 16688
13107 1 16693
13107 2 16699
13107 3 16696
13107 4 16695
13108 0 16688
13108 1 16693
13108 2 16691
13108 3 16723
13109 0 16688
13109 1 16689
13109 2 16694
13109 3 16690
13109 4 16695
13110 0 16701
13110 1 16693
13110 3 16723
13110 4 16695
13111 0 16729
13111 1 16700
13111 2 16703
13111 3 16696
13111 4 16695
13112 0 16688
13112 1 16689
13112 2 16703
13112 3 16690
13112 4 16695
13113 0 16688
13113 1 16689
13113 2 16708
13113 3 16709
13114 0 16688
13114 1 16700
13114 2 16708
13114 3 16696
13115 0 16688
13115 1 16689
13115 2 16708
13115 3 16709
13116 0 16688
13116 1 16693
13116 2 16694
13116 3 16696
13116 4 16697
13117 0 16688
13117 1 16700
13117 2 16710
13117 3 16723
13117 4 16695
13118 0 16688
13118 1 16693
13118 2 16694
13118 3 16696
13118 4 16695
13119 0 16688
13119 1 16693
13119 2 16710
13119 3 16698
13119 4 16697
13120 0 16688
13120 1 16689
13120 2 16699
13120 3 16698
13120 4 16695
13121 0 16688
13121 1 16689
13121 2 16699
13121 3 16696
13121 4 16695
13122 0 16688
13122 1 16689
13122 2 16708
13122 3 16723
13123 0 16688
13123 1 16693
13123 2 16716
13123 3 16698
13123 4 16697
13124 0 16724
13124 1 16693
13124 2 16718
13124 3 16698
13124 4 16695
13125 0 16688
13125 1 16689
13125 2 16708
13125 3 16709
13126 0 16688
13126 1 16693
13126 3 16723
13126 4 16695
13127 0 16702
13127 1 16693
13127 2 16718
13127 3 16698
13127 4 16697
13128 0 16688
13128 1 16700
13128 2 16708
13128 3 16696
13129 0 16688
13129 1 16689
13129 3 16723
13130 0 16688
13130 1 16700
13130 2 16708
13130 3 16709
13131 0 16688
13131 1 16689
13131 2 16710
13131 3 16723
13131 4 16697
13132 0 16688
13132 1 16689
13132 2 16699
13132 3 16723
13132 4 16695
13133 0 16688
13133 1 16689
13133 2 16708
13133 3 16709
13133 4 16695
13134 0 16688
13134 1 16689
13134 2 16718
13134 3 16723
13134 4 16695
13135 0 16688
13135 1 16689
13135 3 16723
13136 0 16712
13136 1 16689
13136 2 16694
13136 3 16696
13136 4 16697
13137 0 16688
13137 1 16693
13137 2 16708
13137 3 16723
13138 0 16688
13138 1 16689
13138 2 16710
13138 3 16698
13138 4 16697
13139 0 16688
13139 1 16689
13139 2 16710
13139 3 16690
13140 0 16688
13140 1 16689
13140 2 16718
13140 3 16690
13141 0 16688
13141 1 16689
13141 2 16691
13141 3 16690
13142 0 16688
13142 1 16693
13142 2 16716
13142 3 16709
13142 4 16695
13143 0 16688
13143 1 16693
13143 2 16716
13143 3 16690
13143 4 16695
13144 0 16688
13144 1 16689
13144 2 16708
13144 3 16696
13145 0 16688
13145 1 16700
13145 2 16718
13145 3 16723
13146 0 16688
13146 1 16693
13146 2 16718
13146 3 16696
13147 0 16688
13147 1 16693
13147 2 16710
13147 3 16696
13148 0 16688
13148 1 16689
13148 2 16708
13148 3 16696
13149 0 16688
13149 1 16689
13149 2 16710
13149 3 16723
13150 0 16712
13150 1 16689
13150 2 16694
13150 3 16698
13150 4 16695
13151 0 16688
13151 1 16693
13151 2 16718
13151 3 16698
13152 0 16688
13152 1 16689
13152 2 16718
13152 3 16709
13152 4 16695
13153 0 16688
13153 1 16700
13153 2 16708
13153 3 16696
13154 0 16688
13154 1 16689
13154 2 16710
13154 3 16696
13155 0 16688
13155 1 16689
13155 2 16710
13155 3 16709
13155 4 16695
13156 0 16705
13156 1 16689
13156 2 16708
13156 3 16698
13157 0 16688
13157 1 16693
13157 2 16710
13157 3 16698
13158 0 16688
13158 1 16700
13158 2 16710
13158 3 16696
13159 0 16688
13159 1 16689
13159 2 16710
13159 3 16696
13160 0 16688
13160 1 16689
13160 2 16708
13160 3 16709
13161 0 16688
13161 1 16689
13161 2 16708
13161 3 16723
13162 0 16688
13162 1 16700
13162 2 16708
13162 3 16723
13163 0 16688
13163 1 16700
13163 3 16696
13164 0 16688
13164 1 16689
13164 2 16694
13164 3 16698
13165 0 16719
13165 1 16689
13165 2 16708
13165 3 16696
13166 0 16702
13166 1 16689
13166 2 16694
13166 3 16723
13167 0 16688
13167 1 16689
13167 2 16708
13167 3 16696
13168 0 16688
13168 1 16700
13168 2 16703
13168 3 16690
13169 0 16688
13169 1 16689
13169 2 16727
13169 3 16696
13169 4 16695
13170 0 16688
13170 1 16693
13170 2 16718
13170 3 16698
13171 0 16688
13171 1 16689
13171 2 16718
13171 3 16698
13172 0 16688
13172 1 16689
13172 2 16708
13172 3 16690
13173 0 16688
13173 1 16689
13173 2 16708
13173 3 16698
13174 0 16688
13174 1 16693
13174 2 16703
13174 3 16709
13175 0 16721
13175 1 16689
13175 2 16708
13175 3 16709
13176 0 16688
13176 1 16689
13176 2 16694
13176 3 16696
13177 0 16688
13177 1 16689
13177 2 16703
13177 3 16698
13178 0 16688
13178 1 16689
13178 2 16694
13178 3 16696
13179 0 16688
13179 1 16689
13179 2 16708
13179 3 16690
13180 0 16688
13180 1 16689
13180 2 16691
13180 3 16696
13181 0 16717
13181 1 16689
13181 2 16708
13181 3 16690
13182 0 16688
13182 1 16693
13182 2 16703
13182 3 16698
13183 0 16688
13183 1 16693
13183 2 16694
13183 3 16698
13184 0 16688
13184 1 16689
13184 2 16703
13184 3 16698
13185 0 16688
13185 1 16693
13185 2 16694
13185 3 16698
13185 4 16697
13186 0 16688
13186 1 16689
13186 2 16694
13186 3 16696
13187 0 16688
13187 1 16689
13187 2 16694
13187 3 16698
13188 0 16688
13188 1 16689
13188 2 16708
13188 3 16709
13189 0 16688
13189 1 16693
13189 2 16708
13189 3 16698
13190 0 16688
13190 1 16689
13190 2 16708
13190 3 16698
13191 0 16688
13191 1 16693
13191 2 16703
13191 3 16698
13192 0 16688
13192 1 16693
13192 3 16698
13193 0 16688
13193 1 16693
13193 3 16698
13194 0 16688
13194 1 16693
13194 2 16718
13194 3 16698
13194 4 16695
13195 0 16688
13195 1 16689
13195 2 16694
13195 3 16698
13196 0 16688
13196 1 16689
13196 2 16718
13196 3 16698
13197 0 16688
13197 1 16693
13197 2 16727
13197 3 16698
13197 4 16695
13198 0 16688
13198 1 16689
13198 2 16703
13198 3 16698
13199 0 16688
13199 1 16689
13199 2 16691
13199 3 16698
13200 0 16724
13200 1 16693
13200 2 16691
13200 3 16723
13200 4 16695
13201 0 16688
13201 1 16689
13201 2 16708
13201 3 16723
13202 0 16688
13202 1 16689
13202 2 16718
13202 3 16698
13203 0 16719
13203 1 16689
13203 2 16708
13203 3 16690
13204 0 16688
13204 1 16689
13204 2 16703
13204 3 16698
13205 0 16713
13205 1 16689
13205 2 16694
13205 3 16696
13206 0 16688
13206 1 16689
13206 2 16708
13206 3 16696
13207 0 16688
13207 1 16693
13207 2 16703
13207 3 16698
13208 0 16688
13208 1 16700
13208 2 16703
13208 3 16723
13209 0 16688
13209 1 16689
13209 2 16708
13209 3 16709
13210 0 16688
13210 1 16707
13210 3 16698
13210 4 16697
13211 0 16688
13211 1 16689
13211 2 16708
13211 3 16698
13212 0 16688
13212 1 16707
13212 2 16694
13212 3 16690
13212 4 16697
13213 0 16688
13213 1 16693
13213 2 16691
13213 3 16696
13214 0 16721
13214 1 16707
13214 2 16694
13214 3 16698
13214 4 16697
13215 0 16721
13215 1 16707
13215 2 16694
13215 3 16698
13215 4 16697
13216 0 16688
13216 1 16700
13216 2 16694
13216 3 16698
13216 4 16697
13217 0 16688
13217 1 16689
13217 2 16703
13217 3 16696
13218 0 16688
13218 1 16700
13218 2 16708
13218 3 16698
13219 0 16688
13219 1 16700
13219 2 16708
13219 3 16698
13220 0 16702
13220 1 16693
13220 2 16716
13220 3 16698
13220 4 16697
13221 0 16688
13221 1 16700
13221 2 16708
13221 3 16709
13222 0 16688
13222 1 16700
13222 2 16708
13222 3 16698
13223 0 16721
13223 1 16693
13223 2 16706
13223 3 16698
13223 4 16697
13224 0 16688
13224 1 16700
13224 2 16708
13224 3 16709
13225 0 16692
13225 1 16689
13225 2 16694
13225 3 16709
13225 4 16695
13226 0 16705
13226 1 16693
13226 2 16703
13226 3 16696
13226 4 16695
13227 0 16688
13227 1 16700
13227 2 16704
13227 3 16709
13227 4 16697
13228 0 16692
13228 1 16689
13228 2 16710
13228 3 16690
13228 4 16697
13229 0 16688
13229 1 16689
13229 2 16699
13229 3 16690
13229 4 16695
13230 0 16713
13230 1 16693
13230 2 16704
13230 3 16709
13230 4 16695
13231 0 16688
13231 1 16689
13231 2 16703
13231 3 16690
13232 0 16688
13232 1 16700
13232 2 16708
13232 3 16696
13233 0 16688
13233 1 16693
13233 2 16716
13233 3 16709
13233 4 16695
13234 0 16688
13234 1 16700
13234 2 16703
13234 3 16709
13235 0 16692
13235 1 16693
13235 2 16694
13235 3 16709
13235 4 16695
13236 0 16688
13236 1 16693
13236 2 16694
13236 3 16696
13236 4 16695
13237 0 16688
13237 1 16693
13237 2 16694
13237 3 16723
13237 4 16697
13238 0 16688
13238 1 16693
13238 2 16694
13238 3 16723
13238 4 16695
13239 0 16688
13239 1 16689
13239 2 16694
13239 3 16723
13240 0 16692
13240 1 16689
13240 2 16694
13240 3 16696
13241 0 16688
13241 1 16707
13241 2 16694
13241 3 16696
13241 4 16695
13242 0 16688
13242 1 16707
13242 2 16694
13242 3 16698
13243 0 16688
13243 1 16689
13243 2 16694
13243 3 16723
13243 4 16695
13244 0 16688
13244 1 16689
13244 2 16703
13244 3 16709
13245 0 16688
13245 1 16693
13245 2 16716
13245 3 16698
13245 4 16695
13246 0 16705
13246 1 16693
13246 2 16718
13246 3 16690
13246 4 16697
13247 0 16715
13247 1 16689
13247 2 16708
13247 3 16709
13248 0 16688
13248 1 16689
13248 2 16708
13248 3 16709
13249 0 16688
13249 1 16689
13249 2 16703
13249 3 16698
13249 4 16695
13250 0 16688
13250 1 16689
13250 2 16708
13250 3 16690
13251 0 16688
13251 1 16700
13251 2 16703
13251 3 16698
13251 4 16695
13252 0 16688
13252 1 16689
13252 2 16718
13252 3 16690
13253 0 16688
13253 1 16693
13253 2 16718
13253 3 16698
13254 0 16688
13254 1 16693
13254 2 16691
13254 3 16696
13255 0 16688
13255 1 16693
13255 2 16716
13255 3 16698
13256 0 16688
13256 1 16689
13256 2 16708
13256 3 16696
13257 0 16688
13257 1 16693
13257 2 16694
13257 3 16696
13257 4 16695
13258 0 16688
13258 1 16693
13258 2 16718
13258 3 16709
13258 4 16697
13259 0 16688
13259 1 16693
13259 2 16694
13259 3 16690
13259 4 16695
13260 0 16722
13260 1 16689
13260 2 16703
13260 3 16696
13260 4 16695
13261 0 16688
13261 1 16693
13261 2 16718
13261 3 16698
13261 4 16695
13262 0 16705
13262 1 16693
13262 2 16691
13262 3 16690
13262 4 16697
13263 0 16688
13263 1 16689
13263 2 16708
13263 3 16698
13264 0 16688
13264 1 16693
13264 2 16694
13264 3 16709
13264 4 16695
13265 0 16688
13265 1 16693
13265 2 16718
13265 3 16698
13266 0 16688
13266 1 16689
13266 2 16708
13266 3 16723
13267 0 16688
13267 1 16693
13267 2 16694
13267 3 16698
13267 4 16697
13268 0 16705
13268 1 16693
13268 2 16716
13268 3 16709
13269 0 16688
13269 1 16693
13269 2 16718
13269 3 16698
13270 0 16688
13270 1 16693
13270 2 16694
13270 3 16698
13270 4 16697
13271 0 16688
13271 1 16689
13271 2 16718
13271 3 16698
13271 4 16697
13272 0 16722
13272 1 16693
13272 2 16694
13272 3 16698
13273 0 16701
13273 1 16689
13273 3 16698
13274 0 16688
13274 1 16693
13274 2 16708
13274 3 16723
13275 0 16713
13275 1 16689
13275 2 16694
13275 3 16723
13275 4 16697
13276 0 16688
13276 1 16693
13276 3 16690
13277 0 16701
13277 1 16689
13277 2 16694
13277 3 16709
13277 4 16695
13278 0 16688
13278 1 16693
13278 2 16706
13278 3 16723
13278 4 16695
13279 0 16692
13279 1 16693
13279 3 16690
13280 0 16688
13280 1 16693
13280 3 16690
13281 0 16713
13281 1 16689
13281 2 16694
13281 3 16698
13282 0 16688
13282 1 16693
13282 2 16703
13282 3 16709
13283 0 16688
13283 1 16689
13283 2 16694
13283 3 16698
13284 0 16688
13284 1 16693
13284 2 16694
13284 3 16709
13285 0 16688
13285 1 16693
13285 2 16691
13285 3 16698
13286 0 16713
13286 1 16693
13286 2 16694
13286 3 16723
13286 4 16695
13287 0 16688
13287 1 16689
13287 2 16708
13287 3 16696
13288 0 16719
13288 1 16689
13288 2 16708
13288 3 16709
13289 0 16688
13289 1 16689
13289 2 16691
13289 3 16696
13290 0 16688
13290 1 16693
13290 2 16694
13290 3 16723
13290 4 16697
13291 0 16688
13291 1 16693
13291 2 16694
13291 3 16709
13291 4 16697
13292 0 16688
13292 1 16693
13292 2 16694
13292 3 16696
13292 4 16695
13293 0 16705
13293 1 16689
13293 2 16708
13293 3 16696
13294 0 16688
13294 1 16693
13294 2 16708
13294 3 16709
13295 0 16688
13295 1 16693
13295 3 16723
13296 0 16705
13296 1 16693
13296 2 16694
13296 3 16696
13297 0 16688
13297 1 16689
13297 3 16698
13298 0 16688
13298 1 16689
13298 2 16708
13298 3 16698
13299 0 16688
13299 1 16689
13299 2 16708
13299 3 16723
13300 0 16688
13300 1 16689
13300 2 16694
13300 3 16723
13301 0 16688
13301 1 16689
13301 2 16708
13301 3 16723
13302 0 16688
13302 1 16689
13302 2 16703
13302 3 16709
13303 0 16688
13303 1 16693
13303 2 16691
13303 3 16709
13304 0 16688
13304 1 16693
13304 2 16708
13304 3 16709
13305 0 16712
13305 1 16689
13305 2 16708
13305 3 16696
13306 0 16688
13306 1 16689
13306 2 16708
13306 3 16709
13307 0 16688
13307 1 16693
13307 2 16708
13307 3 16690
13308 0 16688
13308 1 16693
13308 2 16694
13308 3 16696
13308 4 16697
13309 0 16688
13309 1 16693
13309 2 16727
13309 3 16696
13309 4 16695
13310 0 16688
13310 1 16689
13310 2 16691
13310 3 16690
13311 0 16688
13311 1 16693
13311 2 16694
13311 3 16690
13311 4 16695
13312 0 16688
13312 1 16693
13312 2 16694
13312 3 16696
13312 4 16697
13313 0 16688
13313 1 16693
13313 3 16698
13314 0 16688
13314 1 16693
13314 2 16694
13314 3 16698
13315 0 16688
13315 1 16693
13315 3 16698
13316 0 16688
13316 1 16693
13316 2 16694
13316 3 16698
13316 4 16695
13317 0 16688
13317 1 16693
13317 2 16708
13317 3 16698
13318 0 16688
13318 1 16693
13318 2 16694
13318 3 16698
13319 0 16688
13319 1 16693
13319 2 16694
13319 3 16698
13320 0 16688
13320 1 16693
13320 3 16698
13321 0 16688
13321 1 16693
13321 2 16694
13321 3 16698
13321 4 16695
13322 0 16688
13322 1 16693
13322 2 16694
13322 3 16698
13323 0 16688
13323 1 16693
13323 2 16694
13323 3 16698
13324 0 16688
13324 1 16693
13324 2 16708
13324 3 16698
13325 0 16688
13325 1 16693
13325 2 16694
13325 3 16698
13326 0 16688
13326 1 16693
13326 2 16694
13326 3 16698
13327 0 16688
13327 1 16693
13327 3 16698
13328 0 16702
13328 1 16693
13328 2 16694
13328 3 16698
13329 0 16688
13329 1 16693
13329 3 16698
13330 0 16688
13330 1 16693
13330 2 16694
13330 3 16698
13331 0 16688
13331 1 16693
13331 3 16698
13332 0 16688
13332 1 16693
13332 3 16698
13333 0 16688
13333 1 16693
13333 2 16694
13333 3 16698
13333 4 16695
13334 0 16702
13334 1 16693
13334 2 16694
13334 3 16690
13335 0 16688
13335 1 16693
13335 3 16709
13335 4 16697
13336 0 16713
13336 1 16689
13336 2 16694
13336 3 16709
13336 4 16697
13337 0 16717
13337 1 16693
13337 2 16716
13337 3 16698
13337 4 16697
13338 0 16688
13338 1 16689
13338 2 16694
13338 3 16696
13339 0 16688
13339 1 16689
13339 2 16694
13339 3 16709
13339 4 16697
13340 0 16688
13340 1 16693
13340 2 16694
13340 3 16698
13341 0 16705
13341 1 16693
13341 3 16698
13342 0 16688
13342 1 16693
13342 2 16694
13342 3 16698
13343 0 16688
13343 1 16693
13343 2 16694
13343 3 16698
13344 0 16688
13344 1 16693
13344 2 16694
13344 3 16698
13345 0 16688
13345 1 16693
13345 2 16694
13345 3 16698
13346 0 16688
13346 1 16693
13346 2 16694
13346 3 16698
13347 0 16701
13347 1 16693
13347 2 16694
13347 3 16698
13348 0 16688
13348 1 16693
13348 2 16694
13348 3 16698
13349 0 16688
13349 1 16689
13349 2 16694
13349 3 16696
13349 4 16697
13350 0 16688
13350 1 16693
13350 2 16694
13350 3 16698
13351 0 16688
13351 1 16693
13351 2 16694
13351 3 16698
13352 0 16688
13352 1 16693
13352 2 16704
13352 3 16698
13352 4 16697
13353 0 16712
13353 1 16689
13353 2 16694
13353 3 16698
13353 4 16697
13354 0 16688
13354 1 16707
13354 2 16694
13354 3 16698
13354 4 16697
13355 0 16732
13355 1 16700
13355 2 16694
13355 3 16709
13355 4 16697
13356 0 16688
13356 1 16689
13356 2 16704
13356 3 16709
13356 4 16697
13357 0 16688
13357 1 16689
13357 2 16708
13357 3 16723
13358 0 16688
13358 1 16689
13358 2 16708
13358 3 16723
13359 0 16688
13359 1 16693
13359 2 16694
13359 3 16698
13359 4 16697
13360 0 16688
13360 1 16689
13360 2 16708
13360 3 16709
13361 0 16717
13361 1 16693
13361 2 16694
13361 3 16698
13361 4 16697
13362 0 16688
13362 1 16707
13362 2 16694
13362 3 16690
13362 4 16697
13363 0 16688
13363 1 16707
13363 2 16694
13363 3 16696
13363 4 16695
13364 0 16688
13364 1 16707
13364 2 16694
13364 3 16698
13364 4 16697
13365 0 16688
13365 1 16693
13365 2 16694
13365 3 16696
13366 0 16688
13366 1 16707
13366 2 16694
13366 3 16698
13366 4 16697
13367 0 16688
13367 1 16700
13367 2 16703
13367 3 16698
13367 4 16695
13368 0 16692
13368 1 16689
13368 2 16694
13368 3 16690
13368 4 16695
13369 0 16688
13369 1 16689
13369 2 16718
13369 3 16696
13369 4 16695
13370 0 16688
13370 1 16707
13370 2 16694
13370 3 16698
13370 4 16695
13371 0 16688
13371 1 16689
13371 2 16694
13371 3 16723
13371 4 16695
13372 0 16688
13372 1 16700
13372 2 16694
13372 3 16709
13372 4 16697
13373 0 16688
13373 1 16693
13373 2 16716
13373 3 16709
13373 4 16695
13374 0 16688
13374 1 16693
13374 2 16706
13374 3 16723
13374 4 16695
13375 0 16688
13375 1 16707
13375 2 16694
13375 3 16690
13375 4 16697
13376 0 16702
13376 1 16689
13376 2 16694
13376 3 16696
13377 0 16688
13377 1 16700
13377 3 16698
13377 4 16697
13378 0 16721
13378 1 16693
13378 2 16706
13378 3 16709
13378 4 16697
13379 0 16721
13379 1 16707
13379 2 16694
13379 3 16698
13379 4 16695
13380 0 16688
13380 1 16689
13380 2 16704
13380 3 16690
13380 4 16695
13381 0 16688
13381 1 16700
13381 2 16704
13381 3 16690
13381 4 16695
13382 0 16688
13382 1 16700
13382 2 16708
13382 3 16709
13383 0 16688
13383 1 16693
13383 2 16699
13383 3 16709
13383 4 16697
13384 0 16688
13384 1 16707
13384 2 16694
13384 3 16709
13384 4 16697
13385 0 16688
13385 1 16700
13385 2 16708
13385 3 16690
13386 0 16688
13386 1 16707
13386 2 16694
13386 3 16690
13386 4 16695
13387 0 16688
13387 1 16689
13387 3 16690
13388 0 16688
13388 1 16707
13388 2 16694
13388 3 16698
13388 4 16695
13389 0 16688
13389 1 16693
13389 3 16690
13390 0 16721
13390 1 16693
13390 2 16694
13390 3 16690
13391 0 16688
13391 1 16693
13391 2 16694
13391 3 16698
13391 4 16697
13392 0 16688
13392 1 16689
13392 2 16708
13392 3 16698
13393 0 16688
13393 1 16693
13393 3 16698
13394 0 16688
13394 1 16693
13394 2 16694
13394 3 16698
13395 0 16717
13395 1 16693
13395 2 16694
13395 3 16698
13396 0 16688
13396 1 16689
13396 2 16699
13396 3 16698
13397 0 16702
13397 1 16693
13397 2 16708
13397 3 16698
13398 0 16688
13398 1 16689
13398 2 16708
13398 3 16709
13399 0 16717
13399 1 16693
13399 2 16718
13399 3 16696
13399 4 16695
13400 0 16688
13400 1 16689
13400 2 16704
13400 3 16723
13400 4 16697
13401 0 16688
13401 1 16693
13401 2 16704
13401 3 16696
13401 4 16695
13402 0 16688
13402 1 16693
13402 2 16694
13402 3 16690
13402 4 16695
13403 0 16688
13403 1 16693
13403 3 16723
13403 4 16695
13404 0 16705
13404 1 16689
13404 2 16704
13404 3 16723
13404 4 16695
13405 0 16688
13405 1 16693
13405 2 16703
13405 3 16696
13405 4 16697
13406 0 16702
13406 1 16693
13406 2 16703
13406 3 16709
13406 4 16695
13407 0 16702
13407 1 16689
13407 2 16694
13407 3 16698
13407 4 16697
13408 0 16688
13408 1 16689
13408 2 16727
13408 3 16723
13408 4 16697
13409 0 16702
13409 1 16693
13409 2 16718
13409 3 16709
13410 0 16688
13410 1 16689
13410 2 16708
13410 3 16690
13411 0 16717
13411 1 16689
13411 2 16694
13411 3 16709
13411 4 16697
13412 0 16688
13412 1 16689
13412 2 16694
13412 3 16696
13412 4 16695
13413 0 16688
13413 1 16689
13413 2 16694
13413 3 16690
13413 4 16697
13414 0 16688
13414 1 16693
13414 3 16698
13414 4 16697
13415 0 16713
13415 1 16689
13415 2 16694
13415 3 16696
13415 4 16697
13416 0 16688
13416 1 16689
13416 2 16708
13416 3 16690
13417 0 16688
13417 1 16689
13417 2 16708
13417 3 16723
13418 0 16717
13418 1 16693
13418 2 16694
13418 3 16696
13418 4 16695
13419 0 16702
13419 1 16689
13419 2 16694
13419 3 16698
13420 0 16688
13420 1 16689
13420 2 16718
13420 3 16696
13421 0 16688
13421 1 16689
13421 2 16694
13421 3 16698
13422 0 16717
13422 1 16689
13422 2 16718
13422 3 16698
13422 4 16695
13423 0 16688
13423 1 16689
13423 2 16708
13423 3 16698
13424 0 16688
13424 1 16689
13424 2 16708
13424 3 16696
13425 0 16717
13425 1 16689
13425 2 16718
13425 3 16698
13425 4 16695
13426 0 16688
13426 1 16693
13426 2 16694
13426 3 16696
13426 4 16695
13427 0 16688
13427 1 16707
13427 2 16716
13427 3 16698
13427 4 16695
13428 0 16688
13428 1 16689
13428 2 16691
13428 3 16723
13429 0 16688
13429 1 16707
13429 2 16726
13429 3 16696
13429 4 16697
13430 0 16702
13430 1 16693
13430 2 16716
13430 3 16709
13430 4 16695
13431 0 16713
13431 1 16689
13431 2 16716
13431 3 16709
13431 4 16697
13432 0 16688
13432 1 16689
13432 2 16716
13432 3 16696
13432 4 16695
13433 0 16692
13433 1 16707
13433 2 16694
13433 3 16709
13433 4 16697
13434 0 16688
13434 1 16689
13434 2 16718
13434 3 16690
13435 0 16688
13435 1 16693
13435 2 16718
13435 3 16723
13436 0 16688
13436 1 16693
13436 2 16699
13436 3 16696
13436 4 16695
13437 0 16688
13437 1 16689
13437 2 16694
13437 3 16698
13437 4 16697
13438 0 16688
13438 1 16693
13438 2 16694
13438 3 16690
13438 4 16697
13439 0 16688
13439 1 16707
13439 2 16716
13439 3 16696
13439 4 16695
13440 0 16688
13440 1 16693
13440 2 16708
13440 3 16696
13441 0 16701
13441 1 16689
13441 2 16708
13441 3 16698
13442 0 16688
13442 1 16689
13442 2 16703
13442 3 16698
13442 4 16695
13443 0 16688
13443 1 16689
13443 2 16708
13443 3 16709
13444 0 16713
13444 1 16689
13444 2 16716
13444 3 16698
13444 4 16697
13445 0 16688
13445 1 16689
13445 2 16718
13445 3 16696
13445 4 16695
13446 0 16688
13446 1 16700
13446 2 16708
13446 3 16709
13447 0 16688
13447 1 16700
13447 2 16708
13447 3 16723
13448 0 16688
13448 1 16689
13448 2 16703
13448 3 16696
13448 4 16695
13449 0 16688
13449 1 16700
13449 2 16708
13449 3 16723
13450 0 16688
13450 1 16700
13450 2 16708
13450 3 16709
13451 0 16692
13451 1 16689
13451 2 16716
13451 3 16696
13451 4 16697
13452 0 16688
13452 1 16689
13452 2 16708
13452 3 16709
13453 0 16692
13453 1 16693
13453 2 16694
13453 3 16696
13453 4 16697
13454 0 16701
13454 1 16689
13454 2 16694
13454 3 16696
13454 4 16697
13455 0 16688
13455 1 16693
13455 2 16699
13455 3 16698
13455 4 16697
13456 0 16688
13456 1 16689
13456 2 16694
13456 3 16698
13456 4 16697
13457 0 16701
13457 1 16693
13457 2 16694
13457 3 16696
13457 4 16697
13458 0 16688
13458 1 16689
13458 2 16703
13458 3 16690
13459 0 16701
13459 1 16693
13459 2 16706
13459 3 16690
13459 4 16697
13460 0 16705
13460 1 16693
13460 2 16694
13460 3 16698
13460 4 16697
13461 0 16701
13461 1 16689
13461 2 16694
13461 3 16690
13461 4 16695
13462 0 16701
13462 1 16689
13462 2 16694
13462 3 16709
13463 0 16701
13463 1 16693
13463 2 16708
13463 3 16698
13464 0 16688
13464 1 16689
13464 2 16708
13464 3 16723
13465 0 16701
13465 1 16689
13465 2 16708
13465 3 16698
13466 0 16688
13466 1 16693
13466 2 16691
13466 3 16723
13467 0 16688
13467 1 16693
13467 2 16694
13467 3 16696
13467 4 16697
13468 0 16688
13468 1 16689
13468 2 16703
13468 3 16698
13468 4 16697
13469 0 16692
13469 1 16689
13469 2 16694
13469 3 16696
13469 4 16697
13470 0 16717
13470 1 16693
13470 2 16716
13470 3 16696
13470 4 16695
13471 0 16688
13471 1 16689
13471 2 16708
13471 3 16696
13472 0 16688
13472 1 16689
13472 2 16694
13472 3 16698
13472 4 16697
13473 0 16688
13473 1 16689
13473 2 16708
13473 3 16696
13474 0 16701
13474 1 16693
13474 2 16706
13474 3 16696
13474 4 16695
13475 0 16717
13475 1 16693
13475 2 16716
13475 3 16690
13475 4 16697
13476 0 16688
13476 1 16689
13476 2 16718
13476 3 16698
13476 4 16697
13477 0 16713
13477 1 16689
13477 2 16694
13477 3 16696
13477 4 16697
13478 0 16705
13478 1 16689
13478 2 16703
13478 3 16696
13478 4 16697
13479 0 16724
13479 1 16693
13479 2 16703
13479 3 16698
13479 4 16697
13480 0 16722
13480 1 16689
13480 2 16703
13480 3 16723
13480 4 16697
13481 0 16705
13481 1 16689
13481 2 16703
13481 3 16709
13482 0 16722
13482 1 16689
13482 2 16704
13482 3 16696
13482 4 16697
13483 0 16688
13483 1 16689
13483 2 16694
13483 3 16696
13483 4 16697
13484 0 16688
13484 1 16700
13484 2 16694
13484 3 16690
13484 4 16697
13485 0 16688
13485 1 16700
13485 2 16703
13485 3 16709
13485 4 16695
13486 0 16688
13486 1 16693
13486 2 16703
13486 3 16698
13486 4 16695
13487 0 16688
13487 1 16693
13487 2 16716
13487 3 16698
13487 4 16697
13488 0 16688
13488 1 16707
13488 2 16694
13488 3 16698
13488 4 16697
13489 0 16688
13489 1 16700
13489 2 16694
13489 3 16690
13489 4 16697
13490 0 16688
13490 1 16693
13490 2 16716
13490 3 16690
13490 4 16697
13491 0 16712
13491 1 16689
13491 2 16694
13491 3 16698
13491 4 16697
13492 0 16692
13492 1 16693
13492 2 16716
13492 3 16690
13492 4 16697
13493 0 16688
13493 1 16689
13493 2 16694
13493 3 16690
13493 4 16697
13494 0 16688
13494 1 16693
13494 2 16694
13494 3 16690
13494 4 16695
13495 0 16688
13495 1 16693
13495 2 16694
13495 3 16698
13496 0 16701
13496 1 16707
13496 2 16694
13496 3 16698
13496 4 16697
13497 0 16688
13497 1 16693
13497 2 16718
13497 3 16698
13498 0 16724
13498 1 16693
13498 2 16694
13498 3 16696
13498 4 16695
13499 0 16688
13499 1 16689
13499 2 16694
13499 3 16698
13499 4 16697
13500 0 16701
13500 1 16689
13500 2 16708
13500 3 16709
13501 0 16688
13501 1 16693
13501 2 16704
13501 3 16696
13501 4 16697
13502 0 16688
13502 1 16693
13502 2 16706
13502 3 16723
13502 4 16695
13503 0 16688
13503 1 16700
13503 2 16716
13503 3 16698
13503 4 16697
13504 0 16701
13504 1 16700
13504 2 16718
13504 3 16696
13504 4 16695
13505 0 16713
13505 1 16689
13505 2 16718
13505 3 16696
13505 4 16697
13506 0 16701
13506 1 16693
13506 2 16694
13506 3 16698
13506 4 16697
13507 0 16688
13507 1 16689
13507 2 16704
13507 3 16696
13507 4 16695
13508 0 16688
13508 1 16689
13508 2 16703
13508 3 16698
13508 4 16697
13509 0 16688
13509 1 16689
13509 2 16703
13509 3 16696
13510 0 16688
13510 1 16689
13510 2 16694
13510 3 16696
13510 4 16695
13511 0 16688
13511 1 16693
13511 2 16694
13511 3 16690
13512 0 16688
13512 1 16700
13512 2 16718
13512 3 16690
13513 0 16721
13513 1 16693
13513 2 16694
13513 3 16696
13514 0 16688
13514 1 16689
13514 2 16704
13514 3 16698
13514 4 16695
13515 0 16688
13515 1 16693
13515 2 16694
13515 3 16690
13515 4 16697
13516 0 16702
13516 1 16689
13516 2 16703
13516 3 16698
13517 0 16722
13517 1 16689
13517 2 16703
13517 3 16690
13518 0 16701
13518 1 16693
13518 2 16694
13518 3 16696
13518 4 16695
13519 0 16688
13519 1 16693
13519 3 16690
13519 4 16695
13520 0 16688
13520 1 16689
13520 2 16708
13520 3 16690
13521 0 16688
13521 1 16689
13521 2 16694
13521 3 16723
13521 4 16697
13522 0 16688
13522 1 16689
13522 2 16708
13522 3 16709
13523 0 16688
13523 1 16693
13523 2 16703
13523 3 16690
13523 4 16697
13524 0 16688
13524 1 16700
13524 2 16708
13524 3 16709
13525 0 16688
13525 1 16689
13525 2 16710
13525 3 16696
13526 0 16688
13526 1 16693
13526 2 16699
13526 3 16709
13526 4 16697
13527 0 16701
13527 1 16693
13527 2 16694
13527 3 16690
13527 4 16695
13528 0 16688
13528 1 16693
13528 3 16709
13528 4 16697
13529 0 16688
13529 1 16693
13529 2 16694
13529 3 16698
13530 0 16688
13530 1 16693
13530 2 16694
13530 3 16723
13530 4 16695
13531 0 16702
13531 1 16693
13531 2 16703
13531 3 16696
13531 4 16695
13532 0 16688
13532 1 16689
13532 2 16710
13532 3 16709
13533 0 16688
13533 1 16689
13533 2 16694
13533 3 16709
13533 4 16697
13534 0 16688
13534 1 16689
13534 2 16708
13534 3 16696
13535 0 16688
13535 1 16689
13535 2 16708
13535 3 16709
13536 0 16701
13536 1 16689
13536 2 16694
13536 3 16696
13536 4 16695
13537 0 16688
13537 1 16689
13537 2 16694
13537 3 16690
13537 4 16695
13538 0 16717
13538 1 16693
13538 2 16694
13538 3 16696
13538 4 16695
13539 0 16688
13539 1 16693
13539 2 16706
13539 3 16698
13539 4 16697
13540 0 16688
13540 1 16689
13540 2 16694
13540 3 16698
13540 4 16695
13541 0 16688
13541 1 16693
13541 3 16696
13541 4 16697
13542 0 16688
13542 1 16700
13542 2 16694
13542 3 16696
13542 4 16697
13543 0 16688
13543 1 16689
13543 2 16708
13543 3 16723
13544 0 16688
13544 1 16700
13544 2 16718
13544 3 16709
13545 0 16688
13545 1 16693
13545 2 16694
13545 3 16709
13545 4 16695
13546 0 16688
13546 1 16693
13546 2 16704
13546 3 16698
13546 4 16695
13547 0 16688
13547 1 16693
13547 2 16704
13547 3 16698
13547 4 16695
13548 0 16688
13548 1 16689
13548 2 16694
13548 3 16709
13548 4 16695
13549 0 16692
13549 1 16689
13549 2 16694
13549 3 16690
13549 4 16695
13550 0 16688
13550 1 16689
13550 2 16694
13550 3 16698
13550 4 16697
13551 0 16688
13551 1 16689
13551 2 16691
13551 3 16690
13552 0 16688
13552 1 16700
13552 2 16703
13552 3 16698
13553 0 16712
13553 1 16689
13553 2 16694
13553 3 16696
13553 4 16695
13554 0 16702
13554 1 16689
13554 2 16703
13554 3 16690
13555 0 16692
13555 1 16693
13555 2 16694
13555 3 16698
13555 4 16695
13556 0 16688
13556 1 16693
13556 2 16694
13556 3 16696
13556 4 16697
13557 0 16688
13557 1 16689
13557 2 16694
13557 3 16709
13557 4 16697
13558 0 16719
13558 1 16689
13558 2 16716
13558 3 16698
13559 0 16688
13559 1 16689
13559 2 16694
13559 3 16696
13559 4 16695
13560 0 16688
13560 1 16700
13560 2 16703
13560 3 16690
13561 0 16692
13561 1 16693
13561 2 16704
13561 3 16690
13561 4 16695
13562 0 16688
13562 1 16700
13562 2 16708
13562 3 16696
13563 0 16688
13563 1 16693
13563 2 16704
13563 3 16690
13564 0 16688
13564 1 16693
13564 2 16704
13564 3 16696
13564 4 16695
13565 0 16688
13565 1 16693
13565 2 16691
13565 3 16698
13566 0 16688
13566 1 16693
13566 2 16691
13566 3 16690
13567 0 16692
13567 1 16693
13567 2 16694
13567 3 16696
13567 4 16697
13568 0 16688
13568 1 16689
13568 2 16694
13568 3 16709
13568 4 16695
13569 0 16688
13569 1 16693
13569 2 16703
13569 3 16690
13570 0 16717
13570 1 16689
13570 2 16708
13570 3 16709
13571 0 16688
13571 1 16689
13571 2 16703
13571 3 16696
13572 0 16688
13572 1 16689
13572 2 16716
13572 3 16698
13573 0 16688
13573 1 16689
13573 2 16708
13573 3 16696
13574 0 16688
13574 1 16689
13574 2 16716
13574 3 16696
13574 4 16695
13575 0 16688
13575 1 16689
13575 2 16716
13575 3 16723
13575 4 16695
13576 0 16688
13576 1 16689
13576 2 16694
13576 3 16709
13576 4 16697
13577 0 16717
13577 1 16693
13577 2 16716
13577 3 16696
13577 4 16697
13578 0 16688
13578 1 16693
13578 2 16691
13578 3 16709
13578 4 16697
13579 0 16717
13579 1 16689
13579 2 16703
13579 3 16709
13579 4 16695
13580 0 16688
13580 1 16689
13580 2 16703
13580 3 16723
13581 0 16688
13581 1 16700
13581 2 16703
13581 3 16723
13582 0 16688
13582 1 16700
13582 2 16718
13582 3 16690
13583 0 16702
13583 1 16693
13583 2 16694
13583 3 16709
13584 0 16705
13584 1 16693
13584 2 16706
13584 3 16723
13584 4 16697
13585 0 16688
13585 1 16689
13585 2 16708
13585 3 16709
13586 0 16712
13586 1 16689
13586 2 16694
13586 3 16709
13586 4 16697
13587 0 16688
13587 1 16693
13587 2 16716
13587 3 16709
13587 4 16697
13588 0 16688
13588 1 16707
13588 2 16694
13588 3 16690
13588 4 16695
13589 0 16688
13589 1 16689
13589 2 16708
13589 3 16709
13589 4 16695
13590 0 16688
13590 1 16689
13590 2 16716
13590 3 16709
13591 0 16688
13591 1 16689
13591 2 16694
13591 3 16696
13591 4 16695
13592 0 16722
13592 1 16689
13592 2 16694
13592 3 16723
13592 4 16697
13593 0 16688
13593 1 16689
13593 2 16694
13593 3 16709
13593 4 16697
13594 0 16688
13594 1 16693
13594 2 16704
13594 3 16698
13594 4 16695
13595 0 16688
13595 1 16693
13595 2 16704
13595 3 16696
13595 4 16697
13596 0 16688
13596 1 16689
13596 2 16708
13596 3 16709
13597 0 16688
13597 1 16689
13597 2 16694
13597 3 16690
13597 4 16697
13598 0 16713
13598 1 16689
13598 2 16694
13598 3 16696
13598 4 16695
13599 0 16688
13599 1 16689
13599 2 16704
13599 3 16698
13600 0 16722
13600 1 16689
13600 2 16704
13600 3 16696
13600 4 16695
13601 0 16688
13601 1 16689
13601 2 16703
13601 3 16696
13601 4 16697
13602 0 16688
13602 1 16689
13602 2 16708
13602 3 16709
13603 0 16688
13603 1 16689
13603 2 16708
13603 3 16723
13604 0 16688
13604 1 16693
13604 2 16694
13604 3 16690
13604 4 16697
13605 0 16692
13605 1 16689
13605 2 16703
13605 3 16709
13605 4 16697
13606 0 16688
13606 1 16689
13606 2 16694
13606 3 16698
13606 4 16697
13607 0 16688
13607 1 16693
13607 2 16704
13607 3 16709
13607 4 16697
13608 0 16705
13608 1 16689
13608 2 16694
13608 3 16690
13608 4 16695
13609 0 16702
13609 1 16693
13609 2 16703
13609 3 16690
13609 4 16697
13610 0 16688
13610 1 16693
13610 2 16694
13610 3 16690
13610 4 16695
13611 0 16688
13611 1 16700
13611 2 16708
13611 3 16698
13612 0 16717
13612 1 16693
13612 2 16694
13612 3 16690
13612 4 16697
13613 0 16717
13613 1 16693
13613 2 16694
13613 3 16698
13613 4 16697
13614 0 16702
13614 1 16693
13614 2 16703
13614 3 16690
13614 4 16695
13615 0 16702
13615 1 16689
13615 2 16694
13615 3 16690
13615 4 16697
13616 0 16702
13616 1 16693
13616 2 16694
13616 3 16690
13616 4 16695
13617 0 16717
13617 1 16689
13617 2 16694
13617 3 16696
13617 4 16697
13618 0 16717
13618 1 16700
13618 2 16694
13618 3 16690
13618 4 16695
13619 0 16717
13619 1 16693
13619 2 16694
13619 3 16690
13619 4 16697
13620 0 16717
13620 1 16693
13620 2 16694
13620 3 16696
13620 4 16697
13621 0 16688
13621 1 16693
13621 2 16694
13621 3 16698
13621 4 16697
13622 0 16688
13622 1 16693
13622 2 16694
13622 3 16698
13622 4 16697
13623 0 16688
13623 1 16689
13623 2 16694
13623 3 16698
13624 0 16688
13624 1 16707
13624 2 16694
13624 3 16698
13624 4 16697
13625 0 16688
13625 1 16693
13625 2 16694
13625 3 16690
13625 4 16697
13626 0 16717
13626 1 16707
13626 2 16694
13626 3 16696
13626 4 16697
13627 0 16688
13627 1 16689
13627 2 16708
13627 3 16723
13628 0 16688
13628 1 16693
13628 2 16694
13628 3 16690
13628 4 16695
13629 0 16688
13629 1 16689
13629 2 16691
13629 3 16690
13630 0 16688
13630 1 16689
13630 2 16704
13630 3 16698
13630 4 16697
13631 0 16688
13631 1 16689
13631 3 16690
13632 0 16688
13632 1 16693
13632 2 16694
13632 3 16690
13632 4 16695
13633 0 16688
13633 1 16700
13633 2 16708
13633 3 16723
13634 0 16705
13634 1 16689
13634 2 16708
13634 3 16709
13635 0 16688
13635 1 16693
13635 3 16690
13635 4 16697
13636 0 16688
13636 1 16689
13636 2 16694
13636 3 16698
13636 4 16697
13637 0 16688
13637 1 16700
13637 2 16708
13637 3 16690
13638 0 16688
13638 1 16689
13638 2 16704
13638 3 16698
13638 4 16695
13639 0 16688
13639 1 16689
13639 2 16708
13639 3 16723
13640 0 16688
13640 1 16689
13640 2 16694
13640 3 16709
13640 4 16695
13641 0 16688
13641 1 16693
13641 2 16694
13641 3 16723
13642 0 16688
13642 1 16693
13642 2 16694
13642 3 16698
13642 4 16695
13643 0 16692
13643 1 16693
13643 2 16694
13643 3 16698
13643 4 16695
13644 0 16688
13644 1 16693
13644 2 16694
13644 3 16709
13644 4 16728
13645 0 16688
13645 1 16693
13645 2 16694
13645 3 16709
13645 4 16697
13646 0 16688
13646 1 16689
13646 2 16708
13646 3 16698
13647 0 16721
13647 1 16693
13647 2 16703
13647 3 16690
13648 0 16702
13648 1 16689
13648 2 16703
13648 3 16698
13649 0 16702
13649 1 16700
13649 2 16703
13649 3 16698
13649 4 16695
13650 0 16688
13650 1 16707
13650 2 16704
13650 3 16690
13650 4 16695
13651 0 16688
13651 1 16700
13651 2 16694
13651 3 16696
13651 4 16695
13652 0 16702
13652 1 16693
13652 2 16703
13652 3 16690
13653 0 16717
13653 1 16689
13653 2 16694
13653 3 16696
13654 0 16688
13654 1 16693
13654 2 16706
13654 3 16690
13655 0 16688
13655 1 16693
13655 2 16699
13655 3 16696
13656 0 16702
13656 1 16693
13656 2 16706
13656 3 16690
13656 4 16697
13657 0 16688
13657 1 16689
13657 2 16694
13657 3 16696
13657 4 16697
13658 0 16721
13658 1 16707
13658 2 16694
13658 3 16696
13658 4 16695
13659 0 16721
13659 1 16689
13659 2 16716
13659 3 16696
13659 4 16695
13660 0 16688
13660 1 16707
13660 2 16694
13660 3 16690
13660 4 16695
13661 0 16721
13661 1 16693
13661 2 16694
13661 3 16696
13662 0 16688
13662 1 16693
13662 2 16710
13662 3 16696
13663 0 16702
13663 1 16693
13663 2 16716
13663 3 16696
13663 4 16728
13664 0 16688
13664 1 16693
13664 2 16694
13664 3 16698
13665 0 16702
13665 1 16689
13665 2 16703
13665 3 16698
13666 0 16688
13666 1 16700
13666 2 16694
13666 3 16696
13666 4 16695
13667 0 16688
13667 1 16693
13667 2 16694
13667 3 16698
13667 4 16695
13668 0 16692
13668 1 16689
13668 2 16694
13668 3 16696
13669 0 16688
13669 1 16689
13669 2 16708
13669 3 16696
13670 0 16721
13670 1 16700
13670 2 16694
13670 3 16690
13671 0 16688
13671 1 16693
13671 2 16694
13671 3 16698
13671 4 16695
13672 0 16688
13672 1 16693
13672 3 16696
13672 4 16697
13673 0 16688
13673 1 16689
13673 2 16716
13673 3 16696
13674 0 16688
13674 1 16693
13674 3 16709
13674 4 16695
13675 0 16688
13675 1 16689
13675 2 16708
13675 3 16696
13676 0 16688
13676 1 16689
13676 2 16708
13676 3 16690
13677 0 16717
13677 1 16693
13677 2 16694
13677 3 16690
13677 4 16728
13678 0 16688
13678 1 16693
13678 2 16694
13678 3 16690
13678 4 16695
13679 0 16688
13679 1 16689
13679 2 16708
13679 3 16696
13680 0 16688
13680 1 16693
13680 2 16694
13680 3 16690
13681 0 16688
13681 1 16693
13681 3 16696
13681 4 16695
13682 0 16688
13682 1 16707
13682 2 16694
13682 3 16690
13682 4 16697
13683 0 16688
13683 1 16689
13683 2 16699
13683 3 16698
13684 0 16688
13684 1 16707
13684 2 16694
13684 3 16698
13685 0 16688
13685 1 16707
13685 2 16694
13685 3 16690
13686 0 16688
13686 1 16689
13686 2 16708
13686 3 16698
13687 0 16688
13687 1 16707
13687 2 16694
13687 3 16690
13687 4 16695
13688 0 16721
13688 1 16693
13688 3 16690
13688 4 16728
13689 0 16719
13689 1 16689
13689 2 16708
13689 3 16698
13690 0 16688
13690 1 16689
13690 2 16694
13690 3 16690
13690 4 16697
13691 0 16688
13691 1 16689
13691 2 16694
13691 3 16698
13691 4 16695
13692 0 16688
13692 1 16689
13692 2 16694
13692 3 16690
13692 4 16695
13693 0 16688
13693 1 16693
13693 2 16716
13693 3 16690
13693 4 16695
13694 0 16702
13694 1 16693
13694 2 16703
13694 3 16696
13695 0 16688
13695 1 16700
13695 2 16703
13695 3 16696
13695 4 16697
13696 0 16688
13696 1 16693
13696 2 16694
13696 3 16696
13696 4 16697
13697 0 16721
13697 1 16689
13697 2 16708
13697 3 16690
13698 0 16688
13698 1 16707
13698 2 16704
13698 3 16690
13698 4 16697
13699 0 16688
13699 1 16700
13699 2 16703
13699 3 16696
13699 4 16695
13700 0 16688
13700 1 16693
13700 2 16706
13700 3 16690
13700 4 16695
13701 0 16702
13701 1 16689
13701 2 16691
13701 3 16698
13702 0 16688
13702 1 16689
13702 2 16706
13702 3 16690
13702 4 16695
13703 0 16721
13703 1 16693
13703 2 16716
13703 3 16690
13703 4 16695
13704 0 16702
13704 1 16700
13704 2 16703
13704 3 16696
13704 4 16695
13705 0 16721
13705 1 16689
13705 2 16716
13705 3 16696
13705 4 16697
13706 0 16692
13706 1 16689
13706 2 16710
13706 3 16690
13706 4 16695
13707 0 16702
13707 1 16693
13707 2 16703
13707 3 16690
13707 4 16697
13708 0 16688
13708 1 16689
13708 2 16694
13708 3 16698
13708 4 16697
13709 0 16688
13709 1 16693
13709 2 16694
13709 3 16690
13710 0 16688
13710 1 16693
13710 3 16690
13711 0 16688
13711 1 16689
13711 2 16708
13711 3 16698
13712 0 16688
13712 1 16689
13712 2 16708
13712 3 16698
13713 0 16717
13713 1 16693
13713 2 16716
13713 3 16690
13713 4 16697
13714 0 16688
13714 1 16689
13714 2 16703
13714 3 16690
13714 4 16695
13715 0 16701
13715 1 16689
13715 3 16696
13716 0 16688
13716 1 16689
13716 3 16696
13717 0 16692
13717 1 16689
13717 2 16710
13717 3 16696
13718 0 16705
13718 1 16689
13718 2 16694
13718 3 16690
13718 4 16695
13719 0 16688
13719 1 16707
13719 2 16694
13719 3 16696
13719 4 16697
13720 0 16688
13720 1 16693
13720 2 16694
13720 3 16690
13720 4 16697
13721 0 16688
13721 1 16693
13721 2 16706
13721 3 16690
13721 4 16728
13722 0 16688
13722 1 16689
13722 2 16694
13722 3 16709
13722 4 16695
13723 0 16688
13723 1 16689
13723 2 16694
13723 3 16690
13723 4 16695
13724 0 16688
13724 1 16689
13724 3 16698
13724 4 16695
13725 0 16688
13725 1 16689
13725 2 16703
13725 3 16690
13725 4 16695
13726 0 16717
13726 1 16693
13726 2 16694
13726 3 16690
13727 0 16688
13727 1 16707
13727 2 16694
13727 3 16690
13727 4 16697
13728 0 16688
13728 1 16693
13728 2 16694
13728 3 16698
13728 4 16695
13729 0 16688
13729 1 16689
13729 2 16703
13729 3 16696
13729 4 16728
13730 0 16717
13730 1 16689
13730 2 16708
13730 3 16696
13731 0 16688
13731 1 16693
13731 2 16706
13731 3 16690
13731 4 16695
13732 0 16688
13732 1 16689
13732 2 16708
13732 3 16723
13733 0 16688
13733 1 16693
13733 2 16718
13733 3 16690
13733 4 16697
13734 0 16688
13734 1 16693
13734 2 16716
13734 3 16709
13734 4 16697
13735 0 16713
13735 1 16693
13735 2 16716
13735 3 16698
13735 4 16697
13736 0 16688
13736 1 16689
13736 2 16716
13736 3 16690
13736 4 16697
13737 0 16688
13737 1 16693
13737 2 16694
13737 3 16690
13737 4 16695
13738 0 16688
13738 1 16693
13738 2 16694
13738 3 16696
13738 4 16697
13739 0 16688
13739 1 16689
13739 3 16723
13739 4 16697
13740 0 16702
13740 1 16689
13740 2 16718
13740 3 16696
13740 4 16695
13741 0 16688
13741 1 16689
13741 2 16716
13741 3 16698
13741 4 16695
13742 0 16688
13742 1 16689
13742 3 16698
13742 4 16697
13743 0 16688
13743 1 16689
13743 2 16716
13743 3 16690
13743 4 16697
13744 0 16713
13744 1 16693
13744 2 16718
13744 3 16698
13744 4 16695
13745 0 16702
13745 1 16689
13745 2 16703
13745 3 16690
13745 4 16695
13746 0 16702
13746 1 16693
13746 2 16716
13746 3 16696
13746 4 16695
13747 0 16688
13747 1 16689
13747 3 16696
13747 4 16697
13748 0 16702
13748 1 16693
13748 2 16716
13748 3 16696
13749 0 16719
13749 1 16693
13749 2 16694
13749 3 16709
13749 4 16697
13750 0 16688
13750 1 16689
13750 3 16696
13750 4 16697
13751 0 16688
13751 1 16689
13751 2 16708
13751 3 16723
13752 0 16688
13752 1 16689
13752 2 16716
13752 3 16690
13752 4 16695
13753 0 16719
13753 1 16689
13753 2 16716
13753 3 16723
13753 4 16695
13754 0 16692
13754 1 16689
13754 2 16716
13754 3 16709
13754 4 16695
13755 0 16702
13755 1 16693
13755 2 16694
13755 3 16709
13755 4 16697
13756 0 16702
13756 1 16693
13756 2 16703
13756 3 16709
13756 4 16695
13757 0 16719
13757 1 16689
13757 2 16703
13757 3 16698
13757 4 16695
13758 0 16702
13758 1 16693
13758 2 16703
13758 3 16696
13758 4 16695
13759 0 16702
13759 1 16689
13759 2 16716
13759 3 16698
13759 4 16695
13760 0 16688
13760 1 16689
13760 2 16704
13760 3 16690
13760 4 16697
13761 0 16688
13761 1 16689
13761 2 16727
13761 3 16696
13761 4 16697
13762 0 16702
13762 1 16689
13762 2 16718
13762 3 16723
13763 0 16702
13763 1 16689
13763 2 16703
13763 3 16696
13763 4 16695
13764 0 16688
13764 1 16689
13764 2 16716
13764 3 16723
13764 4 16695
13765 0 16688
13765 1 16689
13765 2 16716
13765 3 16696
13765 4 16695
13766 0 16688
13766 1 16689
13766 2 16716
13766 3 16696
13766 4 16697
13767 0 16719
13767 1 16689
13767 2 16716
13767 3 16696
13767 4 16695
13768 0 16719
13768 1 16689
13768 2 16708
13768 3 16696
13769 0 16688
13769 1 16689
13769 2 16708
13769 3 16698
13770 0 16719
13770 1 16689
13770 2 16691
13770 3 16696
13771 0 16688
13771 1 16693
13771 2 16694
13771 3 16696
13771 4 16697
13772 0 16702
13772 1 16689
13772 2 16703
13772 3 16698
13772 4 16697
13773 0 16688
13773 1 16689
13773 2 16694
13773 3 16723
13773 4 16697
13774 0 16705
13774 1 16693
13774 3 16696
13774 4 16695
13775 0 16688
13775 1 16689
13775 2 16710
13775 3 16698
13775 4 16697
13776 0 16688
13776 1 16689
13776 2 16716
13776 3 16698
13776 4 16695
13777 0 16717
13777 1 16693
13777 3 16698
13778 0 16702
13778 1 16693
13778 2 16694
13778 3 16709
13779 0 16688
13779 1 16693
13779 2 16704
13779 3 16696
13779 4 16695
13780 0 16688
13780 1 16693
13780 2 16708
13780 3 16709
13781 0 16688
13781 1 16689
13781 2 16703
13781 3 16696
13782 0 16688
13782 1 16689
13782 2 16694
13782 3 16723
13782 4 16697
13783 0 16713
13783 1 16689
13783 2 16703
13783 3 16723
13783 4 16697
13784 0 16701
13784 1 16689
13784 2 16708
13784 3 16709
13785 0 16688
13785 1 16689
13785 2 16694
13785 3 16723
13785 4 16695
13786 0 16712
13786 1 16689
13786 2 16708
13786 3 16723
13787 0 16688
13787 1 16689
13787 2 16694
13787 3 16709
13787 4 16697
13788 0 16688
13788 1 16689
13788 2 16708
13788 3 16709
13789 0 16688
13789 1 16693
13789 2 16691
13789 3 16698
13790 0 16688
13790 1 16689
13790 2 16703
13790 3 16709
13791 0 16688
13791 1 16689
13791 2 16691
13791 3 16723
13792 0 16692
13792 1 16689
13792 2 16694
13792 3 16696
13792 4 16695
13793 0 16688
13793 1 16689
13793 2 16694
13793 3 16723
13793 4 16697
13794 0 16717
13794 1 16693
13794 2 16706
13794 3 16709
13794 4 16695
13795 0 16701
13795 1 16689
13795 2 16694
13795 3 16723
13795 4 16697
13796 0 16688
13796 1 16689
13796 2 16694
13796 3 16696
13796 4 16695
13797 0 16688
13797 1 16693
13797 2 16706
13797 3 16709
13797 4 16695
13798 0 16731
13798 1 16689
13798 2 16694
13798 3 16696
13798 4 16695
13799 0 16731
13799 1 16693
13799 2 16694
13799 3 16690
13799 4 16695
13800 0 16688
13800 1 16689
13800 2 16708
13800 3 16709
13801 0 16702
13801 1 16693
13801 2 16706
13801 3 16696
13801 4 16695
13802 0 16701
13802 1 16693
13802 2 16694
13802 3 16698
13803 0 16688
13803 1 16693
13803 2 16694
13803 3 16698
13803 4 16728
13804 0 16692
13804 1 16689
13804 2 16694
13804 3 16698
13804 4 16695
13805 0 16702
13805 1 16689
13805 2 16703
13805 3 16698
13805 4 16695
13806 0 16688
13806 1 16689
13806 2 16708
13806 3 16709
13807 0 16731
13807 1 16689
13807 2 16694
13807 3 16709
13807 4 16697
13808 0 16702
13808 1 16689
13808 2 16694
13808 3 16698
13809 0 16688
13809 1 16693
13809 2 16694
13809 3 16696
13809 4 16697
13810 0 16688
13810 1 16689
13810 2 16708
13810 3 16723
13811 0 16688
13811 1 16693
13811 2 16694
13811 3 16698
13811 4 16695
13812 0 16717
13812 1 16689
13812 2 16708
13812 3 16696
13813 0 16719
13813 1 16689
13813 2 16694
13813 3 16698
13813 4 16695
13814 0 16688
13814 1 16689
13814 2 16708
13814 3 16690
13815 0 16702
13815 1 16693
13815 2 16694
13815 3 16723
13815 4 16697
13816 0 16688
13816 1 16693
13816 2 16718
13816 3 16698
13816 4 16695
13817 0 16688
13817 1 16693
13817 2 16718
13817 3 16690
13817 4 16695
13818 0 16688
13818 1 16689
13818 2 16694
13818 3 16696
13818 4 16697
13819 0 16688
13819 1 16693
13819 2 16694
13819 3 16723
13819 4 16695
13820 0 16688
13820 1 16689
13820 2 16704
13820 3 16709
13820 4 16695
13821 0 16701
13821 1 16689
13821 2 16708
13821 3 16690
13822 0 16688
13822 1 16689
13822 2 16704
13822 3 16723
13822 4 16697
13823 0 16688
13823 1 16693
13823 2 16703
13823 3 16698
13824 0 16717
13824 1 16689
13824 2 16694
13824 3 16696
13824 4 16697
13825 0 16688
13825 1 16707
13825 2 16694
13825 3 16696
13825 4 16697
13826 0 16688
13826 1 16700
13826 2 16694
13826 3 16690
13826 4 16697
13827 0 16688
13827 1 16693
13827 2 16694
13827 3 16698
13827 4 16697
13828 0 16688
13828 1 16693
13828 2 16691
13828 3 16709
13829 0 16692
13829 1 16689
13829 2 16691
13829 3 16696
13830 0 16721
13830 1 16707
13830 2 16694
13830 3 16698
13830 4 16697
13831 0 16688
13831 1 16689
13831 2 16704
13831 3 16690
13832 0 16688
13832 1 16707
13832 3 16698
13832 4 16697
13833 0 16721
13833 1 16693
13833 2 16716
13833 3 16723
13833 4 16697
13834 0 16688
13834 1 16707
13834 2 16716
13834 3 16690
13834 4 16695
13835 0 16688
13835 1 16707
13835 2 16704
13835 3 16709
13835 4 16695
13836 0 16688
13836 1 16700
13836 2 16708
13836 3 16723
13837 0 16688
13837 1 16707
13837 2 16694
13837 3 16696
13837 4 16695
13838 0 16688
13838 1 16689
13838 3 16709
13838 4 16695
13839 0 16688
13839 1 16693
13839 2 16706
13839 3 16723
13839 4 16697
13840 0 16688
13840 1 16689
13840 2 16694
13840 3 16690
13840 4 16697
13841 0 16688
13841 1 16689
13841 2 16708
13841 3 16690
13842 0 16688
13842 1 16689
13842 2 16710
13842 3 16696
13843 0 16692
13843 1 16689
13843 2 16694
13843 3 16696
13843 4 16697
13844 0 16688
13844 1 16689
13844 2 16716
13844 3 16709
13844 4 16695
13845 0 16688
13845 1 16689
13845 2 16694
13845 3 16709
13845 4 16697
13846 0 16688
13846 1 16693
13846 2 16694
13846 3 16690
13847 0 16688
13847 1 16689
13847 2 16708
13847 3 16723
13848 0 16688
13848 1 16689
13848 2 16694
13848 3 16696
13848 4 16695
13849 0 16688
13849 1 16700
13849 2 16708
13849 3 16723
13850 0 16688
13850 1 16707
13850 2 16694
13850 3 16698
13850 4 16697
13851 0 16688
13851 1 16689
13851 2 16716
13851 3 16709
13851 4 16697
13852 0 16688
13852 1 16693
13852 2 16704
13852 3 16698
13852 4 16697
13853 0 16688
13853 1 16689
13853 2 16716
13853 3 16723
13853 4 16695
13854 0 16688
13854 1 16707
13854 2 16694
13854 3 16690
13854 4 16697
13855 0 16688
13855 1 16700
13855 2 16708
13855 3 16709
13856 0 16731
13856 1 16693
13856 2 16694
13856 3 16698
13856 4 16697
13857 0 16688
13857 1 16689
13857 2 16694
13857 3 16696
13857 4 16697
13858 0 16688
13858 1 16689
13858 2 16694
13858 3 16696
13858 4 16697
13859 0 16688
13859 1 16693
13859 2 16694
13859 3 16698
13859 4 16697
13860 0 16688
13860 1 16693
13860 2 16703
13860 3 16696
13860 4 16695
13861 0 16688
13861 1 16689
13861 2 16694
13861 3 16690
13861 4 16695
13862 0 16688
13862 1 16689
13862 2 16727
13862 3 16709
13862 4 16697
13863 0 16688
13863 1 16693
13863 2 16694
13863 3 16696
13863 4 16697
13864 0 16688
13864 1 16693
13864 2 16694
13864 3 16696
13864 4 16697
13865 0 16688
13865 1 16689
13865 3 16696
13865 4 16695
13866 0 16692
13866 1 16689
13866 2 16710
13866 3 16698
13867 0 16688
13867 1 16693
13867 2 16708
13867 3 16698
13868 0 16713
13868 1 16689
13868 2 16704
13868 3 16698
13868 4 16695
13869 0 16688
13869 1 16689
13869 2 16708
13869 3 16690
13870 0 16688
13870 1 16689
13870 2 16708
13870 3 16690
13871 0 16688
13871 1 16689
13871 2 16708
13871 3 16696
13872 0 16688
13872 1 16689
13872 2 16694
13872 3 16696
13872 4 16697
13873 0 16688
13873 1 16707
13873 2 16694
13873 3 16696
13873 4 16697
13874 0 16688
13874 1 16689
13874 2 16694
13874 3 16696
13874 4 16697
13875 0 16688
13875 1 16689
13875 2 16694
13875 3 16696
13875 4 16697
13876 0 16713
13876 1 16693
13876 2 16704
13876 3 16698
13876 4 16695
13877 0 16688
13877 1 16689
13877 2 16694
13877 3 16709
13877 4 16695
13878 0 16688
13878 1 16700
13878 2 16708
13878 3 16696
13879 0 16688
13879 1 16689
13879 2 16694
13879 3 16709
13879 4 16697
13880 0 16688
13880 1 16689
13880 2 16694
13880 3 16698
13880 4 16697
13881 0 16688
13881 1 16693
13881 2 16694
13881 3 16696
13881 4 16697
13882 0 16688
13882 1 16689
13882 2 16708
13882 3 16709
13883 0 16688
13883 1 16693
13883 2 16704
13883 3 16690
13883 4 16697
13884 0 16688
13884 1 16689
13884 2 16694
13884 3 16709
13884 4 16697
13885 0 16688
13885 1 16689
13885 2 16704
13885 3 16690
13885 4 16697
13886 0 16688
13886 1 16689
13886 2 16704
13886 3 16690
13886 4 16697
13887 0 16688
13887 1 16707
13887 2 16694
13887 3 16698
13887 4 16697
13888 0 16688
13888 1 16689
13888 2 16704
13888 3 16698
13888 4 16697
13889 0 16688
13889 1 16689
13889 2 16704
13889 3 16690
13889 4 16697
13890 0 16688
13890 1 16689
13890 2 16704
13890 3 16698
13890 4 16697
13891 0 16688
13891 1 16689
13891 2 16694
13891 3 16690
13891 4 16697
13892 0 16688
13892 1 16689
13892 2 16708
13892 3 16723
13893 0 16688
13893 1 16689
13893 2 16694
13893 3 16709
13893 4 16697
13894 0 16688
13894 1 16689
13894 2 16694
13894 3 16696
13894 4 16697
13895 0 16688
13895 1 16689
13895 2 16703
13895 3 16690
13895 4 16697
13896 0 16688
13896 1 16689
13896 2 16694
13896 3 16696
13896 4 16697
13897 0 16688
13897 1 16689
13897 2 16694
13897 3 16696
13897 4 16697
13898 0 16688
13898 1 16693
13898 2 16694
13898 3 16723
13898 4 16697
13899 0 16688
13899 1 16689
13899 2 16708
13899 3 16690
13900 0 16688
13900 1 16689
13900 2 16704
13900 3 16696
13900 4 16695
13901 0 16688
13901 1 16689
13901 2 16694
13901 3 16696
13901 4 16697
13902 0 16688
13902 1 16689
13902 2 16694
13902 3 16696
13902 4 16697
13903 0 16688
13903 1 16693
13903 2 16703
13903 3 16690
13903 4 16695
13904 0 16688
13904 1 16689
13904 2 16708
13904 3 16709
13905 0 16688
13905 1 16700
13905 2 16708
13905 3 16723
13906 0 16688
13906 1 16689
13906 2 16708
13906 3 16696
13907 0 16688
13907 1 16689
13907 2 16694
13907 3 16696
13907 4 16697
13908 0 16688
13908 1 16689
13908 2 16704
13908 3 16723
13908 4 16697
13909 0 16688
13909 1 16689
13909 2 16704
13909 3 16709
13909 4 16695
13910 0 16688
13910 1 16693
13910 2 16708
13910 3 16696
13911 0 16688
13911 1 16689
13911 2 16694
13911 3 16696
13911 4 16697
13912 0 16688
13912 1 16693
13912 2 16694
13912 3 16698
13913 0 16688
13913 1 16693
13913 2 16694
13913 3 16723
13913 4 16695
13914 0 16688
13914 1 16689
13914 2 16703
13914 3 16696
13915 0 16688
13915 1 16689
13915 2 16694
13915 3 16696
13915 4 16695
13916 0 16688
13916 1 16700
13916 2 16708
13916 3 16696
13917 0 16688
13917 1 16693
13917 2 16694
13917 3 16698
13917 4 16697
13918 0 16688
13918 1 16689
13918 2 16694
13918 3 16709
13918 4 16697
13919 0 16688
13919 1 16700
13919 2 16708
13919 3 16696
13920 0 16688
13920 1 16693
13920 3 16690
13921 0 16688
13921 1 16707
13921 2 16694
13921 3 16690
13921 4 16697
13922 0 16688
13922 1 16693
13922 3 16698
13923 0 16688
13923 1 16700
13923 2 16708
13923 3 16696
13924 0 16688
13924 1 16693
13924 2 16706
13924 3 16709
13925 0 16688
13925 1 16707
13925 2 16694
13925 3 16709
13925 4 16695
13926 0 16688
13926 1 16700
13926 2 16708
13926 3 16698
13927 0 16688
13927 1 16689
13927 2 16694
13927 3 16690
13927 4 16697
13928 0 16688
13928 1 16689
13928 2 16703
13928 3 16698
13929 0 16688
13929 1 16693
13929 2 16708
13929 3 16698
13930 0 16688
13930 1 16707
13930 2 16694
13930 3 16698
13931 0 16688
13931 1 16700
13931 2 16708
13931 3 16696
13932 0 16688
13932 1 16700
13932 2 16708
13932 3 16709
13933 0 16688
13933 1 16707
13933 2 16694
13933 3 16698
13933 4 16695
13934 0 16688
13934 1 16689
13934 2 16708
13934 3 16723
13935 0 16688
13935 1 16707
13935 2 16694
13935 3 16690
13935 4 16695
13936 0 16688
13936 1 16700
13936 2 16708
13936 3 16696
13937 0 16688
13937 1 16689
13937 2 16694
13937 3 16709
13937 4 16697
13938 0 16688
13938 1 16707
13938 2 16694
13938 3 16696
13938 4 16695
13939 0 16688
13939 1 16700
13939 2 16708
13939 3 16696
13940 0 16688
13940 1 16700
13940 2 16694
13940 3 16698
13941 0 16688
13941 1 16707
13941 2 16718
13941 3 16690
13942 0 16688
13942 1 16689
13942 2 16694
13942 3 16696
13943 0 16688
13943 1 16693
13943 2 16704
13943 3 16698
13943 4 16695
13944 0 16688
13944 1 16689
13944 2 16708
13944 3 16709
13945 0 16688
13945 1 16689
13945 2 16694
13945 3 16696
13945 4 16695
13946 0 16688
13946 1 16693
13946 2 16694
13946 3 16696
13947 0 16688
13947 1 16700
13947 2 16708
13947 3 16723
13948 0 16688
13948 1 16689
13948 2 16694
13948 3 16698
13948 4 16697
13949 0 16688
13949 1 16707
13949 2 16694
13949 3 16696
13949 4 16695
13950 0 16688
13950 1 16707
13950 2 16694
13950 3 16696
13950 4 16697
13951 0 16688
13951 1 16693
13951 2 16694
13951 3 16690
13951 4 16697
13952 0 16688
13952 1 16689
13952 2 16694
13952 3 16696
13952 4 16695
13953 0 16688
13953 1 16707
13953 2 16694
13953 3 16696
13953 4 16697
13954 0 16688
13954 1 16689
13954 2 16694
13954 3 16698
13955 0 16688
13955 1 16689
13955 2 16694
13955 3 16696
13955 4 16697
13956 0 16688
13956 1 16700
13956 2 16708
13956 3 16709
13957 0 16688
13957 1 16707
13957 2 16694
13957 3 16709
13958 0 16688
13958 1 16707
13958 2 16694
13958 3 16696
13958 4 16697
13959 0 16688
13959 1 16700
13959 2 16708
13959 3 16698
13960 0 16688
13960 1 16700
13960 2 16708
13960 3 16696
13961 0 16688
13961 1 16700
13961 2 16708
13961 3 16723
13962 0 16688
13962 1 16707
13962 2 16694
13962 3 16709
13962 4 16697
13963 0 16688
13963 1 16693
13963 2 16694
13963 3 16698
13964 0 16688
13964 1 16700
13964 2 16708
13964 3 16723
13965 0 16688
13965 1 16689
13965 2 16708
13965 3 16696
13966 0 16688
13966 1 16693
13966 2 16699
13966 3 16696
13966 4 16695
13967 0 16701
13967 1 16689
13967 2 16694
13967 3 16698
13968 0 16688
13968 1 16689
13968 2 16703
13968 3 16709
13969 0 16688
13969 1 16707
13969 2 16694
13969 3 16690
13969 4 16695
13970 0 16688
13970 1 16689
13970 2 16694
13970 3 16709
13970 4 16695
13971 0 16688
13971 1 16700
13971 2 16694
13971 3 16723
13971 4 16697
13972 0 16688
13972 1 16693
13972 2 16694
13972 3 16690
13972 4 16695
13973 0 16688
13973 1 16700
13973 2 16708
13973 3 16709
13974 0 16688
13974 1 16700
13974 2 16694
13974 3 16696
13974 4 16695
13975 0 16688
13975 1 16700
13975 2 16694
13975 3 16690
13975 4 16697
13976 0 16688
13976 1 16700
13976 2 16708
13976 3 16696
13977 0 16688
13977 1 16700
13977 2 16708
13977 3 16723
13978 0 16688
13978 1 16689
13978 2 16708
13978 3 16696
13979 0 16688
13979 1 16700
13979 2 16708
13979 3 16723
13979 4 16695
13980 0 16688
13980 1 16700
13980 2 16708
13980 3 16723
13981 0 16688
13981 1 16707
13981 2 16694
13981 3 16709
13981 4 16695
13982 0 16688
13982 1 16700
13982 3 16690
13982 4 16697
13983 0 16688
13983 1 16700
13983 2 16708
13983 3 16723
13984 0 16688
13984 1 16693
13984 2 16694
13984 3 16698
13984 4 16695
13985 0 16688
13985 1 16689
13985 2 16708
13985 3 16709
13986 0 16688
13986 1 16700
13986 2 16708
13986 3 16690
13987 0 16688
13987 1 16707
13987 2 16694
13987 3 16723
13987 4 16697
13988 0 16688
13988 1 16707
13988 2 16694
13988 3 16690
13989 0 16688
13989 1 16693
13989 2 16694
13989 3 16690
13990 0 16688
13990 1 16689
13990 3 16698
13990 4 16697
13991 0 16688
13991 1 16689
13991 2 16694
13991 3 16709
13992 0 16688
13992 1 16707
13992 2 16694
13992 3 16698
13992 4 16695
13993 0 16688
13993 1 16689
13993 2 16708
13993 3 16723
13994 0 16688
13994 1 16700
13994 2 16708
13994 3 16723
13995 0 16688
13995 1 16707
13995 2 16694
13995 3 16696
13995 4 16695
13996 0 16688
13996 1 16689
13996 2 16708
13996 3 16698
13997 0 16688
13997 1 16693
13997 2 16694
13997 3 16696
13997 4 16695
13998 0 16688
13998 1 16700
13998 2 16708
13998 3 16690
13999 0 16688
13999 1 16700
13999 2 16708
13999 3 16709
14000 0 16688
14000 1 16693
14000 2 16694
14000 3 16696
14001 0 16688
14001 1 16707
14001 3 16696
14002 0 16688
14002 1 16689
14002 2 16727
14002 3 16709
14002 4 16697
14003 0 16688
14003 1 16689
14003 2 16708
14003 3 16698
14004 0 16688
14004 1 16689
14004 2 16703
14004 3 16709
14005 0 16688
14005 1 16707
14005 2 16694
14005 3 16698
14005 4 16695
14006 0 16688
14006 1 16700
14006 2 16703
14006 3 16709
14007 0 16688
14007 1 16707
14007 2 16694
14007 3 16698
14007 4 16697
14008 0 16688
14008 1 16707
14008 2 16694
14008 3 16698
14009 0 16688
14009 1 16689
14009 2 16699
14009 3 16709
14009 4 16695
14010 0 16688
14010 1 16693
14010 2 16694
14010 3 16698
14011 0 16688
14011 1 16689
14011 2 16694
14011 3 16709
14011 4 16695
14012 0 16688
14012 1 16689
14012 2 16694
14012 3 16709
14012 4 16695
14013 0 16688
14013 1 16689
14013 2 16694
14013 3 16723
14013 4 16695
14014 0 16688
14014 1 16700
14014 2 16694
14014 3 16690
14015 0 16688
14015 1 16689
14015 2 16703
14015 3 16698
14016 0 16688
14016 1 16693
14016 2 16694
14016 3 16690
14016 4 16695
14017 0 16688
14017 1 16693
14017 2 16694
14017 3 16696
14018 0 16688
14018 1 16689
14018 2 16694
14018 3 16690
14018 4 16695
14019 0 16688
14019 1 16689
14019 2 16708
14019 3 16723
14020 0 16688
14020 1 16700
14020 2 16694
14020 3 16690
14021 0 16688
14021 1 16707
14021 2 16694
14021 3 16709
14021 4 16697
14022 0 16688
14022 1 16689
14022 2 16708
14022 3 16690
14023 0 16688
14023 1 16707
14023 2 16694
14023 3 16696
14023 4 16697
14024 0 16688
14024 1 16693
14024 2 16708
14024 3 16690
14025 0 16688
14025 1 16689
14025 2 16694
14025 3 16709
14025 4 16695
14026 0 16688
14026 1 16689
14026 2 16694
14026 3 16709
14026 4 16695
14027 0 16688
14027 1 16689
14027 2 16694
14027 3 16709
14028 0 16688
14028 1 16700
14028 3 16698
14029 0 16688
14029 1 16689
14029 2 16694
14029 3 16723
14029 4 16695
14030 0 16688
14030 1 16700
14030 2 16708
14030 3 16723
14031 0 16688
14031 1 16707
14031 2 16694
14031 3 16698
14031 4 16695
14032 0 16688
14032 1 16689
14032 2 16691
14032 3 16696
14033 0 16688
14033 1 16693
14033 2 16716
14033 3 16696
14033 4 16695
14034 0 16688
14034 1 16707
14034 2 16694
14034 3 16698
14035 0 16688
14035 1 16700
14035 2 16708
14035 3 16709
14036 0 16688
14036 1 16707
14036 2 16694
14036 3 16698
14037 0 16688
14037 1 16707
14037 2 16694
14037 3 16723
14037 4 16695
14038 0 16688
14038 1 16689
14038 2 16694
14038 3 16696
14038 4 16697
14039 0 16688
14039 1 16700
14039 2 16716
14039 3 16709
14039 4 16697
14040 0 16712
14040 1 16689
14040 2 16694
14040 3 16696
14040 4 16697
14041 0 16688
14041 1 16689
14041 2 16694
14041 3 16698
14041 4 16697
14042 0 16688
14042 1 16689
14042 2 16694
14042 3 16698
14042 4 16695
14043 0 16688
14043 1 16693
14043 2 16691
14043 3 16690
14044 0 16688
14044 1 16700
14044 2 16708
14044 3 16709
14045 0 16688
14045 1 16689
14045 2 16694
14045 3 16690
14045 4 16695
14046 0 16688
14046 1 16700
14046 2 16708
14046 3 16709
14047 0 16688
14047 1 16700
14047 3 16709
14048 0 16688
14048 1 16707
14048 2 16694
14048 3 16709
14048 4 16697
14049 0 16688
14049 1 16707
14049 2 16694
14049 3 16696
14050 0 16688
14050 1 16700
14050 2 16708
14050 3 16723
14051 0 16688
14051 1 16700
14051 2 16708
14051 3 16723
14052 0 16688
14052 1 16700
14052 2 16708
14052 3 16709
14053 0 16688
14053 1 16707
14053 2 16694
14053 3 16696
14053 4 16695
14054 0 16688
14054 1 16700
14054 2 16708
14054 3 16709
14055 0 16688
14055 1 16689
14055 2 16708
14055 3 16723
14056 0 16688
14056 1 16707
14056 2 16694
14056 3 16698
14057 0 16688
14057 1 16707
14057 2 16694
14057 3 16698
14057 4 16695
14058 0 16688
14058 1 16707
14058 2 16694
14058 3 16696
14059 0 16688
14059 1 16689
14059 2 16694
14059 3 16723
14059 4 16695
14060 0 16688
14060 1 16700
14060 2 16708
14060 3 16723
14061 0 16688
14061 1 16707
14061 2 16694
14061 3 16690
14062 0 16688
14062 1 16700
14062 3 16709
14062 4 16695
14063 0 16688
14063 1 16689
14063 2 16716
14063 3 16690
14064 0 16688
14064 1 16700
14064 2 16708
14064 3 16709
14065 0 16688
14065 1 16700
14065 2 16694
14065 3 16696
14066 0 16688
14066 1 16700
14066 2 16708
14066 3 16723
14067 0 16688
14067 1 16689
14067 2 16708
14067 3 16690
14068 0 16688
14068 1 16700
14068 2 16708
14068 3 16723
14069 0 16688
14069 1 16693
14069 3 16709
14070 0 16688
14070 1 16707
14070 2 16694
14070 3 16696
14071 0 16688
14071 1 16700
14071 2 16708
14071 3 16696
14072 0 16688
14072 1 16693
14072 2 16694
14072 3 16709
14072 4 16695
14073 0 16688
14073 1 16707
14073 2 16694
14073 3 16696
14073 4 16697
14074 0 16688
14074 1 16693
14074 2 16691
14074 3 16696
14075 0 16688
14075 1 16689
14075 3 16696
14076 0 16688
14076 1 16707
14076 2 16694
14076 3 16709
14077 0 16688
14077 1 16689
14077 2 16694
14077 3 16723
14077 4 16697
14078 0 16688
14078 1 16707
14078 2 16694
14078 3 16690
14078 4 16695
14079 0 16688
14079 1 16700
14079 3 16690
14080 0 16688
14080 1 16693
14080 2 16716
14080 3 16696
14081 0 16688
14081 1 16700
14081 2 16708
14081 3 16723
14082 0 16688
14082 1 16693
14082 2 16694
14082 3 16723
14083 0 16688
14083 1 16700
14083 2 16708
14083 3 16698
14084 0 16688
14084 1 16700
14084 2 16708
14084 3 16690
14085 0 16688
14085 1 16707
14085 2 16694
14085 3 16709
14085 4 16695
14086 0 16688
14086 1 16689
14086 2 16691
14086 3 16696
14087 0 16688
14087 1 16700
14087 2 16708
14087 3 16698
14088 0 16688
14088 1 16700
14088 2 16708
14088 3 16723
14089 0 16688
14089 1 16689
14089 2 16699
14089 3 16696
14090 0 16688
14090 1 16707
14090 2 16694
14090 3 16709
14090 4 16695
14091 0 16688
14091 1 16707
14091 2 16694
14091 3 16696
14091 4 16697
14092 0 16688
14092 1 16689
14092 3 16698
14093 0 16688
14093 1 16707
14093 2 16694
14093 3 16696
14093 4 16695
14094 0 16688
14094 1 16707
14094 2 16694
14094 3 16698
14094 4 16695
14095 0 16688
14095 1 16700
14095 2 16708
14095 3 16723
14096 0 16688
14096 1 16707
14096 2 16694
14096 3 16690
14096 4 16695
14097 0 16688
14097 1 16707
14097 2 16694
14097 3 16696
14097 4 16695
14098 0 16688
14098 1 16707
14098 2 16716
14098 3 16696
14099 0 16688
14099 1 16700
14099 2 16708
14099 3 16723
14100 0 16688
14100 1 16693
14100 2 16694
14100 3 16690
14101 0 16688
14101 1 16689
14101 3 16698
14101 4 16695
14102 0 16688
14102 1 16700
14102 2 16708
14102 3 16698
14103 0 16688
14103 1 16700
14103 2 16708
14103 3 16698
14104 0 16688
14104 1 16689
14104 2 16694
14104 3 16698
14105 0 16688
14105 1 16700
14105 2 16708
14105 3 16698
14106 0 16688
14106 1 16693
14106 2 16694
14106 3 16698
14107 0 16688
14107 1 16693
14107 2 16694
14107 3 16698
14108 0 16688
14108 1 16700
14108 2 16708
14108 3 16698
14109 0 16688
14109 1 16700
14109 2 16694
14109 3 16698
14110 0 16688
14110 1 16700
14110 2 16694
14110 3 16698
14111 0 16688
14111 1 16689
14111 2 16694
14111 3 16698
14112 0 16688
14112 1 16693
14112 2 16694
14112 3 16698
14113 0 16688
14113 1 16700
14113 2 16718
14113 3 16698
14114 0 16712
14114 1 16689
14114 2 16694
14114 3 16698
14115 0 16688
14115 1 16689
14115 2 16708
14115 3 16698
14116 0 16688
14116 1 16689
14116 2 16694
14116 3 16698
14117 0 16688
14117 1 16693
14117 2 16694
14117 3 16698
14118 0 16688
14118 1 16693
14118 2 16694
14118 3 16690
14118 4 16728
14119 0 16688
14119 1 16700
14119 2 16703
14119 3 16698
14120 0 16688
14120 1 16693
14120 2 16694
14120 3 16690
14121 0 16688
14121 1 16707
14121 2 16694
14121 3 16696
14121 4 16695
14122 0 16688
14122 1 16689
14122 2 16694
14122 3 16698
14123 0 16688
14123 1 16707
14123 2 16694
14123 3 16698
14123 4 16728
14124 0 16688
14124 1 16689
14124 3 16698
14125 0 16688
14125 1 16689
14125 2 16694
14125 3 16698
14125 4 16728
14126 0 16688
14126 1 16707
14126 2 16694
14126 3 16698
14127 0 16688
14127 1 16700
14127 2 16708
14127 3 16696
14128 0 16688
14128 1 16700
14128 3 16698
14129 0 16688
14129 1 16700
14129 2 16708
14129 3 16698
14130 0 16688
14130 1 16689
14130 2 16716
14130 3 16698
14131 0 16688
14131 1 16693
14131 2 16694
14131 3 16698
14132 0 16688
14132 1 16689
14132 2 16694
14132 3 16709
14132 4 16695
14133 0 16688
14133 1 16689
14133 2 16708
14133 3 16709
14134 0 16688
14134 1 16707
14134 2 16694
14134 3 16698
14134 4 16697
14135 0 16688
14135 1 16693
14135 2 16694
14135 3 16690
14136 0 16688
14136 1 16693
14136 2 16694
14136 3 16709
14137 0 16688
14137 1 16693
14137 2 16694
14137 3 16698
14137 4 16695
14138 0 16688
14138 1 16693
14138 2 16694
14138 3 16698
14139 0 16688
14139 1 16707
14139 2 16694
14139 3 16696
14140 0 16688
14140 1 16689
14140 2 16694
14140 3 16696
14141 0 16688
14141 1 16689
14141 2 16694
14141 3 16709
14142 0 16688
14142 1 16707
14142 2 16694
14142 3 16690
14142 4 16695
14143 0 16688
14143 1 16689
14143 2 16699
14143 3 16698
14143 4 16695
14144 0 16688
14144 1 16689
14144 2 16708
14144 3 16709
14145 0 16688
14145 1 16700
14145 2 16708
14145 3 16723
14146 0 16688
14146 1 16700
14146 2 16708
14146 3 16709
14147 0 16688
14147 1 16689
14147 3 16690
14147 4 16697
14148 0 16688
14148 1 16689
14148 2 16708
14148 3 16696
14149 0 16688
14149 1 16689
14149 2 16708
14149 3 16696
14150 0 16688
14150 1 16707
14150 2 16694
14150 3 16696
14150 4 16697
14151 0 16688
14151 1 16700
14151 2 16694
14151 3 16696
14151 4 16695
14152 0 16688
14152 1 16700
14152 2 16708
14152 3 16696
14153 0 16688
14153 1 16700
14153 3 16696
14154 0 16688
14154 1 16707
14154 2 16694
14154 3 16709
14155 0 16688
14155 1 16689
14155 2 16691
14155 3 16709
14156 0 16688
14156 1 16689
14156 2 16703
14156 3 16696
14157 0 16688
14157 1 16707
14157 2 16694
14157 3 16698
14158 0 16688
14158 1 16700
14158 2 16708
14158 3 16709
14159 0 16688
14159 1 16707
14159 2 16694
14159 3 16709
14160 0 16688
14160 1 16693
14160 2 16694
14160 3 16709
14161 0 16688
14161 1 16689
14161 2 16694
14161 3 16696
14161 4 16695
14162 0 16688
14162 1 16689
14162 2 16708
14162 3 16696
14163 0 16688
14163 1 16689
14163 2 16708
14163 3 16696
14164 0 16688
14164 1 16689
14164 3 16723
14164 4 16695
14165 0 16688
14165 1 16689
14165 2 16694
14165 3 16696
14165 4 16695
14166 0 16688
14166 1 16693
14166 2 16694
14166 3 16723
14166 4 16695
14167 0 16688
14167 1 16689
14167 2 16708
14167 3 16723
14168 0 16688
14168 1 16689
14168 2 16708
14168 3 16723
14169 0 16688
14169 1 16693
14169 2 16694
14169 3 16690
14170 0 16688
14170 1 16700
14170 2 16708
14170 3 16723
14171 0 16688
14171 1 16689
14171 2 16694
14171 3 16709
14172 0 16688
14172 1 16693
14172 2 16691
14172 3 16690
14173 0 16688
14173 1 16700
14173 2 16708
14173 3 16709
14174 0 16688
14174 1 16700
14174 2 16708
14174 3 16723
14175 0 16688
14175 1 16689
14175 2 16694
14175 3 16709
14175 4 16695
14176 0 16688
14176 1 16689
14176 3 16709
14177 0 16688
14177 1 16707
14177 2 16694
14177 3 16696
14177 4 16695
14178 0 16688
14178 1 16689
14178 2 16694
14178 3 16696
14178 4 16695
14179 0 16688
14179 1 16689
14179 2 16694
14179 3 16723
14179 4 16695
14180 0 16688
14180 1 16707
14180 2 16694
14180 3 16698
14180 4 16695
14181 0 16688
14181 1 16693
14181 2 16694
14181 3 16698
14182 0 16688
14182 1 16707
14182 2 16694
14182 3 16709
14183 0 16688
14183 1 16689
14183 2 16694
14183 3 16690
14183 4 16697
14184 0 16688
14184 1 16689
14184 2 16694
14184 3 16690
14185 0 16688
14185 1 16689
14185 2 16694
14185 3 16709
14186 0 16688
14186 1 16689
14186 2 16708
14186 3 16696
14187 0 16688
14187 1 16707
14187 2 16694
14187 3 16690
14187 4 16695
14188 0 16688
14188 1 16707
14188 2 16694
14188 3 16709
14188 4 16697
14189 0 16688
14189 1 16707
14189 2 16694
14189 3 16696
14189 4 16695
14190 0 16688
14190 1 16700
14190 2 16694
14190 3 16709
14190 4 16695
14191 0 16688
14191 1 16689
14191 2 16716
14191 3 16698
14191 4 16695
14192 0 16688
14192 1 16707
14192 2 16694
14192 3 16696
14192 4 16695
14193 0 16688
14193 1 16689
14193 2 16703
14193 3 16696
14194 0 16688
14194 1 16693
14194 2 16694
14194 3 16696
14195 0 16688
14195 1 16693
14195 2 16694
14195 3 16696
14196 0 16688
14196 1 16693
14196 2 16699
14196 3 16690
14196 4 16695
14197 0 16688
14197 1 16707
14197 2 16694
14197 3 16696
14197 4 16695
14198 0 16692
14198 1 16707
14198 2 16694
14198 3 16698
14198 4 16695
14199 0 16692
14199 1 16707
14199 2 16694
14199 3 16698
14199 4 16697
14200 0 16688
14200 1 16693
14200 2 16694
14200 3 16690
14200 4 16697
14201 0 16688
14201 1 16689
14201 2 16708
14201 3 16709
14202 0 16688
14202 1 16707
14202 2 16694
14202 3 16709
14202 4 16695
14203 0 16688
14203 1 16689
14203 2 16694
14203 3 16723
14203 4 16695
14204 0 16688
14204 1 16689
14204 2 16694
14204 3 16698
14204 4 16697
14205 0 16688
14205 1 16689
14205 2 16708
14205 3 16696
14206 0 16688
14206 1 16707
14206 2 16694
14206 3 16696
14207 0 16688
14207 1 16693
14207 2 16694
14207 3 16696
14207 4 16695
14208 0 16688
14208 1 16707
14208 2 16694
14208 3 16698
14209 0 16688
14209 1 16707
14209 2 16694
14209 3 16698
14209 4 16695
14210 0 16688
14210 1 16693
14210 2 16708
14210 3 16698
14211 0 16688
14211 1 16689
14211 2 16703
14211 3 16696
14212 0 16688
14212 1 16707
14212 2 16704
14212 3 16698
14212 4 16695
14213 0 16688
14213 1 16689
14213 2 16708
14213 3 16698
14214 0 16688
14214 1 16689
14214 2 16694
14214 3 16690
14215 0 16688
14215 1 16707
14215 2 16694
14215 3 16698
14216 0 16688
14216 1 16693
14216 2 16708
14216 3 16698
14217 0 16688
14217 1 16707
14217 2 16694
14217 3 16698
14217 4 16697
14218 0 16688
14218 1 16707
14218 2 16694
14218 3 16696
14218 4 16697
14219 0 16688
14219 1 16700
14219 2 16694
14219 3 16696
14219 4 16697
14220 0 16688
14220 1 16693
14220 2 16694
14220 3 16690
14221 0 16688
14221 1 16689
14221 2 16708
14221 3 16690
14222 0 16688
14222 1 16689
14222 3 16698
14223 0 16717
14223 1 16689
14223 2 16694
14223 3 16696
14223 4 16697
14224 0 16688
14224 1 16689
14224 2 16708
14224 3 16723
14225 0 16717
14225 1 16693
14225 2 16694
14225 3 16723
14225 4 16697
14226 0 16688
14226 1 16693
14226 2 16694
14226 3 16723
14226 4 16695
14227 0 16719
14227 1 16693
14227 2 16703
14227 3 16709
14228 0 16692
14228 1 16689
14228 2 16694
14228 3 16690
14228 4 16697
14229 0 16688
14229 1 16689
14229 2 16708
14229 3 16698
14230 0 16717
14230 1 16693
14230 2 16716
14230 3 16696
14230 4 16695
14231 0 16717
14231 1 16693
14231 2 16716
14231 3 16723
14231 4 16695
14232 0 16688
14232 1 16693
14232 2 16694
14232 3 16723
14232 4 16697
14233 0 16688
14233 1 16693
14233 3 16709
14233 4 16697
14234 0 16702
14234 1 16689
14234 2 16694
14234 3 16690
14234 4 16697
14235 0 16688
14235 1 16693
14235 2 16694
14235 3 16723
14235 4 16695
14236 0 16688
14236 1 16689
14236 2 16708
14236 3 16723
14237 0 16702
14237 1 16689
14237 2 16694
14237 3 16696
14237 4 16697
14238 0 16692
14238 1 16689
14238 2 16703
14238 3 16723
14239 0 16721
14239 1 16689
14239 2 16708
14239 3 16723
14240 0 16688
14240 1 16689
14240 2 16694
14240 3 16709
14240 4 16695
14241 0 16688
14241 1 16693
14241 2 16694
14241 3 16690
14241 4 16695
14242 0 16688
14242 1 16689
14242 2 16708
14242 3 16723
14243 0 16702
14243 1 16693
14243 2 16694
14243 3 16709
14243 4 16697
14244 0 16688
14244 1 16689
14244 2 16708
14244 3 16723
14245 0 16688
14245 1 16693
14245 2 16691
14245 3 16696
14246 0 16688
14246 1 16689
14246 2 16694
14246 3 16696
14246 4 16697
14247 0 16702
14247 1 16689
14247 2 16694
14247 3 16696
14247 4 16697
14248 0 16702
14248 1 16689
14248 2 16694
14248 3 16696
14248 4 16695
14249 0 16688
14249 1 16693
14249 2 16716
14249 3 16709
14249 4 16695
14250 0 16717
14250 1 16693
14250 2 16694
14250 3 16723
14250 4 16695
14251 0 16688
14251 1 16693
14251 3 16696
14251 4 16697
14252 0 16688
14252 1 16693
14252 3 16696
14252 4 16697
14253 0 16717
14253 1 16689
14253 2 16708
14253 3 16723
14254 0 16702
14254 1 16689
14254 2 16694
14254 3 16709
14254 4 16695
14255 0 16688
14255 1 16693
14255 2 16706
14255 3 16709
14255 4 16697
14256 0 16717
14256 1 16693
14256 2 16694
14256 3 16709
14256 4 16697
14257 0 16717
14257 1 16693
14257 2 16694
14257 3 16698
14257 4 16697
14258 0 16717
14258 1 16689
14258 2 16694
14258 3 16709
14258 4 16697
14259 0 16717
14259 1 16689
14259 2 16694
14259 3 16709
14259 4 16697
14260 0 16688
14260 1 16693
14260 2 16694
14260 3 16696
14260 4 16697
14261 0 16702
14261 1 16693
14261 2 16718
14261 3 16709
14261 4 16695
14262 0 16688
14262 1 16689
14262 2 16694
14262 3 16709
14262 4 16697
14263 0 16688
14263 1 16689
14263 2 16694
14263 3 16690
14263 4 16695
14264 0 16688
14264 1 16693
14264 2 16694
14264 3 16723
14264 4 16697
14265 0 16719
14265 1 16689
14265 2 16708
14265 3 16709
14266 0 16731
14266 1 16693
14266 2 16694
14266 3 16723
14266 4 16697
14267 0 16731
14267 1 16693
14267 2 16694
14267 3 16698
14267 4 16697
14268 0 16688
14268 1 16693
14268 2 16694
14268 3 16723
14268 4 16697
14269 0 16731
14269 1 16693
14269 2 16694
14269 3 16709
14269 4 16697
14270 0 16688
14270 1 16689
14270 2 16694
14270 3 16723
14270 4 16695
14271 0 16717
14271 1 16693
14271 2 16716
14271 3 16698
14272 0 16688
14272 1 16693
14272 2 16706
14272 3 16690
14272 4 16695
14273 0 16702
14273 1 16689
14273 2 16694
14273 3 16690
14273 4 16697
14274 0 16717
14274 1 16693
14274 2 16694
14274 3 16696
14274 4 16695
14275 0 16702
14275 1 16689
14275 2 16694
14275 3 16709
14275 4 16697
14276 0 16688
14276 1 16693
14276 2 16694
14276 3 16690
14276 4 16695
14277 0 16688
14277 1 16689
14277 2 16708
14277 3 16690
14278 0 16688
14278 1 16689
14278 3 16709
14278 4 16695
14279 0 16688
14279 1 16693
14279 2 16718
14279 3 16696
14280 0 16688
14280 1 16707
14280 2 16694
14280 3 16698
14280 4 16695
14281 0 16688
14281 1 16693
14281 2 16691
14281 3 16696
14281 4 16695
14282 0 16688
14282 1 16707
14282 2 16694
14282 3 16696
14283 0 16688
14283 1 16707
14283 2 16694
14283 3 16698
14283 4 16695
14284 0 16688
14284 1 16689
14284 2 16694
14284 3 16690
14285 0 16688
14285 1 16693
14285 2 16716
14285 3 16696
14285 4 16695
14286 0 16688
14286 1 16693
14286 2 16699
14286 3 16698
14286 4 16695
14287 0 16688
14287 1 16689
14287 2 16699
14287 3 16690
14287 4 16695
14288 0 16688
14288 1 16689
14288 2 16708
14288 3 16696
14289 0 16688
14289 1 16693
14289 2 16694
14289 3 16698
14290 0 16688
14290 1 16693
14290 2 16699
14290 3 16690
14290 4 16695
14291 0 16688
14291 1 16693
14291 2 16694
14291 3 16696
14291 4 16697
14292 0 16688
14292 1 16693
14292 2 16694
14292 3 16709
14292 4 16695
14293 0 16688
14293 1 16689
14293 2 16708
14293 3 16709
14294 0 16688
14294 1 16689
14294 2 16727
14294 3 16690
14294 4 16697
14295 0 16688
14295 1 16693
14295 2 16708
14295 3 16690
14296 0 16688
14296 1 16693
14296 2 16694
14296 3 16690
14296 4 16697
14297 0 16688
14297 1 16700
14297 3 16690
14298 0 16692
14298 1 16689
14298 2 16694
14298 3 16698
14299 0 16702
14299 1 16689
14299 2 16703
14299 3 16696
14299 4 16695
14300 0 16688
14300 1 16693
14300 3 16696
14300 4 16695
14301 0 16688
14301 1 16693
14301 3 16696
14301 4 16697
14302 0 16731
14302 1 16693
14302 2 16694
14302 3 16698
14302 4 16697
14303 0 16688
14303 1 16693
14303 2 16718
14303 3 16698
14303 4 16697
14304 0 16702
14304 1 16707
14304 2 16694
14304 3 16698
14304 4 16697
14305 0 16731
14305 1 16707
14305 2 16694
14305 3 16698
14305 4 16697
14306 0 16702
14306 1 16689
14306 2 16703
14306 3 16690
14306 4 16695
14307 0 16688
14307 1 16700
14307 2 16703
14307 3 16696
14308 0 16688
14308 1 16689
14308 2 16703
14308 3 16723
14309 0 16688
14309 1 16700
14309 2 16703
14309 3 16696
14310 0 16688
14310 1 16689
14310 2 16703
14310 3 16723
14311 0 16688
14311 1 16689
14311 2 16694
14311 3 16690
14312 0 16688
14312 1 16700
14312 2 16708
14312 3 16723
14312 4 16695
14313 0 16688
14313 1 16693
14313 2 16704
14313 3 16698
14313 4 16697
14314 0 16688
14314 1 16700
14314 2 16699
14314 3 16696
14314 4 16697
14315 0 16688
14315 1 16700
14315 2 16708
14315 3 16690
14316 0 16688
14316 1 16700
14316 2 16694
14316 3 16690
14317 0 16688
14317 1 16693
14317 2 16703
14317 3 16698
14318 0 16688
14318 1 16700
14318 2 16708
14318 3 16690
14319 0 16688
14319 1 16693
14319 2 16694
14319 3 16690
14320 0 16688
14320 1 16700
14320 2 16703
14320 3 16709
14321 0 16688
14321 1 16689
14321 2 16703
14321 3 16709
14322 0 16688
14322 1 16693
14322 2 16694
14322 3 16690
14323 0 16688
14323 1 16689
14323 2 16703
14323 3 16698
14324 0 16688
14324 1 16689
14324 2 16694
14324 3 16698
14324 4 16695
14325 0 16688
14325 1 16689
14325 2 16703
14325 3 16690
14326 0 16688
14326 1 16693
14326 2 16694
14326 3 16696
14327 0 16688
14327 1 16689
14327 2 16694
14327 3 16698
14328 0 16688
14328 1 16689
14328 3 16698
14329 0 16731
14329 1 16693
14329 2 16694
14329 3 16690
14329 4 16697
14330 0 16688
14330 1 16689
14330 2 16708
14330 3 16696
14331 0 16688
14331 1 16689
14331 2 16703
14331 3 16723
14332 0 16688
14332 1 16700
14332 2 16708
14332 3 16698
14333 0 16688
14333 1 16693
14333 2 16708
14333 3 16709
14334 0 16688
14334 1 16693
14334 2 16718
14334 3 16709
14334 4 16695
14335 0 16688
14335 1 16707
14335 2 16694
14335 3 16709
14335 4 16697
14336 0 16702
14336 1 16693
14336 2 16703
14336 3 16698
14337 0 16702
14337 1 16693
14337 2 16703
14337 3 16698
14338 0 16688
14338 1 16689
14338 2 16694
14338 3 16723
14338 4 16695
14339 0 16688
14339 1 16689
14339 2 16708
14339 3 16723
14340 0 16712
14340 1 16689
14340 2 16704
14340 3 16723
14340 4 16695
14341 0 16688
14341 1 16707
14341 2 16694
14341 3 16723
14341 4 16697
14342 0 16688
14342 1 16689
14342 2 16694
14342 3 16723
14342 4 16697
14343 0 16717
14343 1 16693
14343 2 16716
14343 3 16709
14344 0 16688
14344 1 16689
14344 2 16704
14344 3 16696
14344 4 16697
14345 0 16721
14345 1 16693
14345 2 16716
14345 3 16696
14345 4 16697
14346 0 16717
14346 1 16689
14346 2 16708
14346 3 16696
14347 0 16688
14347 1 16693
14347 2 16694
14347 3 16709
14347 4 16695
14348 0 16688
14348 1 16689
14348 2 16708
14348 3 16698
14349 0 16688
14349 1 16693
14349 2 16694
14349 3 16696
14350 0 16717
14350 1 16689
14350 2 16703
14350 3 16690
14351 0 16688
14351 1 16689
14351 2 16708
14351 3 16723
14352 0 16688
14352 1 16700
14352 2 16694
14352 3 16723
14352 4 16697
14353 0 16688
14353 1 16693
14353 2 16727
14353 3 16696
14353 4 16695
14354 0 16688
14354 1 16700
14354 2 16708
14354 3 16723
14355 0 16721
14355 1 16689
14355 2 16703
14355 3 16698
14356 0 16692
14356 1 16689
14356 2 16691
14356 3 16696
14357 0 16688
14357 1 16689
14357 3 16709
14358 0 16721
14358 1 16689
14358 2 16708
14358 3 16709
14359 0 16688
14359 1 16689
14359 2 16708
14359 3 16709
14360 0 16688
14360 1 16689
14360 2 16694
14360 3 16696
14360 4 16695
14361 0 16688
14361 1 16689
14361 2 16708
14361 3 16723
14362 0 16688
14362 1 16693
14362 2 16694
14362 3 16696
14362 4 16697
14363 0 16688
14363 1 16693
14363 2 16694
14363 3 16709
14363 4 16695
14364 0 16688
14364 1 16700
14364 2 16703
14364 3 16709
14364 4 16695
14365 0 16712
14365 1 16689
14365 2 16708
14365 3 16698
14366 0 16688
14366 1 16693
14366 3 16698
14367 0 16688
14367 1 16693
14367 2 16699
14367 3 16696
14367 4 16697
14368 0 16688
14368 1 16689
14368 2 16708
14368 3 16723
14369 0 16705
14369 1 16693
14369 2 16718
14369 3 16709
14369 4 16695
14370 0 16692
14370 1 16693
14370 2 16694
14370 3 16723
14371 0 16688
14371 1 16693
14371 2 16694
14371 3 16698
14371 4 16695
14372 0 16688
14372 1 16689
14372 2 16708
14372 3 16723
14373 0 16717
14373 1 16693
14373 2 16694
14373 3 16709
14374 0 16688
14374 1 16693
14374 2 16694
14374 3 16696
14374 4 16697
14375 0 16688
14375 1 16689
14375 2 16691
14375 3 16709
14376 0 16688
14376 1 16693
14376 3 16723
14377 0 16688
14377 1 16693
14377 2 16716
14377 3 16723
14377 4 16697
14378 0 16731
14378 1 16693
14378 3 16696
14378 4 16697
14379 0 16688
14379 1 16689
14379 2 16694
14379 3 16696
14379 4 16695
14380 0 16717
14380 1 16689
14380 2 16718
14380 3 16709
14381 0 16719
14381 1 16689
14381 3 16723
14382 0 16717
14382 1 16693
14382 3 16696
14383 0 16717
14383 1 16693
14383 2 16716
14383 3 16690
14384 0 16717
14384 1 16693
14384 2 16694
14384 3 16696
14384 4 16695
14385 0 16688
14385 1 16693
14385 3 16698
14386 0 16688
14386 1 16693
14386 2 16694
14386 3 16696
14387 0 16688
14387 1 16693
14387 3 16723
14387 4 16697
14388 0 16719
14388 1 16693
14388 2 16694
14388 3 16698
14388 4 16695
14389 0 16702
14389 1 16693
14389 2 16703
14389 3 16709
14389 4 16697
14390 0 16717
14390 1 16689
14390 2 16718
14390 3 16690
14391 0 16688
14391 1 16689
14391 2 16708
14391 3 16723
14392 0 16688
14392 1 16700
14392 2 16703
14392 3 16709
14393 0 16688
14393 1 16693
14393 2 16727
14393 3 16698
14393 4 16697
14394 0 16717
14394 1 16693
14394 2 16716
14394 3 16696
14394 4 16697
14395 0 16688
14395 1 16693
14395 2 16694
14395 3 16723
14395 4 16695
14396 0 16717
14396 1 16693
14396 2 16703
14396 3 16723
14396 4 16697
14397 0 16688
14397 1 16693
14397 2 16694
14397 3 16696
14398 0 16688
14398 1 16689
14398 2 16718
14398 3 16709
14399 0 16692
14399 1 16689
14399 2 16694
14399 3 16696
14400 0 16688
14400 1 16693
14400 2 16694
14400 3 16696
14400 4 16697
14401 0 16717
14401 1 16693
14401 2 16694
14401 3 16696
14402 0 16688
14402 1 16689
14402 2 16691
14402 3 16723
14403 0 16688
14403 1 16700
14403 2 16694
14403 3 16696
14403 4 16697
14404 0 16701
14404 1 16689
14404 2 16694
14404 3 16696
14405 0 16688
14405 1 16689
14405 2 16708
14405 3 16698
14406 0 16688
14406 1 16689
14406 2 16708
14406 3 16698
14407 0 16688
14407 1 16689
14407 3 16696
14408 0 16701
14408 1 16700
14408 2 16694
14408 3 16698
14409 0 16719
14409 1 16693
14409 2 16703
14409 3 16690
14409 4 16697
14410 0 16692
14410 1 16689
14410 2 16694
14410 3 16696
14411 0 16705
14411 1 16693
14411 2 16694
14411 3 16696
14411 4 16695
14412 0 16717
14412 1 16693
14412 2 16716
14412 3 16690
14412 4 16697
14413 0 16719
14413 1 16693
14413 2 16694
14413 3 16690
14414 0 16712
14414 1 16693
14414 2 16694
14414 3 16690
14414 4 16697
14415 0 16688
14415 1 16689
14415 2 16691
14415 3 16690
14416 0 16688
14416 1 16693
14416 3 16690
14416 4 16697
14417 0 16717
14417 1 16689
14417 2 16694
14417 3 16690
14417 4 16695
14418 0 16712
14418 1 16700
14418 2 16694
14418 3 16690
14418 4 16695
14419 0 16692
14419 1 16689
14419 2 16694
14419 3 16690
14419 4 16695
14420 0 16702
14420 1 16689
14420 2 16703
14420 3 16698
14421 0 16688
14421 1 16689
14421 2 16708
14421 3 16696
14422 0 16688
14422 1 16693
14422 2 16694
14422 3 16690
14422 4 16697
14423 0 16692
14423 1 16689
14423 2 16694
14423 3 16690
14423 4 16695
14424 0 16688
14424 1 16700
14424 2 16694
14424 3 16690
14424 4 16695
14425 0 16692
14425 1 16689
14425 2 16694
14425 3 16696
14425 4 16697
14426 0 16731
14426 1 16693
14426 2 16706
14426 3 16698
14426 4 16695
14427 0 16688
14427 1 16689
14427 2 16708
14427 3 16698
14428 0 16688
14428 1 16689
14428 2 16708
14428 3 16696
14429 0 16712
14429 1 16689
14429 2 16708
14429 3 16696
14430 0 16688
14430 1 16689
14430 2 16694
14430 3 16698
14431 0 16688
14431 1 16707
14431 2 16694
14431 3 16698
14432 0 16688
14432 1 16693
14432 2 16694
14432 3 16698
14433 0 16688
14433 1 16689
14433 2 16691
14433 3 16698
14434 0 16688
14434 1 16689
14434 2 16694
14434 3 16698
14435 0 16688
14435 1 16689
14435 2 16708
14435 3 16723
14436 0 16688
14436 1 16689
14436 2 16708
14436 3 16698
14437 0 16705
14437 1 16689
14437 3 16698
14438 0 16688
14438 1 16689
14438 3 16698
14439 0 16688
14439 1 16700
14439 2 16704
14439 3 16698
14439 4 16695
14440 0 16688
14440 1 16689
14440 2 16694
14440 3 16698
14440 4 16697
14441 0 16692
14441 1 16689
14441 2 16694
14441 3 16698
14442 0 16688
14442 1 16689
14442 2 16694
14442 3 16698
14443 0 16688
14443 1 16689
14443 2 16708
14443 3 16698
14444 0 16688
14444 1 16707
14444 2 16694
14444 3 16698
14445 0 16705
14445 1 16693
14445 2 16694
14445 3 16698
14446 0 16688
14446 1 16689
14446 2 16708
14446 3 16698
14447 0 16688
14447 1 16689
14447 3 16698
14448 0 16688
14448 1 16693
14448 3 16698
14449 0 16688
14449 1 16689
14449 3 16690
14450 0 16688
14450 1 16693
14450 2 16694
14450 3 16709
14451 0 16688
14451 1 16693
14451 2 16694
14451 3 16690
14451 4 16695
14452 0 16688
14452 1 16689
14452 2 16708
14452 3 16698
14453 0 16688
14453 1 16693
14453 2 16704
14453 3 16696
14453 4 16697
14454 0 16688
14454 1 16689
14454 2 16708
14454 3 16696
14455 0 16688
14455 1 16689
14455 2 16708
14455 3 16698
14456 0 16688
14456 1 16693
14456 2 16716
14456 3 16690
14456 4 16697
14457 0 16688
14457 1 16693
14457 2 16704
14457 3 16690
14457 4 16697
14458 0 16688
14458 1 16689
14458 2 16708
14458 3 16698
14459 0 16688
14459 1 16693
14459 2 16704
14459 3 16690
14459 4 16695
14460 0 16688
14460 1 16689
14460 2 16708
14460 3 16696
14461 0 16688
14461 1 16689
14461 2 16708
14461 3 16698
14462 0 16688
14462 1 16689
14462 2 16694
14462 3 16696
14462 4 16695
14463 0 16688
14463 1 16693
14463 2 16704
14463 3 16690
14463 4 16695
14464 0 16688
14464 1 16693
14464 2 16708
14464 3 16698
14465 0 16688
14465 1 16689
14465 2 16708
14465 3 16698
14466 0 16688
14466 1 16693
14466 2 16716
14466 3 16690
14466 4 16697
14467 0 16688
14467 1 16693
14467 3 16690
14467 4 16697
14468 0 16688
14468 1 16689
14468 2 16704
14468 3 16696
14468 4 16697
14469 0 16688
14469 1 16689
14469 2 16708
14469 3 16698
14470 0 16688
14470 1 16689
14470 2 16694
14470 3 16696
14471 0 16688
14471 1 16689
14471 2 16708
14471 3 16696
14472 0 16688
14472 1 16689
14472 3 16696
14473 0 16688
14473 1 16693
14473 3 16690
14473 4 16695
14474 0 16688
14474 1 16693
14474 2 16694
14474 3 16690
14474 4 16697
14475 0 16688
14475 1 16693
14475 2 16694
14475 3 16698
14476 0 16688
14476 1 16693
14476 2 16691
14476 3 16698
14477 0 16688
14477 1 16693
14477 3 16698
14478 0 16688
14478 1 16689
14478 2 16708
14478 3 16698
14479 0 16688
14479 1 16689
14479 2 16694
14479 3 16698
14480 0 16688
14480 1 16693
14480 2 16694
14480 3 16698
14481 0 16701
14481 1 16693
14481 2 16694
14481 3 16698
14482 0 16705
14482 1 16693
14482 2 16694
14482 3 16698
14483 0 16705
14483 1 16693
14483 2 16694
14483 3 16698
14484 0 16705
14484 1 16693
14484 2 16694
14484 3 16698
14485 0 16688
14485 1 16693
14485 2 16694
14486 0 16688
14486 1 16693
14486 3 16698
14487 0 16688
14487 1 16693
14487 3 16698
14488 0 16688
14488 1 16693
14488 2 16694
14488 3 16698
14488 4 16695
14489 0 16688
14489 1 16707
14489 2 16699
14489 3 16698
14490 0 16702
14490 1 16689
14490 2 16703
14490 3 16696
14491 0 16688
14491 1 16689
14491 2 16694
14491 3 16723
14492 0 16692
14492 1 16689
14492 2 16694
14492 3 16696
14493 0 16688
14493 1 16700
14493 2 16708
14493 3 16690
14494 0 16702
14494 1 16693
14494 2 16694
14494 3 16723
14494 4 16697
14495 0 16688
14495 1 16693
14495 2 16694
14495 3 16690
14496 0 16688
14496 1 16689
14496 2 16694
14496 3 16696
14497 0 16692
14497 1 16693
14497 2 16704
14498 0 16688
14498 1 16693
14498 2 16703
14498 3 16698
14499 0 16688
14499 1 16689
14499 2 16694
14499 3 16696
14500 0 16688
14500 1 16693
14500 2 16706
14500 3 16690
14501 0 16688
14501 1 16707
14501 2 16694
14501 3 16698
14501 4 16695
14502 0 16688
14502 1 16707
14502 2 16694
14502 3 16690
14503 0 16701
14503 1 16693
14503 2 16694
14503 3 16698
14504 0 16688
14504 1 16693
14504 2 16694
14504 3 16698
14505 0 16688
14505 1 16689
14505 2 16699
14505 3 16698
14505 4 16728
14506 0 16688
14506 1 16700
14506 2 16708
14506 3 16709
14507 0 16712
14507 1 16693
14507 2 16694
14507 3 16698
14508 0 16688
14508 1 16707
14508 2 16694
14508 3 16690
14508 4 16695
14509 0 16688
14509 1 16693
14509 3 16696
14510 0 16688
14510 1 16700
14510 2 16708
14510 3 16698
14511 0 16688
14511 1 16700
14511 2 16694
14511 3 16696
14512 0 16688
14512 1 16689
14512 2 16694
14512 3 16696
14513 0 16701
14513 1 16707
14513 2 16694
14513 3 16698
14513 4 16697
14514 0 16688
14514 1 16707
14514 2 16694
14514 3 16690
14515 0 16688
14515 1 16693
14515 2 16703
14515 3 16698
14516 0 16688
14516 1 16693
14516 2 16706
14516 3 16698
14517 0 16719
14517 1 16693
14517 2 16694
14517 3 16698
14518 0 16688
14518 1 16693
14518 2 16718
14518 3 16698
14519 0 16688
14519 1 16693
14519 2 16708
14519 3 16698
14520 0 16692
14520 1 16693
14520 2 16694
14520 3 16690
14520 4 16697
14521 0 16688
14521 1 16693
14521 2 16703
14521 3 16698
14522 0 16688
14522 1 16693
14522 2 16718
14522 3 16698
14523 0 16688
14523 1 16693
14523 2 16694
14523 3 16698
14524 0 16688
14524 1 16693
14524 2 16708
14524 3 16698
14525 0 16688
14525 1 16693
14525 2 16703
14525 3 16698
14526 0 16688
14526 1 16689
14526 2 16708
14526 3 16698
14527 0 16688
14527 1 16689
14527 2 16703
14527 3 16698
14528 0 16688
14528 1 16689
14528 2 16703
14528 3 16698
14529 0 16688
14529 1 16693
14529 2 16706
14529 3 16696
14529 4 16697
14530 0 16688
14530 1 16693
14530 3 16698
14531 0 16702
14531 1 16693
14531 2 16718
14531 3 16698
14532 0 16721
14532 1 16693
14532 2 16708
14532 3 16709
14533 0 16717
14533 1 16693
14533 2 16694
14533 3 16709
14533 4 16697
14534 0 16724
14534 1 16689
14534 2 16708
14534 3 16723
14535 0 16688
14535 1 16689
14535 2 16716
14535 3 16690
14535 4 16695
14536 0 16688
14536 1 16693
14536 2 16706
14536 3 16698
14537 0 16721
14537 1 16693
14537 2 16718
14537 3 16690
14538 0 16688
14538 1 16689
14538 2 16718
14538 3 16698
14538 4 16697
14539 0 16688
14539 1 16693
14539 2 16706
14539 3 16723
14539 4 16697
14540 0 16688
14540 1 16689
14540 2 16694
14540 3 16709
14540 4 16697
14541 0 16688
14541 1 16689
14541 2 16694
14541 3 16698
14542 0 16688
14542 1 16689
14542 2 16708
14542 3 16698
14543 0 16688
14543 1 16693
14543 2 16694
14543 3 16698
14544 0 16688
14544 1 16689
14544 2 16694
14544 3 16698
14545 0 16688
14545 1 16693
14545 2 16694
14545 3 16698
14546 0 16688
14546 1 16689
14546 2 16694
14546 3 16698
14547 0 16688
14547 1 16689
14547 2 16694
14547 3 16698
14548 0 16688
14548 1 16693
14548 2 16694
14548 3 16698
14548 4 16695
14549 0 16688
14549 1 16689
14549 2 16694
14549 3 16698
14550 0 16688
14550 1 16689
14550 2 16708
14550 3 16698
14551 0 16713
14551 1 16693
14551 2 16694
14551 3 16698
14552 0 16688
14552 1 16689
14552 3 16698
14553 0 16688
14553 1 16689
14553 2 16704
14553 3 16698
14554 0 16688
14554 1 16689
14554 2 16694
14554 3 16698
14555 0 16688
14555 1 16693
14555 2 16694
14555 3 16698
14556 0 16688
14556 1 16689
14556 2 16708
14556 3 16698
14557 0 16688
14557 1 16689
14557 2 16694
14557 3 16698
14558 0 16688
14558 1 16689
14558 2 16694
14558 3 16698
14558 4 16695
14559 0 16688
14559 1 16689
14559 2 16694
14559 3 16698
14560 0 16692
14560 1 16689
14560 2 16694
14560 3 16698
14561 0 16688
14561 1 16689
14561 2 16708
14561 3 16698
14562 0 16688
14562 1 16689
14562 2 16694
14562 3 16698
14563 0 16705
14563 1 16689
14563 2 16694
14563 3 16698
14564 0 16688
14564 1 16689
14564 3 16698
14565 0 16688
14565 1 16693
14565 2 16694
14565 3 16698
14565 4 16695
14566 0 16688
14566 1 16693
14566 2 16703
14566 3 16698
14567 0 16688
14567 1 16689
14567 2 16694
14567 3 16698
14568 0 16688
14568 1 16689
14568 3 16698
14569 0 16688
14569 1 16693
14569 2 16694
14569 3 16698
14570 0 16705
14570 1 16693
14570 3 16698
14571 0 16688
14571 1 16689
14571 2 16694
14571 3 16698
14572 0 16705
14572 1 16689
14572 2 16694
14572 3 16698
14573 0 16719
14573 1 16689
14573 2 16694
14573 3 16698
14574 0 16688
14574 1 16693
14574 2 16694
14574 3 16698
14575 0 16688
14575 1 16693
14575 2 16694
14575 3 16698
14576 0 16688
14576 1 16693
14576 2 16694
14576 3 16698
14577 0 16688
14577 1 16689
14577 2 16694
14577 3 16698
14578 0 16688
14578 1 16689
14578 2 16694
14578 3 16698
14579 0 16688
14579 1 16689
14579 2 16708
14579 3 16698
14580 0 16692
14580 1 16693
14580 2 16694
14580 3 16698
14581 0 16688
14581 1 16689
14581 3 16698
14582 0 16688
14582 1 16693
14582 3 16698
14583 0 16688
14583 1 16693
14583 2 16694
14583 3 16698
14584 0 16688
14584 1 16693
14584 2 16694
14584 3 16698
14585 0 16688
14585 1 16693
14585 2 16694
14585 3 16698
14586 0 16688
14586 1 16693
14586 2 16694
14586 3 16698
14586 4 16695
14587 0 16688
14587 1 16689
14587 3 16698
14588 0 16688
14588 1 16693
14588 2 16694
14588 3 16698
14589 0 16688
14589 1 16693
14589 3 16698
14590 0 16688
14590 1 16689
14590 2 16694
14590 3 16698
14591 0 16688
14591 1 16689
14591 2 16694
14591 3 16698
14592 0 16692
14592 1 16689
14592 2 16694
14592 3 16698
14593 0 16688
14593 1 16693
14593 2 16694
14593 3 16698
14594 0 16692
14594 1 16689
14594 2 16694
14594 3 16698
14595 0 16688
14595 1 16693
14595 2 16694
14595 3 16698
14596 0 16688
14596 1 16689
14596 2 16694
14596 3 16698
14597 0 16688
14597 1 16693
14597 2 16694
14597 3 16698
14598 0 16688
14598 1 16693
14598 2 16694
14598 3 16698
14599 0 16688
14599 1 16689
14599 2 16694
14599 3 16698
14600 0 16688
14600 1 16693
14600 3 16698
14601 0 16688
14601 1 16693
14601 2 16699
14601 3 16698
14602 0 16688
14602 1 16693
14602 2 16706
14602 3 16698
14603 0 16688
14603 1 16689
14603 2 16694
14603 3 16698
14604 0 16688
14604 1 16693
14604 3 16698
14605 0 16692
14605 1 16689
14605 2 16694
14605 3 16698
14606 0 16688
14606 1 16689
14606 2 16694
14606 3 16698
14607 0 16717
14607 1 16689
14607 2 16703
14607 3 16698
14608 0 16688
14608 1 16693
14608 2 16694
14608 3 16698
14609 0 16688
14609 1 16693
14609 2 16694
14609 3 16698
14610 0 16688
14610 1 16689
14610 2 16704
14610 3 16698
14611 0 16688
14611 1 16689
14611 2 16694
14611 3 16698
14612 0 16688
14612 1 16689
14612 2 16694
14612 3 16698
14613 0 16688
14613 1 16693
14613 3 16698
14614 0 16688
14614 1 16693
14614 3 16698
14615 0 16688
14615 1 16689
14615 2 16694
14615 3 16698
14615 4 16695
14616 0 16688
14616 1 16693
14616 3 16698
14617 0 16688
14617 1 16693
14617 2 16694
14617 3 16698
14618 0 16688
14618 1 16693
14618 2 16694
14618 3 16698
14619 0 16688
14619 1 16693
14619 3 16698
14620 0 16688
14620 1 16693
14620 3 16698
14621 0 16688
14621 1 16693
14621 3 16698
14622 0 16688
14622 1 16689
14622 2 16694
14622 3 16698
14623 0 16688
14623 1 16689
14623 2 16708
14623 3 16698
14624 0 16688
14624 1 16689
14624 2 16694
14624 3 16698
14625 0 16688
14625 1 16693
14625 2 16694
14625 3 16698
14626 0 16688
14626 1 16689
14626 2 16694
14626 3 16698
14627 0 16688
14627 1 16693
14627 2 16694
14627 3 16698
14628 0 16688
14628 1 16693
14628 2 16708
14628 3 16698
14629 0 16688
14629 1 16693
14629 3 16698
14630 0 16702
14630 1 16693
14630 3 16698
14631 0 16688
14631 1 16689
14631 2 16694
14631 3 16698
14632 0 16688
14632 1 16689
14632 3 16698
14632 4 16695
14633 0 16688
14633 1 16689
14633 2 16694
14633 3 16698
14634 0 16688
14634 1 16689
14634 2 16708
14634 3 16698
14635 0 16713
14635 1 16689
14635 2 16708
14635 3 16698
14636 0 16688
14636 1 16689
14636 2 16703
14636 3 16698
14637 0 16688
14637 1 16693
14637 2 16694
14637 3 16698
14638 0 16688
14638 1 16689
14638 2 16694
14638 3 16698
14639 0 16688
14639 1 16689
14639 2 16694
14639 3 16698
14640 0 16688
14640 1 16689
14640 2 16694
14640 3 16698
14641 0 16688
14641 1 16689
14641 2 16708
14641 3 16698
14642 0 16692
14642 1 16693
14642 2 16694
14642 3 16698
14643 0 16688
14643 1 16693
14643 2 16694
14643 3 16698
14644 0 16688
14644 1 16689
14644 3 16698
14645 0 16688
14645 1 16693
14645 3 16698
14646 0 16705
14646 1 16689
14646 3 16698
14647 0 16688
14647 1 16693
14647 2 16694
14647 3 16698
14648 0 16705
14648 1 16693
14648 2 16694
14648 3 16698
14649 0 16688
14649 1 16693
14649 2 16704
14649 3 16698
14650 0 16688
14650 1 16689
14650 2 16694
14650 3 16698
14651 0 16688
14651 1 16689
14651 3 16698
14652 0 16688
14652 1 16689
14652 2 16694
14652 3 16698
14653 0 16722
14653 1 16689
14653 2 16694
14653 3 16698
14654 0 16712
14654 1 16689
14654 2 16708
14654 3 16698
14655 0 16688
14655 1 16689
14655 2 16694
14655 3 16698
14656 0 16688
14656 1 16693
14656 3 16698
14657 0 16688
14657 1 16693
14657 2 16694
14657 3 16698
14658 0 16688
14658 1 16693
14658 2 16694
14658 3 16698
14659 0 16688
14659 1 16689
14659 2 16691
14659 3 16698
14660 0 16688
14660 1 16689
14660 2 16694
14660 3 16698
14661 0 16688
14661 1 16689
14661 2 16694
14661 3 16698
14662 0 16688
14662 1 16693
14662 2 16706
14662 3 16698
14663 0 16719
14663 1 16689
14663 2 16694
14663 3 16698
14664 0 16688
14664 1 16693
14664 2 16694
14664 3 16698
14665 0 16688
14665 1 16689
14665 2 16694
14665 3 16698
14666 0 16688
14666 1 16689
14666 3 16698
14667 0 16688
14667 1 16689
14667 2 16708
14667 3 16698
14668 0 16688
14668 1 16693
14668 2 16694
14668 3 16698
14669 0 16688
14669 1 16693
14669 2 16694
14669 3 16698
14670 0 16688
14670 1 16693
14670 2 16694
14670 3 16698
14671 0 16688
14671 1 16689
14671 3 16698
14672 0 16701
14672 1 16693
14672 2 16694
14672 3 16698
14673 0 16688
14673 1 16693
14673 2 16694
14673 3 16698
14674 0 16722
14674 1 16689
14674 2 16694
14674 3 16698
14675 0 16688
14675 1 16689
14675 2 16694
14675 3 16698
14676 0 16688
14676 1 16689
14676 2 16694
14676 3 16698
14677 0 16724
14677 1 16689
14677 2 16694
14677 3 16698
14677 4 16695
14678 0 16688
14678 1 16693
14678 2 16694
14678 3 16698
14679 0 16717
14679 1 16689
14679 2 16694
14679 3 16698
14680 0 16688
14680 1 16693
14680 2 16694
14680 3 16698
14681 0 16688
14681 1 16693
14681 3 16698
14682 0 16688
14682 1 16689
14682 2 16694
14682 3 16698
14683 0 16688
14683 1 16689
14683 2 16694
14683 3 16698
14684 0 16688
14684 1 16689
14684 2 16694
14684 3 16698
14685 0 16688
14685 1 16689
14685 2 16708
14685 3 16698
14686 0 16688
14686 1 16689
14686 2 16691
14686 3 16698
14687 0 16688
14687 1 16689
14687 2 16694
14687 3 16698
14688 0 16688
14688 1 16693
14688 2 16694
14688 3 16698
14689 0 16688
14689 1 16689
14689 2 16694
14689 3 16698
14690 0 16688
14690 1 16693
14690 3 16698
14691 0 16688
14691 1 16689
14691 2 16694
14691 3 16698
14692 0 16688
14692 1 16689
14692 2 16694
14692 3 16698
14693 0 16688
14693 1 16693
14693 2 16703
14693 3 16698
14694 0 16688
14694 1 16689
14694 2 16694
14694 3 16698
14695 0 16688
14695 1 16689
14695 3 16698
14696 0 16688
14696 1 16693
14696 3 16698
14697 0 16688
14697 1 16693
14697 3 16698
14698 0 16688
14698 1 16689
14698 2 16694
14698 3 16698
14699 0 16688
14699 1 16693
14699 2 16694
14699 3 16698
14700 0 16688
14700 1 16693
14700 2 16694
14700 3 16698
14701 0 16688
14701 1 16689
14701 3 16698
14702 0 16688
14702 1 16689
14702 2 16708
14702 3 16698
14703 0 16688
14703 1 16693
14703 2 16694
14703 3 16698
14704 0 16688
14704 1 16693
14704 2 16694
14704 3 16698
14705 0 16712
14705 1 16689
14705 2 16694
14705 3 16698
14706 0 16688
14706 1 16689
14706 2 16694
14706 3 16698
14707 0 16688
14707 1 16689
14707 2 16691
14707 3 16698
14708 0 16688
14708 1 16689
14708 3 16698
14709 0 16705
14709 1 16689
14709 3 16698
14710 0 16688
14710 1 16689
14710 2 16694
14710 3 16698
14711 0 16712
14711 1 16689
14711 2 16694
14711 3 16698
14712 0 16688
14712 1 16689
14712 2 16694
14712 3 16698
14713 0 16705
14713 1 16689
14713 2 16694
14713 3 16698
14714 0 16688
14714 1 16693
14714 2 16694
14714 3 16698
14715 0 16717
14715 1 16689
14715 2 16694
14715 3 16698
14716 0 16688
14716 1 16693
14716 3 16698
14717 0 16688
14717 1 16689
14717 2 16694
14717 3 16698
14718 0 16688
14718 1 16689
14718 2 16708
14718 3 16698
14719 0 16702
14719 1 16689
14719 2 16703
14719 3 16698
14720 0 16688
14720 1 16689
14720 2 16694
14720 3 16698
14721 0 16688
14721 1 16689
14721 2 16694
14721 3 16698
14722 0 16688
14722 1 16689
14722 2 16694
14722 3 16698
14723 0 16688
14723 1 16693
14723 2 16694
14723 3 16698
14724 0 16688
14724 1 16693
14724 2 16708
14724 3 16698
14725 0 16715
14725 1 16693
14725 2 16694
14725 3 16698
14726 0 16688
14726 1 16693
14726 2 16694
14726 3 16698
14727 0 16705
14727 1 16693
14727 2 16708
14727 3 16698
14728 0 16715
14728 1 16693
14728 2 16694
14728 3 16698
14729 0 16688
14729 1 16707
14729 2 16694
14729 3 16698
14730 0 16688
14730 1 16700
14730 2 16708
14730 3 16698
14731 0 16715
14731 1 16707
14731 2 16694
14731 3 16698
14732 0 16688
14732 1 16700
14732 2 16704
14732 3 16698
14733 0 16715
14733 1 16693
14733 2 16694
14733 3 16698
14734 0 16688
14734 1 16707
14734 2 16694
14734 3 16698
14735 0 16715
14735 1 16693
14735 2 16708
14735 3 16698
14736 0 16715
14736 1 16693
14736 2 16694
14736 3 16698
14737 0 16688
14737 1 16689
14737 2 16708
14737 3 16698
14738 0 16715
14738 1 16707
14738 2 16694
14738 3 16698
14739 0 16712
14739 1 16707
14739 2 16694
14739 3 16698
14740 0 16688
14740 1 16693
14740 2 16708
14740 3 16698
14741 0 16688
14741 1 16707
14741 3 16698
14742 0 16688
14742 1 16693
14742 2 16704
14742 3 16698
14743 0 16715
14743 1 16693
14743 2 16694
14743 3 16698
14744 0 16688
14744 1 16693
14744 2 16708
14744 3 16698
14745 0 16688
14745 1 16689
14745 2 16708
14745 3 16698
14746 0 16715
14746 1 16693
14746 2 16694
14746 3 16698
14747 0 16715
14747 1 16707
14747 2 16694
14747 3 16698
14748 0 16721
14748 1 16693
14748 2 16694
14748 3 16698
14749 0 16715
14749 1 16693
14749 2 16708
14749 3 16698
14750 0 16688
14750 1 16693
14750 2 16694
14750 3 16698
14751 0 16688
14751 1 16693
14751 3 16698
14752 0 16715
14752 1 16693
14752 2 16694
14752 3 16698
14753 0 16688
14753 1 16707
14753 2 16694
14753 3 16698
14754 0 16715
14754 1 16689
14754 2 16694
14754 3 16698
14755 0 16688
14755 1 16693
14755 2 16694
14755 3 16698
14755 4 16697
14756 0 16715
14756 1 16693
14756 2 16694
14756 3 16698
14757 0 16715
14757 1 16707
14757 2 16694
14757 3 16698
14758 0 16688
14758 1 16693
14758 2 16694
14758 3 16698
14759 0 16688
14759 1 16693
14759 2 16699
14759 3 16698
14760 0 16715
14760 1 16693
14760 2 16694
14760 3 16698
14761 0 16692
14761 1 16689
14761 2 16694
14761 3 16698
14762 0 16715
14762 1 16689
14762 2 16708
14762 3 16698
14763 0 16715
14763 1 16693
14763 3 16698
14764 0 16688
14764 1 16693
14764 2 16694
14764 3 16698
14765 0 16715
14765 1 16693
14765 2 16694
14765 3 16698
14766 0 16715
14766 1 16693
14766 2 16694
14766 3 16698
14767 0 16715
14767 1 16707
14767 2 16694
14767 3 16698
14768 0 16688
14768 1 16693
14768 2 16694
14768 3 16698
14768 4 16697
14769 0 16715
14769 1 16693
14769 2 16694
14769 3 16698
14769 4 16695
14770 0 16688
14770 1 16707
14770 2 16694
14770 3 16698
14771 0 16715
14771 1 16693
14771 2 16694
14771 3 16698
14772 0 16688
14772 1 16693
14772 3 16698
14773 0 16688
14773 1 16707
14773 2 16694
14773 3 16698
14774 0 16688
14774 1 16693
14774 2 16708
14774 3 16698
14775 0 16715
14775 1 16693
14775 2 16694
14775 3 16698
14776 0 16688
14776 1 16693
14776 3 16698
14777 0 16715
14777 1 16700
14777 2 16694
14777 3 16698
14778 0 16688
14778 1 16689
14778 2 16708
14778 3 16698
14779 0 16688
14779 1 16693
14779 2 16694
14779 3 16698
14780 0 16688
14780 1 16693
14780 2 16694
14780 3 16698
14781 0 16688
14781 1 16689
14781 2 16708
14781 3 16698
14782 0 16715
14782 1 16693
14782 2 16694
14782 3 16698
14783 0 16688
14783 1 16707
14783 2 16694
14783 3 16698
14784 0 16688
14784 1 16693
14784 2 16694
14784 3 16698
14785 0 16705
14785 1 16689
14785 2 16708
14785 3 16698
14786 0 16715
14786 1 16707
14786 2 16694
14786 3 16698
14787 0 16688
14787 1 16693
14787 2 16716
14787 3 16698
14788 0 16715
14788 1 16693
14788 2 16694
14788 3 16698
14789 0 16715
14789 1 16693
14789 2 16708
14789 3 16698
14790 0 16715
14790 1 16693
14790 2 16694
14790 3 16698
14790 4 16695
14791 0 16715
14791 1 16693
14791 2 16694
14791 3 16698
14792 0 16715
14792 1 16707
14792 2 16694
14792 3 16698
14793 0 16729
14793 1 16693
14793 2 16694
14793 3 16698
14794 0 16715
14794 1 16693
14794 2 16694
14794 3 16698
14795 0 16715
14795 1 16693
14795 2 16694
14795 3 16698
14796 0 16702
14796 1 16693
14796 2 16703
14796 3 16698
14797 0 16688
14797 1 16693
14797 2 16694
14797 3 16698
14798 0 16688
14798 1 16693
14798 2 16708
14798 3 16698
14799 0 16715
14799 1 16693
14799 2 16694
14799 3 16698
14800 0 16688
14800 1 16693
14800 2 16694
14800 3 16698
14801 0 16688
14801 1 16707
14801 2 16694
14801 3 16698
14801 4 16695
14802 0 16688
14802 1 16693
14802 2 16706
14802 3 16698
14803 0 16688
14803 1 16693
14803 2 16694
14803 3 16698
14804 0 16692
14804 1 16693
14804 3 16698
14805 0 16688
14805 1 16693
14805 2 16694
14805 3 16698
14806 0 16688
14806 1 16693
14806 2 16694
14806 3 16698
14807 0 16688
14807 1 16693
14807 2 16694
14807 3 16698
14808 0 16688
14808 1 16700
14808 2 16694
14808 3 16698
14809 0 16688
14809 1 16693
14809 2 16694
14809 3 16698
14810 0 16688
14810 1 16700
14810 3 16698
14811 0 16688
14811 1 16693
14811 2 16694
14811 3 16698
14811 4 16695
14812 0 16688
14812 1 16700
14812 2 16694
14812 3 16698
14813 0 16688
14813 1 16693
14813 2 16694
14813 3 16698
14814 0 16688
14814 1 16693
14814 2 16694
14814 3 16698
14815 0 16715
14815 1 16707
14815 2 16694
14815 3 16698
14816 0 16688
14816 1 16693
14816 2 16694
14816 3 16698
14816 4 16695
14817 0 16688
14817 1 16693
14817 2 16694
14817 3 16698
14818 0 16715
14818 1 16693
14818 2 16694
14818 3 16698
14819 0 16688
14819 1 16693
14819 3 16698
14820 0 16688
14820 1 16693
14820 2 16694
14820 3 16698
14821 0 16688
14821 1 16707
14821 2 16694
14821 3 16698
14821 4 16695
14822 0 16715
14822 1 16693
14822 2 16706
14822 3 16698
14823 0 16715
14823 1 16700
14823 2 16708
14823 3 16698
14824 0 16715
14824 1 16693
14824 2 16694
14824 3 16698
14825 0 16721
14825 1 16693
14825 2 16694
14825 3 16698
14826 0 16688
14826 1 16707
14826 2 16694
14826 3 16698
14827 0 16688
14827 1 16693
14827 2 16694
14827 3 16698
14828 0 16715
14828 1 16693
14828 2 16694
14828 3 16698
14829 0 16715
14829 1 16693
14829 2 16694
14829 3 16698
14830 0 16715
14830 1 16693
14830 2 16694
14830 3 16698
14831 0 16715
14831 1 16693
14831 2 16703
14831 3 16698
14832 0 16688
14832 1 16700
14832 2 16694
14832 3 16698
14833 0 16715
14833 1 16693
14833 2 16708
14833 3 16698
14834 0 16715
14834 1 16693
14834 2 16694
14834 3 16698
14835 0 16715
14835 1 16693
14835 2 16694
14835 3 16698
14836 0 16688
14836 1 16693
14836 2 16694
14836 3 16698
14837 0 16688
14837 1 16689
14837 2 16708
14837 3 16698
14838 0 16688
14838 1 16693
14838 3 16698
14839 0 16688
14839 1 16707
14839 2 16694
14839 3 16698
14840 0 16688
14840 1 16693
14840 2 16694
14840 3 16698
14841 0 16688
14841 1 16693
14841 2 16694
14841 3 16698
14842 0 16688
14842 1 16693
14842 2 16708
14842 3 16698
14843 0 16688
14843 1 16693
14843 3 16698
14844 0 16688
14844 1 16707
14844 2 16694
14844 3 16698
14845 0 16688
14845 1 16693
14845 2 16694
14845 3 16698
14846 0 16688
14846 1 16693
14846 2 16694
14846 3 16698
14847 0 16688
14847 1 16693
14847 3 16698
14848 0 16688
14848 1 16693
14848 2 16694
14848 3 16698
14848 4 16697
14849 0 16715
14849 1 16689
14849 2 16694
14849 3 16698
14850 0 16688
14850 1 16693
14850 2 16704
14850 3 16698
14851 0 16688
14851 1 16693
14851 2 16708
14851 3 16698
14852 0 16715
14852 1 16693
14852 2 16694
14852 3 16698
14853 0 16688
14853 1 16693
14853 2 16694
14853 3 16698
14853 4 16697
14854 0 16715
14854 1 16693
14854 2 16694
14854 3 16698
14855 0 16688
14855 1 16707
14855 2 16694
14855 3 16698
14855 4 16697
14856 0 16688
14856 1 16693
14856 2 16703
14856 3 16698
14857 0 16719
14857 1 16693
14857 2 16694
14857 3 16698
14858 0 16688
14858 1 16693
14858 2 16708
14858 3 16698
14859 0 16688
14859 1 16693
14859 2 16704
14859 3 16698
14860 0 16688
14860 1 16689
14860 2 16708
14860 3 16698
14861 0 16715
14861 1 16693
14861 2 16694
14861 3 16698
14862 0 16688
14862 1 16693
14862 2 16708
14862 3 16698
14863 0 16688
14863 1 16693
14863 3 16698
14864 0 16715
14864 1 16693
14864 2 16694
14864 3 16698
14865 0 16715
14865 1 16693
14865 2 16694
14865 3 16698
14866 0 16715
14866 1 16689
14866 2 16694
14866 3 16698
14867 0 16715
14867 1 16693
14867 2 16694
14867 3 16698
14868 0 16715
14868 1 16693
14868 2 16694
14868 3 16698
14869 0 16715
14869 1 16693
14869 2 16694
14869 3 16698
14870 0 16688
14870 1 16689
14870 2 16694
14870 3 16698
14870 4 16697
14871 0 16688
14871 1 16693
14871 2 16694
14871 3 16690
14871 4 16697
14872 0 16688
14872 1 16693
14872 2 16694
14872 3 16696
14873 0 16688
14873 1 16689
14873 2 16694
14873 3 16690
14874 0 16688
14874 1 16693
14875 0 16688
14875 1 16693
14875 2 16691
14876 0 16688
14876 1 16689
14876 2 16694
14876 3 16696
14877 0 16688
14877 1 16689
14877 2 16694
14877 3 16709
14877 4 16697
14878 0 16712
14878 1 16707
14878 2 16694
14878 3 16698
14879 0 16688
14879 1 16693
14879 2 16694
14879 3 16698
14880 0 16688
14880 1 16689
14880 2 16694
14880 3 16698
14880 4 16695
14881 0 16702
14881 1 16693
14881 2 16704
14881 3 16698
14882 0 16688
14882 1 16693
14882 3 16723
14882 4 16697
14883 0 16688
14883 1 16689
14883 2 16708
14883 3 16698
14884 0 16688
14884 1 16693
14884 2 16694
14884 3 16698
14885 0 16702
14885 1 16693
14885 2 16703
14885 3 16698
14886 0 16688
14886 1 16689
14886 2 16694
14886 3 16696
14887 0 16688
14887 1 16693
14887 3 16698
14888 0 16688
14888 1 16693
14888 3 16696
14889 0 16688
14889 1 16707
14889 2 16699
14889 3 16690
14890 0 16688
14890 1 16700
14890 3 16698
14891 0 16688
14891 1 16700
14891 3 16698
14892 0 16688
14892 1 16700
14892 2 16694
14892 3 16698
14893 0 16688
14893 1 16693
14893 2 16703
14894 0 16688
14894 1 16693
14894 2 16694
14894 3 16690
14895 0 16688
14895 1 16689
14895 2 16694
14895 3 16698
14896 0 16688
14896 1 16693
14896 2 16694
14896 3 16696
14897 0 16688
14897 1 16689
14897 2 16699
14897 3 16698
14898 0 16688
14898 1 16693
14898 2 16704
14898 3 16698
14899 0 16688
14899 1 16693
14899 2 16694
14899 3 16698
14900 0 16688
14900 1 16689
14900 2 16691
14900 3 16709
14901 0 16702
14901 1 16689
14901 2 16708
14901 3 16690
14902 0 16702
14902 1 16693
14902 2 16703
14902 3 16698
14903 0 16702
14903 1 16693
14903 2 16703
14903 3 16698
14904 0 16688
14904 1 16693
14904 2 16691
14905 0 16688
14905 1 16693
14906 0 16688
14906 1 16693
14906 2 16708
14906 3 16690
14907 0 16688
14907 1 16693
14907 2 16708
14907 3 16696
14908 0 16702
14908 1 16693
14908 2 16703
14909 0 16688
14909 1 16693
14909 2 16708
14910 0 16719
14910 1 16693
14910 2 16703
14911 0 16688
14911 1 16693
14911 2 16708
14912 0 16688
14912 1 16693
14912 2 16694
14913 0 16688
14913 1 16693
14913 2 16694
14914 0 16688
14914 1 16693
14914 2 16708
14915 0 16719
14915 1 16693
14915 2 16703
14916 0 16688
14916 1 16693
14916 2 16694
14917 0 16702
14917 1 16693
14917 2 16694
14918 0 16688
14918 1 16693
14918 2 16703
14919 0 16688
14919 1 16693
14919 2 16694
14920 0 16688
14920 1 16693
14920 2 16703
14920 3 16709
14921 0 16688
14921 1 16693
14921 2 16708
14922 0 16688
14922 1 16689
14922 2 16694
14922 3 16698
14923 0 16688
14923 1 16693
14923 2 16694
14923 3 16698
14924 0 16688
14924 1 16700
14924 2 16694
14924 3 16698
14925 0 16717
14925 1 16693
14925 2 16694
14925 3 16698
14926 0 16688
14926 1 16693
14926 2 16694
14926 3 16698
14927 0 16688
14927 1 16693
14927 3 16698
14927 4 16695
14928 0 16688
14928 1 16693
14928 2 16694
14928 3 16698
14929 0 16688
14929 1 16693
14929 2 16694
14929 3 16698
14930 0 16688
14930 1 16707
14930 2 16694
14930 3 16698
14931 0 16688
14931 1 16693
14931 2 16694
14931 3 16698
14932 0 16688
14932 1 16693
14932 2 16694
14932 3 16698
14933 0 16688
14933 1 16707
14933 2 16694
14933 3 16698
14934 0 16705
14934 1 16689
14934 2 16694
14934 3 16698
14935 0 16688
14935 1 16707
14935 2 16694
14935 3 16698
14936 0 16688
14936 1 16689
14936 2 16694
14936 3 16698
14937 0 16688
14937 1 16693
14937 2 16694
14937 3 16698
14938 0 16688
14938 1 16693
14938 2 16694
14938 3 16698
14939 0 16688
14939 1 16689
14939 2 16694
14939 3 16698
14940 0 16688
14940 1 16689
14940 2 16694
14940 3 16698
14941 0 16688
14941 1 16689
14941 2 16694
14941 3 16698
14942 0 16688
14942 1 16693
14942 2 16708
14942 3 16698
14943 0 16688
14943 1 16693
14943 2 16694
14943 3 16698
14944 0 16688
14944 1 16693
14944 2 16694
14944 3 16698
14945 0 16688
14945 1 16707
14945 2 16694
14945 3 16690
14946 0 16688
14946 1 16707
14946 2 16694
14946 3 16690
14947 0 16688
14947 1 16707
14947 2 16694
14947 3 16690
14948 0 16688
14948 1 16693
14948 3 16698
14949 0 16688
14949 1 16689
14949 2 16708
14949 3 16698
14950 0 16688
14950 1 16689
14950 2 16708
14950 3 16690
14951 0 16688
14951 1 16689
14951 2 16708
14951 3 16698
14952 0 16688
14952 1 16693
14952 2 16706
14952 3 16698
14952 4 16697
14953 0 16688
14953 1 16689
14953 2 16694
14953 3 16698
14953 4 16697
14954 0 16688
14954 1 16689
14954 3 16698
14955 0 16688
14955 1 16689
14955 2 16708
14955 3 16690
14956 0 16688
14956 1 16689
14956 3 16690
14957 0 16688
14957 1 16700
14957 2 16708
14957 3 16698
14958 0 16688
14958 1 16693
14958 2 16694
14958 3 16696
14958 4 16695
14959 0 16688
14959 1 16689
14959 2 16708
14959 3 16698
14960 0 16717
14960 1 16689
14960 2 16694
14960 3 16698
14961 0 16688
14961 1 16689
14961 2 16708
14961 3 16698
14962 0 16717
14962 1 16693
14962 3 16698
14962 4 16695
14963 0 16688
14963 1 16693
14963 2 16694
14963 3 16698
14963 4 16697
14964 0 16688
14964 1 16689
14964 2 16691
14964 3 16698
14965 0 16688
14965 1 16689
14965 3 16690
14966 0 16702
14966 1 16689
14966 2 16694
14966 3 16696
14966 4 16697
14967 0 16688
14967 1 16689
14967 2 16708
14967 3 16698
14968 0 16688
14968 1 16693
14968 2 16694
14968 3 16698
14969 0 16688
14969 1 16689
14969 2 16708
14969 3 16698
14970 0 16688
14970 1 16693
14970 2 16694
14970 3 16698
14971 0 16688
14971 1 16693
14971 2 16694
14971 3 16690
14971 4 16697
14972 0 16688
14972 1 16693
14972 3 16698
14972 4 16697
14973 0 16688
14973 1 16693
14973 2 16694
14973 3 16698
14974 0 16688
14974 1 16693
14974 2 16704
14974 3 16698
14975 0 16688
14975 1 16689
14975 2 16708
14975 3 16690
14976 0 16705
14976 1 16693
14976 2 16704
14976 3 16698
14976 4 16697
14977 0 16688
14977 1 16689
14977 2 16694
14977 3 16698
14978 0 16688
14978 1 16689
14978 2 16694
14978 3 16698
14979 0 16688
14979 1 16689
14979 2 16708
14979 3 16698
14980 0 16688
14980 1 16693
14980 3 16696
14980 4 16695
14981 0 16688
14981 1 16689
14981 2 16694
14981 3 16696
14982 0 16688
14982 1 16689
14982 2 16694
14982 3 16698
14982 4 16695
14983 0 16688
14983 1 16693
14983 3 16698
14984 0 16688
14984 1 16693
14984 2 16704
14984 3 16698
14985 0 16688
14985 1 16689
14985 2 16708
14985 3 16690
14986 0 16713
14986 1 16693
14986 2 16694
14986 3 16698
14986 4 16695
14987 0 16722
14987 1 16693
14987 3 16698
14987 4 16697
14988 0 16688
14988 1 16689
14988 3 16698
14989 0 16688
14989 1 16693
14989 2 16694
14989 3 16698
14989 4 16697
14990 0 16715
14990 1 16693
14990 2 16694
14990 3 16698
14990 4 16695
14991 0 16688
14991 1 16693
14992 0 16688
14992 1 16693
14992 2 16694
14992 3 16698
14993 0 16715
14993 1 16693
14993 2 16694
14993 3 16698
14993 4 16695
14994 0 16721
14994 1 16693
14994 2 16694
14994 3 16698
14995 0 16688
14995 1 16700
14995 3 16698
14995 4 16728
14996 0 16688
14996 1 16707
14996 3 16696
14996 4 16728
14997 0 16701
14997 1 16707
14997 2 16694
14997 3 16698
14997 4 16695
14998 0 16701
14998 1 16707
14998 2 16694
14998 3 16698
14998 4 16695
14999 0 16688
14999 1 16707
14999 2 16694
14999 3 16698
14999 4 16728
15000 0 16688
15000 1 16707
15000 2 16694
15000 3 16698
15000 4 16695
15001 0 16688
15001 1 16707
15001 2 16694
15001 3 16698
15001 4 16728
15002 0 16688
15002 1 16707
15002 2 16694
15002 3 16698
15003 0 16688
15003 1 16707
15003 2 16694
15003 3 16698
15003 4 16695
15004 0 16688
15004 1 16707
15004 2 16694
15004 3 16698
15004 4 16695
15005 0 16688
15005 1 16707
15005 2 16694
15005 3 16698
15005 4 16728
15006 0 16688
15006 1 16689
15006 2 16708
15006 3 16698
15007 0 16688
15007 1 16689
15007 3 16698
15007 4 16728
15008 0 16688
15008 1 16689
15008 3 16690
15008 4 16728
15009 0 16688
15009 1 16689
15009 2 16694
15009 3 16698
15009 4 16728
15010 0 16688
15010 1 16689
15010 3 16698
15010 4 16728
15011 0 16688
15011 1 16689
15011 3 16698
15011 4 16728
15012 0 16688
15012 1 16689
15012 2 16694
15012 3 16698
15012 4 16728
15013 0 16688
15013 1 16707
15013 2 16694
15013 3 16698
15013 4 16728
15014 0 16688
15014 1 16693
15014 2 16708
15014 3 16690
15015 0 16688
15015 1 16700
15015 3 16690
15015 4 16728
15016 0 16701
15016 1 16689
15016 2 16694
15016 3 16696
15016 4 16695
15017 0 16688
15017 1 16707
15017 2 16694
15017 3 16690
15017 4 16728
15018 0 16688
15018 1 16693
15018 3 16698
15018 4 16728
15019 0 16688
15019 1 16693
15019 2 16694
15019 3 16698
15019 4 16728
15020 0 16688
15020 1 16707
15020 2 16694
15020 3 16690
15020 4 16728
15021 0 16688
15021 1 16707
15021 2 16694
15021 3 16723
15021 4 16695
15022 0 16688
15022 1 16700
15022 2 16708
15022 3 16698
15023 0 16688
15023 1 16693
15023 2 16694
15023 3 16690
15024 0 16688
15024 1 16693
15024 2 16694
15024 3 16690
15024 4 16728
15025 0 16688
15025 1 16707
15025 2 16694
15025 3 16698
15025 4 16695
15026 0 16688
15026 1 16707
15026 2 16694
15026 3 16690
15026 4 16728
15027 0 16701
15027 1 16707
15027 2 16694
15027 3 16690
15027 4 16695
15028 0 16688
15028 1 16693
15028 3 16709
15028 4 16728
15029 0 16688
15029 1 16707
15029 2 16694
15029 3 16690
15029 4 16697
15030 0 16688
15030 1 16707
15030 2 16694
15030 3 16698
15030 4 16697
15031 0 16688
15031 1 16693
15031 2 16694
15031 3 16698
15031 4 16697
15032 0 16701
15032 1 16707
15032 2 16694
15032 3 16698
15032 4 16697
15033 0 16688
15033 1 16693
15033 2 16694
15033 3 16698
15034 0 16688
15034 1 16689
15034 2 16708
15034 3 16698
15035 0 16688
15035 1 16693
15035 2 16691
15035 3 16698
15036 0 16688
15036 1 16693
15036 3 16690
15036 4 16695
15037 0 16688
15037 1 16689
15037 2 16691
15037 3 16698
15038 0 16688
15038 1 16693
15038 2 16704
15038 3 16696
15038 4 16697
15039 0 16701
15039 1 16689
15039 2 16694
15039 3 16690
15039 4 16695
15040 0 16688
15040 1 16689
15040 3 16698
15041 0 16702
15041 1 16693
15041 2 16703
15041 3 16698
15041 4 16697
15042 0 16688
15042 1 16693
15042 2 16694
15042 3 16690
15043 0 16688
15043 1 16693
15043 2 16694
15043 3 16696
15043 4 16697
15044 0 16688
15044 1 16689
15044 3 16690
15044 4 16695
15045 0 16701
15045 1 16693
15045 2 16694
15045 3 16690
15045 4 16695
15046 0 16688
15046 1 16693
15046 2 16708
15046 3 16698
15047 0 16692
15047 1 16693
15047 2 16691
15047 3 16698
15048 0 16688
15048 1 16693
15048 3 16690
15048 4 16695
15049 0 16688
15049 1 16689
15049 3 16698
15050 0 16688
15050 1 16693
15050 2 16694
15050 3 16690
15050 4 16695
15051 0 16688
15051 1 16693
15051 2 16694
15051 3 16698
15051 4 16695
15052 0 16688
15052 1 16693
15052 2 16694
15052 3 16690
15053 0 16688
15053 1 16689
15053 3 16690
15054 0 16688
15054 1 16689
15054 2 16708
15054 3 16698
15055 0 16719
15055 1 16689
15055 3 16698
15056 0 16688
15056 1 16689
15056 2 16708
15056 3 16690
15057 0 16688
15057 1 16700
15057 2 16694
15057 3 16698
15058 0 16688
15058 1 16689
15058 2 16694
15058 3 16696
15058 4 16695
15059 0 16688
15059 1 16689
15059 2 16694
15059 3 16690
15059 4 16695
15060 0 16688
15060 1 16707
15060 2 16694
15060 3 16698
15061 0 16688
15061 1 16693
15061 2 16708
15061 3 16698
15061 4 16695
15062 0 16688
15062 1 16693
15062 2 16694
15062 3 16698
15063 0 16688
15063 1 16689
15063 2 16694
15063 3 16690
15064 0 16688
15064 1 16693
15064 3 16690
15065 0 16688
15065 1 16693
15065 2 16694
15065 3 16696
15066 0 16688
15066 1 16693
15066 3 16696
15067 0 16688
15067 1 16693
15067 3 16696
15068 0 16688
15068 1 16689
15068 2 16694
15068 3 16690
15069 0 16688
15069 1 16689
15069 2 16694
15069 3 16690
15069 4 16695
15070 0 16688
15070 1 16693
15070 2 16694
15070 3 16696
15070 4 16697
15071 0 16688
15071 1 16689
15071 3 16698
15072 0 16688
15072 1 16693
15072 2 16694
15072 3 16690
15072 4 16695
15073 0 16705
15073 1 16689
15073 2 16708
15073 3 16723
15074 0 16705
15074 1 16689
15074 2 16708
15074 3 16723
15075 0 16688
15075 1 16693
15075 2 16694
15075 3 16698
15075 4 16695
15076 0 16688
15076 1 16693
15076 2 16706
15076 3 16723
15076 4 16697
15077 0 16714
15077 1 16707
15077 2 16694
15077 3 16690
15077 4 16695
15078 0 16688
15078 1 16693
15078 2 16694
15078 3 16709
15079 0 16688
15079 1 16689
15079 2 16708
15079 3 16723
15080 0 16688
15080 1 16700
15080 2 16694
15080 3 16723
15080 4 16697
15081 0 16688
15081 1 16689
15081 2 16694
15081 3 16723
15081 4 16697
15082 0 16688
15082 1 16689
15082 2 16708
15082 3 16709
15083 0 16688
15083 1 16689
15083 2 16708
15083 3 16690
15084 0 16688
15084 1 16689
15084 2 16691
15084 3 16698
15085 0 16713
15085 1 16693
15085 2 16694
15085 3 16698
15085 4 16697
15086 0 16688
15086 1 16700
15086 2 16708
15086 3 16709
15087 0 16688
15087 1 16700
15087 2 16708
15087 3 16709
15088 0 16705
15088 1 16689
15088 2 16694
15088 3 16723
15088 4 16695
15089 0 16688
15089 1 16707
15089 2 16694
15089 3 16698
15090 0 16688
15090 1 16693
15090 2 16691
15090 3 16690
15091 0 16715
15091 1 16707
15091 2 16694
15091 3 16709
15091 4 16697
15092 0 16688
15092 1 16689
15092 2 16694
15092 3 16698
15093 0 16688
15093 1 16689
15093 2 16708
15093 3 16696
15094 0 16688
15094 1 16689
15094 2 16704
15094 3 16709
15094 4 16697
15095 0 16688
15095 1 16689
15095 2 16708
15095 3 16698
15096 0 16688
15096 1 16689
15096 2 16708
15096 3 16698
15097 0 16688
15097 1 16693
15097 2 16691
15097 3 16709
15098 0 16688
15098 1 16689
15098 2 16704
15098 3 16709
15098 4 16695
15099 0 16688
15099 1 16693
15099 2 16704
15099 3 16709
15099 4 16697
15100 0 16688
15100 1 16689
15100 2 16694
15100 3 16690
15100 4 16697
15101 0 16692
15101 1 16689
15101 2 16694
15101 3 16698
15102 0 16688
15102 1 16689
15102 2 16694
15102 3 16723
15102 4 16697
15103 0 16688
15103 1 16689
15103 2 16694
15103 3 16723
15103 4 16697
15104 0 16702
15104 1 16693
15104 2 16703
15104 3 16709
15105 0 16688
15105 1 16693
15105 2 16704
15105 3 16723
15105 4 16697
15106 0 16688
15106 1 16693
15106 3 16698
15107 0 16688
15107 1 16700
15107 2 16694
15107 3 16709
15108 0 16688
15108 1 16689
15108 2 16694
15108 3 16698
15109 0 16688
15109 1 16689
15109 2 16708
15109 3 16698
15110 0 16688
15110 1 16707
15110 2 16694
15110 3 16696
15110 4 16697
15111 0 16688
15111 1 16693
15111 2 16704
15111 3 16690
15111 4 16695
15112 0 16688
15112 1 16700
15112 2 16708
15112 3 16698
15113 0 16688
15113 1 16693
15113 3 16698
15114 0 16688
15114 1 16693
15114 2 16706
15114 3 16723
15115 0 16713
15115 1 16693
15115 2 16691
15115 3 16709
15115 4 16695
15116 0 16688
15116 1 16689
15116 2 16691
15116 3 16698
15117 0 16688
15117 1 16689
15117 2 16691
15117 3 16696
15118 0 16688
15118 1 16693
15118 2 16694
15118 3 16723
15118 4 16697
15119 0 16692
15119 1 16689
15119 2 16694
15119 3 16696
15119 4 16697
15120 0 16688
15120 1 16700
15120 2 16708
15120 3 16723
15121 0 16724
15121 1 16693
15121 2 16718
15121 3 16698
15122 0 16702
15122 1 16689
15122 2 16694
15122 3 16698
15123 0 16688
15123 1 16700
15123 2 16708
15123 3 16723
15124 0 16688
15124 1 16700
15124 2 16708
15124 3 16723
15125 0 16688
15125 1 16689
15125 2 16708
15125 3 16696
15126 0 16688
15126 1 16689
15126 2 16708
15126 3 16723
15127 0 16705
15127 1 16689
15127 3 16696
15127 4 16695
15128 0 16688
15128 1 16693
15128 2 16718
15128 3 16690
15129 0 16688
15129 1 16693
15129 2 16708
15129 3 16698
15130 0 16688
15130 1 16693
15130 2 16694
15130 3 16690
15130 4 16697
15131 0 16688
15131 1 16693
15131 2 16694
15131 3 16698
15132 0 16701
15132 1 16689
15132 2 16694
15132 3 16698
15132 4 16697
15133 0 16688
15133 1 16689
15133 2 16694
15133 3 16698
15134 0 16688
15134 1 16689
15134 2 16708
15134 3 16690
15135 0 16688
15135 1 16693
15135 2 16694
15135 3 16698
15136 0 16688
15136 1 16689
15136 2 16708
15136 3 16698
15137 0 16688
15137 1 16689
15137 2 16708
15137 3 16698
15138 0 16701
15138 1 16689
15138 2 16694
15138 3 16696
15138 4 16697
15139 0 16688
15139 1 16693
15139 2 16691
15139 3 16698
15139 4 16695
15140 0 16725
15140 1 16693
15140 2 16706
15140 3 16698
15141 0 16688
15141 1 16689
15141 2 16694
15141 3 16698
15141 4 16728
15142 0 16688
15142 1 16693
15142 2 16706
15142 3 16698
15143 0 16688
15143 1 16693
15143 2 16691
15143 3 16698
15144 0 16692
15144 1 16689
15144 2 16694
15144 3 16698
15145 0 16705
15145 1 16693
15145 2 16706
15145 3 16698
15146 0 16688
15146 1 16689
15146 2 16694
15146 3 16696
15147 0 16688
15147 1 16693
15147 2 16694
15147 3 16698
15147 4 16695
15148 0 16705
15148 1 16689
15148 2 16708
15148 3 16698
15149 0 16688
15149 1 16693
15149 2 16694
15149 3 16698
15150 0 16688
15150 1 16693
15150 2 16694
15150 3 16698
15151 0 16701
15151 1 16689
15151 2 16708
15151 3 16698
15152 0 16688
15152 1 16689
15152 2 16708
15152 3 16690
15153 0 16688
15153 1 16689
15153 2 16708
15153 3 16690
15154 0 16688
15154 1 16689
15154 2 16694
15154 3 16690
15155 0 16688
15155 1 16693
15155 3 16698
15156 0 16688
15156 1 16693
15156 2 16704
15157 0 16688
15157 1 16693
15157 2 16704
15158 0 16688
15158 1 16693
15158 2 16704
15159 0 16688
15159 1 16693
15160 0 16688
15160 1 16693
15160 2 16704
15161 0 16688
15161 1 16693
15161 2 16694
15161 3 16698
15162 0 16688
15162 1 16693
15162 2 16704
15162 4 16695
15163 0 16688
15163 1 16693
15163 2 16704
15164 0 16688
15164 1 16693
15164 2 16704
15164 3 16696
15165 0 16688
15165 1 16693
15165 2 16694
15166 0 16692
15166 1 16693
15166 2 16694
15167 0 16688
15167 1 16693
15167 2 16704
15168 0 16688
15168 1 16693
15168 2 16694
15169 0 16688
15169 1 16693
15169 2 16704
15170 0 16688
15170 1 16693
15170 3 16690
15171 0 16688
15171 1 16693
15171 2 16694
15172 0 16688
15172 1 16693
15172 2 16694
15173 0 16688
15173 1 16693
15174 0 16688
15174 1 16693
15175 0 16688
15175 1 16693
15176 0 16688
15176 1 16693
15176 2 16699
15177 0 16688
15177 1 16693
15177 2 16704
15178 0 16688
15178 1 16693
15179 0 16688
15179 1 16693
15179 2 16704
15180 0 16688
15180 1 16693
15180 2 16704
15181 0 16688
15181 1 16693
15181 2 16694
15181 3 16690
15182 0 16688
15182 1 16693
15183 0 16688
15183 1 16693
15183 2 16694
15184 0 16688
15184 1 16693
15184 2 16704
15184 4 16695
15185 0 16688
15185 1 16693
15186 0 16688
15186 1 16693
15186 2 16704
15187 0 16688
15187 1 16693
15187 2 16704
15188 0 16688
15188 1 16693
15189 0 16688
15189 1 16693
15189 2 16694
15190 0 16688
15190 1 16693
15190 2 16694
15190 4 16697
15191 0 16688
15191 1 16693
15191 4 16695
15192 0 16688
15192 1 16693
15193 0 16688
15193 1 16693
15194 0 16688
15194 1 16693
15194 2 16704
15195 0 16688
15195 1 16693
15195 2 16694
15196 0 16688
15196 1 16693
15196 2 16694
15197 0 16688
15197 1 16693
15198 0 16688
15198 1 16693
15199 0 16688
15199 1 16693
15200 0 16688
15200 1 16693
15201 0 16688
15201 1 16693
15201 2 16694
15202 0 16688
15202 1 16693
15202 2 16704
15202 3 16696
15203 0 16688
15203 1 16693
15204 0 16688
15204 1 16693
15204 2 16694
15204 3 16690
15205 0 16688
15205 1 16693
15205 2 16694
15206 0 16688
15206 1 16693
15206 2 16694
15206 4 16695
15207 0 16688
15207 1 16693
15207 2 16694
15207 4 16695
15208 0 16688
15208 1 16693
15208 2 16694
15209 0 16688
15209 1 16693
15210 0 16688
15210 1 16693
15211 0 16688
15211 1 16693
15212 0 16688
15212 1 16693
15212 2 16704
15213 0 16688
15213 1 16693
15213 2 16694
15214 0 16688
15214 1 16693
15214 2 16694
15214 4 16695
15215 0 16688
15215 1 16693
15216 0 16688
15216 1 16693
15216 2 16694
15217 0 16688
15217 1 16693
15218 0 16688
15218 1 16693
15218 2 16694
15219 0 16688
15219 1 16693
15219 2 16704
15220 0 16688
15220 1 16693
15220 2 16694
15221 0 16688
15221 1 16693
15222 0 16688
15222 1 16693
15223 0 16688
15223 1 16693
15223 2 16694
15224 0 16688
15224 1 16693
15225 0 16688
15225 1 16707
15225 2 16694
15225 3 16698
15226 0 16688
15226 1 16693
15226 3 16698
15227 0 16688
15227 1 16693
15227 2 16694
15227 3 16698
15228 0 16688
15228 1 16693
15228 2 16694
15228 3 16698
15229 0 16702
15229 1 16689
15229 2 16703
15229 3 16690
15230 0 16688
15230 1 16689
15230 2 16694
15230 3 16696
15231 0 16688
15231 1 16693
15231 2 16694
15231 3 16690
15232 0 16688
15232 1 16689
15232 2 16708
15232 3 16698
15233 0 16688
15233 1 16693
15233 2 16694
15233 3 16698
15234 0 16688
15234 1 16689
15234 2 16694
15234 3 16698
15235 0 16688
15235 1 16689
15235 2 16708
15235 3 16698
15236 0 16688
15236 1 16693
15236 2 16716
15236 3 16698
15237 0 16721
15237 1 16689
15237 2 16716
15237 3 16696
15238 0 16721
15238 1 16689
15238 2 16708
15238 3 16698
15239 0 16688
15239 1 16689
15239 2 16708
15240 0 16712
15240 1 16693
15240 2 16716
15240 3 16698
15241 0 16688
15241 1 16693
15241 2 16703
15241 3 16690
15242 0 16688
15242 1 16693
15242 2 16691
15243 0 16688
15243 1 16689
15243 2 16694
15243 3 16690
15244 0 16688
15244 1 16689
15244 2 16703
15244 3 16696
15244 4 16697
15245 0 16688
15245 1 16693
15245 2 16694
15245 3 16696
15246 0 16688
15246 1 16693
15246 2 16703
15246 3 16690
15247 0 16688
15247 1 16689
15247 2 16694
15247 3 16709
15248 0 16688
15248 1 16693
15248 2 16704
15248 3 16690
15249 0 16688
15249 1 16693
15249 2 16694
15249 3 16696
15250 0 16688
15250 1 16689
15250 2 16694
15250 3 16696
15251 0 16688
15251 1 16693
15251 2 16694
15252 0 16688
15252 1 16693
15252 2 16708
15252 3 16698
15253 0 16688
15253 1 16693
15253 2 16694
15253 3 16690
15254 0 16688
15254 1 16689
15254 2 16691
15254 3 16698
15255 0 16688
15255 1 16689
15255 2 16703
15255 3 16696
15256 0 16688
15256 1 16693
15256 3 16696
15257 0 16688
15257 1 16693
15257 2 16704
15258 0 16688
15258 1 16693
15258 2 16694
15258 3 16698
15259 0 16688
15259 1 16689
15259 2 16708
15259 3 16698
15260 0 16688
15260 1 16693
15260 2 16704
15260 3 16698
15261 0 16688
15261 1 16693
15261 2 16708
15262 0 16702
15262 1 16693
15262 2 16703
15262 3 16698
15263 0 16688
15263 1 16693
15263 2 16703
15263 3 16696
15264 0 16688
15264 1 16693
15264 2 16704
15265 0 16688
15265 1 16693
15265 3 16690
15266 0 16702
15266 1 16693
15266 2 16694
15266 3 16696
15267 0 16688
15267 1 16689
15267 2 16703
15267 3 16698
15268 0 16688
15268 1 16689
15268 2 16708
15268 3 16698
15269 0 16688
15269 1 16689
15269 2 16708
15269 3 16690
15270 0 16688
15270 1 16689
15270 2 16716
15270 3 16698
15271 0 16688
15271 1 16693
15271 2 16716
15271 3 16698
15272 0 16688
15272 1 16693
15272 2 16703
15273 0 16688
15273 1 16689
15273 2 16694
15273 3 16698
15274 0 16688
15274 1 16693
15274 2 16708
15274 3 16698
15275 0 16702
15275 1 16707
15275 2 16694
15276 0 16688
15276 1 16689
15276 2 16694
15276 3 16696
15277 0 16688
15277 1 16689
15277 2 16708
15277 3 16696
15278 0 16688
15278 1 16707
15278 2 16694
15278 3 16690
15278 4 16697
15279 0 16688
15279 1 16693
15279 3 16690
15279 4 16697
15280 0 16688
15280 1 16707
15280 2 16694
15280 3 16690
15281 0 16688
15281 1 16693
15281 3 16696
15282 0 16688
15282 1 16693
15282 2 16694
15282 3 16690
15282 4 16697
15283 0 16688
15283 1 16693
15283 2 16694
15283 3 16690
15283 4 16697
15284 0 16688
15284 1 16693
15284 2 16691
15284 3 16696
15284 4 16695
15285 0 16688
15285 1 16693
15285 2 16704
15285 3 16698
15286 0 16692
15286 1 16689
15286 2 16694
15286 3 16690
15287 0 16702
15287 1 16689
15287 2 16694
15287 3 16696
15288 0 16688
15288 1 16693
15288 2 16694
15288 3 16723
15289 0 16688
15289 1 16693
15289 2 16694
15289 3 16709
15290 0 16688
15290 1 16693
15290 2 16694
15290 3 16696
15290 4 16695
15291 0 16688
15291 1 16693
15291 2 16694
15291 3 16696
15291 4 16697
15292 0 16713
15292 1 16689
15292 2 16704
15292 3 16690
15292 4 16697
15293 0 16705
15293 1 16689
15293 2 16708
15293 3 16698
15294 0 16688
15294 1 16707
15294 2 16704
15294 3 16690
15294 4 16697
15295 0 16688
15295 1 16693
15295 2 16704
15295 3 16690
15295 4 16695
15296 0 16688
15296 1 16693
15296 2 16694
15296 3 16698
15296 4 16697
15297 0 16688
15297 1 16693
15297 2 16694
15297 3 16690
15297 4 16697
15298 0 16688
15298 1 16693
15298 2 16704
15298 3 16698
15298 4 16697
15299 0 16713
15299 1 16693
15299 2 16694
15299 3 16690
15299 4 16697
15300 0 16688
15300 1 16689
15300 2 16694
15300 3 16690
15300 4 16697
15301 0 16688
15301 1 16707
15301 2 16694
15301 3 16690
15301 4 16695
15302 0 16688
15302 1 16693
15303 0 16688
15303 1 16693
15303 2 16694
15304 0 16688
15304 1 16700
15304 2 16703
15304 3 16723
15304 4 16697
15305 0 16688
15305 1 16693
15305 2 16716
15305 3 16709
15305 4 16697
15306 0 16688
15306 1 16693
15307 0 16688
15307 1 16693
15308 0 16688
15308 1 16693
15309 0 16688
15309 1 16693
15309 2 16694
15310 0 16688
15310 1 16700
15310 2 16708
15310 3 16690
15311 0 16688
15311 1 16693
15311 4 16695
15312 0 16688
15312 1 16707
15312 2 16727
15312 3 16696
15312 4 16695
15313 0 16702
15313 1 16689
15313 2 16727
15313 3 16696
15314 0 16688
15314 1 16689
15314 2 16694
15314 3 16690
15315 0 16688
15315 1 16693
15315 2 16694
15315 3 16690
15315 4 16697
15316 0 16688
15316 1 16693
15316 2 16708
15316 3 16709
15317 0 16688
15317 1 16693
15317 2 16694
15317 3 16709
15317 4 16697
15318 0 16688
15318 1 16693
15318 2 16694
15318 3 16690
15318 4 16697
15319 0 16688
15319 1 16689
15319 2 16694
15319 3 16709
15319 4 16697
15320 0 16688
15320 1 16693
15320 2 16694
15320 3 16698
15320 4 16697
15321 0 16688
15321 1 16693
15321 2 16694
15321 3 16696
15322 0 16717
15322 1 16693
15322 3 16696
15322 4 16697
15323 0 16688
15323 1 16693
15323 3 16690
15323 4 16697
15324 0 16702
15324 1 16693
15324 2 16703
15324 3 16709
15325 0 16688
15325 1 16693
15325 2 16694
15325 3 16698
15326 0 16688
15326 1 16693
15326 3 16690
15326 4 16697
15327 0 16688
15327 1 16693
15327 3 16690
15328 0 16688
15328 1 16693
15328 3 16690
15328 4 16697
15329 0 16688
15329 1 16689
15329 2 16703
15329 3 16698
15329 4 16697
15330 0 16688
15330 1 16693
15330 3 16723
15330 4 16697
15331 0 16688
15331 1 16693
15331 3 16696
15331 4 16697
15332 0 16688
15332 1 16693
15332 3 16709
15333 0 16688
15333 1 16693
15333 2 16716
15333 3 16723
15333 4 16695
15334 0 16688
15334 1 16693
15334 2 16694
15334 3 16698
15334 4 16697
15335 0 16688
15335 1 16693
15335 2 16694
15335 3 16698
15336 0 16688
15336 1 16693
15336 2 16694
15336 3 16698
15336 4 16695
15337 0 16688
15337 1 16693
15337 2 16694
15337 3 16690
15337 4 16697
15338 0 16688
15338 1 16693
15338 2 16716
15338 3 16690
15338 4 16697
15339 0 16688
15339 1 16693
15339 2 16694
15339 3 16723
15340 0 16688
15340 1 16689
15340 2 16708
15340 3 16698
15341 0 16702
15341 1 16693
15341 2 16694
15341 3 16696
15341 4 16695
15342 0 16688
15342 1 16693
15342 2 16694
15342 3 16690
15343 0 16688
15343 1 16707
15343 2 16694
15343 3 16690
15343 4 16697
15344 0 16688
15344 1 16693
15344 2 16694
15344 3 16698
15344 4 16697
15345 0 16688
15345 1 16693
15345 2 16716
15345 3 16690
15346 0 16717
15346 1 16693
15346 3 16696
15346 4 16697
15347 0 16688
15347 1 16689
15347 2 16708
15347 3 16698
15348 0 16688
15348 1 16693
15348 2 16694
15348 3 16690
15348 4 16697
15349 0 16688
15349 1 16693
15349 2 16694
15349 3 16698
15349 4 16697
15350 0 16688
15350 1 16689
15350 2 16694
15350 3 16696
15351 0 16688
15351 1 16693
15351 3 16723
15351 4 16697
15352 0 16688
15352 1 16689
15352 2 16703
15352 3 16690
15353 0 16688
15353 1 16693
15353 2 16694
15353 3 16690
15353 4 16695
15354 0 16688
15354 1 16693
15354 2 16694
15354 3 16690
15355 0 16688
15355 1 16693
15355 2 16694
15355 3 16690
15356 0 16688
15356 1 16689
15356 2 16694
15356 3 16696
15357 0 16719
15357 1 16689
15357 3 16698
15358 0 16688
15358 1 16693
15358 3 16698
15359 0 16688
15359 1 16693
15359 3 16690
15360 0 16688
15360 1 16689
15360 2 16708
15360 3 16698
15361 0 16688
15361 1 16693
15361 3 16698
15362 0 16688
15362 1 16689
15362 2 16708
15362 3 16698
15363 0 16688
15363 1 16689
15363 2 16708
15363 3 16698
15364 0 16688
15364 1 16689
15364 2 16708
15364 3 16698
15365 0 16719
15365 1 16693
15365 2 16708
15365 3 16698
15366 0 16688
15366 1 16693
15366 2 16708
15366 3 16696
15367 0 16688
15367 1 16689
15367 2 16708
15367 3 16698
15368 0 16688
15368 1 16693
15368 3 16723
15368 4 16697
15369 0 16702
15369 1 16693
15369 2 16703
15369 3 16696
15370 0 16688
15370 1 16693
15370 2 16694
15370 3 16696
15371 0 16688
15371 1 16693
15371 3 16690
15372 0 16688
15372 1 16693
15372 2 16694
15372 3 16696
15372 4 16697
15373 0 16688
15373 1 16693
15373 3 16690
15373 4 16697
15374 0 16702
15374 1 16693
15374 2 16703
15374 3 16696
15374 4 16697
15375 0 16688
15375 1 16693
15375 2 16703
15375 3 16696
15375 4 16697
15376 0 16688
15376 1 16693
15376 2 16694
15376 3 16698
15377 0 16688
15377 1 16693
15377 2 16704
15377 3 16690
15377 4 16697
15378 0 16688
15378 1 16693
15378 2 16694
15378 3 16723
15378 4 16697
15379 0 16688
15379 1 16693
15379 3 16698
15380 0 16688
15380 1 16693
15380 3 16690
15380 4 16697
15381 0 16688
15381 1 16693
15381 2 16694
15381 3 16690
15382 0 16688
15382 1 16693
15382 2 16694
15382 3 16696
15382 4 16697
15383 0 16688
15383 1 16693
15383 2 16694
15383 3 16723
15383 4 16695
15384 0 16688
15384 1 16689
15384 2 16694
15384 3 16709
15384 4 16695
15385 0 16688
15385 1 16693
15385 2 16694
15385 3 16690
15385 4 16697
15386 0 16688
15386 1 16693
15386 2 16694
15386 3 16690
15387 0 16688
15387 1 16693
15387 3 16723
15387 4 16697
15388 0 16688
15388 1 16693
15388 2 16694
15388 3 16696
15388 4 16697
15389 0 16688
15389 1 16693
15389 2 16694
15389 3 16690
15390 0 16688
15390 1 16693
15390 3 16698
15391 0 16688
15391 1 16693
15391 2 16708
15391 3 16698
15392 0 16688
15392 1 16693
15392 2 16708
15392 3 16698
15393 0 16688
15393 1 16693
15393 2 16694
15393 3 16698
15393 4 16695
15394 0 16721
15394 1 16693
15394 2 16708
15394 3 16698
15395 0 16721
15395 1 16693
15395 2 16694
15395 3 16698
15396 0 16688
15396 1 16707
15396 2 16694
15396 3 16698
15397 0 16721
15397 1 16693
15397 2 16694
15397 3 16698
15398 0 16688
15398 1 16689
15398 2 16708
15398 3 16698
15399 0 16688
15399 1 16693
15399 3 16698
15399 4 16697
15400 0 16688
15400 1 16693
15400 2 16694
15400 3 16698
15400 4 16697
15401 0 16688
15401 1 16693
15401 2 16694
15401 3 16698
15402 0 16688
15402 1 16700
15402 2 16708
15402 3 16698
15403 0 16688
15403 1 16693
15403 2 16694
15404 0 16721
15404 1 16700
15404 3 16696
15405 0 16688
15405 1 16689
15405 2 16691
15405 3 16698
15406 0 16688
15406 1 16689
15406 2 16703
15406 3 16698
15407 0 16688
15407 1 16689
15407 2 16708
15407 3 16698
15408 0 16688
15408 1 16689
15408 2 16727
15408 3 16696
15408 4 16695
15409 0 16688
15409 1 16700
15409 2 16703
15409 3 16690
15409 4 16697
15410 0 16688
15410 1 16700
15410 2 16703
15410 3 16690
15410 4 16697
15411 0 16688
15411 1 16689
15411 2 16708
15411 3 16698
15412 0 16721
15412 1 16693
15412 2 16716
15412 3 16690
15412 4 16697
15413 0 16721
15413 1 16689
15413 2 16708
15413 3 16698
15414 0 16688
15414 1 16693
15414 2 16694
15414 3 16690
15415 0 16688
15415 1 16693
15415 2 16716
15415 3 16696
15415 4 16695
15416 0 16688
15416 1 16693
15416 2 16699
15416 3 16690
15416 4 16695
15417 0 16688
15417 1 16700
15417 2 16703
15417 3 16690
15417 4 16695
15418 0 16688
15418 1 16693
15418 2 16694
15418 3 16696
15418 4 16695
15419 0 16702
15419 1 16693
15419 2 16716
15419 3 16696
15419 4 16697
15420 0 16688
15420 1 16693
15420 2 16694
15420 3 16690
15420 4 16695
15421 0 16688
15421 1 16707
15421 2 16694
15421 3 16698
15421 4 16695
15422 0 16688
15422 1 16693
15422 2 16699
15422 3 16690
15423 0 16702
15423 1 16693
15423 2 16703
15423 3 16696
15423 4 16697
15424 0 16688
15424 1 16707
15424 2 16694
15424 3 16696
15424 4 16695
15425 0 16717
15425 1 16693
15425 2 16716
15425 3 16696
15425 4 16697
15426 0 16688
15426 1 16707
15426 2 16694
15426 3 16690
15426 4 16697
15427 0 16688
15427 1 16693
15427 2 16694
15427 3 16696
15427 4 16697
15428 0 16721
15428 1 16707
15428 2 16694
15428 3 16690
15428 4 16697
15429 0 16688
15429 1 16693
15429 2 16694
15429 3 16698
15429 4 16697
15430 0 16688
15430 1 16693
15430 2 16716
15430 3 16690
15430 4 16695
15431 0 16688
15431 1 16693
15431 2 16716
15431 3 16696
15431 4 16697
15432 0 16688
15432 1 16707
15432 2 16694
15432 3 16696
15432 4 16697
15433 0 16688
15433 1 16707
15433 2 16694
15433 3 16690
15433 4 16695
15434 0 16688
15434 1 16689
15434 2 16708
15434 3 16698
15435 0 16688
15435 1 16693
15435 2 16694
15435 3 16698
15436 0 16688
15436 1 16693
15436 2 16694
15436 3 16698
15436 4 16697
15437 0 16688
15437 1 16693
15437 2 16694
15437 3 16698
15438 0 16688
15438 1 16689
15438 2 16694
15438 3 16698
15438 4 16697
15439 0 16688
15439 1 16689
15439 2 16694
15439 3 16698
15440 0 16688
15440 1 16707
15440 2 16694
15440 3 16698
15441 0 16688
15441 1 16707
15441 2 16694
15441 3 16698
15441 4 16695
15442 0 16688
15442 1 16693
15442 2 16694
15442 3 16698
15443 0 16688
15443 1 16693
15443 2 16694
15443 3 16698
15444 0 16688
15444 1 16689
15444 2 16694
15444 3 16698
15444 4 16697
15445 0 16688
15445 1 16693
15445 2 16694
15445 3 16690
15446 0 16688
15446 1 16693
15446 2 16694
15446 3 16698
15447 0 16688
15447 1 16693
15447 2 16694
15447 3 16698
15447 4 16697
15448 0 16688
15448 1 16689
15448 2 16708
15448 3 16698
15449 0 16688
15449 1 16689
15449 2 16708
15449 3 16698
15450 0 16721
15450 1 16707
15450 2 16694
15450 3 16698
15450 4 16695
15451 0 16688
15451 1 16707
15451 2 16694
15451 3 16698
15452 0 16721
15452 1 16693
15452 2 16694
15452 3 16698
15452 4 16697
15453 0 16688
15453 1 16693
15453 2 16694
15453 3 16698
15454 0 16721
15454 1 16693
15454 2 16694
15454 3 16696
15455 0 16688
15455 1 16707
15455 2 16694
15455 3 16698
15455 4 16697
15456 0 16688
15456 1 16693
15456 2 16694
15456 3 16723
15456 4 16695
15457 0 16688
15457 1 16693
15457 2 16694
15457 3 16696
15457 4 16697
15458 0 16712
15458 1 16689
15458 2 16708
15458 3 16696
15459 0 16688
15459 1 16693
15459 2 16694
15459 3 16723
15459 4 16697
15460 0 16688
15460 1 16689
15460 2 16694
15460 3 16709
15461 0 16688
15461 1 16689
15461 2 16708
15461 3 16698
15462 0 16688
15462 1 16689
15462 2 16694
15462 3 16698
15463 0 16688
15463 1 16689
15463 2 16694
15463 3 16698
15464 0 16688
15464 1 16707
15464 2 16694
15464 3 16698
15465 0 16688
15465 1 16707
15465 2 16694
15465 3 16698
15466 0 16688
15466 1 16689
15466 2 16694
15466 3 16698
15467 0 16688
15467 1 16689
15467 2 16694
15467 3 16698
15468 0 16688
15468 1 16693
15468 2 16704
15468 3 16698
15468 4 16695
15469 0 16688
15469 1 16693
15469 2 16708
15469 3 16698
15470 0 16688
15470 1 16693
15470 2 16727
15470 3 16698
15471 0 16688
15471 1 16693
15471 2 16694
15471 3 16698
15472 0 16688
15472 1 16693
15472 2 16727
15472 3 16698
15473 0 16688
15473 1 16693
15473 2 16694
15474 0 16688
15474 1 16693
15474 2 16694
15475 0 16717
15475 1 16693
15475 2 16708
15475 3 16698
15476 0 16688
15476 1 16693
15476 2 16694
15477 0 16688
15477 1 16693
15477 2 16704
15477 3 16698
15478 0 16719
15478 1 16693
15478 2 16708
15478 3 16698
15479 0 16688
15479 1 16693
15479 2 16703
15479 3 16698
15480 0 16688
15480 1 16693
15480 2 16694
15480 3 16698
15481 0 16688
15481 1 16693
15481 2 16703
15481 3 16698
15482 0 16688
15482 1 16693
15482 2 16708
15482 3 16698
15483 0 16688
15483 1 16693
15483 2 16703
15483 3 16698
15484 0 16688
15484 1 16693
15484 3 16698
15485 0 16701
15485 1 16707
15485 2 16694
15485 3 16696
15485 4 16697
15486 0 16688
15486 1 16707
15486 2 16694
15486 3 16723
15486 4 16697
15487 0 16688
15487 1 16707
15487 2 16694
15487 3 16723
15487 4 16697
15488 0 16688
15488 1 16693
15488 2 16694
15488 3 16723
15489 0 16688
15489 1 16693
15489 2 16694
15489 3 16698
15490 0 16688
15490 1 16693
15490 2 16694
15490 3 16723
15491 0 16688
15491 1 16689
15491 2 16727
15491 3 16723
15491 4 16695
15492 0 16688
15492 1 16689
15492 3 16698
15493 0 16688
15493 1 16693
15493 2 16703
15493 3 16698
15494 0 16688
15494 1 16693
15494 2 16706
15494 3 16698
15495 0 16688
15495 1 16693
15495 2 16694
15495 3 16698
15496 0 16717
15496 1 16693
15496 2 16694
15496 3 16698
15497 0 16712
15497 1 16693
15497 2 16694
15497 3 16698
15498 0 16717
15498 1 16693
15498 2 16694
15498 3 16698
15499 0 16688
15499 1 16693
15499 2 16691
15499 3 16698
15500 0 16688
15500 1 16693
15500 2 16708
15500 3 16698
15501 0 16688
15501 1 16693
15501 2 16694
15501 3 16698
15502 0 16688
15502 1 16693
15502 2 16694
15502 3 16698
15503 0 16688
15503 1 16693
15503 2 16704
15503 3 16698
15504 0 16688
15504 1 16693
15504 2 16691
15504 3 16698
15505 0 16702
15505 1 16689
15505 2 16703
15505 3 16690
15505 4 16697
15506 0 16688
15506 1 16693
15506 2 16718
15506 3 16698
15507 0 16688
15507 1 16693
15507 2 16708
15507 3 16698
15508 0 16688
15508 1 16693
15508 2 16691
15508 3 16698
15509 0 16712
15509 1 16689
15509 2 16694
15509 3 16690
15509 4 16695
15510 0 16688
15510 1 16693
15510 2 16708
15510 3 16698
15511 0 16688
15511 1 16693
15511 2 16706
15511 3 16690
15511 4 16695
15512 0 16688
15512 1 16693
15512 2 16716
15512 3 16690
15512 4 16697
15513 0 16688
15513 1 16689
15513 2 16708
15513 3 16698
15514 0 16717
15514 1 16689
15514 2 16708
15514 3 16698
15515 0 16688
15515 1 16693
15515 2 16708
15515 3 16698
15516 0 16702
15516 1 16689
15516 2 16708
15516 3 16698
15517 0 16702
15517 1 16689
15517 2 16703
15517 3 16696
15517 4 16695
15518 0 16702
15518 1 16693
15518 2 16706
15518 3 16690
15518 4 16697
15519 0 16688
15519 1 16693
15519 2 16694
15519 3 16690
15519 4 16695
15520 0 16717
15520 1 16693
15520 2 16694
15520 3 16690
15521 0 16688
15521 1 16693
15521 2 16694
15521 3 16698
15522 0 16717
15522 1 16693
15522 2 16694
15522 3 16690
15522 4 16697
15523 0 16688
15523 1 16693
15523 2 16708
15523 3 16698
15524 0 16719
15524 1 16689
15524 2 16694
15524 3 16696
15525 0 16719
15525 1 16693
15525 3 16698
15526 0 16688
15526 1 16689
15526 2 16691
15526 3 16698
15526 4 16695
15527 0 16688
15527 1 16689
15527 2 16694
15527 3 16690
15527 4 16695
15528 0 16712
15528 1 16693
15528 2 16694
15528 3 16698
15529 0 16688
15529 1 16693
15529 2 16694
15529 3 16690
15529 4 16695
15530 0 16688
15530 1 16689
15530 2 16708
15530 3 16698
15531 0 16688
15531 1 16689
15531 2 16708
15531 3 16698
15532 0 16717
15532 1 16689
15532 2 16718
15532 3 16696
15533 0 16717
15533 1 16693
15533 2 16716
15533 3 16698
15534 0 16702
15534 1 16693
15534 2 16694
15534 3 16696
15534 4 16697
15535 0 16688
15535 1 16689
15535 2 16708
15535 3 16698
15536 0 16705
15536 1 16693
15536 2 16704
15537 0 16688
15537 1 16693
15537 2 16694
15538 0 16688
15538 1 16693
15538 2 16694
15538 3 16696
15539 0 16688
15539 1 16693
15539 2 16694
15540 0 16688
15540 1 16693
15540 2 16694
15541 0 16688
15541 1 16689
15541 2 16694
15541 3 16696
15542 0 16688
15542 1 16689
15542 2 16694
15542 3 16709
15543 0 16692
15543 1 16689
15543 2 16710
15543 3 16696
15544 0 16688
15544 1 16689
15544 2 16694
15544 3 16696
15544 4 16697
15545 0 16692
15545 1 16689
15545 2 16694
15545 3 16723
15545 4 16695
15546 0 16688
15546 1 16693
15546 2 16694
15546 3 16690
15546 4 16695
15547 0 16688
15547 1 16689
15547 2 16708
15547 3 16723
15548 0 16705
15548 1 16689
15548 2 16708
15548 3 16723
15549 0 16688
15549 1 16693
15549 2 16704
15549 3 16698
15550 0 16701
15550 1 16693
15550 2 16694
15550 3 16723
15550 4 16695
15551 0 16688
15551 1 16689
15551 2 16694
15551 3 16696
15552 0 16688
15552 1 16693
15552 3 16690
15552 4 16695
15553 0 16688
15553 1 16689
15553 2 16694
15553 3 16709
15554 0 16688
15554 1 16693
15554 2 16691
15554 3 16709
15554 4 16695
15555 0 16688
15555 1 16707
15555 2 16694
15555 3 16696
15555 4 16697
15556 0 16688
15556 1 16689
15556 2 16694
15556 3 16696
15557 0 16688
15557 1 16700
15557 2 16694
15557 3 16698
15558 0 16688
15558 1 16689
15558 3 16690
15559 0 16688
15559 1 16700
15559 2 16703
15559 3 16709
15560 0 16688
15560 1 16700
15560 2 16703
15560 3 16698
15561 0 16688
15561 1 16707
15561 2 16694
15561 3 16698
15561 4 16697
15562 0 16688
15562 1 16707
15562 2 16694
15562 3 16696
15563 0 16688
15563 1 16689
15563 2 16691
15563 3 16698
15564 0 16688
15564 1 16707
15564 2 16694
15564 3 16696
15564 4 16697
15565 0 16688
15565 1 16707
15565 2 16694
15565 3 16690
15565 4 16697
15566 0 16688
15566 1 16689
15566 2 16694
15566 3 16723
15566 4 16697
15567 0 16688
15567 1 16700
15567 2 16708
15567 3 16723
15568 0 16688
15568 1 16707
15568 2 16694
15568 3 16723
15568 4 16697
15569 0 16688
15569 1 16700
15569 3 16709
15570 0 16688
15570 1 16707
15570 2 16694
15570 3 16723
15570 4 16697
15571 0 16688
15571 1 16700
15571 2 16708
15571 3 16709
15572 0 16688
15572 1 16689
15572 3 16709
15573 0 16688
15573 1 16700
15573 2 16708
15573 3 16723
15574 0 16688
15574 1 16700
15574 3 16723
15575 0 16688
15575 1 16689
15575 2 16703
15575 3 16709
15575 4 16697
15576 0 16688
15576 1 16689
15576 2 16708
15576 3 16723
15577 0 16688
15577 1 16689
15577 3 16696
15578 0 16688
15578 1 16689
15578 2 16691
15578 3 16723
15579 0 16688
15579 1 16689
15579 3 16696
15580 0 16702
15580 1 16689
15580 2 16703
15580 3 16709
15581 0 16688
15581 1 16693
15581 2 16691
15581 3 16709
15581 4 16695
15582 0 16688
15582 1 16689
15582 2 16708
15582 3 16723
15583 0 16688
15583 1 16693
15583 2 16704
15583 3 16696
15583 4 16695
15584 0 16692
15584 1 16689
15584 2 16694
15584 3 16696
15584 4 16695
15585 0 16688
15585 1 16689
15585 2 16694
15585 3 16723
15585 4 16697
15586 0 16688
15586 1 16689
15586 2 16704
15586 3 16696
15586 4 16695
15587 0 16688
15587 1 16689
15587 3 16696
15587 4 16695
15588 0 16688
15588 1 16693
15588 2 16706
15588 3 16723
15588 4 16697
15589 0 16688
15589 1 16689
15589 2 16694
15589 3 16723
15589 4 16695
15590 0 16701
15590 1 16693
15590 2 16706
15590 3 16696
15590 4 16697
15591 0 16688
15591 1 16693
15591 3 16696
15591 4 16695
15592 0 16701
15592 1 16689
15592 2 16704
15592 3 16723
15592 4 16697
15593 0 16688
15593 1 16689
15593 2 16704
15593 3 16723
15593 4 16697
15594 0 16688
15594 1 16700
15594 2 16703
15594 3 16709
15594 4 16695
15595 0 16688
15595 1 16693
15595 2 16694
15595 3 16709
15595 4 16697
15596 0 16688
15596 1 16689
15596 2 16708
15596 3 16698
15597 0 16701
15597 1 16693
15597 2 16694
15597 3 16696
15597 4 16697
15598 0 16688
15598 1 16689
15598 2 16694
15598 3 16698
15598 4 16697
15599 0 16688
15599 1 16689
15599 2 16703
15599 3 16698
15600 0 16688
15600 1 16689
15600 2 16708
15600 3 16709
15601 0 16702
15601 1 16693
15601 2 16703
15601 3 16696
15601 4 16695
15602 0 16688
15602 1 16693
15602 2 16694
15602 3 16709
15602 4 16697
15603 0 16688
15603 1 16693
15603 2 16694
15603 3 16696
15603 4 16695
15604 0 16688
15604 1 16693
15604 2 16694
15604 3 16698
15604 4 16697
15605 0 16722
15605 1 16689
15605 2 16694
15605 3 16723
15605 4 16695
15606 0 16688
15606 1 16689
15606 2 16704
15606 3 16709
15606 4 16695
15607 0 16688
15607 1 16689
15607 2 16704
15607 3 16723
15607 4 16695
15608 0 16688
15608 1 16693
15608 2 16694
15608 3 16698
15609 0 16688
15609 1 16689
15609 2 16710
15609 3 16723
15610 0 16688
15610 1 16700
15610 2 16694
15610 3 16696
15611 0 16688
15611 1 16689
15611 2 16694
15611 3 16709
15611 4 16697
15612 0 16688
15612 1 16689
15612 2 16708
15612 3 16723
15613 0 16688
15613 1 16693
15613 2 16704
15613 3 16690
15614 0 16688
15614 1 16689
15614 2 16694
15614 3 16709
15615 0 16688
15615 1 16693
15615 2 16694
15616 0 16688
15616 1 16689
15616 2 16694
15616 3 16696
15617 0 16702
15617 1 16693
15617 3 16690
15617 4 16695
15618 0 16717
15618 1 16700
15618 2 16694
15618 3 16698
15619 0 16717
15619 1 16707
15619 2 16694
15619 3 16698
15619 4 16728
15620 0 16688
15620 1 16689
15620 2 16708
15620 3 16698
15621 0 16717
15621 1 16693
15621 2 16694
15621 3 16690
15622 0 16717
15622 1 16689
15622 2 16694
15622 3 16696
15622 4 16728
15623 0 16688
15623 1 16689
15623 2 16694
15623 3 16690
15623 4 16695
15624 0 16688
15624 1 16689
15624 2 16694
15624 3 16696
15624 4 16728
15625 0 16688
15625 1 16689
15625 3 16696
15625 4 16728
15626 0 16688
15626 1 16689
15626 3 16690
15626 4 16728
15627 0 16688
15627 1 16693
15627 2 16694
15627 3 16698
15627 4 16695
15628 0 16688
15628 1 16693
15628 2 16708
15628 3 16698
15629 0 16688
15629 1 16689
15629 2 16694
15629 3 16690
15630 0 16688
15630 1 16693
15630 3 16690
15630 4 16728
15631 0 16688
15631 1 16693
15631 2 16708
15631 3 16698
15632 0 16688
15632 1 16693
15632 2 16694
15632 3 16690
15632 4 16695
15633 0 16688
15633 1 16700
15633 2 16694
15633 3 16690
15633 4 16695
15634 0 16688
15634 1 16693
15634 3 16690
15634 4 16728
15635 0 16688
15635 1 16693
15635 3 16698
15636 0 16688
15636 1 16693
15636 2 16694
15636 3 16696
15636 4 16728
15637 0 16688
15637 1 16693
15637 2 16694
15637 3 16698
15637 4 16728
15638 0 16688
15638 1 16693
15638 3 16698
15639 0 16688
15639 1 16707
15639 2 16694
15639 3 16690
15639 4 16728
15640 0 16688
15640 1 16693
15641 0 16688
15641 1 16689
15641 2 16694
15641 3 16696
15642 0 16688
15642 1 16707
15642 2 16694
15642 3 16690
15642 4 16695
15643 0 16688
15643 1 16693
15643 2 16691
15643 3 16698
15643 4 16728
15644 0 16688
15644 1 16689
15644 2 16694
15644 3 16690
15644 4 16695
15645 0 16688
15645 1 16700
15645 2 16708
15645 3 16698
15646 0 16688
15646 1 16700
15646 2 16708
15646 3 16690
15647 0 16688
15647 1 16700
15647 2 16694
15647 3 16690
15647 4 16695
15648 0 16688
15648 1 16693
15648 2 16704
15648 3 16690
15648 4 16695
15649 0 16688
15649 1 16693
15649 3 16690
15649 4 16697
15650 0 16688
15650 1 16700
15650 3 16698
15650 4 16728
15651 0 16688
15651 1 16700
15651 2 16708
15651 3 16698
15652 0 16688
15652 1 16689
15652 2 16718
15652 3 16698
15652 4 16728
15653 0 16688
15653 1 16693
15653 3 16690
15653 4 16728
15654 0 16688
15654 1 16707
15654 2 16694
15654 3 16698
15654 4 16695
15655 0 16688
15655 1 16693
15655 2 16694
15655 3 16696
15656 0 16688
15656 1 16700
15656 2 16694
15656 3 16690
15656 4 16695
15657 0 16717
15657 1 16689
15657 2 16694
15657 3 16698
15658 0 16688
15658 1 16693
15658 3 16698
15658 4 16695
15659 0 16688
15659 1 16689
15659 2 16708
15659 3 16698
15660 0 16702
15660 1 16693
15660 2 16703
15660 3 16690
15660 4 16695
15661 0 16702
15661 1 16693
15661 2 16694
15661 3 16690
15662 0 16688
15662 1 16707
15662 2 16694
15662 3 16696
15662 4 16697
15663 0 16688
15663 1 16689
15663 2 16694
15663 3 16690
15663 4 16728
15664 0 16688
15664 1 16700
15664 2 16708
15664 3 16698
15665 0 16688
15665 1 16693
15665 2 16694
15665 3 16698
15665 4 16728
15666 0 16688
15666 1 16689
15666 3 16698
15667 0 16717
15667 1 16693
15667 2 16716
15667 3 16698
15667 4 16695
15668 0 16688
15668 1 16693
15668 2 16694
15668 3 16698
15668 4 16728
15669 0 16688
15669 1 16693
15669 2 16694
15669 3 16690
15669 4 16728
15670 0 16688
15670 1 16689
15670 2 16708
15670 3 16698
15671 0 16688
15671 1 16689
15671 2 16708
15671 3 16690
15672 0 16717
15672 1 16689
15672 2 16718
15672 3 16698
15673 0 16688
15673 1 16693
15673 2 16694
15673 3 16690
15673 4 16728
15674 0 16688
15674 1 16693
15674 2 16694
15674 3 16698
15674 4 16728
15675 0 16688
15675 1 16693
15675 3 16690
15675 4 16728
15676 0 16688
15676 1 16689
15676 2 16708
15676 3 16696
15677 0 16688
15677 1 16693
15677 2 16694
15677 3 16690
15677 4 16695
15678 0 16717
15678 1 16689
15678 2 16694
15678 3 16698
15679 0 16688
15679 1 16693
15679 3 16698
15680 0 16688
15680 1 16689
15680 2 16708
15680 3 16690
15681 0 16688
15681 1 16693
15681 2 16694
15681 3 16690
15682 0 16688
15682 1 16693
15682 3 16690
15682 4 16697
15683 0 16701
15683 1 16693
15683 2 16694
15683 3 16709
15683 4 16697
15684 0 16688
15684 1 16693
15684 2 16694
15684 3 16698
15684 4 16697
15685 0 16688
15685 1 16689
15685 2 16718
15685 3 16696
15685 4 16697
15686 0 16688
15686 1 16689
15686 2 16708
15686 3 16690
15687 0 16688
15687 1 16693
15687 2 16694
15687 3 16696
15687 4 16697
15688 0 16688
15688 1 16693
15688 2 16694
15688 3 16698
15688 4 16697
15689 0 16688
15689 1 16693
15689 3 16690
15689 4 16697
15690 0 16692
15690 1 16689
15690 2 16708
15690 3 16690
15691 0 16688
15691 1 16693
15691 2 16694
15691 3 16698
15691 4 16697
15692 0 16688
15692 1 16689
15692 2 16708
15692 3 16690
15693 0 16688
15693 1 16693
15693 3 16696
15693 4 16697
15694 0 16688
15694 1 16693
15694 2 16708
15694 3 16698
15695 0 16688
15695 1 16693
15695 3 16698
15695 4 16697
15696 0 16717
15696 1 16689
15696 2 16708
15696 3 16690
15697 0 16688
15697 1 16689
15697 2 16708
15697 3 16690
15698 0 16702
15698 1 16693
15698 2 16694
15698 3 16696
15698 4 16697
15699 0 16688
15699 1 16689
15699 2 16708
15699 3 16698
15700 0 16688
15700 1 16700
15700 2 16708
15700 3 16709
15701 0 16688
15701 1 16689
15701 2 16710
15701 3 16690
15702 0 16688
15702 1 16693
15702 2 16694
15702 3 16698
15702 4 16695
15703 0 16688
15703 1 16689
15703 2 16694
15703 3 16698
15704 0 16688
15704 1 16693
15704 3 16690
15704 4 16697
15705 0 16688
15705 1 16693
15705 2 16694
15705 3 16698
15705 4 16695
15706 0 16688
15706 1 16707
15706 2 16694
15706 3 16696
15706 4 16697
15707 0 16688
15707 1 16693
15708 0 16688
15708 1 16689
15708 2 16708
15708 3 16698
15709 0 16688
15709 1 16707
15709 2 16704
15709 3 16698
15709 4 16695
15710 0 16688
15710 1 16689
15710 2 16694
15710 3 16698
15710 4 16697
15711 0 16688
15711 1 16693
15711 2 16708
15711 3 16698
15712 0 16702
15712 1 16689
15712 2 16703
15712 3 16698
15712 4 16695
15713 0 16688
15713 1 16693
15713 2 16708
15713 3 16698
15714 0 16688
15714 1 16689
15714 3 16690
15714 4 16695
15715 0 16688
15715 1 16689
15715 2 16694
15715 3 16698
15716 0 16705
15716 1 16693
15716 3 16698
15717 0 16688
15717 1 16689
15717 2 16694
15717 3 16698
15718 0 16688
15718 1 16689
15718 2 16694
15718 3 16698
15718 4 16695
15719 0 16688
15719 1 16689
15719 3 16698
15720 0 16688
15720 1 16693
15720 3 16698
15720 4 16695
15721 0 16688
15721 1 16689
15721 2 16708
15721 3 16698
15722 0 16688
15722 1 16689
15722 2 16706
15722 3 16698
15723 0 16688
15723 1 16707
15723 2 16694
15723 3 16709
15723 4 16697
15724 0 16688
15724 1 16693
15724 2 16694
15724 3 16709
15724 4 16697
15725 0 16688
15725 1 16689
15725 2 16694
15725 3 16709
15725 4 16695
15726 0 16688
15726 1 16693
15726 2 16694
15726 3 16690
15726 4 16697
15727 0 16688
15727 1 16707
15727 2 16694
15727 3 16698
15727 4 16697
15728 0 16711
15728 1 16707
15728 2 16694
15728 3 16696
15728 4 16695
15729 0 16688
15729 1 16700
15729 2 16694
15729 3 16696
15729 4 16697
15730 0 16688
15730 1 16693
15730 2 16694
15730 3 16723
15730 4 16697
15731 0 16688
15731 1 16689
15731 2 16694
15731 3 16696
15731 4 16697
15732 0 16688
15732 1 16693
15732 2 16694
15732 3 16698
15732 4 16695
15733 0 16688
15733 1 16689
15733 2 16708
15733 3 16723
15734 0 16688
15734 1 16700
15734 3 16709
15734 4 16697
15735 0 16688
15735 1 16693
15735 3 16698
15736 0 16688
15736 1 16700
15736 3 16696
15736 4 16697
15737 0 16688
15737 1 16693
15737 2 16694
15737 3 16690
15737 4 16697
15738 0 16688
15738 1 16689
15738 2 16708
15738 3 16723
15739 0 16688
15739 1 16689
15739 2 16708
15739 3 16723
15740 0 16719
15740 1 16689
15740 2 16703
15740 3 16723
15741 0 16688
15741 1 16707
15741 2 16727
15741 3 16709
15741 4 16697
15742 0 16688
15742 1 16693
15742 2 16694
15742 3 16696
15743 0 16688
15743 1 16707
15743 2 16694
15743 3 16723
15743 4 16697
15744 0 16688
15744 1 16700
15744 2 16708
15744 3 16709
15745 0 16688
15745 1 16689
15745 2 16718
15745 3 16723
15745 4 16697
15746 0 16688
15746 1 16693
15746 3 16709
15746 4 16695
15747 0 16688
15747 1 16693
15747 2 16704
15747 3 16690
15748 0 16688
15748 1 16693
15748 2 16694
15749 0 16688
15749 1 16693
15749 2 16694
15750 0 16688
15750 1 16693
15751 0 16688
15751 1 16693
15751 2 16694
15751 3 16698
15752 0 16688
15752 1 16693
15752 2 16703
15753 0 16688
15753 1 16693
15753 2 16694
15754 0 16688
15754 1 16693
15754 2 16708
15755 0 16688
15755 1 16693
15755 2 16708
15756 0 16688
15756 1 16693
15756 2 16708
15757 0 16688
15757 1 16693
15757 2 16727
15758 0 16688
15758 1 16693
15758 2 16694
15759 0 16702
15759 1 16693
15759 2 16703
15760 0 16688
15760 1 16693
15761 0 16688
15761 1 16693
15761 2 16706
15762 0 16688
15762 1 16693
15762 2 16708
15763 0 16688
15763 1 16693
15764 0 16688
15764 1 16689
15764 2 16694
15764 3 16690
15764 4 16695
15765 0 16688
15765 1 16689
15765 2 16703
15765 3 16698
15766 0 16692
15766 1 16693
15766 2 16694
15767 0 16702
15767 1 16693
15767 3 16698
15768 0 16688
15768 1 16693
15768 3 16698
15769 0 16688
15769 1 16693
15769 3 16698
15770 0 16688
15770 1 16693
15770 2 16694
15770 3 16698
15771 0 16688
15771 1 16693
15771 3 16698
15772 0 16705
15772 1 16693
15772 3 16698
15773 0 16688
15773 1 16693
15773 3 16698
15774 0 16688
15774 1 16693
15774 3 16698
15775 0 16688
15775 1 16693
15775 3 16698
15776 0 16688
15776 1 16693
15776 3 16698
15777 0 16688
15777 1 16693
15777 2 16694
15777 3 16698
15778 0 16688
15778 1 16693
15778 2 16694
15778 3 16698
15779 0 16688
15779 1 16693
15779 2 16694
15779 3 16698
15780 0 16688
15780 1 16693
15780 2 16694
15780 3 16698
15781 0 16688
15781 1 16693
15781 2 16694
15781 3 16698
15782 0 16688
15782 1 16693
15782 2 16694
15782 3 16698
15783 0 16688
15783 1 16693
15783 2 16694
15783 3 16698
15784 0 16688
15784 1 16693
15784 2 16694
15784 3 16698
15785 0 16719
15785 1 16689
15785 2 16703
15785 3 16696
15786 0 16688
15786 1 16689
15786 2 16708
15786 3 16690
15787 0 16688
15787 1 16689
15787 2 16694
15787 3 16698
15788 0 16688
15788 1 16689
15788 2 16691
15788 3 16698
15789 0 16688
15789 1 16689
15789 2 16708
15789 3 16709
15790 0 16688
15790 1 16689
15790 2 16708
15790 3 16723
15791 0 16688
15791 1 16693
15791 2 16704
15791 3 16696
15791 4 16695
15792 0 16688
15792 1 16689
15792 2 16708
15792 3 16723
15793 0 16688
15793 1 16700
15793 3 16723
15793 4 16697
15794 0 16688
15794 1 16689
15794 2 16708
15794 3 16709
15795 0 16688
15795 1 16689
15795 2 16708
15795 3 16723
15796 0 16688
15796 1 16689
15796 2 16708
15796 3 16723
15797 0 16688
15797 1 16689
15797 2 16704
15797 3 16709
15797 4 16697
15798 0 16688
15798 1 16693
15798 2 16694
15798 3 16709
15799 0 16688
15799 1 16693
15799 2 16694
15799 3 16723
15799 4 16697
15800 0 16688
15800 1 16693
15800 2 16691
15800 3 16698
15800 4 16697
15801 0 16688
15801 1 16693
15801 2 16694
15801 3 16690
15801 4 16695
15802 0 16688
15802 1 16689
15802 2 16694
15802 3 16698
15802 4 16697
15803 0 16688
15803 1 16689
15803 2 16691
15803 3 16698
15804 0 16688
15804 1 16693
15804 2 16694
15804 3 16698
15805 0 16688
15805 1 16707
15805 2 16694
15805 3 16698
15806 0 16717
15806 1 16693
15806 2 16694
15806 3 16698
15806 4 16697
15807 0 16688
15807 1 16693
15807 2 16703
15807 3 16698
15808 0 16688
15808 1 16693
15808 3 16696
15809 0 16712
15809 1 16693
15809 2 16694
15809 3 16690
15809 4 16695
15810 0 16717
15810 1 16693
15810 2 16694
15810 3 16690
15811 0 16688
15811 1 16693
15811 3 16690
15812 0 16688
15812 1 16693
15812 2 16706
15812 3 16698
15813 0 16688
15813 1 16693
15813 2 16706
15813 3 16690
15813 4 16697
15814 0 16702
15814 1 16693
15814 2 16703
15814 3 16690
15814 4 16697
15815 0 16713
15815 1 16693
15815 2 16718
15815 3 16690
15815 4 16695
15816 0 16688
15816 1 16689
15816 2 16694
15816 3 16698
15817 0 16688
15817 1 16693
15817 2 16694
15817 3 16690
15817 4 16697
15818 0 16717
15818 1 16693
15818 2 16694
15818 3 16690
15818 4 16697
15819 0 16688
15819 1 16689
15819 2 16704
15819 3 16690
15819 4 16695
15820 0 16688
15820 1 16689
15820 3 16696
15820 4 16697
15821 0 16688
15821 1 16689
15821 3 16690
15822 0 16688
15822 1 16689
15822 2 16694
15822 3 16696
15822 4 16695
15823 0 16688
15823 1 16689
15823 2 16694
15823 3 16690
15824 0 16688
15824 1 16693
15824 2 16694
15824 3 16690
15824 4 16695
15825 0 16688
15825 1 16693
15825 3 16698
15826 0 16688
15826 1 16689
15826 2 16694
15826 3 16696
15827 0 16688
15827 1 16693
15827 2 16694
15827 3 16690
15827 4 16697
15828 0 16688
15828 1 16693
15828 2 16704
15828 3 16690
15828 4 16697
15829 0 16688
15829 1 16693
15829 2 16703
15829 3 16696
15829 4 16695
15830 0 16688
15830 1 16689
15830 2 16708
15830 3 16696
15831 0 16688
15831 1 16693
15831 2 16718
15831 3 16690
15831 4 16697
15832 0 16688
15832 1 16693
15832 3 16698
15832 4 16697
15833 0 16688
15833 1 16693
15833 3 16690
15833 4 16697
15834 0 16688
15834 1 16693
15834 2 16716
15834 3 16690
15834 4 16695
15835 0 16732
15835 1 16693
15835 2 16694
15835 3 16690
15835 4 16695
15836 0 16688
15836 1 16689
15836 2 16694
15836 3 16690
15836 4 16695
15837 0 16688
15837 1 16689
15837 2 16708
15837 3 16698
15838 0 16713
15838 1 16689
15838 2 16694
15838 3 16690
15838 4 16697
15839 0 16688
15839 1 16693
15839 3 16696
15839 4 16697
15840 0 16688
15840 1 16689
15840 2 16694
15840 3 16698
15841 0 16712
15841 1 16689
15841 2 16694
15841 3 16698
15842 0 16688
15842 1 16693
15842 2 16694
15842 3 16690
15843 0 16688
15843 1 16693
15843 2 16694
15843 3 16698
15844 0 16717
15844 1 16693
15844 2 16694
15844 3 16698
15844 4 16695
15845 0 16688
15845 1 16689
15845 2 16708
15845 3 16698
15846 0 16731
15846 1 16689
15846 2 16716
15846 3 16696
15846 4 16697
15847 0 16722
15847 1 16693
15847 3 16696
15847 4 16697
15848 0 16688
15848 1 16689
15848 2 16694
15848 3 16690
15848 4 16697
15849 0 16688
15849 1 16693
15849 2 16694
15849 3 16709
15849 4 16697
15850 0 16688
15850 1 16693
15850 2 16694
15850 3 16690
15850 4 16697
15851 0 16705
15851 1 16693
15851 2 16694
15851 3 16723
15852 0 16692
15852 1 16689
15852 2 16691
15852 3 16698
15852 4 16695
15853 0 16688
15853 1 16693
15853 2 16694
15853 3 16698
15854 0 16688
15854 1 16693
15854 2 16694
15854 3 16698
15855 0 16688
15855 1 16693
15855 2 16694
15855 3 16698
15856 0 16688
15856 1 16693
15856 2 16694
15856 3 16698
15857 0 16688
15857 1 16693
15857 3 16698
15858 0 16688
15858 1 16693
15858 2 16694
15858 3 16698
15859 0 16721
15859 1 16693
15859 2 16694
15859 3 16698
15860 0 16688
15860 1 16693
15860 2 16694
15860 3 16698
15861 0 16688
15861 1 16693
15861 2 16694
15861 3 16698
15862 0 16721
15862 1 16693
15862 3 16698
15863 0 16688
15863 1 16693
15863 2 16694
15863 3 16698
15864 0 16721
15864 1 16693
15864 2 16694
15864 3 16698
15865 0 16721
15865 1 16693
15865 2 16694
15865 3 16698
15866 0 16721
15866 1 16693
15866 2 16694
15866 3 16698
15867 0 16688
15867 1 16693
15867 2 16694
15867 3 16698
15868 0 16688
15868 1 16693
15868 2 16694
15868 3 16698
15869 0 16688
15869 1 16693
15869 2 16694
15869 3 16698
15870 0 16688
15870 1 16693
15870 2 16694
15870 3 16698
15870 4 16695
15871 0 16688
15871 1 16693
15871 2 16699
15871 3 16698
15872 0 16721
15872 1 16693
15872 2 16694
15872 3 16698
15873 0 16688
15873 1 16693
15873 3 16698
15874 0 16688
15874 1 16693
15874 2 16694
15874 3 16698
15875 0 16688
15875 1 16693
15875 2 16694
15875 3 16698
15876 0 16688
15876 1 16693
15876 2 16694
15876 3 16698
15877 0 16688
15877 1 16693
15877 2 16694
15877 3 16698
15878 0 16715
15878 1 16693
15878 2 16694
15878 3 16698
15879 0 16715
15879 1 16693
15879 2 16694
15879 3 16698
15880 0 16688
15880 1 16693
15880 2 16694
15880 3 16698
15881 0 16688
15881 1 16693
15881 2 16694
15881 3 16698
15882 0 16688
15882 1 16693
15882 2 16694
15882 3 16698
15883 0 16721
15883 1 16693
15883 2 16694
15883 3 16698
15884 0 16721
15884 1 16693
15884 2 16694
15884 3 16698
15885 0 16721
15885 1 16693
15885 3 16698
15886 0 16688
15886 1 16693
15886 2 16694
15886 3 16698
15887 0 16688
15887 1 16693
15887 2 16694
15887 3 16698
15888 0 16688
15888 1 16693
15888 2 16694
15888 3 16698
15889 0 16721
15889 1 16693
15889 2 16694
15889 3 16698
15890 0 16688
15890 1 16693
15890 2 16694
15890 3 16698
15891 0 16688
15891 1 16693
15891 3 16698
15892 0 16688
15892 1 16693
15892 2 16694
15892 3 16698
15893 0 16721
15893 1 16693
15893 3 16698
15894 0 16688
15894 1 16693
15894 2 16694
15894 3 16698
15895 0 16688
15895 1 16693
15895 2 16694
15895 3 16698
15896 0 16688
15896 1 16693
15896 2 16694
15896 3 16698
15897 0 16688
15897 1 16693
15897 2 16694
15897 3 16698
15898 0 16688
15898 1 16689
15898 2 16694
15898 3 16696
15898 4 16695
15899 0 16688
15899 1 16693
15899 3 16698
15900 0 16688
15900 1 16693
15900 2 16694
15900 3 16698
15900 4 16695
15901 0 16688
15901 1 16689
15901 3 16698
15902 0 16688
15902 1 16689
15902 2 16691
15902 3 16696
15902 4 16695
15903 0 16688
15903 1 16689
15903 2 16694
15903 3 16696
15904 0 16688
15904 1 16707
15904 2 16694
15904 3 16723
15904 4 16697
15905 0 16688
15905 1 16707
15905 2 16694
15905 3 16698
15906 0 16688
15906 1 16693
15906 3 16698
15907 0 16688
15907 1 16693
15908 0 16688
15908 1 16689
15908 2 16699
15908 3 16698
15909 0 16688
15909 1 16689
15909 2 16703
15909 3 16723
15909 4 16695
15910 0 16692
15910 1 16689
15910 2 16691
15910 3 16698
15911 0 16688
15911 1 16693
15911 2 16710
15911 3 16690
15912 0 16688
15912 1 16693
15912 2 16694
15912 3 16690
15912 4 16697
15913 0 16688
15913 1 16693
15913 2 16694
15913 3 16696
15913 4 16697
15914 0 16688
15914 1 16693
15914 2 16716
15914 3 16709
15914 4 16697
15915 0 16688
15915 1 16689
15915 2 16708
15915 3 16696
15916 0 16688
15916 1 16689
15916 3 16696
15917 0 16688
15917 1 16689
15917 3 16698
15918 0 16701
15918 1 16693
15918 2 16716
15918 3 16723
15918 4 16695
15919 0 16722
15919 1 16689
15919 2 16694
15919 3 16709
15920 0 16701
15920 1 16693
15920 2 16694
15920 3 16696
15920 4 16697
15921 0 16688
15921 1 16693
15921 2 16694
15921 3 16709
15921 4 16697
15922 0 16688
15922 1 16693
15922 2 16694
15922 3 16696
15923 0 16688
15923 1 16693
15923 2 16694
15923 3 16698
15924 0 16688
15924 1 16693
15924 2 16694
15924 3 16698
15925 0 16732
15925 1 16693
15925 2 16694
15925 3 16698
15926 0 16688
15926 1 16689
15926 2 16706
15926 3 16723
15926 4 16697
15927 0 16688
15927 1 16689
15927 2 16708
15927 3 16723
15928 0 16688
15928 1 16693
15928 2 16694
15928 3 16698
15929 0 16729
15929 1 16693
15929 2 16694
15929 3 16698
15930 0 16688
15930 1 16693
15930 2 16694
15930 3 16698
15931 0 16688
15931 1 16693
15932 0 16688
15932 1 16693
15932 2 16708
15933 0 16688
15933 1 16693
15933 2 16727
15934 0 16688
15934 1 16693
15934 2 16708
15935 0 16688
15935 1 16693
15935 2 16708
15936 0 16688
15936 1 16693
15936 2 16694
15936 3 16698
15937 0 16688
15937 1 16693
15937 2 16708
15938 0 16688
15938 1 16693
15938 2 16708
15939 0 16688
15939 1 16693
15939 2 16708
15940 0 16688
15940 1 16693
15940 2 16708
15940 3 16696
15941 0 16692
15941 1 16693
15941 2 16694
15941 3 16696
15942 0 16688
15942 1 16693
15942 2 16703
15942 3 16696
15943 0 16688
15943 1 16693
15944 0 16688
15944 1 16693
15944 3 16690
15945 0 16688
15945 1 16693
15945 2 16727
15946 0 16688
15946 1 16693
15946 2 16708
15947 0 16688
15947 1 16693
15947 2 16694
15948 0 16688
15948 1 16693
15948 2 16694
15949 0 16688
15949 1 16693
15949 2 16703
15950 0 16688
15950 1 16693
15951 0 16688
15951 1 16693
15951 2 16706
15952 0 16688
15952 1 16693
15952 2 16703
15953 0 16688
15953 1 16689
15953 2 16708
15953 3 16696
15954 0 16688
15954 1 16693
15954 2 16708
15955 0 16688
15955 1 16693
15955 2 16708
15956 0 16688
15956 1 16693
15956 2 16703
15957 0 16688
15957 1 16693
15957 2 16694
15958 0 16702
15958 1 16693
15958 2 16694
15959 0 16688
15959 1 16693
15959 2 16708
15960 0 16688
15960 1 16693
15960 2 16703
15961 0 16688
15961 1 16693
15961 2 16708
15961 3 16696
15962 0 16688
15962 1 16693
15962 2 16708
15963 0 16688
15963 1 16693
15964 0 16712
15964 1 16693
15964 2 16708
15965 0 16688
15965 1 16693
15965 2 16694
15966 0 16688
15966 1 16693
15966 4 16695
15967 0 16688
15967 1 16689
15967 2 16694
15967 3 16690
15967 4 16695
15968 0 16688
15968 1 16693
15968 2 16694
15968 3 16698
15969 0 16688
15969 1 16693
15969 3 16698
15969 4 16695
15970 0 16688
15970 1 16693
15970 2 16694
15970 3 16698
15971 0 16688
15971 1 16693
15971 2 16694
15971 3 16698
15972 0 16688
15972 1 16693
15972 3 16698
15973 0 16688
15973 1 16693
15973 3 16698
15974 0 16688
15974 1 16693
15974 3 16698
15975 0 16688
15975 1 16693
15975 3 16698
15975 4 16695
15976 0 16705
15976 1 16693
15976 2 16694
15976 3 16698
15977 0 16688
15977 1 16693
15977 2 16694
15977 3 16698
15978 0 16688
15978 1 16693
15978 2 16718
15978 3 16698
15979 0 16688
15979 1 16693
15979 2 16708
15979 3 16698
15980 0 16688
15980 1 16693
15980 2 16694
15980 3 16698
15981 0 16688
15981 1 16693
15981 2 16694
15982 0 16688
15982 1 16693
15982 2 16694
15983 0 16688
15983 1 16693
15983 2 16694
15984 0 16688
15984 1 16693
15984 2 16694
15985 0 16688
15985 1 16693
15985 2 16706
15985 3 16696
15985 4 16697
15986 0 16688
15986 1 16693
15986 2 16694
15986 3 16723
15986 4 16697
15987 0 16688
15987 1 16689
15987 2 16704
15987 3 16709
15987 4 16697
15988 0 16688
15988 1 16689
15988 3 16698
15989 0 16688
15989 1 16689
15989 3 16696
15990 0 16688
15990 1 16689
15990 3 16696
15991 0 16688
15991 1 16689
15991 2 16694
15991 3 16723
15991 4 16697
15992 0 16688
15992 1 16693
15992 2 16694
15992 3 16690
15992 4 16697
15993 0 16705
15993 1 16693
15993 2 16703
15993 3 16698
15993 4 16697
15994 0 16688
15994 1 16689
15994 2 16694
15994 3 16723
15994 4 16697
15995 0 16688
15995 1 16693
15995 2 16694
15995 3 16698
15996 0 16688
15996 1 16693
15996 2 16694
15996 3 16698
15997 0 16688
15997 1 16693
15997 2 16694
15997 3 16698
15998 0 16688
15998 1 16693
15998 2 16703
15998 3 16698
15999 0 16688
15999 1 16693
15999 2 16694
15999 3 16698
16000 0 16688
16000 1 16693
16000 2 16694
16000 3 16698
16001 0 16688
16001 1 16700
16001 2 16708
16001 3 16698
16002 0 16688
16002 1 16693
16002 2 16694
16002 3 16698
16002 4 16697
16003 0 16688
16003 1 16700
16003 2 16708
16003 3 16698
16004 0 16688
16004 1 16700
16004 2 16708
16004 3 16698
16005 0 16688
16005 1 16689
16005 2 16708
16005 3 16698
16006 0 16688
16006 1 16707
16006 2 16694
16006 3 16690
16006 4 16697
16007 0 16688
16007 1 16707
16007 2 16694
16007 3 16698
16008 0 16688
16008 1 16689
16008 2 16708
16008 3 16698
16009 0 16688
16009 1 16700
16009 3 16690
16010 0 16688
16010 1 16707
16010 2 16694
16010 3 16698
16011 0 16688
16011 1 16707
16011 2 16694
16011 3 16690
16011 4 16697
16012 0 16688
16012 1 16689
16012 2 16694
16012 3 16696
16013 0 16688
16013 1 16693
16013 2 16694
16013 3 16690
16013 4 16695
16014 0 16688
16014 1 16693
16014 3 16696
16014 4 16695
16015 0 16688
16015 1 16693
16015 2 16718
16015 3 16709
16015 4 16697
16016 0 16731
16016 1 16689
16016 2 16694
16016 3 16696
16016 4 16697
16017 0 16692
16017 1 16689
16017 2 16694
16017 3 16723
16017 4 16697
16018 0 16702
16018 1 16693
16018 2 16694
16018 3 16690
16018 4 16697
16019 0 16688
16019 1 16689
16019 2 16708
16019 3 16723
16020 0 16688
16020 1 16689
16020 2 16716
16020 3 16690
16020 4 16697
16021 0 16688
16021 1 16689
16021 2 16708
16021 3 16690
16022 0 16717
16022 1 16693
16022 2 16694
16022 3 16698
16022 4 16697
16023 0 16688
16023 1 16693
16023 2 16694
16023 3 16696
16023 4 16695
16024 0 16688
16024 1 16689
16024 2 16708
16024 3 16698
16025 0 16702
16025 1 16693
16025 2 16694
16025 3 16709
16026 0 16702
16026 1 16693
16026 2 16706
16026 3 16709
16026 4 16695
16027 0 16688
16027 1 16689
16027 2 16708
16027 3 16696
16028 0 16717
16028 1 16689
16028 2 16708
16028 3 16696
16029 0 16717
16029 1 16693
16029 2 16694
16029 3 16698
16029 4 16697
16030 0 16717
16030 1 16693
16030 2 16694
16030 3 16696
16030 4 16695
16031 0 16702
16031 1 16693
16031 2 16694
16031 3 16690
16032 0 16712
16032 1 16693
16032 2 16694
16032 3 16690
16033 0 16702
16033 1 16693
16033 2 16703
16033 3 16690
16034 0 16717
16034 1 16693
16034 2 16716
16034 3 16690
16034 4 16695
16035 0 16688
16035 1 16689
16035 2 16708
16035 3 16696
16036 0 16688
16036 1 16689
16036 2 16691
16036 3 16690
16037 0 16688
16037 1 16693
16037 2 16706
16037 3 16696
16037 4 16695
16038 0 16688
16038 1 16693
16038 2 16694
16038 3 16696
16038 4 16697
16039 0 16688
16039 1 16689
16039 2 16708
16039 3 16698
16040 0 16717
16040 1 16693
16040 2 16716
16040 3 16696
16040 4 16697
16041 0 16721
16041 1 16693
16041 2 16716
16041 3 16709
16041 4 16695
16042 0 16688
16042 1 16693
16042 2 16694
16042 3 16690
16042 4 16697
16043 0 16717
16043 1 16693
16043 2 16718
16043 3 16690
16043 4 16695
16044 0 16721
16044 1 16693
16044 2 16708
16044 3 16698
16045 0 16717
16045 1 16693
16045 2 16694
16045 3 16690
16046 0 16688
16046 1 16693
16046 2 16694
16046 3 16696
16046 4 16697
16047 0 16717
16047 1 16693
16047 2 16694
16047 3 16698
16048 0 16688
16048 1 16693
16048 2 16694
16048 3 16690
16048 4 16695
16049 0 16688
16049 1 16700
16049 2 16708
16049 3 16696
16050 0 16688
16050 1 16689
16050 2 16691
16050 3 16698
16051 0 16688
16051 1 16693
16051 2 16706
16051 3 16690
16051 4 16695
16052 0 16712
16052 1 16693
16052 2 16694
16052 3 16690
16052 4 16697
16053 0 16688
16053 1 16693
16053 2 16704
16053 3 16696
16053 4 16697
16054 0 16688
16054 1 16693
16054 2 16694
16054 3 16723
16054 4 16695
16055 0 16688
16055 1 16693
16055 2 16694
16055 3 16723
16055 4 16697
16056 0 16702
16056 1 16693
16056 2 16716
16056 3 16696
16056 4 16697
16057 0 16688
16057 1 16689
16057 3 16696
16058 0 16717
16058 1 16693
16058 2 16694
16058 3 16690
16058 4 16695
16059 0 16692
16059 1 16689
16059 2 16694
16059 3 16690
16059 4 16697
16060 0 16717
16060 1 16693
16060 2 16694
16060 3 16690
16060 4 16697
16061 0 16688
16061 1 16689
16061 2 16708
16061 3 16709
16062 0 16688
16062 1 16693
16062 2 16694
16062 3 16690
16063 0 16688
16063 1 16693
16063 2 16716
16063 3 16690
16063 4 16695
16064 0 16717
16064 1 16693
16064 2 16694
16064 3 16690
16064 4 16697
16065 0 16717
16065 1 16693
16065 2 16694
16065 3 16690
16065 4 16697
16066 0 16717
16066 1 16689
16066 2 16716
16066 3 16690
16066 4 16697
16067 0 16721
16067 1 16693
16067 3 16696
16067 4 16697
16068 0 16721
16068 1 16689
16068 2 16708
16068 3 16690
16069 0 16717
16069 1 16693
16069 2 16716
16069 3 16696
16069 4 16697
16070 0 16713
16070 1 16693
16070 2 16704
16070 3 16696
16070 4 16697
16071 0 16688
16071 1 16700
16071 2 16703
16071 3 16696
16072 0 16717
16072 1 16693
16072 2 16694
16072 3 16690
16073 0 16688
16073 1 16689
16073 2 16708
16073 3 16696
16074 0 16688
16074 1 16693
16074 2 16708
16074 3 16696
16075 0 16688
16075 1 16689
16075 2 16694
16075 3 16709
16076 0 16688
16076 1 16689
16076 3 16698
16077 0 16688
16077 1 16689
16077 3 16698
16078 0 16688
16078 1 16693
16078 3 16690
16078 4 16697
16079 0 16688
16079 1 16689
16079 3 16723
16080 0 16688
16080 1 16693
16080 2 16727
16080 3 16696
16081 0 16688
16081 1 16689
16081 2 16694
16081 3 16696
16081 4 16697
16082 0 16688
16082 1 16693
16082 3 16690
16083 0 16688
16083 1 16693
16083 2 16691
16083 3 16698
16084 0 16688
16084 1 16689
16084 2 16694
16084 3 16723
16084 4 16697
16085 0 16688
16085 1 16693
16085 3 16696
16086 0 16688
16086 1 16689
16086 2 16708
16086 3 16709
16087 0 16688
16087 1 16693
16087 2 16691
16087 3 16698
16088 0 16713
16088 1 16689
16088 2 16694
16088 3 16696
16089 0 16688
16089 1 16693
16089 3 16690
16090 0 16688
16090 1 16693
16090 2 16706
16090 3 16698
16090 4 16695
16091 0 16688
16091 1 16693
16091 2 16694
16091 3 16690
16092 0 16688
16092 1 16689
16092 2 16694
16092 3 16696
16092 4 16697
16093 0 16688
16093 1 16689
16093 2 16694
16093 3 16709
16094 0 16688
16094 1 16700
16094 3 16696
16095 0 16688
16095 1 16693
16095 2 16694
16095 3 16723
16096 0 16688
16096 1 16689
16096 2 16708
16096 3 16709
16097 0 16688
16097 1 16689
16097 2 16708
16097 3 16723
16098 0 16688
16098 1 16689
16098 2 16716
16098 3 16696
16099 0 16688
16099 1 16693
16099 2 16704
16099 3 16723
16100 0 16712
16100 1 16693
16100 2 16694
16101 0 16688
16101 1 16689
16101 3 16723
16102 0 16688
16102 1 16693
16102 3 16696
16103 0 16688
16103 1 16689
16103 2 16708
16103 3 16723
16104 0 16688
16104 1 16689
16104 2 16694
16104 3 16690
16105 0 16688
16105 1 16689
16105 3 16709
16106 0 16688
16106 1 16693
16106 2 16694
16106 3 16696
16107 0 16705
16107 1 16689
16107 2 16708
16107 3 16709
16108 0 16688
16108 1 16693
16108 2 16694
16108 3 16709
16109 0 16688
16109 1 16693
16109 3 16696
16110 0 16688
16110 1 16693
16110 2 16706
16110 3 16696
16111 0 16688
16111 1 16693
16111 2 16694
16111 3 16709
16112 0 16688
16112 1 16693
16112 2 16694
16112 3 16696
16113 0 16688
16113 1 16689
16113 2 16708
16113 3 16723
16114 0 16688
16114 1 16693
16114 2 16694
16114 3 16696
16115 0 16688
16115 1 16689
16115 2 16694
16115 3 16696
16116 0 16688
16116 1 16707
16116 2 16694
16116 3 16723
16117 0 16688
16117 1 16689
16117 2 16704
16117 3 16709
16118 0 16688
16118 1 16689
16118 3 16709
16119 0 16688
16119 1 16689
16119 2 16694
16119 3 16696
16119 4 16697
16120 0 16705
16120 1 16689
16120 2 16703
16120 3 16709
16121 0 16705
16121 1 16689
16121 2 16703
16121 3 16709
16122 0 16688
16122 1 16689
16122 2 16694
16122 3 16690
16123 0 16688
16123 1 16693
16123 2 16708
16123 3 16698
16124 0 16688
16124 1 16693
16124 2 16694
16124 3 16696
16125 0 16692
16125 1 16693
16125 2 16694
16125 3 16696
16126 0 16712
16126 1 16689
16126 2 16694
16126 3 16709
16127 0 16688
16127 1 16689
16127 3 16696
16128 0 16688
16128 1 16693
16128 3 16696
16129 0 16705
16129 1 16693
16129 2 16706
16129 3 16696
16130 0 16688
16130 1 16689
16130 2 16694
16130 3 16709
16131 0 16688
16131 1 16689
16131 2 16708
16131 3 16690
16132 0 16688
16132 1 16693
16132 2 16694
16132 3 16698
16133 0 16688
16133 1 16700
16133 2 16708
16133 3 16723
16134 0 16688
16134 1 16693
16134 2 16704
16134 3 16690
16135 0 16688
16135 1 16689
16135 3 16723
16136 0 16688
16136 1 16693
16136 2 16691
16136 3 16723
16137 0 16702
16137 1 16689
16137 2 16703
16137 3 16723
16138 0 16705
16138 1 16693
16138 2 16694
16138 3 16696
16139 0 16688
16139 1 16689
16139 2 16694
16139 3 16709
16140 0 16688
16140 1 16689
16140 3 16696
16141 0 16688
16141 1 16689
16141 2 16704
16141 3 16723
16142 0 16688
16142 1 16693
16142 2 16718
16142 3 16696
16143 0 16688
16143 1 16693
16143 2 16694
16143 3 16696
16144 0 16688
16144 1 16689
16144 2 16694
16144 3 16696
16145 0 16688
16145 1 16689
16145 2 16694
16145 3 16723
16146 0 16688
16146 1 16689
16146 3 16698
16147 0 16688
16147 1 16689
16147 2 16708
16147 3 16709
16148 0 16688
16148 1 16689
16148 2 16704
16148 3 16696
16149 0 16688
16149 1 16689
16149 2 16694
16149 3 16723
16150 0 16688
16150 1 16689
16150 2 16694
16150 3 16709
16151 0 16702
16151 1 16689
16151 2 16694
16151 3 16696
16152 0 16702
16152 1 16693
16153 0 16702
16153 1 16693
16153 3 16690
16154 0 16688
16154 1 16693
16154 3 16709
16155 0 16688
16155 1 16693
16155 2 16706
16155 3 16696
16156 0 16688
16156 1 16693
16156 2 16699
16156 3 16690
16157 0 16688
16157 1 16689
16157 2 16694
16157 3 16723
16158 0 16688
16158 1 16689
16158 2 16694
16158 3 16723
16159 0 16692
16159 1 16689
16159 2 16694
16159 3 16709
16160 0 16688
16160 1 16689
16160 2 16708
16160 3 16698
16161 0 16688
16161 1 16689
16161 2 16708
16161 3 16690
16162 0 16688
16162 1 16693
16162 2 16694
16162 3 16709
16163 0 16688
16163 1 16689
16163 2 16694
16163 3 16709
16164 0 16688
16164 1 16689
16164 2 16708
16164 3 16690
16165 0 16688
16165 1 16693
16165 3 16696
16166 0 16688
16166 1 16689
16166 2 16694
16166 3 16690
16166 4 16697
16167 0 16688
16167 1 16693
16167 3 16690
16168 0 16688
16168 1 16693
16168 3 16723
16169 0 16688
16169 1 16689
16169 3 16696
16170 0 16705
16170 1 16693
16170 2 16694
16170 3 16698
16170 4 16697
16171 0 16688
16171 1 16693
16171 3 16696
16172 0 16688
16172 1 16689
16172 2 16694
16172 3 16723
16173 0 16688
16173 1 16693
16173 2 16694
16173 3 16723
16174 0 16688
16174 1 16693
16174 2 16706
16174 3 16696
16175 0 16688
16175 1 16689
16175 3 16696
16176 0 16705
16176 1 16693
16176 2 16706
16176 3 16696
16176 4 16695
16177 0 16688
16177 1 16689
16177 2 16694
16177 3 16696
16178 0 16688
16178 1 16693
16178 2 16694
16178 3 16723
16179 0 16688
16179 1 16689
16179 2 16708
16179 3 16698
16180 0 16688
16180 1 16689
16180 3 16709
16181 0 16688
16181 1 16689
16181 3 16696
16182 0 16688
16182 1 16693
16182 2 16694
16182 3 16696
16182 4 16695
16183 0 16688
16183 1 16689
16183 3 16696
16184 0 16688
16184 1 16693
16184 2 16694
16184 3 16696
16185 0 16705
16185 1 16689
16185 2 16694
16185 3 16698
16185 4 16697
16186 0 16688
16186 1 16693
16186 2 16718
16186 3 16696
16187 0 16702
16187 1 16693
16187 2 16703
16187 3 16696
16188 0 16688
16188 1 16693
16188 3 16698
16188 4 16697
16189 0 16712
16189 1 16689
16189 2 16694
16190 0 16717
16190 1 16689
16190 2 16694
16190 3 16723
16191 0 16717
16191 1 16689
16191 2 16708
16191 3 16696
16192 0 16717
16192 1 16707
16192 2 16694
16192 3 16698
16192 4 16697
16193 0 16717
16193 1 16693
16193 2 16708
16193 3 16698
16194 0 16717
16194 1 16689
16194 2 16694
16194 3 16698
16194 4 16697
16195 0 16717
16195 1 16689
16195 2 16694
16195 3 16723
16196 0 16688
16196 1 16689
16196 2 16694
16196 3 16723
16196 4 16697
16197 0 16688
16197 1 16693
16197 2 16694
16197 3 16690
16197 4 16697
16198 0 16719
16198 1 16693
16198 2 16694
16199 0 16688
16199 1 16693
16199 2 16694
16199 3 16698
16199 4 16697
16200 0 16688
16200 1 16693
16200 2 16694
16200 3 16698
16200 4 16697
16201 0 16719
16201 1 16689
16201 2 16708
16201 3 16698
16202 0 16688
16202 1 16689
16202 2 16708
16202 3 16698
16203 0 16688
16203 1 16693
16204 0 16719
16204 1 16693
16204 2 16694
16205 0 16688
16205 1 16693
16205 3 16690
16206 0 16688
16206 1 16693
16206 2 16694
16206 3 16698
16207 0 16688
16207 1 16693
16207 2 16694
16208 0 16688
16208 1 16707
16208 2 16694
16208 3 16698
16208 4 16697
16209 0 16688
16209 1 16689
16209 2 16708
16209 3 16698
16210 0 16688
16210 1 16689
16210 2 16694
16210 3 16698
16210 4 16697
16211 0 16688
16211 1 16689
16211 2 16708
16211 3 16698
16212 0 16688
16212 1 16689
16212 3 16698
16212 4 16697
16213 0 16688
16213 1 16689
16213 2 16694
16213 3 16698
16213 4 16697
16214 0 16702
16214 1 16689
16214 2 16694
16214 3 16698
16215 0 16688
16215 1 16689
16215 2 16708
16215 3 16698
16216 0 16688
16216 1 16693
16216 2 16718
16216 3 16698
16216 4 16697
16217 0 16702
16217 1 16689
16217 2 16694
16217 3 16698
16217 4 16697
16218 0 16692
16218 1 16707
16218 2 16694
16218 3 16698
16218 4 16697
16219 0 16688
16219 1 16693
16219 2 16694
16219 3 16698
16219 4 16697
16220 0 16688
16220 1 16693
16220 2 16694
16220 3 16698
16220 4 16697
16221 0 16688
16221 1 16693
16221 2 16694
16221 3 16698
16221 4 16697
16222 0 16702
16222 1 16693
16222 2 16703
16222 3 16698
16222 4 16695
16223 0 16688
16223 1 16707
16223 2 16694
16223 3 16698
16224 0 16688
16224 1 16693
16224 3 16698
16224 4 16697
16225 0 16688
16225 1 16689
16225 2 16694
16225 3 16698
16226 0 16688
16226 1 16707
16226 2 16694
16226 3 16698
16226 4 16697
16227 0 16702
16227 1 16693
16227 2 16703
16227 3 16698
16228 0 16688
16228 1 16693
16228 2 16694
16228 3 16698
16228 4 16697
16229 0 16688
16229 1 16707
16229 2 16694
16229 3 16698
16229 4 16697
16230 0 16712
16230 1 16707
16230 2 16694
16230 3 16698
16230 4 16697
16231 0 16688
16231 1 16693
16231 2 16694
16231 3 16698
16231 4 16697
16232 0 16702
16232 1 16689
16232 2 16694
16232 3 16698
16233 0 16713
16233 1 16689
16233 2 16694
16233 3 16698
16233 4 16697
16234 0 16719
16234 1 16693
16234 2 16694
16234 3 16698
16235 0 16688
16235 1 16700
16235 2 16708
16235 3 16723
16236 0 16688
16236 1 16689
16236 3 16698
16236 4 16697
16237 0 16688
16237 1 16689
16237 2 16694
16237 3 16698
16237 4 16697
16238 0 16688
16238 1 16689
16238 2 16727
16238 3 16698
16238 4 16697
16239 0 16688
16239 1 16707
16239 2 16694
16239 3 16698
16239 4 16697
16240 0 16688
16240 1 16693
16240 3 16709
16240 4 16697
16241 0 16688
16241 1 16689
16241 2 16708
16241 3 16698
16242 0 16688
16242 1 16693
16242 3 16698
16242 4 16697
16243 0 16688
16243 1 16689
16243 2 16694
16243 3 16698
16243 4 16697
16244 0 16719
16244 1 16689
16244 2 16703
16244 3 16698
16245 0 16688
16245 1 16689
16245 2 16708
16245 3 16698
16246 0 16701
16246 1 16689
16246 2 16708
16246 3 16698
16247 0 16688
16247 1 16689
16247 2 16703
16247 3 16698
16248 0 16701
16248 1 16693
16248 2 16694
16248 3 16698
16248 4 16697
16249 0 16688
16249 1 16689
16249 2 16694
16249 3 16698
16249 4 16697
16250 0 16688
16250 1 16693
16250 2 16694
16250 3 16698
16250 4 16697
16251 0 16688
16251 1 16689
16251 2 16708
16251 3 16698
16252 0 16688
16252 1 16689
16252 3 16698
16253 0 16688
16253 1 16689
16253 2 16708
16253 3 16698
16254 0 16688
16254 1 16689
16254 2 16708
16254 3 16698
16255 0 16688
16255 1 16689
16255 2 16708
16255 3 16709
16256 0 16688
16256 1 16700
16256 2 16694
16256 3 16698
16256 4 16697
16257 0 16717
16257 1 16689
16257 2 16694
16257 3 16698
16257 4 16697
16258 0 16688
16258 1 16693
16258 2 16694
16258 3 16698
16258 4 16697
16259 0 16688
16259 1 16689
16259 2 16708
16259 3 16698
16260 0 16688
16260 1 16693
16260 2 16694
16260 3 16698
16260 4 16697
16261 0 16688
16261 1 16689
16261 2 16694
16261 3 16698
16261 4 16697
16262 0 16688
16262 1 16689
16262 2 16691
16262 3 16698
16263 0 16717
16263 1 16689
16263 2 16708
16263 3 16698
16264 0 16688
16264 1 16689
16264 2 16694
16264 3 16698
16264 4 16697
16265 0 16688
16265 1 16689
16265 2 16694
16265 3 16690
16265 4 16697
16266 0 16688
16266 1 16689
16266 2 16708
16266 3 16698
16267 0 16688
16267 1 16689
16267 2 16694
16267 3 16698
16268 0 16688
16268 1 16693
16268 2 16694
16268 3 16698
16268 4 16697
16269 0 16688
16269 1 16693
16269 2 16704
16269 3 16698
16269 4 16697
16270 0 16719
16270 1 16700
16270 2 16694
16270 3 16696
16271 0 16688
16271 1 16693
16271 2 16694
16271 3 16696
16272 0 16688
16272 1 16693
16272 2 16694
16272 3 16698
16272 4 16695
16273 0 16702
16273 1 16689
16273 3 16698
16273 4 16697
16274 0 16688
16274 1 16693
16274 3 16698
16275 0 16688
16275 1 16689
16275 2 16708
16275 3 16698
16276 0 16705
16276 1 16689
16276 2 16708
16276 3 16698
16277 0 16688
16277 1 16689
16277 3 16698
16278 0 16731
16278 1 16693
16278 2 16694
16278 3 16698
16278 4 16697
16279 0 16688
16279 1 16693
16279 2 16694
16279 3 16698
16279 4 16697
16280 0 16702
16280 1 16693
16280 2 16703
16280 3 16698
16281 0 16688
16281 1 16689
16281 2 16691
16281 3 16698
16282 0 16688
16282 1 16689
16282 2 16708
16282 3 16690
16283 0 16688
16283 1 16693
16283 2 16694
16283 3 16698
16284 0 16688
16284 1 16693
16284 2 16694
16284 3 16696
16285 0 16688
16285 1 16689
16285 2 16703
16285 3 16696
16286 0 16688
16286 1 16689
16286 2 16694
16286 3 16696
16287 0 16688
16287 1 16689
16287 2 16694
16287 3 16698
16288 0 16688
16288 1 16700
16288 2 16708
16288 3 16698
16289 0 16688
16289 1 16689
16289 2 16708
16289 3 16690
16290 0 16688
16290 1 16693
16290 2 16694
16290 3 16690
16291 0 16688
16291 1 16689
16291 2 16694
16291 3 16696
16292 0 16688
16292 1 16693
16292 2 16694
16292 3 16698
16292 4 16697
16293 0 16688
16293 1 16689
16293 2 16694
16293 3 16690
16294 0 16688
16294 1 16689
16294 2 16694
16294 3 16696
16295 0 16688
16295 1 16689
16295 3 16696
16296 0 16688
16296 1 16689
16296 2 16708
16296 3 16709
16297 0 16715
16297 1 16689
16297 2 16694
16297 3 16698
16297 4 16697
16298 0 16688
16298 1 16689
16298 2 16708
16298 3 16723
16299 0 16719
16299 1 16689
16299 2 16694
16299 3 16690
16300 0 16688
16300 1 16689
16300 3 16690
16301 0 16717
16301 1 16689
16301 2 16708
16301 3 16698
16302 0 16702
16302 1 16693
16302 2 16703
16302 3 16696
16303 0 16688
16303 1 16689
16303 2 16708
16303 3 16709
16304 0 16688
16304 1 16689
16304 2 16708
16304 3 16690
16305 0 16714
16305 1 16693
16305 2 16694
16305 3 16698
16305 4 16695
16306 0 16688
16306 1 16689
16306 3 16723
16307 0 16688
16307 1 16700
16307 2 16699
16307 3 16696
16308 0 16688
16308 1 16693
16308 2 16694
16308 3 16690
16309 0 16688
16309 1 16693
16309 2 16694
16309 3 16698
16309 4 16695
16310 0 16721
16310 1 16689
16310 2 16708
16310 3 16690
16311 0 16688
16311 1 16689
16311 2 16708
16311 3 16698
16312 0 16688
16312 1 16689
16312 2 16691
16312 3 16696
16313 0 16721
16313 1 16689
16313 2 16708
16313 3 16690
16314 0 16688
16314 1 16689
16314 2 16694
16314 3 16698
16314 4 16697
16315 0 16731
16315 1 16689
16315 2 16694
16315 3 16696
16316 0 16712
16316 1 16689
16316 2 16708
16316 3 16698
16317 0 16688
16317 1 16689
16317 2 16708
16317 3 16709
16318 0 16688
16318 1 16700
16318 2 16708
16318 3 16698
16319 0 16688
16319 1 16693
16319 2 16699
16319 3 16709
16319 4 16697
16320 0 16713
16320 1 16689
16320 2 16704
16320 3 16698
16320 4 16697
16321 0 16688
16321 1 16693
16321 3 16690
16321 4 16697
16322 0 16688
16322 1 16689
16322 2 16694
16322 3 16698
16323 0 16688
16323 1 16707
16323 2 16694
16323 3 16696
16323 4 16695
16324 0 16688
16324 1 16693
16324 2 16694
16324 3 16690
16325 0 16688
16325 1 16693
16325 3 16698
16325 4 16697
16326 0 16688
16326 1 16707
16326 2 16694
16326 3 16698
16326 4 16697
16327 0 16688
16327 1 16689
16327 2 16694
16327 3 16698
16327 4 16697
16328 0 16688
16328 1 16693
16328 2 16691
16328 3 16698
16329 0 16688
16329 1 16689
16329 2 16708
16329 3 16709
16330 0 16688
16330 1 16700
16330 2 16708
16330 3 16696
16331 0 16688
16331 1 16693
16331 2 16694
16331 3 16698
16332 0 16702
16332 1 16693
16332 2 16703
16332 3 16698
16332 4 16697
16333 0 16688
16333 1 16693
16333 2 16694
16333 3 16698
16334 0 16702
16334 1 16693
16334 2 16703
16334 3 16696
16335 0 16717
16335 1 16693
16335 2 16694
16335 3 16698
16335 4 16697
16336 0 16717
16336 1 16707
16336 2 16694
16336 3 16698
16336 4 16697
16337 0 16717
16337 1 16693
16337 3 16698
16337 4 16697
16338 0 16717
16338 1 16693
16338 2 16694
16338 3 16698
16339 0 16717
16339 1 16707
16339 2 16694
16339 3 16698
16340 0 16688
16340 1 16693
16340 2 16694
16340 3 16698
16341 0 16717
16341 1 16689
16341 2 16694
16341 3 16698
16342 0 16717
16342 1 16693
16342 2 16694
16342 3 16698
16342 4 16697
16343 0 16717
16343 1 16689
16343 2 16694
16343 3 16698
16344 0 16717
16344 1 16693
16344 3 16698
16344 4 16697
16345 0 16717
16345 1 16693
16345 2 16694
16345 3 16698
16345 4 16697
16346 0 16688
16346 1 16707
16346 2 16694
16346 3 16698
16346 4 16697
16347 0 16688
16347 1 16693
16347 2 16694
16347 3 16698
16347 4 16697
16348 0 16688
16348 1 16693
16348 3 16698
16348 4 16697
16349 0 16688
16349 1 16693
16349 2 16694
16349 3 16696
16349 4 16697
16350 0 16702
16350 1 16689
16350 2 16703
16350 3 16696
16351 0 16688
16351 1 16693
16351 2 16694
16351 3 16698
16351 4 16697
16352 0 16688
16352 1 16689
16352 2 16694
16352 3 16696
16352 4 16695
16353 0 16702
16353 1 16693
16353 2 16703
16353 3 16696
16354 0 16688
16354 1 16693
16354 2 16694
16354 3 16690
16355 0 16721
16355 1 16693
16355 3 16690
16356 0 16688
16356 1 16693
16356 2 16706
16356 3 16690
16357 0 16688
16357 1 16693
16357 3 16698
16358 0 16688
16358 1 16700
16358 2 16703
16358 3 16723
16359 0 16688
16359 1 16689
16359 2 16716
16359 3 16709
16360 0 16688
16360 1 16689
16360 2 16694
16360 3 16698
16361 0 16688
16361 1 16693
16361 2 16699
16361 3 16690
16362 0 16688
16362 1 16689
16362 2 16694
16362 3 16698
16363 0 16688
16363 1 16693
16363 2 16694
16363 3 16690
16363 4 16695
16364 0 16688
16364 1 16693
16364 2 16716
16364 3 16690
16365 0 16688
16365 1 16689
16365 3 16698
16366 0 16688
16366 1 16689
16366 2 16703
16366 3 16696
16367 0 16688
16367 1 16689
16367 3 16696
16368 0 16688
16368 1 16689
16368 2 16708
16368 3 16696
16369 0 16688
16369 1 16700
16369 2 16708
16369 3 16696
16370 0 16688
16370 1 16693
16370 2 16706
16370 3 16709
16371 0 16713
16371 1 16693
16371 2 16706
16371 3 16696
16372 0 16688
16372 1 16689
16372 2 16708
16372 3 16696
16373 0 16688
16373 1 16693
16373 2 16694
16373 3 16690
16374 0 16705
16374 1 16693
16374 2 16718
16374 3 16696
16375 0 16688
16375 1 16693
16375 3 16690
16376 0 16688
16376 1 16693
16376 2 16694
16376 3 16698
16377 0 16688
16377 1 16693
16377 2 16699
16377 3 16696
16378 0 16688
16378 1 16693
16378 2 16699
16378 3 16690
16379 0 16688
16379 1 16689
16379 2 16691
16379 3 16698
16380 0 16692
16380 1 16693
16380 2 16694
16380 3 16698
16381 0 16688
16381 1 16689
16381 3 16698
16382 0 16688
16382 1 16700
16382 2 16703
16382 3 16696
16383 0 16688
16383 1 16693
16383 2 16694
16383 3 16690
16384 0 16702
16384 1 16689
16384 2 16694
16384 3 16690
16385 0 16688
16385 1 16693
16385 2 16694
16385 3 16690
16386 0 16712
16386 1 16693
16386 2 16694
16386 3 16690
16387 0 16688
16387 1 16700
16387 3 16698
16388 0 16705
16388 1 16689
16388 2 16708
16388 3 16709
16389 0 16688
16389 1 16693
16389 2 16694
16389 3 16690
16390 0 16688
16390 1 16700
16390 2 16710
16390 3 16723
16391 0 16705
16391 1 16693
16391 2 16694
16391 3 16690
16392 0 16688
16392 1 16689
16392 2 16694
16392 3 16690
16393 0 16688
16393 1 16689
16393 3 16709
16394 0 16688
16394 1 16693
16394 2 16694
16394 3 16709
16395 0 16688
16395 1 16693
16395 2 16694
16395 3 16709
16396 0 16688
16396 1 16693
16396 2 16708
16396 3 16696
16397 0 16692
16397 1 16693
16397 2 16694
16397 3 16709
16398 0 16688
16398 1 16693
16398 2 16704
16398 3 16696
16399 0 16688
16399 1 16693
16399 2 16708
16399 3 16696
16400 0 16688
16400 1 16693
16400 3 16698
16401 0 16688
16401 1 16693
16401 2 16694
16401 4 16695
16402 0 16688
16402 1 16693
16402 2 16727
16402 3 16698
16403 0 16688
16403 1 16700
16403 2 16708
16403 3 16690
16404 0 16702
16404 1 16693
16404 2 16694
16404 3 16698
16405 0 16692
16405 1 16693
16405 2 16694
16405 3 16698
16406 0 16688
16406 1 16693
16406 2 16694
16406 3 16698
16407 0 16688
16407 1 16693
16407 2 16694
16407 3 16698
16408 0 16688
16408 1 16693
16408 2 16694
16408 3 16698
16409 0 16688
16409 1 16693
16409 2 16694
16409 3 16698
16410 0 16688
16410 1 16693
16410 2 16694
16411 0 16688
16411 1 16707
16411 2 16694
16411 3 16690
16412 0 16688
16412 1 16689
16412 2 16694
16412 3 16698
16412 4 16697
16413 0 16688
16413 1 16707
16413 2 16694
16413 3 16698
16413 4 16697
16414 0 16688
16414 1 16707
16414 2 16694
16414 3 16698
16414 4 16697
16415 0 16688
16415 1 16689
16415 2 16694
16415 3 16698
16416 0 16688
16416 1 16693
16416 2 16694
16416 3 16698
16417 0 16688
16417 1 16707
16417 2 16694
16417 3 16698
16417 4 16697
16418 0 16688
16418 1 16689
16418 2 16694
16418 3 16696
16418 4 16697
16419 0 16688
16419 1 16707
16419 2 16694
16419 3 16698
16419 4 16697
16420 0 16688
16420 1 16707
16420 2 16694
16420 3 16696
16420 4 16695
16421 0 16688
16421 1 16707
16421 2 16694
16421 3 16698
16421 4 16697
16422 0 16688
16422 1 16700
16422 2 16703
16422 3 16698
16423 0 16688
16423 1 16707
16423 2 16694
16423 3 16690
16423 4 16697
16424 0 16688
16424 1 16707
16424 2 16704
16424 3 16698
16424 4 16697
16425 0 16688
16425 1 16707
16425 2 16694
16425 3 16698
16425 4 16697
16426 0 16688
16426 1 16707
16426 2 16694
16426 3 16698
16427 0 16688
16427 1 16707
16427 2 16694
16427 3 16690
16427 4 16695
16428 0 16688
16428 1 16707
16428 2 16704
16428 3 16698
16428 4 16697
16429 0 16688
16429 1 16707
16429 2 16694
16429 3 16698
16429 4 16697
16430 0 16688
16430 1 16707
16430 2 16699
16430 3 16690
16430 4 16695
16431 0 16688
16431 1 16707
16431 2 16694
16431 3 16690
16431 4 16697
16432 0 16688
16432 1 16707
16432 2 16703
16432 3 16698
16432 4 16697
16433 0 16688
16433 1 16707
16433 2 16694
16433 3 16698
16433 4 16697
16434 0 16688
16434 1 16707
16434 2 16694
16434 3 16698
16434 4 16695
16435 0 16688
16435 1 16700
16435 2 16708
16435 3 16698
16436 0 16688
16436 1 16700
16436 2 16703
16436 3 16698
16437 0 16688
16437 1 16707
16437 2 16694
16437 3 16698
16437 4 16697
16438 0 16688
16438 1 16707
16438 2 16694
16438 3 16690
16438 4 16695
16439 0 16688
16439 1 16693
16439 2 16727
16439 3 16698
16439 4 16697
16440 0 16688
16440 1 16700
16440 2 16694
16440 3 16698
16440 4 16697
16441 0 16688
16441 1 16700
16441 2 16694
16441 3 16690
16441 4 16695
16442 0 16688
16442 1 16707
16442 2 16694
16442 3 16698
16442 4 16697
16443 0 16688
16443 1 16707
16443 2 16694
16443 3 16696
16443 4 16697
16444 0 16688
16444 1 16707
16444 2 16694
16444 3 16690
16444 4 16695
16445 0 16688
16445 1 16707
16445 2 16694
16445 3 16698
16446 0 16688
16446 1 16700
16446 2 16703
16446 3 16698
16446 4 16697
16447 0 16701
16447 1 16689
16447 2 16708
16447 3 16698
16448 0 16705
16448 1 16689
16448 2 16694
16448 3 16696
16448 4 16697
16449 0 16688
16449 1 16700
16449 2 16708
16449 3 16698
16450 0 16711
16450 1 16707
16450 2 16694
16450 3 16698
16450 4 16697
16451 0 16701
16451 1 16707
16451 2 16694
16451 3 16698
16451 4 16697
16452 0 16688
16452 1 16700
16452 2 16708
16452 3 16723
16453 0 16688
16453 1 16700
16453 2 16708
16453 3 16723
16454 0 16688
16454 1 16693
16454 2 16694
16454 3 16696
16454 4 16697
16455 0 16692
16455 1 16689
16455 3 16709
16455 4 16697
16456 0 16688
16456 1 16700
16456 2 16708
16456 3 16723
16457 0 16688
16457 1 16689
16457 2 16708
16457 3 16698
16458 0 16688
16458 1 16693
16458 2 16699
16458 3 16696
16459 0 16688
16459 1 16693
16459 2 16691
16459 3 16698
16460 0 16688
16460 1 16689
16460 3 16690
16461 0 16721
16461 1 16689
16461 2 16694
16461 3 16696
16462 0 16702
16462 1 16693
16462 2 16703
16462 3 16690
16463 0 16688
16463 1 16689
16463 2 16699
16463 3 16690
16464 0 16721
16464 1 16689
16464 2 16694
16464 3 16696
16465 0 16688
16465 1 16700
16465 2 16694
16465 3 16698
16466 0 16721
16466 1 16693
16466 2 16716
16466 3 16709
16467 0 16688
16467 1 16707
16467 2 16694
16467 3 16696
16467 4 16695
16468 0 16688
16468 1 16689
16468 3 16698
16469 0 16688
16469 1 16689
16469 2 16694
16469 3 16690
16470 0 16688
16470 1 16689
16470 3 16698
16471 0 16688
16471 1 16693
16471 2 16694
16471 3 16723
16471 4 16697
16472 0 16688
16472 1 16689
16472 2 16694
16472 3 16698
16472 4 16697
16473 0 16688
16473 1 16689
16473 2 16708
16473 3 16698
16474 0 16688
16474 1 16700
16474 3 16698
16475 0 16717
16475 1 16707
16475 2 16694
16475 3 16698
16475 4 16697
16476 0 16688
16476 1 16689
16476 2 16716
16476 3 16698
16476 4 16697
16477 0 16688
16477 1 16689
16477 2 16691
16477 3 16698
16478 0 16688
16478 1 16707
16478 2 16694
16478 3 16698
16478 4 16697
16479 0 16717
16479 1 16693
16479 2 16694
16479 3 16698
16479 4 16697
16480 0 16702
16480 1 16693
16480 2 16703
16480 3 16698
16481 0 16702
16481 1 16693
16481 2 16716
16481 3 16698
16481 4 16697
16482 0 16688
16482 1 16700
16482 2 16708
16482 3 16698
16483 0 16688
16483 1 16693
16483 3 16698
16483 4 16697
16484 0 16717
16484 1 16693
16484 2 16716
16484 3 16698
16484 4 16697
16485 0 16717
16485 1 16693
16485 2 16716
16485 3 16698
16485 4 16697
16486 0 16688
16486 1 16693
16486 2 16716
16486 3 16709
16486 4 16697
16487 0 16719
16487 1 16693
16487 2 16703
16487 3 16698
16488 0 16702
16488 1 16689
16488 2 16694
16488 3 16698
16488 4 16697
16489 0 16688
16489 1 16700
16489 2 16708
16489 3 16698
16490 0 16692
16490 1 16689
16490 2 16694
16490 3 16698
16490 4 16697
16491 0 16702
16491 1 16693
16491 2 16716
16491 3 16698
16492 0 16688
16492 1 16689
16492 2 16708
16492 3 16698
16493 0 16717
16493 1 16689
16493 2 16703
16493 3 16698
16493 4 16697
16494 0 16692
16494 1 16689
16494 2 16694
16494 3 16698
16495 0 16688
16495 1 16689
16495 2 16708
16495 3 16698
16496 0 16688
16496 1 16707
16496 2 16694
16496 3 16698
16496 4 16697
16497 0 16688
16497 1 16700
16497 2 16708
16497 3 16698
16498 0 16702
16498 1 16693
16498 2 16716
16498 3 16709
16498 4 16697
16499 0 16688
16499 1 16689
16499 2 16708
16499 3 16698
16500 0 16702
16500 1 16693
16500 2 16716
16500 3 16709
16500 4 16697
16501 0 16688
16501 1 16689
16501 2 16694
16501 3 16698
16501 4 16697
16502 0 16717
16502 1 16689
16502 2 16708
16502 3 16698
16503 0 16717
16503 1 16693
16503 3 16709
16503 4 16697
16504 0 16717
16504 1 16707
16504 2 16694
16504 3 16690
16504 4 16697
16505 0 16688
16505 1 16693
16505 2 16716
16505 3 16696
16505 4 16697
16506 0 16705
16506 1 16689
16506 2 16710
16506 3 16696
16507 0 16705
16507 1 16693
16507 2 16694
16508 0 16688
16508 1 16693
16508 2 16704
16508 3 16698
16509 0 16688
16509 1 16689
16509 2 16703
16509 3 16696
16510 0 16688
16510 1 16693
16510 2 16694
16511 0 16688
16511 1 16693
16511 2 16694
16512 0 16688
16512 1 16693
16512 2 16694
16512 3 16698
16513 0 16688
16513 1 16693
16513 2 16694
16514 0 16688
16514 1 16693
16514 2 16708
16514 3 16698
16515 0 16688
16515 1 16693
16515 2 16694
16515 4 16695
16516 0 16717
16516 1 16693
16516 2 16694
16516 3 16698
16517 0 16688
16517 1 16689
16517 2 16694
16517 3 16696
16518 0 16692
16518 1 16693
16518 2 16694
16519 0 16692
16519 1 16693
16519 2 16694
16519 3 16698
16520 0 16688
16520 1 16693
16520 2 16694
16520 3 16690
16521 0 16688
16521 1 16700
16521 2 16703
16521 3 16696
16522 0 16688
16522 1 16689
16522 2 16694
16522 3 16698
16523 0 16688
16523 1 16693
16523 2 16708
16524 0 16688
16524 1 16693
16524 2 16706
16524 3 16698
16525 0 16688
16525 1 16693
16525 3 16698
16526 0 16688
16526 1 16693
16526 2 16727
16526 4 16695
16527 0 16712
16527 1 16693
16527 2 16694
16528 0 16688
16528 1 16693
16528 2 16694
16528 3 16698
16529 0 16688
16529 1 16693
16529 3 16723
16530 0 16688
16530 1 16693
16530 2 16708
16531 0 16692
16531 1 16689
16531 2 16694
16531 3 16696
16532 0 16688
16532 1 16689
16532 2 16727
16532 3 16709
16532 4 16697
16533 0 16688
16533 1 16689
16533 2 16691
16533 3 16723
16534 0 16688
16534 1 16707
16534 2 16694
16534 3 16690
16535 0 16688
16535 1 16689
16535 2 16708
16535 3 16723
16536 0 16688
16536 1 16693
16536 2 16694
16536 3 16723
16536 4 16697
16537 0 16688
16537 1 16707
16537 3 16709
16537 4 16697
16538 0 16688
16538 1 16693
16538 2 16694
16538 3 16709
16538 4 16695
16539 0 16688
16539 1 16693
16539 2 16694
16539 3 16690
16539 4 16697
16540 0 16688
16540 1 16700
16540 2 16694
16540 3 16723
16540 4 16697
16541 0 16688
16541 1 16689
16541 2 16694
16542 0 16688
16542 1 16693
16542 2 16694
16543 0 16702
16543 1 16689
16543 2 16703
16543 3 16696
16544 0 16688
16544 1 16700
16544 2 16703
16544 3 16696
16545 0 16688
16545 1 16689
16545 2 16708
16545 3 16696
16546 0 16722
16546 1 16689
16546 2 16694
16546 3 16698
16546 4 16697
16547 0 16688
16547 1 16689
16547 3 16709
16547 4 16695
16548 0 16688
16548 1 16689
16548 2 16694
16548 3 16690
16548 4 16697
16549 0 16688
16549 1 16689
16549 2 16708
16549 3 16723
16550 0 16688
16550 1 16689
16550 2 16708
16550 3 16723
16551 0 16688
16551 1 16693
16551 3 16698
16551 4 16697
16552 0 16688
16552 1 16693
16552 3 16723
16553 0 16688
16553 1 16689
16553 2 16694
16553 3 16690
16554 0 16688
16554 1 16689
16554 2 16708
16554 3 16709
16555 0 16688
16555 1 16700
16555 2 16727
16555 3 16690
16555 4 16697
16556 0 16688
16556 1 16693
16556 2 16706
16556 3 16690
16556 4 16697
16557 0 16688
16557 1 16693
16557 2 16694
16557 3 16696
16558 0 16722
16558 1 16693
16558 2 16694
16558 3 16698
16558 4 16695
16559 0 16688
16559 1 16689
16559 2 16694
16559 3 16709
16559 4 16695
16560 0 16688
16560 1 16693
16560 3 16709
16561 0 16688
16561 1 16689
16561 2 16708
16561 3 16690
16562 0 16717
16562 1 16707
16562 2 16694
16562 3 16690
16562 4 16697
16563 0 16688
16563 1 16693
16563 2 16704
16563 3 16698
16563 4 16728
16564 0 16688
16564 1 16693
16564 2 16706
16564 3 16698
16564 4 16695
16565 0 16714
16565 1 16707
16565 2 16694
16565 3 16696
16565 4 16697
16566 0 16688
16566 1 16707
16566 2 16694
16566 3 16723
16567 0 16688
16567 1 16693
16567 2 16704
16567 3 16696
16567 4 16695
16568 0 16688
16568 1 16689
16568 2 16708
16568 3 16709
16569 0 16688
16569 1 16689
16569 2 16694
16569 3 16696
16570 0 16688
16570 1 16693
16570 2 16694
16570 3 16690
16570 4 16697
16571 0 16702
16571 1 16689
16571 2 16703
16571 3 16698
16572 0 16688
16572 1 16689
16572 2 16694
16572 3 16698
16573 0 16688
16573 1 16689
16573 2 16708
16573 3 16698
16574 0 16688
16574 1 16689
16574 2 16694
16574 3 16698
16575 0 16688
16575 1 16689
16575 2 16694
16575 3 16698
16576 0 16688
16576 1 16689
16576 2 16694
16576 3 16698
16577 0 16688
16577 1 16689
16577 2 16694
16577 3 16698
16578 0 16721
16578 1 16689
16578 3 16698
16579 0 16688
16579 1 16689
16579 3 16698
16580 0 16688
16580 1 16689
16580 2 16694
16580 3 16698
16580 4 16697
16581 0 16688
16581 1 16689
16581 3 16698
16582 0 16688
16582 1 16689
16582 2 16694
16582 3 16698
16583 0 16688
16583 1 16689
16583 3 16698
16584 0 16688
16584 1 16689
16584 3 16698
16585 0 16688
16585 1 16689
16585 3 16690
16586 0 16688
16586 1 16689
16586 2 16694
16586 3 16696
16587 0 16688
16587 1 16689
16587 2 16694
16587 3 16698
16588 0 16688
16588 1 16689
16588 2 16694
16588 3 16698
16589 0 16688
16589 1 16689
16589 2 16694
16589 3 16698
16590 0 16688
16590 1 16689
16590 2 16694
16590 3 16698
16591 0 16688
16591 1 16689
16591 2 16694
16591 3 16698
16592 0 16688
16592 1 16689
16592 2 16694
16592 3 16696
16593 0 16688
16593 1 16689
16593 3 16698
16594 0 16688
16594 1 16689
16594 3 16698
16595 0 16688
16595 1 16689
16595 2 16694
16595 3 16698
16596 0 16688
16596 1 16689
16596 2 16694
16596 3 16696
16597 0 16688
16597 1 16689
16597 2 16694
16597 3 16698
16598 0 16688
16598 1 16689
16598 2 16708
16598 3 16698
16599 0 16688
16599 1 16689
16599 2 16694
16599 3 16698
16600 0 16688
16600 1 16689
16600 2 16694
16600 3 16698
16601 0 16688
16601 1 16689
16601 3 16698
16601 4 16697
16602 0 16688
16602 1 16689
16602 2 16694
16602 3 16709
16603 0 16688
16603 1 16689
16603 2 16708
16603 3 16698
16604 0 16688
16604 1 16689
16604 2 16694
16604 3 16709
16605 0 16688
16605 1 16689
16605 3 16698
16606 0 16688
16606 1 16689
16606 3 16698
16607 0 16688
16607 1 16689
16607 2 16694
16607 3 16698
16608 0 16688
16608 1 16689
16608 3 16696
16609 0 16688
16609 1 16689
16609 2 16694
16609 3 16690
16610 0 16688
16610 1 16689
16610 2 16694
16610 3 16698
16611 0 16688
16611 1 16689
16611 2 16694
16611 3 16698
16612 0 16688
16612 1 16689
16612 2 16694
16612 3 16698
16613 0 16688
16613 1 16689
16613 3 16698
16614 0 16688
16614 1 16689
16614 2 16694
16614 3 16698
16615 0 16688
16615 1 16689
16615 3 16698
16616 0 16688
16616 1 16689
16616 3 16698
16617 0 16688
16617 1 16689
16617 2 16694
16617 3 16698
16618 0 16688
16618 1 16689
16618 2 16694
16618 3 16698
16619 0 16688
16619 1 16689
16619 3 16698
16620 0 16688
16620 1 16689
16620 2 16694
16620 3 16698
16621 0 16688
16621 1 16689
16621 2 16694
16621 3 16698
16622 0 16688
16622 1 16689
16622 2 16694
16622 3 16698
16623 0 16688
16623 1 16689
16623 2 16704
16623 3 16698
16624 0 16688
16624 1 16689
16624 3 16698
16625 0 16688
16625 1 16689
16625 3 16698
16626 0 16688
16626 1 16689
16626 2 16708
16626 3 16698
16627 0 16688
16627 1 16689
16627 3 16698
16628 0 16688
16628 1 16689
16628 2 16694
16628 3 16698
16629 0 16688
16629 1 16689
16629 2 16694
16629 3 16698
16630 0 16688
16630 1 16689
16630 2 16694
16630 3 16698
16631 0 16688
16631 1 16689
16631 2 16708
16631 3 16709
16632 0 16688
16632 1 16689
16632 3 16698
16633 0 16688
16633 1 16689
16633 2 16694
16633 3 16698
16634 0 16688
16634 1 16689
16634 2 16694
16634 3 16698
16635 0 16701
16635 1 16689
16635 2 16694
16635 3 16698
16636 0 16688
16636 1 16689
16636 3 16698
16637 0 16688
16637 1 16689
16637 3 16698
16638 0 16688
16638 1 16689
16638 2 16694
16638 3 16698
16639 0 16688
16639 1 16689
16639 3 16698
16640 0 16688
16640 1 16689
16640 2 16694
16640 3 16690
16641 0 16688
16641 1 16689
16641 2 16694
16641 3 16690
16642 0 16688
16642 1 16689
16642 3 16698
16643 0 16688
16643 1 16689
16643 3 16698
16644 0 16688
16644 1 16689
16644 2 16694
16644 3 16690
16645 0 16688
16645 1 16689
16645 3 16698
16646 0 16688
16646 1 16689
16646 3 16698
16647 0 16688
16647 1 16689
16647 2 16694
16647 3 16698
16648 0 16688
16648 1 16689
16648 2 16694
16648 3 16698
16649 0 16688
16649 1 16689
16649 3 16698
16650 0 16688
16650 1 16689
16650 3 16698
16651 0 16688
16651 1 16689
16651 2 16694
16651 3 16690
16652 0 16688
16652 1 16689
16652 3 16698
16653 0 16688
16653 1 16689
16653 3 16698
16654 0 16688
16654 1 16689
16654 3 16698
16655 0 16688
16655 1 16689
16655 2 16694
16655 3 16698
16656 0 16688
16656 1 16689
16656 2 16694
16656 3 16698
16657 0 16688
16657 1 16689
16657 2 16694
16657 3 16698
16658 0 16688
16658 1 16689
16658 2 16694
16658 3 16698
16659 0 16688
16659 1 16689
16659 3 16698
16660 0 16688
16660 1 16689
16660 2 16694
16660 3 16698
16661 0 16688
16661 1 16689
16661 2 16694
16661 3 16698
16662 0 16688
16662 1 16689
16662 3 16698
16663 0 16688
16663 1 16689
16663 2 16694
16663 3 16698
16664 0 16688
16664 1 16689
16664 2 16694
16664 3 16698
16665 0 16688
16665 1 16689
16665 3 16698
16666 0 16688
16666 1 16689
16666 3 16696
16667 0 16688
16667 1 16689
16667 2 16694
16667 3 16698
16668 0 16688
16668 1 16689
16668 2 16694
16668 3 16698
16669 0 16719
16669 1 16693
16669 2 16694
16670 0 16688
16670 1 16693
16670 2 16694
16670 3 16698
16671 0 16688
16671 1 16693
16671 2 16694
16671 4 16695
16672 0 16688
16672 1 16693
16672 2 16694
16673 0 16688
16673 1 16693
16674 0 16688
16674 1 16693
16675 0 16688
16675 1 16693
16676 0 16688
16676 1 16693
16676 2 16694
16677 0 16688
16677 1 16693
16677 2 16694
16678 0 16688
16678 1 16693
16678 2 16708
16678 3 16698
16679 0 16688
16679 1 16693
16679 2 16694
16679 3 16698
16680 0 16688
16680 1 16689
16680 2 16694
16680 3 16709
16681 0 16688
16681 1 16693
16681 2 16694
16681 3 16698
16682 0 16688
16682 1 16693
16682 2 16708
16682 3 16698
16683 0 16688
16683 1 16693
16683 3 16698
16684 0 16688
16684 1 16693
16684 2 16694
16684 3 16698
16685 0 16688
16685 1 16693
16685 2 16694
16685 3 16698
16686 0 16688
16686 1 16693
16686 3 16698
16687 0 16688
16687 1 16707
16687 3 16723
