org_id remap_id
0 0
1 1
2 2
3 3
4 4
5 5
6 6
7 7
8 8
10 9
11 10
12 11
13 12
14 13
16 14
17 15
18 16
19 17
21 18
23 19
24 20
25 21
27 22
28 23
29 24
30 25
31 26
32 27
33 28
34 29
35 30
37 31
39 32
40 33
41 34
42 35
45 36
47 37
48 38
50 39
51 40
52 41
53 42
54 43
56 44
57 45
58 46
59 47
60 48
61 49
63 50
64 51
65 52
67 53
68 54
73 55
74 56
75 57
76 58
77 59
79 60
81 61
82 62
83 63
86 64
87 65
88 66
89 67
90 68
91 69
92 70
93 71
94 72
95 73
96 74
97 75
98 76
99 77
101 78
103 79
104 80
105 81
106 82
107 83
109 84
110 85
111 86
112 87
113 88
114 89
116 90
117 91
118 92
119 93
120 94
122 95
123 96
124 97
125 98
126 99
127 100
129 101
130 102
132 103
133 104
134 105
137 106
138 107
140 108
141 109
144 110
146 111
147 112
148 113
149 114
151 115
154 116
156 117
157 118
158 119
159 120
160 121
161 122
163 123
164 124
166 125
167 126
168 127
169 128
170 129
172 130
173 131
174 132
175 133
176 134
179 135
181 136
182 137
183 138
184 139
185 140
188 141
191 142
194 143
196 144
197 145
198 146
199 147
200 148
203 149
204 150
205 151
206 152
207 153
208 154
209 155
210 156
212 157
214 158
215 159
216 160
217 161
218 162
219 163
220 164
222 165
223 166
224 167
225 168
227 169
228 170
230 171
231 172
232 173
233 174
234 175
235 176
237 177
238 178
239 179
241 180
242 181
244 182
245 183
246 184
247 185
248 186
249 187
250 188
251 189
252 190
254 191
255 192
257 193
258 194
259 195
260 196
261 197
263 198
265 199
266 200
268 201
270 202
271 203
272 204
273 205
274 206
275 207
276 208
277 209
278 210
279 211
281 212
282 213
284 214
286 215
287 216
289 217
290 218
291 219
294 220
295 221
298 222
300 223
303 224
304 225
305 226
306 227
309 228
310 229
313 230
314 231
316 232
317 233
318 234
319 235
321 236
322 237
324 238
325 239
327 240
328 241
329 242
330 243
332 244
334 245
336 246
337 247
338 248
339 249
340 250
342 251
343 252
344 253
345 254
347 255
348 256
349 257
351 258
352 259
354 260
355 261
356 262
357 263
360 264
362 265
363 266
364 267
365 268
368 269
370 270
371 271
373 272
374 273
375 274
376 275
377 276
380 277
381 278
382 279
383 280
385 281
386 282
388 283
389 284
390 285
391 286
392 287
393 288
394 289
395 290
396 291
397 292
398 293
399 294
402 295
404 296
405 297
406 298
407 299
408 300
409 301
411 302
412 303
413 304
416 305
417 306
418 307
419 308
420 309
421 310
423 311
424 312
426 313
427 314
428 315
430 316
431 317
432 318
434 319
435 320
436 321
437 322
438 323
439 324
440 325
441 326
442 327
443 328
444 329
445 330
446 331
447 332
450 333
452 334
454 335
455 336
456 337
458 338
459 339
460 340
463 341
464 342
465 343
466 344
467 345
468 346
469 347
470 348
472 349
473 350
474 351
475 352
476 353
478 354
479 355
480 356
481 357
482 358
483 359
485 360
486 361
488 362
490 363
491 364
493 365
494 366
495 367
496 368
497 369
498 370
499 371
500 372
501 373
502 374
504 375
507 376
508 377
509 378
510 379
511 380
515 381
517 382
518 383
519 384
520 385
521 386
522 387
523 388
527 389
528 390
529 391
530 392
532 393
533 394
534 395
535 396
538 397
539 398
540 399
541 400
542 401
544 402
545 403
546 404
547 405
548 406
549 407
550 408
551 409
552 410
553 411
557 412
558 413
559 414
560 415
562 416
563 417
564 418
565 419
566 420
569 421
572 422
573 423
576 424
578 425
579 426
580 427
581 428
583 429
584 430
586 431
587 432
588 433
589 434
590 435
595 436
596 437
597 438
598 439
600 440
601 441
602 442
603 443
604 444
605 445
606 446
607 447
608 448
609 449
610 450
611 451
612 452
613 453
614 454
615 455
616 456
617 457
619 458
622 459
623 460
624 461
626 462
628 463
629 464
630 465
632 466
633 467
634 468
635 469
636 470
637 471
640 472
642 473
643 474
645 475
646 476
647 477
648 478
649 479
650 480
651 481
652 482
653 483
654 484
655 485
656 486
657 487
659 488
660 489
661 490
662 491
665 492
666 493
668 494
669 495
670 496
671 497
672 498
673 499
675 500
676 501
677 502
678 503
680 504
681 505
683 506
685 507
688 508
690 509
691 510
692 511
694 512
696 513
697 514
698 515
699 516
702 517
704 518
705 519
707 520
708 521
710 522
711 523
712 524
715 525
716 526
717 527
719 528
720 529
721 530
724 531
725 532
726 533
727 534
728 535
729 536
730 537
731 538
732 539
733 540
734 541
735 542
737 543
738 544
739 545
740 546
741 547
742 548
743 549
744 550
746 551
747 552
749 553
750 554
751 555
752 556
753 557
754 558
755 559
756 560
758 561
760 562
761 563
763 564
764 565
765 566
766 567
767 568
768 569
769 570
770 571
771 572
773 573
774 574
776 575
777 576
778 577
780 578
781 579
783 580
784 581
785 582
786 583
787 584
788 585
789 586
790 587
792 588
793 589
794 590
795 591
796 592
799 593
802 594
803 595
804 596
805 597
806 598
807 599
808 600
809 601
810 602
811 603
812 604
813 605
814 606
815 607
819 608
821 609
822 610
824 611
825 612
827 613
828 614
829 615
831 616
834 617
836 618
837 619
838 620
839 621
841 622
842 623
844 624
845 625
846 626
847 627
849 628
850 629
853 630
855 631
858 632
859 633
860 634
861 635
862 636
863 637
865 638
866 639
867 640
868 641
869 642
872 643
873 644
874 645
875 646
876 647
877 648
878 649
880 650
881 651
882 652
883 653
884 654
886 655
887 656
889 657
894 658
895 659
896 660
897 661
898 662
900 663
901 664
902 665
904 666
905 667
906 668
907 669
908 670
909 671
910 672
911 673
912 674
913 675
915 676
916 677
919 678
920 679
921 680
922 681
927 682
928 683
929 684
930 685
932 686
933 687
934 688
935 689
936 690
937 691
938 692
939 693
940 694
941 695
943 696
945 697
946 698
948 699
949 700
950 701
951 702
953 703
954 704
956 705
957 706
958 707
960 708
961 709
962 710
963 711
964 712
965 713
968 714
970 715
971 716
972 717
974 718
977 719
978 720
979 721
980 722
981 723
982 724
983 725
984 726
985 727
986 728
987 729
989 730
990 731
991 732
992 733
994 734
995 735
997 736
999 737
1000 738
1001 739
1002 740
1003 741
1004 742
1006 743
1008 744
1010 745
1012 746
1013 747
1015 748
1016 749
1018 750
1019 751
1020 752
1023 753
1025 754
1026 755
1027 756
1028 757
1029 758
1030 759
1031 760
1032 761
1033 762
1038 763
1039 764
1040 765
1041 766
1043 767
1045 768
1046 769
1048 770
1049 771
1050 772
1052 773
1053 774
1054 775
1056 776
1057 777
1058 778
1059 779
1060 780
1061 781
1062 782
1064 783
1065 784
1066 785
1067 786
1068 787
1069 788
1071 789
1072 790
1073 791
1074 792
1077 793
1081 794
1082 795
1083 796
1084 797
1085 798
1086 799
1087 800
1088 801
1090 802
1091 803
1093 804
1094 805
1095 806
1098 807
1100 808
1101 809
1102 810
1104 811
1105 812
1109 813
1111 814
1112 815
1115 816
1117 817
1118 818
1119 819
1120 820
1121 821
1122 822
1123 823
1124 824
1126 825
1128 826
1129 827
1130 828
1131 829
1132 830
1133 831
1134 832
1135 833
1136 834
1137 835
1138 836
1139 837
1140 838
1142 839
1143 840
1145 841
1146 842
1147 843
1148 844
1149 845
1150 846
1152 847
1153 848
1155 849
1156 850
1158 851
1159 852
1160 853
1161 854
1162 855
1163 856
1164 857
1165 858
1166 859
1167 860
1168 861
1172 862
1173 863
1174 864
1175 865
1177 866
1178 867
1180 868
1181 869
1182 870
1183 871
1185 872
1187 873
1188 874
1189 875
1191 876
1192 877
1196 878
1197 879
1198 880
1199 881
1200 882
1201 883
1202 884
1205 885
1206 886
1207 887
1209 888
1211 889
1213 890
1214 891
1216 892
1217 893
1219 894
1220 895
1221 896
1222 897
1223 898
1224 899
1226 900
1227 901
1228 902
1229 903
1231 904
1232 905
1233 906
1235 907
1236 908
1238 909
1240 910
1241 911
1242 912
1243 913
1244 914
1245 915
1246 916
1247 917
1249 918
1250 919
1252 920
1253 921
1254 922
1255 923
1256 924
1257 925
1259 926
1262 927
1263 928
1264 929
1265 930
1266 931
1267 932
1269 933
1270 934
1271 935
1273 936
1274 937
1275 938
1277 939
1278 940
1279 941
1281 942
1282 943
1283 944
1285 945
1286 946
1287 947
1288 948
1289 949
1290 950
1291 951
1292 952
1293 953
1294 954
1295 955
1296 956
1297 957
1301 958
1302 959
1303 960
1304 961
1305 962
1306 963
1307 964
1308 965
1311 966
1316 967
1317 968
1318 969
1319 970
1320 971
1321 972
1322 973
1323 974
1324 975
1326 976
1327 977
1329 978
1330 979
1333 980
1334 981
1336 982
1338 983
1340 984
1341 985
1342 986
1343 987
1344 988
1345 989
1346 990
1347 991
1348 992
1349 993
1350 994
1351 995
1352 996
1353 997
1354 998
1355 999
1356 1000
1357 1001
1359 1002
1362 1003
1366 1004
1367 1005
1369 1006
1371 1007
1373 1008
1374 1009
1375 1010
1376 1011
1377 1012
1379 1013
1381 1014
1382 1015
1384 1016
1385 1017
1387 1018
1390 1019
1392 1020
1393 1021
1394 1022
1395 1023
1396 1024
1397 1025
1398 1026
1399 1027
1400 1028
1401 1029
1402 1030
1406 1031
1407 1032
1408 1033
1409 1034
1410 1035
1412 1036
1413 1037
1414 1038
1415 1039
1417 1040
1418 1041
1419 1042
1421 1043
1423 1044
1424 1045
1425 1046
1426 1047
1427 1048
1429 1049
1431 1050
1432 1051
1434 1052
1436 1053
1437 1054
1440 1055
1441 1056
1442 1057
1443 1058
1444 1059
1445 1060
1447 1061
1448 1062
1450 1063
1451 1064
1452 1065
1454 1066
1455 1067
1458 1068
1459 1069
1460 1070
1461 1071
1462 1072
1463 1073
1464 1074
1465 1075
1466 1076
1467 1077
1469 1078
1471 1079
1474 1080
1475 1081
1476 1082
1477 1083
1478 1084
1480 1085
1481 1086
1482 1087
1483 1088
1484 1089
1486 1090
1487 1091
1489 1092
1490 1093
1491 1094
1492 1095
1493 1096
1494 1097
1495 1098
1497 1099
1498 1100
1499 1101
1500 1102
1502 1103
1504 1104
1507 1105
1508 1106
1510 1107
1511 1108
1514 1109
1515 1110
1518 1111
1519 1112
1521 1113
1522 1114
1524 1115
1525 1116
1526 1117
1527 1118
1528 1119
1529 1120
1531 1121
1534 1122
1535 1123
1536 1124
1537 1125
1538 1126
1539 1127
1540 1128
1542 1129
1543 1130
1544 1131
1545 1132
1546 1133
1547 1134
1548 1135
1550 1136
1551 1137
1552 1138
1553 1139
1554 1140
1555 1141
1556 1142
1557 1143
1558 1144
1560 1145
1563 1146
1564 1147
1565 1148
1567 1149
1568 1150
1569 1151
1570 1152
1572 1153
1573 1154
1575 1155
1576 1156
1577 1157
1578 1158
1579 1159
1580 1160
1581 1161
1583 1162
1585 1163
1586 1164
1587 1165
1588 1166
1589 1167
1590 1168
1591 1169
1592 1170
1593 1171
1594 1172
1595 1173
1596 1174
1599 1175
1600 1176
1602 1177
1603 1178
1605 1179
1606 1180
1607 1181
1608 1182
1609 1183
1611 1184
1612 1185
1613 1186
1614 1187
1615 1188
1617 1189
1618 1190
1619 1191
1620 1192
1623 1193
1624 1194
1625 1195
1626 1196
1627 1197
1628 1198
1629 1199
1630 1200
1631 1201
1632 1202
1633 1203
1634 1204
1635 1205
1636 1206
1637 1207
1638 1208
1639 1209
1641 1210
1642 1211
1643 1212
1644 1213
1648 1214
1649 1215
1650 1216
1653 1217
1654 1218
1655 1219
1656 1220
1658 1221
1660 1222
1662 1223
1664 1224
1665 1225
1666 1226
1667 1227
1669 1228
1671 1229
1673 1230
1674 1231
1675 1232
1676 1233
1677 1234
1678 1235
1681 1236
1682 1237
1683 1238
1685 1239
1686 1240
1688 1241
1689 1242
1690 1243
1691 1244
1692 1245
1695 1246
1698 1247
1699 1248
1700 1249
1701 1250
1702 1251
1704 1252
1705 1253
1706 1254
1707 1255
1709 1256
1711 1257
1713 1258
1714 1259
1715 1260
1716 1261
1717 1262
1718 1263
1719 1264
1720 1265
1721 1266
1723 1267
1724 1268
1726 1269
1731 1270
1732 1271
1733 1272
1734 1273
1735 1274
1736 1275
1738 1276
1740 1277
1741 1278
1742 1279
1745 1280
1746 1281
1747 1282
1749 1283
1750 1284
1751 1285
1752 1286
1753 1287
1754 1288
1758 1289
1759 1290
1760 1291
1761 1292
1762 1293
1764 1294
1766 1295
1768 1296
1769 1297
1772 1298
1774 1299
1775 1300
1777 1301
1779 1302
1780 1303
1781 1304
1782 1305
1783 1306
1784 1307
1785 1308
1788 1309
1789 1310
1790 1311
1793 1312
1794 1313
1796 1314
1797 1315
1798 1316
1799 1317
1801 1318
1802 1319
1805 1320
1806 1321
1807 1322
1808 1323
1809 1324
1813 1325
1815 1326
1816 1327
1817 1328
1819 1329
1820 1330
1821 1331
1823 1332
1824 1333
1826 1334
1827 1335
1829 1336
1830 1337
1831 1338
1832 1339
1833 1340
1834 1341
1835 1342
1836 1343
1837 1344
1838 1345
1840 1346
1842 1347
1845 1348
1846 1349
1847 1350
1848 1351
1851 1352
1852 1353
1853 1354
1854 1355
1856 1356
1858 1357
1859 1358
1860 1359
1861 1360
1864 1361
1865 1362
1866 1363
1867 1364
1870 1365
1872 1366
1873 1367
1875 1368
1876 1369
1877 1370
1879 1371
1880 1372
1881 1373
1883 1374
1884 1375
1885 1376
1886 1377
1887 1378
1889 1379
1890 1380
1892 1381
1893 1382
1894 1383
1895 1384
1896 1385
1898 1386
1900 1387
1901 1388
1902 1389
1903 1390
1904 1391
1905 1392
1906 1393
1907 1394
1908 1395
1909 1396
1912 1397
1913 1398
1914 1399
1915 1400
1916 1401
1918 1402
1919 1403
1920 1404
1921 1405
1922 1406
1923 1407
1924 1408
1925 1409
1926 1410
1928 1411
1929 1412
1931 1413
1934 1414
1935 1415
1936 1416
1937 1417
1938 1418
1939 1419
1941 1420
1942 1421
1943 1422
1944 1423
1945 1424
1949 1425
1950 1426
1952 1427
1953 1428
1954 1429
1955 1430
1956 1431
1958 1432
1962 1433
1963 1434
1964 1435
1965 1436
1967 1437
1968 1438
1969 1439
1970 1440
1971 1441
1972 1442
1973 1443
1974 1444
1975 1445
1976 1446
1977 1447
1978 1448
1979 1449
1980 1450
1981 1451
1982 1452
1984 1453
1985 1454
1986 1455
1987 1456
1988 1457
1989 1458
1990 1459
1991 1460
1996 1461
1997 1462
1998 1463
1999 1464
2000 1465
2001 1466
2002 1467
2003 1468
2005 1469
2006 1470
2011 1471
2012 1472
2013 1473
2014 1474
2015 1475
2016 1476
2018 1477
2019 1478
2022 1479
2023 1480
2024 1481
2025 1482
2029 1483
2030 1484
2031 1485
2032 1486
2034 1487
2035 1488
2036 1489
2037 1490
2039 1491
2040 1492
2042 1493
2043 1494
2044 1495
2045 1496
2046 1497
2048 1498
2049 1499
2050 1500
2051 1501
2052 1502
2053 1503
2054 1504
2056 1505
2059 1506
2060 1507
2062 1508
2063 1509
2064 1510
2065 1511
2066 1512
2067 1513
2068 1514
2069 1515
2071 1516
2072 1517
2074 1518
2075 1519
2078 1520
2079 1521
2080 1522
2081 1523
2082 1524
2083 1525
2084 1526
2085 1527
2086 1528
2087 1529
2088 1530
2089 1531
2090 1532
2092 1533
2093 1534
2094 1535
2095 1536
2097 1537
2098 1538
2100 1539
2104 1540
2105 1541
2106 1542
2107 1543
2108 1544
2110 1545
2111 1546
2112 1547
2114 1548
2115 1549
2116 1550
2118 1551
2120 1552
2121 1553
2122 1554
2123 1555
2124 1556
2125 1557
2127 1558
2128 1559
2131 1560
2132 1561
2133 1562
2134 1563
2135 1564
2137 1565
2138 1566
2140 1567
2141 1568
2142 1569
2143 1570
2144 1571
2146 1572
2147 1573
2148 1574
2149 1575
2150 1576
2151 1577
2152 1578
2155 1579
2156 1580
2157 1581
2158 1582
2159 1583
2160 1584
2161 1585
2163 1586
2164 1587
2165 1588
2166 1589
2167 1590
2168 1591
2170 1592
2171 1593
2172 1594
2173 1595
2174 1596
2175 1597
2176 1598
2178 1599
2179 1600
2180 1601
2181 1602
2182 1603
2185 1604
2186 1605
2188 1606
2190 1607
2191 1608
2192 1609
2194 1610
2196 1611
2200 1612
2202 1613
2204 1614
2205 1615
2206 1616
2207 1617
2209 1618
2211 1619
2212 1620
2214 1621
2215 1622
2216 1623
2217 1624
2218 1625
2221 1626
2223 1627
2224 1628
2225 1629
2226 1630
2227 1631
2228 1632
2230 1633
2231 1634
2232 1635
2234 1636
2235 1637
2236 1638
2239 1639
2240 1640
2243 1641
2245 1642
2246 1643
2247 1644
2249 1645
2250 1646
2251 1647
2252 1648
2255 1649
2256 1650
2258 1651
2260 1652
2261 1653
2262 1654
2263 1655
2265 1656
2267 1657
2269 1658
2272 1659
2273 1660
2274 1661
2275 1662
2276 1663
2277 1664
2279 1665
2280 1666
2281 1667
2284 1668
2285 1669
2287 1670
2289 1671
2290 1672
2291 1673
2292 1674
2293 1675
2294 1676
2296 1677
2297 1678
2298 1679
2300 1680
2301 1681
2302 1682
2303 1683
2304 1684
2306 1685
2307 1686
2308 1687
2310 1688
2311 1689
2312 1690
2313 1691
2314 1692
2315 1693
2316 1694
2317 1695
2319 1696
2320 1697
2321 1698
2322 1699
2323 1700
2325 1701
2326 1702
2327 1703
2328 1704
2329 1705
2330 1706
2331 1707
2332 1708
2333 1709
2335 1710
2338 1711
2339 1712
2340 1713
2341 1714
2342 1715
2343 1716
2344 1717
2345 1718
2346 1719
2347 1720
2349 1721
2350 1722
2352 1723
2353 1724
2354 1725
2356 1726
2357 1727
2358 1728
2359 1729
2360 1730
2361 1731
2362 1732
2368 1733
2371 1734
2372 1735
2373 1736
2374 1737
2377 1738
2379 1739
2380 1740
2381 1741
2382 1742
2384 1743
2387 1744
2388 1745
2389 1746
2391 1747
2392 1748
2393 1749
2395 1750
2397 1751
2398 1752
2399 1753
2400 1754
2401 1755
2402 1756
2408 1757
2409 1758
2410 1759
2411 1760
2413 1761
2414 1762
2415 1763
2417 1764
2418 1765
2419 1766
2420 1767
2421 1768
2422 1769
2423 1770
2424 1771
2425 1772
2426 1773
2427 1774
2429 1775
2430 1776
2432 1777
2434 1778
2435 1779
2436 1780
2438 1781
2440 1782
2441 1783
2444 1784
2446 1785
2447 1786
2448 1787
2449 1788
2451 1789
2452 1790
2453 1791
2454 1792
2455 1793
2457 1794
2458 1795
2460 1796
2463 1797
2464 1798
2465 1799
2467 1800
2469 1801
2470 1802
2471 1803
2472 1804
2473 1805
2474 1806
2475 1807
2476 1808
2477 1809
2478 1810
2479 1811
2480 1812
2481 1813
2482 1814
2483 1815
2484 1816
2485 1817
2486 1818
2487 1819
2488 1820
2489 1821
2490 1822
2492 1823
2494 1824
2495 1825
2496 1826
2497 1827
2500 1828
2501 1829
2502 1830
2503 1831
2504 1832
2505 1833
2506 1834
2507 1835
2508 1836
2509 1837
2511 1838
2512 1839
2513 1840
2514 1841
2515 1842
2517 1843
2518 1844
2520 1845
2521 1846
2522 1847
2524 1848
2525 1849
2527 1850
2528 1851
2529 1852
2530 1853
2532 1854
2533 1855
2535 1856
2536 1857
2538 1858
2539 1859
2540 1860
2541 1861
2542 1862
2543 1863
2544 1864
2546 1865
2547 1866
2548 1867
2549 1868
2554 1869
2555 1870
2556 1871
2557 1872
2560 1873
2561 1874
2563 1875
2564 1876
2565 1877
2566 1878
2567 1879
2568 1880
2570 1881
2571 1882
2572 1883
2573 1884
2574 1885
2575 1886
2576 1887
2577 1888
2579 1889
2580 1890
2581 1891
2584 1892
2585 1893
2586 1894
2587 1895
2588 1896
2589 1897
2590 1898
2591 1899
2592 1900
2595 1901
2596 1902
2597 1903
2598 1904
2600 1905
2602 1906
2603 1907
2604 1908
2605 1909
2607 1910
2608 1911
2609 1912
2610 1913
2611 1914
2612 1915
2616 1916
2617 1917
2619 1918
2620 1919
2623 1920
2624 1921
2625 1922
2627 1923
2628 1924
2630 1925
2634 1926
2635 1927
2637 1928
2639 1929
2640 1930
2641 1931
2642 1932
2643 1933
2644 1934
2645 1935
2646 1936
2648 1937
2649 1938
2650 1939
2652 1940
2655 1941
2656 1942
2659 1943
2661 1944
2662 1945
2663 1946
2664 1947
2665 1948
2668 1949
2669 1950
2671 1951
2672 1952
2673 1953
2674 1954
2675 1955
2676 1956
2678 1957
2679 1958
2680 1959
2681 1960
2682 1961
2683 1962
2684 1963
2685 1964
2687 1965
2688 1966
2689 1967
2690 1968
2692 1969
2693 1970
2694 1971
2695 1972
2696 1973
2698 1974
2700 1975
2701 1976
2702 1977
2703 1978
2704 1979
2706 1980
2707 1981
2708 1982
2709 1983
2710 1984
2711 1985
2712 1986
2713 1987
2714 1988
2715 1989
2716 1990
2717 1991
2718 1992
2720 1993
2721 1994
2722 1995
2723 1996
2725 1997
2728 1998
2730 1999
2731 2000
2734 2001
2735 2002
2736 2003
2738 2004
2739 2005
2740 2006
2741 2007
2742 2008
2743 2009
2745 2010
2746 2011
2747 2012
2748 2013
2749 2014
2750 2015
2752 2016
2753 2017
2754 2018
2755 2019
2757 2020
2758 2021
2759 2022
2760 2023
2762 2024
2763 2025
2764 2026
2765 2027
2766 2028
2767 2029
2768 2030
2770 2031
2771 2032
2772 2033
2773 2034
2774 2035
2776 2036
2777 2037
2778 2038
2779 2039
2780 2040
2781 2041
2783 2042
2785 2043
2786 2044
2787 2045
2788 2046
2789 2047
2790 2048
2791 2049
2792 2050
2795 2051
2798 2052
2799 2053
2800 2054
2801 2055
2803 2056
2805 2057
2806 2058
2808 2059
2809 2060
2810 2061
2811 2062
2813 2063
2815 2064
2816 2065
2817 2066
2818 2067
2819 2068
2821 2069
2822 2070
2823 2071
2824 2072
2825 2073
2827 2074
2828 2075
2830 2076
2831 2077
2833 2078
2834 2079
2835 2080
2836 2081
2837 2082
2838 2083
2839 2084
2842 2085
2843 2086
2844 2087
2845 2088
2846 2089
2847 2090
2848 2091
2849 2092
2851 2093
2852 2094
2854 2095
2855 2096
2856 2097
2858 2098
2859 2099
2860 2100
2861 2101
2862 2102
2863 2103
2864 2104
2865 2105
2867 2106
2869 2107
2871 2108
2872 2109
2873 2110
2874 2111
2876 2112
2878 2113
2879 2114
2881 2115
2882 2116
2883 2117
2886 2118
2887 2119
2888 2120
2889 2121
2890 2122
2891 2123
2892 2124
2895 2125
2896 2126
2897 2127
2900 2128
2901 2129
2902 2130
2903 2131
2904 2132
2905 2133
2906 2134
2908 2135
2909 2136
2910 2137
2911 2138
2912 2139
2913 2140
2914 2141
2915 2142
2917 2143
2918 2144
2919 2145
2920 2146
2922 2147
2923 2148
2925 2149
2927 2150
2928 2151
2930 2152
2931 2153
2932 2154
2933 2155
2935 2156
2937 2157
2939 2158
2940 2159
2942 2160
2943 2161
2945 2162
2946 2163
2947 2164
2948 2165
2950 2166
2951 2167
2953 2168
2955 2169
2956 2170
2957 2171
2958 2172
2959 2173
2960 2174
2961 2175
2963 2176
2965 2177
2966 2178
2967 2179
2968 2180
2970 2181
2972 2182
2973 2183
2975 2184
2977 2185
2979 2186
2981 2187
2982 2188
2983 2189
2984 2190
2986 2191
2987 2192
2988 2193
2991 2194
2992 2195
2993 2196
2996 2197
2997 2198
3000 2199
3001 2200
3002 2201
3004 2202
3005 2203
3008 2204
3009 2205
3010 2206
3011 2207
3012 2208
3014 2209
3015 2210
3016 2211
3017 2212
3019 2213
3021 2214
3022 2215
3024 2216
3025 2217
3028 2218
3029 2219
3030 2220
3031 2221
3033 2222
3035 2223
3036 2224
3037 2225
3038 2226
3039 2227
3041 2228
3042 2229
3043 2230
3046 2231
3047 2232
3048 2233
3049 2234
3050 2235
3051 2236
3052 2237
3053 2238
3055 2239
3056 2240
3057 2241
3058 2242
3059 2243
3062 2244
3063 2245
3065 2246
3066 2247
3069 2248
3070 2249
3071 2250
3072 2251
3073 2252
3074 2253
3075 2254
3076 2255
3077 2256
3079 2257
3080 2258
3081 2259
3082 2260
3083 2261
3085 2262
3086 2263
3087 2264
3088 2265
3089 2266
3091 2267
3092 2268
3094 2269
3095 2270
3096 2271
3097 2272
3100 2273
3104 2274
3106 2275
3107 2276
3108 2277
3109 2278
3110 2279
3111 2280
3112 2281
3113 2282
3114 2283
3115 2284
3119 2285
3121 2286
3123 2287
3125 2288
3126 2289
3127 2290
3128 2291
3129 2292
3130 2293
3132 2294
3134 2295
3136 2296
3137 2297
3138 2298
3139 2299
3140 2300
3142 2301
3143 2302
3144 2303
3147 2304
3148 2305
3149 2306
3151 2307
3152 2308
3153 2309
3154 2310
3155 2311
3156 2312
3157 2313
3158 2314
3159 2315
3160 2316
3162 2317
3164 2318
3165 2319
3167 2320
3168 2321
3170 2322
3171 2323
3175 2324
3176 2325
3177 2326
3178 2327
3179 2328
3180 2329
3182 2330
3183 2331
3184 2332
3186 2333
3188 2334
3189 2335
3190 2336
3192 2337
3193 2338
3194 2339
3195 2340
3196 2341
3197 2342
3198 2343
3199 2344
3200 2345
3202 2346
3203 2347
3205 2348
3207 2349
3208 2350
3211 2351
3213 2352
3214 2353
3215 2354
3218 2355
3219 2356
3222 2357
3223 2358
3224 2359
3225 2360
3227 2361
3228 2362
3229 2363
3230 2364
3231 2365
3232 2366
3233 2367
3234 2368
3235 2369
3236 2370
3237 2371
3238 2372
3240 2373
3241 2374
3243 2375
3244 2376
3245 2377
3246 2378
3247 2379
3250 2380
3252 2381
3254 2382
3257 2383
3258 2384
3259 2385
3261 2386
3262 2387
3263 2388
3264 2389
3269 2390
3270 2391
3272 2392
3273 2393
3274 2394
3275 2395
3276 2396
3278 2397
3280 2398
3281 2399
3283 2400
3285 2401
3287 2402
3288 2403
3289 2404
3290 2405
3291 2406
3292 2407
3293 2408
3296 2409
3297 2410
3298 2411
3300 2412
3301 2413
3303 2414
3305 2415
3306 2416
3307 2417
3308 2418
3309 2419
3312 2420
3313 2421
3314 2422
3315 2423
3316 2424
3318 2425
3321 2426
3322 2427
3323 2428
3324 2429
3325 2430
3327 2431
3328 2432
3329 2433
3330 2434
3332 2435
3333 2436
3334 2437
3335 2438
3337 2439
3339 2440
3340 2441
3341 2442
3342 2443
3343 2444
3344 2445
3345 2446
3349 2447
3350 2448
3352 2449
3353 2450
3354 2451
3355 2452
3356 2453
3359 2454
3360 2455
3361 2456
3362 2457
3364 2458
3365 2459
3366 2460
3367 2461
3369 2462
3370 2463
3371 2464
3373 2465
3375 2466
3376 2467
3377 2468
3379 2469
3380 2470
3381 2471
3384 2472
3385 2473
3386 2474
3387 2475
3388 2476
3389 2477
3392 2478
3395 2479
3397 2480
3398 2481
3399 2482
3400 2483
3401 2484
3403 2485
3405 2486
3406 2487
3407 2488
3408 2489
3409 2490
3410 2491
3411 2492
3413 2493
3416 2494
3417 2495
3418 2496
3420 2497
3421 2498
3422 2499
3423 2500
3424 2501
3425 2502
3427 2503
3430 2504
3431 2505
3433 2506
3434 2507
3435 2508
3437 2509
3438 2510
3439 2511
3441 2512
3443 2513
3445 2514
3446 2515
3447 2516
3448 2517
3449 2518
3452 2519
3453 2520
3456 2521
3457 2522
3458 2523
3459 2524
3460 2525
3461 2526
3462 2527
3464 2528
3466 2529
3467 2530
3468 2531
3470 2532
3472 2533
3474 2534
3475 2535
3477 2536
3478 2537
3479 2538
3481 2539
3482 2540
3483 2541
3487 2542
3488 2543
3489 2544
3491 2545
3492 2546
3493 2547
3494 2548
3495 2549
3499 2550
3500 2551
3501 2552
3502 2553
3503 2554
3504 2555
3505 2556
3507 2557
3509 2558
3510 2559
3511 2560
3512 2561
3514 2562
3516 2563
3517 2564
3518 2565
3519 2566
3521 2567
3522 2568
3523 2569
3524 2570
3526 2571
3528 2572
3529 2573
3531 2574
3532 2575
3534 2576
3535 2577
3540 2578
3543 2579
3546 2580
3547 2581
3549 2582
3553 2583
3554 2584
3556 2585
3557 2586
3558 2587
3559 2588
3560 2589
3562 2590
3564 2591
3565 2592
3566 2593
3567 2594
3568 2595
3569 2596
3570 2597
3576 2598
3577 2599
3579 2600
3580 2601
3582 2602
3583 2603
3584 2604
3586 2605
3587 2606
3588 2607
3593 2608
3594 2609
3595 2610
3596 2611
3597 2612
3599 2613
3600 2614
3601 2615
3602 2616
3603 2617
3604 2618
3606 2619
3609 2620
3610 2621
3611 2622
3612 2623
3613 2624
3614 2625
3615 2626
3616 2627
3617 2628
3618 2629
3620 2630
3621 2631
3622 2632
3624 2633
3625 2634
3626 2635
3628 2636
3629 2637
3630 2638
3631 2639
3634 2640
3635 2641
3636 2642
3637 2643
3638 2644
3639 2645
3641 2646
3643 2647
3644 2648
3645 2649
3646 2650
3647 2651
3648 2652
3649 2653
3650 2654
3655 2655
3657 2656
3658 2657
3659 2658
3660 2659
3661 2660
3662 2661
3663 2662
3665 2663
3666 2664
3667 2665
3668 2666
3670 2667
3671 2668
3672 2669
3673 2670
3675 2671
3677 2672
3678 2673
3680 2674
3681 2675
3682 2676
3684 2677
3685 2678
3687 2679
3688 2680
3689 2681
3690 2682
3692 2683
3693 2684
3694 2685
3695 2686
3697 2687
3698 2688
3699 2689
3700 2690
3701 2691
3702 2692
3703 2693
3704 2694
3705 2695
3706 2696
3707 2697
3709 2698
3710 2699
3713 2700
3714 2701
3716 2702
3717 2703
3718 2704
3721 2705
3723 2706
3727 2707
3728 2708
3729 2709
3730 2710
3731 2711
3732 2712
3733 2713
3734 2714
3735 2715
3736 2716
3737 2717
3738 2718
3739 2719
3740 2720
3741 2721
3742 2722
3743 2723
3744 2724
3745 2725
3747 2726
3748 2727
3751 2728
3752 2729
3753 2730
3754 2731
3755 2732
3756 2733
3757 2734
3760 2735
3761 2736
3763 2737
3767 2738
3769 2739
3772 2740
3773 2741
3774 2742
3775 2743
3777 2744
3778 2745
3779 2746
3780 2747
3782 2748
3783 2749
3784 2750
3785 2751
3786 2752
3787 2753
3789 2754
3790 2755
3791 2756
3792 2757
3793 2758
3794 2759
3795 2760
3796 2761
3797 2762
3798 2763
3799 2764
3800 2765
3802 2766
3804 2767
3805 2768
3806 2769
3807 2770
3808 2771
3809 2772
3810 2773
3812 2774
3813 2775
3814 2776
3815 2777
3816 2778
3817 2779
3818 2780
3821 2781
3822 2782
3823 2783
3824 2784
3825 2785
3827 2786
3828 2787
3829 2788
3831 2789
3832 2790
3833 2791
3834 2792
3835 2793
3836 2794
3837 2795
3838 2796
3839 2797
3840 2798
3841 2799
3842 2800
3844 2801
3845 2802
3847 2803
3849 2804
3850 2805
3851 2806
3854 2807
3857 2808
3858 2809
3859 2810
3861 2811
3862 2812
3863 2813
3865 2814
3866 2815
3867 2816
3868 2817
3869 2818
3870 2819
3871 2820
3872 2821
3874 2822
3877 2823
3878 2824
3881 2825
3882 2826
3883 2827
3884 2828
3888 2829
3889 2830
3891 2831
3893 2832
3895 2833
3896 2834
3897 2835
3898 2836
3900 2837
3902 2838
3904 2839
3905 2840
3906 2841
3909 2842
3910 2843
3911 2844
3912 2845
3914 2846
3915 2847
3916 2848
3917 2849
3918 2850
3920 2851
3921 2852
3922 2853
3923 2854
3924 2855
3925 2856
3928 2857
3929 2858
3930 2859
3931 2860
3932 2861
3934 2862
3935 2863
3936 2864
3938 2865
3940 2866
3941 2867
3942 2868
3944 2869
3945 2870
3946 2871
3948 2872
3950 2873
3951 2874
3952 2875
3953 2876
3954 2877
3956 2878
3957 2879
3958 2880
3959 2881
3960 2882
3961 2883
3963 2884
3964 2885
3965 2886
3967 2887
3968 2888
3969 2889
3970 2890
3971 2891
3972 2892
3974 2893
3976 2894
3977 2895
3978 2896
3980 2897
3981 2898
3983 2899
3984 2900
3985 2901
3987 2902
3988 2903
3990 2904
3991 2905
3992 2906
3993 2907
3994 2908
3995 2909
3998 2910
4000 2911
4001 2912
4002 2913
4004 2914
4005 2915
4008 2916
4009 2917
4011 2918
4012 2919
4013 2920
4014 2921
4015 2922
4016 2923
4017 2924
4019 2925
4020 2926
4021 2927
4022 2928
4023 2929
4026 2930
4027 2931
4028 2932
4029 2933
4030 2934
4032 2935
4033 2936
4034 2937
4035 2938
4036 2939
4038 2940
4040 2941
4041 2942
4042 2943
4043 2944
4045 2945
4046 2946
4047 2947
4048 2948
4050 2949
4051 2950
4052 2951
4053 2952
4055 2953
4056 2954
4057 2955
4060 2956
4061 2957
4062 2958
4063 2959
4064 2960
4065 2961
4066 2962
4067 2963
4068 2964
4069 2965
4070 2966
4071 2967
4073 2968
4074 2969
4075 2970
4076 2971
4077 2972
4079 2973
4080 2974
4081 2975
4083 2976
4085 2977
4086 2978
4088 2979
4089 2980
4091 2981
4093 2982
4095 2983
4096 2984
4098 2985
4099 2986
4100 2987
4102 2988
4103 2989
4104 2990
4105 2991
4106 2992
4107 2993
4109 2994
4110 2995
4112 2996
4113 2997
4114 2998
4115 2999
4117 3000
4118 3001
4119 3002
4120 3003
4121 3004
4122 3005
4123 3006
4125 3007
4126 3008
4128 3009
4129 3010
4130 3011
4131 3012
4132 3013
4134 3014
4136 3015
4137 3016
4138 3017
4140 3018
4141 3019
4142 3020
4143 3021
4144 3022
4145 3023
4146 3024
4148 3025
4149 3026
4153 3027
4154 3028
4155 3029
4156 3030
4157 3031
4159 3032
4160 3033
4162 3034
4163 3035
4164 3036
4165 3037
4166 3038
4167 3039
4170 3040
4171 3041
4172 3042
4174 3043
4175 3044
4180 3045
4181 3046
4183 3047
4184 3048
4185 3049
4186 3050
4189 3051
4192 3052
4193 3053
4195 3054
4198 3055
4199 3056
4200 3057
4201 3058
4202 3059
4204 3060
4205 3061
4206 3062
4207 3063
4208 3064
4211 3065
4212 3066
4215 3067
4217 3068
4223 3069
4224 3070
4226 3071
4227 3072
4228 3073
4229 3074
4230 3075
4233 3076
4234 3077
4235 3078
4236 3079
4238 3080
4239 3081
4240 3082
4241 3083
4242 3084
4244 3085
4246 3086
4247 3087
4248 3088
4249 3089
4250 3090
4251 3091
4252 3092
4253 3093
4254 3094
4255 3095
4256 3096
4257 3097
4259 3098
4260 3099
4261 3100
4263 3101
4264 3102
4267 3103
4268 3104
4269 3105
4270 3106
4271 3107
4272 3108
4273 3109
4274 3110
4276 3111
4277 3112
4279 3113
4280 3114
4281 3115
4282 3116
4283 3117
4285 3118
4286 3119
4288 3120
4289 3121
4290 3122
4292 3123
4293 3124
4294 3125
4295 3126
4296 3127
4297 3128
4298 3129
4299 3130
4300 3131
4301 3132
4303 3133
4304 3134
4305 3135
4306 3136
4307 3137
4308 3138
4309 3139
4310 3140
4311 3141
4312 3142
4313 3143
4314 3144
4315 3145
4316 3146
4318 3147
4319 3148
4321 3149
4322 3150
4323 3151
4324 3152
4325 3153
4328 3154
4329 3155
4330 3156
4332 3157
4333 3158
4334 3159
4335 3160
4336 3161
4338 3162
4339 3163
4340 3164
4341 3165
4343 3166
4344 3167
4345 3168
4349 3169
4351 3170
4352 3171
4353 3172
4354 3173
4357 3174
4359 3175
4360 3176
4361 3177
4362 3178
4366 3179
4368 3180
4369 3181
4372 3182
4373 3183
4375 3184
4377 3185
4378 3186
4380 3187
4381 3188
4382 3189
4383 3190
4385 3191
4386 3192
4387 3193
4388 3194
4390 3195
4391 3196
4392 3197
4394 3198
4395 3199
4398 3200
4399 3201
4400 3202
4402 3203
4403 3204
4404 3205
4405 3206
4407 3207
4408 3208
4410 3209
4411 3210
4414 3211
4416 3212
4417 3213
4418 3214
4419 3215
4421 3216
4422 3217
4428 3218
4429 3219
4431 3220
4432 3221
4433 3222
4434 3223
4435 3224
4437 3225
4438 3226
4440 3227
4441 3228
4442 3229
4443 3230
4444 3231
4446 3232
4447 3233
4448 3234
4450 3235
4451 3236
4452 3237
4453 3238
4454 3239
4455 3240
4456 3241
4457 3242
4458 3243
4459 3244
4461 3245
4462 3246
4463 3247
4464 3248
4467 3249
4468 3250
4469 3251
4470 3252
4472 3253
4473 3254
4474 3255
4475 3256
4476 3257
4477 3258
4479 3259
4480 3260
4481 3261
4482 3262
4483 3263
4484 3264
4485 3265
4486 3266
4490 3267
4491 3268
4493 3269
4494 3270
4498 3271
4502 3272
4504 3273
4508 3274
4510 3275
4511 3276
4512 3277
4513 3278
4514 3279
4515 3280
4516 3281
4519 3282
4521 3283
4524 3284
4526 3285
4527 3286
4528 3287
4530 3288
4531 3289
4532 3290
4533 3291
4534 3292
4535 3293
4536 3294
4538 3295
4539 3296
4540 3297
4541 3298
4542 3299
4544 3300
4545 3301
4546 3302
4547 3303
4548 3304
4549 3305
4551 3306
4552 3307
4553 3308
4555 3309
4558 3310
4560 3311
4561 3312
4564 3313
4565 3314
4566 3315
4567 3316
4568 3317
4569 3318
4571 3319
4573 3320
4574 3321
4575 3322
4576 3323
4577 3324
4578 3325
4579 3326
4582 3327
4583 3328
4584 3329
4585 3330
4586 3331
4587 3332
4589 3333
4591 3334
4592 3335
4593 3336
4594 3337
4595 3338
4596 3339
4599 3340
4601 3341
4602 3342
4603 3343
4604 3344
4606 3345
4607 3346
4608 3347
4609 3348
4611 3349
4615 3350
4616 3351
4617 3352
4618 3353
4619 3354
4622 3355
4624 3356
4625 3357
4626 3358
4627 3359
4631 3360
4632 3361
4633 3362
4635 3363
4636 3364
4637 3365
4638 3366
4639 3367
4640 3368
4643 3369
4645 3370
4646 3371
4647 3372
4648 3373
4649 3374
4652 3375
4654 3376
4655 3377
4656 3378
4658 3379
4659 3380
4660 3381
4661 3382
4662 3383
4663 3384
4665 3385
4671 3386
4673 3387
4674 3388
4675 3389
4676 3390
4677 3391
4678 3392
4679 3393
4680 3394
4681 3395
4682 3396
4683 3397
4684 3398
4685 3399
4686 3400
4687 3401
4688 3402
4689 3403
4690 3404
4692 3405
4693 3406
4694 3407
4695 3408
4696 3409
4697 3410
4699 3411
4700 3412
4701 3413
4703 3414
4704 3415
4705 3416
4707 3417
4708 3418
4709 3419
4710 3420
4712 3421
4714 3422
4717 3423
4718 3424
4719 3425
4720 3426
4722 3427
4724 3428
4725 3429
4727 3430
4729 3431
4730 3432
4731 3433
4732 3434
4734 3435
4735 3436
4736 3437
4737 3438
4738 3439
4740 3440
4741 3441
4742 3442
4743 3443
4744 3444
4746 3445
4749 3446
4750 3447
4752 3448
4753 3449
4754 3450
4756 3451
4760 3452
4761 3453
4762 3454
4763 3455
4764 3456
4766 3457
4767 3458
4769 3459
4771 3460
4772 3461
4773 3462
4775 3463
4776 3464
4777 3465
4778 3466
4779 3467
4782 3468
4783 3469
4784 3470
4785 3471
4787 3472
4789 3473
4790 3474
4792 3475
4794 3476
4795 3477
4796 3478
4797 3479
4798 3480
4801 3481
4802 3482
4804 3483
4807 3484
4809 3485
4810 3486
4811 3487
4812 3488
4813 3489
4814 3490
4815 3491
4816 3492
4817 3493
4818 3494
4819 3495
4820 3496
4822 3497
4823 3498
4824 3499
4825 3500
4826 3501
4828 3502
4829 3503
4830 3504
4831 3505
4833 3506
4834 3507
4835 3508
4836 3509
4837 3510
4838 3511
4839 3512
4840 3513
4842 3514
4843 3515
4844 3516
4846 3517
4847 3518
4849 3519
4850 3520
4851 3521
4852 3522
4854 3523
4855 3524
4856 3525
4857 3526
4859 3527
4860 3528
4861 3529
4863 3530
4866 3531
4868 3532
4870 3533
4874 3534
4875 3535
4876 3536
4877 3537
4880 3538
4881 3539
4882 3540
4884 3541
4885 3542
4886 3543
4887 3544
4889 3545
4890 3546
4892 3547
4893 3548
4895 3549
4896 3550
4897 3551
4899 3552
4900 3553
4902 3554
4903 3555
4904 3556
4905 3557
4906 3558
4908 3559
4909 3560
4910 3561
4911 3562
4912 3563
4913 3564
4915 3565
4916 3566
4920 3567
4921 3568
4922 3569
4923 3570
4924 3571
4926 3572
4927 3573
4928 3574
4929 3575
4930 3576
4932 3577
4935 3578
4936 3579
4937 3580
4939 3581
4940 3582
4941 3583
4943 3584
4944 3585
4945 3586
4946 3587
4947 3588
4948 3589
4949 3590
4951 3591
4953 3592
4957 3593
4958 3594
4959 3595
4960 3596
4961 3597
4963 3598
4964 3599
4965 3600
4966 3601
4967 3602
4969 3603
4970 3604
4972 3605
4973 3606
4974 3607
4975 3608
4977 3609
4978 3610
4980 3611
4982 3612
4984 3613
4985 3614
4986 3615
4987 3616
4988 3617
4990 3618
4991 3619
4993 3620
4994 3621
4995 3622
4996 3623
4997 3624
4999 3625
5000 3626
5002 3627
5003 3628
5004 3629
5005 3630
5006 3631
5007 3632
5008 3633
5010 3634
5011 3635
5012 3636
5013 3637
5014 3638
5015 3639
5016 3640
5017 3641
5019 3642
5020 3643
5021 3644
5022 3645
5024 3646
5025 3647
5027 3648
5028 3649
5031 3650
5035 3651
5036 3652
5039 3653
5040 3654
5041 3655
5042 3656
5044 3657
5045 3658
5046 3659
5047 3660
5049 3661
5050 3662
5053 3663
5054 3664
5056 3665
5058 3666
5059 3667
5060 3668
5061 3669
5062 3670
5063 3671
5064 3672
5066 3673
5068 3674
5069 3675
5070 3676
5071 3677
5073 3678
5074 3679
5075 3680
5076 3681
5077 3682
5078 3683
5079 3684
5080 3685
5081 3686
5082 3687
5084 3688
5086 3689
5087 3690
5088 3691
5089 3692
5090 3693
5091 3694
5092 3695
5093 3696
5095 3697
5096 3698
5097 3699
5098 3700
5100 3701
5101 3702
5102 3703
5103 3704
5105 3705
5106 3706
5107 3707
5108 3708
5109 3709
5110 3710
5111 3711
5112 3712
5113 3713
5114 3714
5115 3715
5116 3716
5117 3717
5118 3718
5119 3719
5120 3720
5123 3721
5124 3722
5125 3723
5126 3724
5127 3725
5128 3726
5129 3727
5130 3728
5131 3729
5132 3730
5133 3731
5135 3732
5136 3733
5137 3734
5138 3735
5140 3736
5141 3737
5142 3738
5143 3739
5144 3740
5146 3741
5147 3742
5148 3743
5151 3744
5152 3745
5153 3746
5154 3747
5155 3748
5156 3749
5157 3750
5158 3751
5159 3752
5161 3753
5166 3754
5167 3755
5168 3756
5170 3757
5171 3758
5172 3759
5173 3760
5174 3761
5175 3762
5178 3763
5181 3764
5182 3765
5184 3766
5185 3767
5186 3768
5188 3769
5189 3770
5190 3771
5191 3772
5192 3773
5193 3774
5195 3775
5196 3776
5197 3777
5198 3778
5202 3779
5203 3780
5204 3781
5205 3782
5206 3783
5207 3784
5208 3785
5210 3786
5211 3787
5212 3788
5213 3789
5216 3790
5217 3791
5218 3792
5220 3793
5222 3794
5225 3795
5227 3796
5228 3797
5231 3798
5232 3799
5233 3800
5235 3801
5236 3802
5237 3803
5238 3804
5239 3805
5240 3806
5243 3807
5244 3808
5245 3809
5246 3810
5247 3811
5248 3812
5249 3813
5251 3814
5255 3815
5256 3816
5257 3817
5258 3818
5259 3819
5260 3820
5261 3821
5262 3822
5263 3823
5264 3824
5265 3825
5266 3826
5267 3827
5268 3828
5272 3829
5273 3830
5274 3831
5275 3832
5276 3833
5277 3834
5279 3835
5281 3836
5282 3837
5283 3838
5284 3839
5285 3840
5286 3841
5287 3842
5288 3843
5289 3844
5290 3845
5291 3846
5292 3847
5293 3848
5294 3849
5296 3850
5297 3851
5298 3852
5299 3853
5300 3854
5301 3855
5302 3856
5304 3857
5305 3858
5307 3859
5308 3860
5309 3861
5310 3862
5311 3863
5312 3864
5313 3865
5315 3866
5317 3867
5318 3868
5319 3869
5320 3870
5321 3871
5322 3872
5323 3873
5327 3874
5332 3875
5333 3876
5335 3877
5336 3878
5337 3879
5338 3880
5339 3881
5340 3882
5341 3883
5342 3884
5343 3885
5344 3886
5345 3887
5347 3888
5348 3889
5349 3890
5350 3891
5352 3892
5353 3893
5354 3894
5358 3895
5362 3896
5363 3897
5364 3898
5365 3899
5366 3900
5367 3901
5368 3902
5370 3903
5373 3904
5375 3905
5376 3906
5378 3907
5380 3908
5381 3909
5383 3910
5385 3911
5387 3912
5388 3913
5389 3914
5391 3915
5392 3916
5394 3917
5395 3918
5396 3919
5398 3920
5399 3921
5401 3922
5402 3923
5404 3924
5405 3925
5406 3926
5407 3927
5408 3928
5411 3929
5412 3930
5414 3931
5415 3932
5417 3933
5419 3934
5421 3935
5422 3936
5423 3937
5424 3938
5425 3939
5426 3940
5428 3941
5429 3942
5430 3943
5431 3944
5432 3945
5433 3946
5437 3947
5438 3948
5439 3949
5443 3950
5444 3951
5446 3952
5448 3953
5449 3954
5450 3955
5451 3956
5454 3957
5456 3958
5457 3959
5458 3960
5461 3961
5462 3962
5464 3963
5465 3964
5467 3965
5468 3966
5469 3967
5470 3968
5471 3969
5472 3970
5473 3971
5474 3972
5475 3973
5476 3974
5477 3975
5478 3976
5481 3977
5482 3978
5484 3979
5486 3980
5487 3981
5489 3982
5490 3983
5493 3984
5494 3985
5495 3986
5496 3987
5497 3988
5498 3989
5499 3990
5500 3991
5501 3992
5502 3993
5503 3994
5504 3995
5505 3996
5506 3997
5507 3998
5509 3999
5510 4000
5512 4001
5513 4002
5514 4003
5515 4004
5516 4005
5517 4006
5518 4007
5519 4008
5520 4009
5521 4010
5522 4011
5523 4012
5524 4013
5525 4014
5526 4015
5527 4016
5528 4017
5529 4018
5531 4019
5533 4020
5534 4021
5535 4022
5537 4023
5538 4024
5539 4025
5541 4026
5543 4027
5545 4028
5547 4029
5548 4030
5549 4031
5550 4032
5551 4033
5552 4034
5553 4035
5555 4036
5557 4037
5558 4038
5559 4039
5560 4040
5563 4041
5564 4042
5565 4043
5568 4044
5569 4045
5570 4046
5572 4047
5573 4048
5574 4049
5575 4050
5577 4051
5578 4052
5579 4053
5580 4054
5582 4055
5583 4056
5584 4057
5585 4058
5586 4059
5588 4060
5590 4061
5593 4062
5594 4063
5595 4064
5596 4065
5597 4066
5599 4067
5600 4068
5601 4069
5602 4070
5603 4071
5604 4072
5605 4073
5606 4074
5608 4075
5609 4076
5610 4077
5612 4078
5613 4079
5614 4080
5615 4081
5616 4082
5617 4083
5619 4084
5620 4085
5622 4086
5623 4087
5625 4088
5628 4089
5629 4090
5630 4091
5631 4092
5632 4093
5633 4094
5634 4095
5635 4096
5636 4097
5638 4098
5641 4099
5643 4100
5647 4101
5648 4102
5649 4103
5650 4104
5651 4105
5654 4106
5655 4107
5657 4108
5658 4109
5659 4110
5661 4111
5662 4112
5663 4113
5664 4114
5665 4115
5667 4116
5668 4117
5669 4118
5670 4119
5671 4120
5674 4121
5675 4122
5680 4123
5683 4124
5684 4125
5685 4126
5686 4127
5687 4128
5688 4129
5690 4130
5691 4131
5693 4132
5694 4133
5695 4134
5696 4135
5697 4136
5698 4137
5700 4138
5701 4139
5702 4140
5703 4141
5704 4142
5706 4143
5707 4144
5709 4145
5710 4146
5712 4147
5713 4148
5714 4149
5715 4150
5716 4151
5717 4152
5718 4153
5720 4154
5723 4155
5724 4156
5725 4157
5727 4158
5728 4159
5729 4160
5730 4161
5731 4162
5733 4163
5734 4164
5735 4165
5736 4166
5737 4167
5739 4168
5740 4169
5741 4170
5742 4171
5743 4172
5744 4173
5745 4174
5747 4175
5748 4176
5749 4177
5750 4178
5752 4179
5754 4180
5755 4181
5756 4182
5758 4183
5759 4184
5760 4185
5761 4186
5762 4187
5763 4188
5765 4189
5766 4190
5768 4191
5770 4192
5771 4193
5772 4194
5773 4195
5775 4196
5777 4197
5778 4198
5779 4199
5780 4200
5781 4201
5783 4202
5784 4203
5785 4204
5786 4205
5794 4206
5795 4207
5796 4208
5797 4209
5798 4210
5799 4211
5800 4212
5801 4213
5804 4214
5805 4215
5806 4216
5807 4217
5810 4218
5811 4219
5814 4220
5816 4221
5817 4222
5818 4223
5819 4224
5820 4225
5821 4226
5824 4227
5825 4228
5826 4229
5828 4230
5829 4231
5830 4232
5831 4233
5832 4234
5833 4235
5834 4236
5836 4237
5837 4238
5838 4239
5839 4240
5841 4241
5842 4242
5843 4243
5846 4244
5847 4245
5848 4246
5849 4247
5851 4248
5852 4249
5853 4250
5854 4251
5855 4252
5857 4253
5858 4254
5859 4255
5860 4256
5862 4257
5863 4258
5864 4259
5865 4260
5866 4261
5867 4262
5868 4263
5870 4264
5872 4265
5874 4266
5875 4267
5877 4268
5878 4269
5879 4270
5880 4271
5881 4272
5882 4273
5885 4274
5886 4275
5887 4276
5891 4277
5892 4278
5893 4279
5894 4280
5895 4281
5896 4282
5897 4283
5898 4284
5899 4285
5900 4286
5901 4287
5902 4288
5903 4289
5904 4290
5905 4291
5906 4292
5908 4293
5909 4294
5911 4295
5912 4296
5913 4297
5914 4298
5915 4299
5917 4300
5919 4301
5920 4302
5921 4303
5922 4304
5923 4305
5924 4306
5925 4307
5926 4308
5929 4309
5930 4310
5931 4311
5933 4312
5934 4313
5935 4314
5936 4315
5937 4316
5939 4317
5940 4318
5942 4319
5943 4320
5945 4321
5946 4322
5947 4323
5948 4324
5949 4325
5950 4326
5953 4327
5955 4328
5956 4329
5957 4330
5958 4331
5961 4332
5962 4333
5963 4334
5964 4335
5965 4336
5967 4337
5969 4338
5971 4339
5972 4340
5973 4341
5974 4342
5976 4343
5978 4344
5979 4345
5980 4346
5981 4347
5984 4348
5985 4349
5987 4350
5988 4351
5989 4352
5990 4353
5991 4354
5992 4355
5994 4356
5995 4357
5997 4358
5998 4359
5999 4360
6000 4361
6001 4362
6002 4363
6003 4364
6004 4365
6005 4366
6006 4367
6007 4368
6008 4369
6009 4370
6010 4371
6011 4372
6012 4373
6013 4374
6015 4375
6016 4376
6017 4377
6018 4378
6019 4379
6020 4380
6021 4381
6022 4382
6023 4383
6024 4384
6025 4385
6026 4386
6027 4387
6028 4388
6029 4389
6030 4390
6031 4391
6032 4392
6033 4393
6034 4394
6035 4395
6037 4396
6039 4397
6040 4398
6041 4399
6042 4400
6044 4401
6045 4402
6046 4403
6047 4404
6048 4405
6049 4406
6051 4407
6052 4408
6053 4409
6055 4410
6056 4411
6057 4412
6058 4413
6059 4414
6060 4415
6061 4416
6062 4417
6064 4418
6066 4419
6067 4420
6069 4421
6070 4422
6072 4423
6073 4424
6074 4425
6076 4426
6077 4427
6080 4428
6081 4429
6083 4430
6084 4431
6085 4432
6086 4433
6087 4434
6088 4435
6090 4436
6092 4437
6093 4438
6095 4439
6096 4440
6097 4441
6098 4442
6099 4443
6101 4444
6102 4445
6103 4446
6104 4447
6107 4448
6108 4449
6109 4450
6110 4451
6111 4452
6112 4453
6114 4454
6115 4455
6117 4456
6119 4457
6120 4458
6121 4459
6124 4460
6125 4461
6126 4462
6127 4463
6128 4464
6129 4465
6131 4466
6132 4467
6133 4468
6134 4469
6137 4470
6138 4471
6139 4472
6140 4473
6141 4474
6142 4475
6147 4476
6148 4477
6149 4478
6150 4479
6151 4480
6154 4481
6155 4482
6156 4483
6158 4484
6160 4485
6161 4486
6163 4487
6164 4488
6165 4489
6166 4490
6169 4491
6170 4492
6172 4493
6173 4494
6176 4495
6177 4496
6180 4497
6181 4498
6184 4499
6185 4500
6186 4501
6187 4502
6189 4503
6190 4504
6191 4505
6192 4506
6193 4507
6194 4508
6195 4509
6196 4510
6197 4511
6198 4512
6199 4513
6200 4514
6201 4515
6202 4516
6203 4517
6205 4518
6207 4519
6208 4520
6209 4521
6210 4522
6211 4523
6213 4524
6214 4525
6215 4526
6216 4527
6218 4528
6219 4529
6220 4530
6221 4531
6222 4532
6224 4533
6225 4534
6226 4535
6227 4536
6228 4537
6230 4538
6231 4539
6232 4540
6233 4541
6235 4542
6236 4543
6237 4544
6238 4545
6240 4546
6241 4547
6243 4548
6244 4549
6245 4550
6246 4551
6247 4552
6248 4553
6250 4554
6252 4555
6253 4556
6254 4557
6255 4558
6256 4559
6258 4560
6259 4561
6261 4562
6262 4563
6263 4564
6265 4565
6267 4566
6268 4567
6269 4568
6271 4569
6272 4570
6273 4571
6274 4572
6275 4573
6276 4574
6277 4575
6278 4576
6279 4577
6280 4578
6281 4579
6282 4580
6284 4581
6285 4582
6286 4583
6288 4584
6290 4585
6291 4586
6292 4587
6293 4588
6294 4589
6295 4590
6297 4591
6298 4592
6300 4593
6301 4594
6303 4595
6304 4596
6305 4597
6306 4598
6310 4599
6311 4600
6312 4601
6313 4602
6314 4603
6316 4604
6317 4605
6318 4606
6319 4607
6320 4608
6322 4609
6323 4610
6324 4611
6328 4612
6329 4613
6330 4614
6331 4615
6332 4616
6334 4617
6335 4618
6336 4619
6337 4620
6338 4621
6339 4622
6340 4623
6341 4624
6342 4625
6344 4626
6345 4627
6346 4628
6347 4629
6349 4630
6350 4631
6351 4632
6352 4633
6353 4634
6354 4635
6355 4636
6356 4637
6357 4638
6358 4639
6360 4640
6361 4641
6362 4642
6365 4643
6366 4644
6367 4645
6368 4646
6369 4647
6370 4648
6373 4649
6375 4650
6376 4651
6377 4652
6378 4653
6379 4654
6382 4655
6383 4656
6384 4657
6386 4658
6388 4659
6389 4660
6390 4661
6391 4662
6392 4663
6393 4664
6394 4665
6395 4666
6397 4667
6398 4668
6402 4669
6404 4670
6405 4671
6407 4672
6408 4673
6409 4674
6412 4675
6414 4676
6416 4677
6417 4678
6418 4679
6419 4680
6420 4681
6421 4682
6422 4683
6423 4684
6424 4685
6425 4686
6426 4687
6427 4688
6428 4689
6429 4690
6430 4691
6431 4692
6432 4693
6433 4694
6434 4695
6435 4696
6438 4697
6440 4698
6442 4699
6444 4700
6446 4701
6447 4702
6448 4703
6449 4704
6450 4705
6452 4706
6453 4707
6454 4708
6455 4709
6456 4710
6457 4711
6459 4712
6460 4713
6462 4714
6464 4715
6465 4716
6466 4717
6469 4718
6471 4719
6472 4720
6475 4721
6477 4722
6478 4723
6479 4724
6481 4725
6482 4726
6483 4727
6486 4728
6487 4729
6488 4730
6489 4731
6490 4732
6491 4733
6494 4734
6495 4735
6496 4736
6497 4737
6498 4738
6500 4739
6501 4740
6504 4741
6505 4742
6507 4743
6508 4744
6510 4745
6511 4746
6512 4747
6513 4748
6517 4749
6518 4750
6519 4751
6520 4752
6522 4753
6523 4754
6524 4755
6525 4756
6526 4757
6527 4758
6528 4759
6529 4760
6530 4761
6531 4762
6535 4763
6538 4764
6539 4765
6540 4766
6542 4767
6543 4768
6545 4769
6548 4770
6549 4771
6551 4772
6552 4773
6553 4774
6554 4775
6555 4776
6556 4777
6557 4778
6559 4779
6560 4780
6561 4781
6562 4782
6563 4783
6564 4784
6565 4785
6566 4786
6571 4787
6573 4788
6574 4789
6575 4790
6576 4791
6578 4792
6579 4793
6580 4794
6581 4795
6584 4796
6585 4797
6586 4798
6587 4799
6588 4800
6589 4801
6590 4802
6592 4803
6593 4804
6594 4805
6595 4806
6596 4807
6597 4808
6599 4809
6600 4810
6602 4811
6604 4812
6605 4813
6607 4814
6610 4815
6612 4816
6613 4817
6616 4818
6617 4819
6619 4820
6620 4821
6621 4822
6622 4823
6624 4824
6628 4825
6629 4826
6631 4827
6632 4828
6633 4829
6634 4830
6636 4831
6638 4832
6640 4833
6641 4834
6643 4835
6644 4836
6645 4837
6646 4838
6650 4839
6652 4840
6653 4841
6654 4842
6655 4843
6656 4844
6658 4845
6659 4846
6660 4847
6661 4848
6662 4849
6664 4850
6666 4851
6667 4852
6668 4853
6669 4854
6671 4855
6672 4856
6673 4857
6674 4858
6675 4859
6676 4860
6677 4861
6679 4862
6680 4863
6681 4864
6682 4865
6683 4866
6684 4867
6685 4868
6686 4869
6687 4870
6688 4871
6689 4872
6690 4873
6693 4874
6694 4875
6695 4876
6696 4877
6699 4878
6700 4879
6704 4880
6706 4881
6707 4882
6708 4883
6709 4884
6710 4885
6711 4886
6712 4887
6714 4888
6715 4889
6716 4890
6717 4891
6718 4892
6719 4893
6722 4894
6723 4895
6724 4896
6725 4897
6726 4898
6727 4899
6728 4900
6729 4901
6730 4902
6732 4903
6733 4904
6734 4905
6736 4906
6737 4907
6738 4908
6739 4909
6740 4910
6743 4911
6744 4912
6746 4913
6747 4914
6748 4915
6749 4916
6750 4917
6751 4918
6754 4919
6755 4920
6758 4921
6759 4922
6761 4923
6763 4924
6764 4925
6766 4926
6767 4927
6768 4928
6769 4929
6770 4930
6772 4931
6773 4932
6775 4933
6776 4934
6777 4935
6778 4936
6779 4937
6780 4938
6781 4939
6782 4940
6783 4941
6784 4942
6785 4943
6787 4944
6789 4945
6790 4946
6793 4947
6794 4948
6795 4949
6796 4950
6797 4951
6798 4952
6799 4953
6801 4954
6802 4955
6803 4956
6805 4957
6807 4958
6808 4959
6809 4960
6810 4961
6811 4962
6813 4963
6814 4964
6816 4965
6817 4966
6818 4967
6819 4968
6820 4969
6821 4970
6822 4971
6823 4972
6824 4973
6828 4974
6830 4975
6831 4976
6832 4977
6833 4978
6834 4979
6835 4980
6836 4981
6837 4982
6838 4983
6841 4984
6842 4985
6844 4986
6845 4987
6847 4988
6848 4989
6849 4990
6850 4991
6851 4992
6852 4993
6853 4994
6854 4995
6855 4996
6856 4997
6857 4998
6859 4999
6860 5000
6862 5001
6863 5002
6864 5003
6865 5004
6866 5005
6867 5006
6868 5007
6869 5008
6873 5009
6878 5010
6880 5011
6882 5012
6883 5013
6884 5014
6885 5015
6886 5016
6888 5017
6889 5018
6890 5019
6891 5020
6892 5021
6893 5022
6894 5023
6895 5024
6896 5025
6897 5026
6898 5027
6899 5028
6900 5029
6901 5030
6902 5031
6903 5032
6905 5033
6906 5034
6909 5035
6910 5036
6911 5037
6912 5038
6913 5039
6918 5040
6919 5041
6920 5042
6921 5043
6922 5044
6923 5045
6924 5046
6925 5047
6927 5048
6928 5049
6929 5050
6930 5051
6931 5052
6934 5053
6935 5054
6936 5055
6937 5056
6938 5057
6939 5058
6940 5059
6941 5060
6942 5061
6944 5062
6949 5063
6952 5064
6953 5065
6955 5066
6956 5067
6957 5068
6959 5069
6961 5070
6962 5071
6963 5072
6964 5073
6965 5074
6966 5075
6967 5076
6968 5077
6969 5078
6970 5079
6972 5080
6973 5081
6975 5082
6977 5083
6978 5084
6979 5085
6980 5086
6981 5087
6982 5088
6983 5089
6985 5090
6986 5091
6987 5092
6988 5093
6989 5094
6991 5095
6992 5096
6994 5097
6997 5098
6998 5099
7000 5100
7004 5101
7005 5102
7006 5103
7009 5104
7011 5105
7012 5106
7013 5107
7015 5108
7016 5109
7020 5110
7024 5111
7025 5112
7026 5113
7027 5114
7028 5115
7029 5116
7030 5117
7031 5118
7032 5119
7033 5120
7035 5121
7036 5122
7037 5123
7038 5124
7039 5125
7040 5126
7041 5127
7043 5128
7044 5129
7045 5130
7046 5131
7047 5132
7048 5133
7049 5134
7050 5135
7051 5136
7054 5137
7055 5138
7056 5139
7057 5140
7059 5141
7060 5142
7064 5143
7065 5144
7067 5145
7068 5146
7069 5147
7070 5148
7072 5149
7073 5150
7074 5151
7075 5152
7076 5153
7077 5154
7078 5155
7079 5156
7080 5157
7081 5158
7082 5159
7083 5160
7084 5161
7085 5162
7086 5163
7087 5164
7088 5165
7089 5166
7090 5167
7093 5168
7094 5169
7096 5170
7097 5171
7098 5172
7099 5173
7100 5174
7102 5175
7103 5176
7104 5177
7105 5178
7106 5179
7108 5180
7109 5181
7111 5182
7113 5183
7114 5184
7115 5185
7116 5186
7117 5187
7119 5188
7120 5189
7121 5190
7122 5191
7123 5192
7124 5193
7127 5194
7128 5195
7129 5196
7130 5197
7131 5198
7132 5199
7133 5200
7134 5201
7135 5202
7136 5203
7138 5204
7140 5205
7143 5206
7146 5207
7147 5208
7148 5209
7149 5210
7150 5211
7157 5212
7158 5213
7159 5214
7160 5215
7161 5216
7162 5217
7163 5218
7164 5219
7165 5220
7167 5221
7168 5222
7169 5223
7170 5224
7171 5225
7173 5226
7175 5227
7176 5228
7178 5229
7179 5230
7180 5231
7181 5232
7182 5233
7185 5234
7186 5235
7188 5236
7189 5237
7190 5238
7191 5239
7192 5240
7193 5241
7194 5242
7196 5243
7197 5244
7198 5245
7199 5246
7200 5247
7201 5248
7203 5249
7204 5250
7205 5251
7207 5252
7208 5253
7209 5254
7210 5255
7212 5256
7213 5257
7214 5258
7216 5259
7217 5260
7218 5261
7221 5262
7222 5263
7223 5264
7225 5265
7226 5266
7227 5267
7229 5268
7230 5269
7232 5270
7234 5271
7235 5272
7236 5273
7238 5274
7239 5275
7242 5276
7243 5277
7244 5278
7247 5279
7248 5280
7250 5281
7251 5282
7252 5283
7253 5284
7257 5285
7258 5286
7259 5287
7260 5288
7261 5289
7262 5290
7263 5291
7264 5292
7266 5293
7267 5294
7269 5295
7270 5296
7271 5297
7272 5298
7275 5299
7276 5300
7277 5301
7278 5302
7279 5303
7283 5304
7285 5305
7286 5306
7287 5307
7288 5308
7289 5309
7290 5310
7291 5311
7292 5312
7293 5313
7294 5314
7295 5315
7297 5316
7298 5317
7299 5318
7301 5319
7302 5320
7304 5321
7305 5322
7307 5323
7308 5324
7309 5325
7310 5326
7312 5327
7313 5328
7316 5329
7317 5330
7318 5331
7319 5332
7324 5333
7325 5334
7326 5335
7327 5336
7328 5337
7329 5338
7330 5339
7331 5340
7332 5341
7335 5342
7337 5343
7338 5344
7339 5345
7340 5346
7341 5347
7344 5348
7345 5349
7347 5350
7349 5351
7350 5352
7351 5353
7352 5354
7353 5355
7354 5356
7355 5357
7356 5358
7357 5359
7358 5360
7360 5361
7361 5362
7362 5363
7363 5364
7364 5365
7365 5366
7366 5367
7367 5368
7368 5369
7369 5370
7371 5371
7372 5372
7375 5373
7377 5374
7378 5375
7379 5376
7380 5377
7381 5378
7383 5379
7384 5380
7385 5381
7387 5382
7388 5383
7390 5384
7391 5385
7392 5386
7393 5387
7394 5388
7395 5389
7396 5390
7397 5391
7398 5392
7400 5393
7401 5394
7402 5395
7405 5396
7406 5397
7407 5398
7409 5399
7410 5400
7413 5401
7414 5402
7415 5403
7416 5404
7417 5405
7418 5406
7419 5407
7420 5408
7423 5409
7426 5410
7427 5411
7428 5412
7429 5413
7430 5414
7435 5415
7437 5416
7438 5417
7439 5418
7441 5419
7442 5420
7443 5421
7444 5422
7447 5423
7449 5424
7450 5425
7451 5426
7454 5427
7455 5428
7456 5429
7458 5430
7459 5431
7460 5432
7461 5433
7464 5434
7465 5435
7466 5436
7467 5437
7468 5438
7470 5439
7471 5440
7472 5441
7473 5442
7474 5443
7475 5444
7476 5445
7477 5446
7479 5447
7481 5448
7482 5449
7484 5450
7485 5451
7486 5452
7487 5453
7488 5454
7489 5455
7490 5456
7491 5457
7493 5458
7494 5459
7495 5460
7496 5461
7497 5462
7498 5463
7499 5464
7501 5465
7502 5466
7504 5467
7505 5468
7507 5469
7508 5470
7509 5471
7511 5472
7512 5473
7513 5474
7514 5475
7515 5476
7517 5477
7519 5478
7521 5479
7523 5480
7524 5481
7525 5482
7527 5483
7528 5484
7529 5485
7530 5486
7531 5487
7532 5488
7533 5489
7534 5490
7535 5491
7536 5492
7537 5493
7540 5494
7541 5495
7542 5496
7543 5497
7544 5498
7546 5499
7547 5500
7548 5501
7549 5502
7550 5503
7551 5504
7553 5505
7554 5506
7556 5507
7557 5508
7558 5509
7559 5510
7561 5511
7563 5512
7564 5513
7565 5514
7566 5515
7567 5516
7568 5517
7570 5518
7572 5519
7573 5520
7574 5521
7575 5522
7576 5523
7577 5524
7578 5525
7579 5526
7585 5527
7587 5528
7588 5529
7589 5530
7590 5531
7591 5532
7592 5533
7594 5534
7595 5535
7596 5536
7598 5537
7600 5538
7601 5539
7602 5540
7604 5541
7605 5542
7606 5543
7607 5544
7608 5545
7609 5546
7611 5547
7613 5548
7614 5549
7615 5550
7616 5551
7619 5552
7620 5553
7621 5554
7622 5555
7623 5556
7624 5557
7626 5558
7627 5559
7628 5560
7629 5561
7630 5562
7631 5563
7632 5564
7635 5565
7636 5566
7637 5567
7641 5568
7642 5569
7643 5570
7644 5571
7645 5572
7646 5573
7647 5574
7649 5575
7650 5576
7652 5577
7654 5578
7656 5579
7657 5580
7658 5581
7659 5582
7660 5583
7661 5584
7662 5585
7663 5586
7664 5587
7665 5588
7668 5589
7670 5590
7672 5591
7674 5592
7675 5593
7676 5594
7677 5595
7678 5596
7679 5597
7680 5598
7681 5599
7684 5600
7685 5601
7686 5602
7687 5603
7688 5604
7689 5605
7690 5606
7691 5607
7692 5608
7694 5609
7695 5610
7697 5611
7698 5612
7699 5613
7700 5614
7701 5615
7702 5616
7703 5617
7704 5618
7705 5619
7706 5620
7708 5621
7710 5622
7711 5623
7712 5624
7713 5625
7716 5626
7718 5627
7720 5628
7722 5629
7723 5630
7724 5631
7726 5632
7727 5633
7728 5634
7729 5635
7730 5636
7732 5637
7733 5638
7734 5639
7735 5640
7736 5641
7737 5642
7738 5643
7740 5644
7741 5645
7742 5646
7743 5647
7746 5648
7747 5649
7748 5650
7751 5651
7752 5652
7754 5653
7755 5654
7756 5655
7757 5656
7758 5657
7759 5658
7762 5659
7765 5660
7766 5661
7768 5662
7769 5663
7770 5664
7771 5665
7772 5666
7773 5667
7774 5668
7775 5669
7776 5670
7777 5671
7778 5672
7779 5673
7780 5674
7783 5675
7784 5676
7785 5677
7787 5678
7788 5679
7789 5680
7790 5681
7791 5682
7792 5683
7793 5684
7795 5685
7796 5686
7797 5687
7798 5688
7800 5689
7802 5690
7804 5691
7805 5692
7806 5693
7808 5694
7809 5695
7810 5696
7811 5697
7813 5698
7814 5699
7815 5700
7817 5701
7818 5702
7819 5703
7820 5704
7821 5705
7822 5706
7823 5707
7825 5708
7826 5709
7828 5710
7829 5711
7830 5712
7831 5713
7832 5714
7833 5715
7834 5716
7835 5717
7836 5718
7837 5719
7838 5720
7839 5721
7841 5722
7842 5723
7843 5724
7845 5725
7846 5726
7848 5727
7850 5728
7851 5729
7852 5730
7854 5731
7855 5732
7857 5733
7859 5734
7861 5735
7863 5736
7864 5737
7866 5738
7867 5739
7868 5740
7869 5741
7871 5742
7873 5743
7875 5744
7876 5745
7880 5746
7882 5747
7884 5748
7888 5749
7890 5750
7891 5751
7892 5752
7893 5753
7894 5754
7895 5755
7896 5756
7897 5757
7898 5758
7899 5759
7900 5760
7902 5761
7903 5762
7904 5763
7907 5764
7908 5765
7909 5766
7910 5767
7912 5768
7913 5769
7914 5770
7915 5771
7916 5772
7917 5773
7918 5774
7919 5775
7920 5776
7921 5777
7923 5778
7924 5779
7926 5780
7927 5781
7928 5782
7929 5783
7930 5784
7932 5785
7933 5786
7935 5787
7938 5788
7940 5789
7941 5790
7942 5791
7944 5792
7946 5793
7947 5794
7948 5795
7949 5796
7952 5797
7953 5798
7955 5799
7956 5800
7957 5801
7959 5802
7960 5803
7964 5804
7965 5805
7966 5806
7969 5807
7970 5808
7972 5809
7973 5810
7976 5811
7977 5812
7979 5813
7981 5814
7982 5815
7983 5816
7984 5817
7986 5818
7987 5819
7988 5820
7990 5821
7991 5822
7992 5823
7994 5824
7997 5825
7999 5826
8000 5827
8002 5828
8003 5829
8004 5830
8005 5831
8006 5832
8007 5833
8008 5834
8009 5835
8010 5836
8014 5837
8017 5838
8019 5839
8020 5840
8021 5841
8024 5842
8026 5843
8027 5844
8028 5845
8029 5846
8030 5847
8032 5848
8033 5849
8034 5850
8035 5851
8036 5852
8037 5853
8038 5854
8039 5855
8040 5856
8041 5857
8042 5858
8043 5859
8044 5860
8045 5861
8046 5862
8052 5863
8053 5864
8055 5865
8058 5866
8059 5867
8060 5868
8061 5869
8062 5870
8063 5871
8065 5872
8067 5873
8068 5874
8069 5875
8072 5876
8074 5877
8076 5878
8077 5879
8078 5880
8079 5881
8081 5882
8083 5883
8085 5884
8086 5885
8087 5886
8088 5887
8089 5888
8090 5889
8091 5890
8092 5891
8093 5892
8094 5893
8095 5894
8096 5895
8098 5896
8099 5897
8100 5898
8101 5899
8102 5900
8103 5901
8104 5902
8105 5903
8107 5904
8108 5905
8109 5906
8111 5907
8112 5908
8116 5909
8117 5910
8118 5911
8120 5912
8121 5913
8122 5914
8123 5915
8124 5916
8125 5917
8126 5918
8128 5919
8129 5920
8130 5921
8132 5922
8133 5923
8136 5924
8137 5925
8138 5926
8139 5927
8140 5928
8141 5929
8142 5930
8143 5931
8144 5932
8145 5933
8147 5934
8148 5935
8149 5936
8150 5937
8151 5938
8152 5939
8154 5940
8155 5941
8157 5942
8159 5943
8160 5944
8162 5945
8163 5946
8164 5947
8166 5948
8167 5949
8168 5950
8169 5951
8170 5952
8171 5953
8172 5954
8173 5955
8174 5956
8175 5957
8176 5958
8178 5959
8183 5960
8184 5961
8186 5962
8188 5963
8190 5964
8191 5965
8195 5966
8196 5967
8197 5968
8198 5969
8199 5970
8201 5971
8203 5972
8204 5973
8205 5974
8206 5975
8207 5976
8209 5977
8211 5978
8212 5979
8214 5980
8216 5981
8217 5982
8218 5983
8219 5984
8220 5985
8222 5986
8225 5987
8226 5988
8229 5989
8230 5990
8231 5991
8232 5992
8234 5993
8235 5994
8236 5995
8237 5996
8238 5997
8239 5998
8240 5999
8241 6000
8242 6001
8243 6002
8245 6003
8246 6004
8247 6005
8251 6006
8252 6007
8253 6008
8255 6009
8256 6010
8258 6011
8259 6012
8264 6013
8265 6014
8266 6015
8267 6016
8268 6017
8269 6018
8270 6019
8271 6020
8272 6021
8273 6022
8274 6023
8275 6024
8276 6025
8277 6026
8279 6027
8281 6028
8282 6029
8284 6030
8285 6031
8286 6032
8287 6033
8288 6034
8289 6035
8290 6036
8291 6037
8292 6038
8294 6039
8295 6040
8296 6041
8297 6042
8300 6043
8305 6044
8306 6045
8307 6046
8308 6047
8310 6048
8312 6049
8313 6050
8314 6051
8315 6052
8316 6053
8318 6054
8319 6055
8320 6056
8322 6057
8323 6058
8325 6059
8327 6060
8328 6061
8329 6062
8332 6063
8334 6064
8337 6065
8339 6066
8340 6067
8342 6068
8343 6069
8344 6070
8347 6071
8348 6072
8350 6073
8351 6074
8352 6075
8353 6076
8355 6077
8356 6078
8357 6079
8358 6080
8359 6081
8360 6082
8361 6083
8362 6084
8363 6085
8364 6086
8365 6087
8366 6088
8367 6089
8368 6090
8369 6091
8370 6092
8371 6093
8372 6094
8373 6095
8374 6096
8375 6097
8376 6098
8379 6099
8381 6100
8382 6101
8388 6102
8389 6103
8390 6104
8392 6105
8393 6106
8394 6107
8397 6108
8399 6109
8400 6110
8401 6111
8402 6112
8404 6113
8407 6114
8408 6115
8409 6116
8410 6117
8413 6118
8415 6119
8416 6120
8418 6121
8419 6122
8420 6123
8422 6124
8423 6125
8424 6126
8426 6127
8427 6128
8429 6129
8430 6130
8431 6131
8432 6132
8433 6133
8434 6134
8435 6135
8436 6136
8437 6137
8438 6138
8439 6139
8440 6140
8442 6141
8443 6142
8444 6143
8447 6144
8448 6145
8449 6146
8450 6147
8451 6148
8452 6149
8453 6150
8454 6151
8456 6152
8457 6153
8462 6154
8463 6155
8465 6156
8467 6157
8468 6158
8469 6159
8470 6160
8471 6161
8472 6162
8473 6163
8475 6164
8476 6165
8477 6166
8478 6167
8479 6168
8480 6169
8484 6170
8485 6171
8486 6172
8487 6173
8488 6174
8490 6175
8491 6176
8492 6177
8493 6178
8494 6179
8496 6180
8497 6181
8498 6182
8499 6183
8500 6184
8501 6185
8502 6186
8503 6187
8504 6188
8510 6189
8513 6190
8514 6191
8515 6192
8516 6193
8518 6194
8520 6195
8524 6196
8526 6197
8527 6198
8528 6199
8529 6200
8530 6201
8531 6202
8532 6203
8533 6204
8535 6205
8536 6206
8537 6207
8539 6208
8540 6209
8542 6210
8543 6211
8544 6212
8545 6213
8547 6214
8548 6215
8549 6216
8550 6217
8554 6218
8555 6219
8557 6220
8559 6221
8560 6222
8561 6223
8563 6224
8564 6225
8565 6226
8566 6227
8568 6228
8569 6229
8570 6230
8571 6231
8573 6232
8574 6233
8576 6234
8577 6235
8582 6236
8583 6237
8584 6238
8585 6239
8586 6240
8587 6241
8590 6242
8591 6243
8592 6244
8593 6245
8595 6246
8596 6247
8598 6248
8599 6249
8600 6250
8601 6251
8603 6252
8605 6253
8607 6254
8608 6255
8609 6256
8611 6257
8613 6258
8614 6259
8616 6260
8618 6261
8621 6262
8622 6263
8625 6264
8626 6265
8628 6266
8629 6267
8630 6268
8631 6269
8633 6270
8634 6271
8635 6272
8641 6273
8643 6274
8645 6275
8649 6276
8651 6277
8652 6278
8653 6279
8654 6280
8655 6281
8657 6282
8658 6283
8659 6284
8660 6285
8662 6286
8663 6287
8665 6288
8666 6289
8667 6290
8668 6291
8670 6292
8672 6293
8673 6294
8674 6295
8675 6296
8676 6297
8678 6298
8679 6299
8680 6300
8681 6301
8682 6302
8683 6303
8684 6304
8685 6305
8687 6306
8688 6307
8689 6308
8690 6309
8692 6310
8694 6311
8695 6312
8696 6313
8697 6314
8701 6315
8702 6316
8703 6317
8704 6318
8705 6319
8707 6320
8708 6321
8709 6322
8710 6323
8712 6324
8714 6325
8716 6326
8717 6327
8718 6328
8720 6329
8724 6330
8725 6331
8727 6332
8728 6333
8729 6334
8731 6335
8732 6336
8733 6337
8734 6338
8735 6339
8736 6340
8737 6341
8738 6342
8739 6343
8740 6344
8741 6345
8742 6346
8743 6347
8744 6348
8745 6349
8747 6350
8748 6351
8749 6352
8751 6353
8752 6354
8753 6355
8754 6356
8755 6357
8756 6358
8757 6359
8758 6360
8760 6361
8761 6362
8764 6363
8768 6364
8769 6365
8772 6366
8773 6367
8776 6368
8777 6369
8778 6370
8780 6371
8781 6372
8783 6373
8784 6374
8785 6375
8786 6376
8787 6377
8788 6378
8789 6379
8791 6380
8792 6381
8793 6382
8794 6383
8796 6384
8798 6385
8799 6386
8800 6387
8802 6388
8803 6389
8804 6390
8806 6391
8808 6392
8809 6393
8810 6394
8812 6395
8814 6396
8815 6397
8816 6398
8817 6399
8818 6400
8819 6401
8820 6402
8821 6403
8822 6404
8824 6405
8825 6406
8826 6407
8827 6408
8828 6409
8829 6410
8831 6411
8832 6412
8834 6413
8837 6414
8838 6415
8840 6416
8841 6417
8842 6418
8844 6419
8848 6420
8851 6421
8852 6422
8854 6423
8858 6424
8862 6425
8864 6426
8865 6427
8866 6428
8867 6429
8868 6430
8869 6431
8870 6432
8871 6433
8872 6434
8873 6435
8874 6436
8875 6437
8876 6438
8878 6439
8879 6440
8880 6441
8882 6442
8883 6443
8885 6444
8886 6445
8888 6446
8889 6447
8891 6448
8892 6449
8893 6450
8894 6451
8896 6452
8897 6453
8899 6454
8900 6455
8902 6456
8903 6457
8904 6458
8905 6459
8906 6460
8907 6461
8908 6462
8910 6463
8911 6464
8912 6465
8913 6466
8915 6467
8917 6468
8919 6469
8921 6470
8923 6471
8925 6472
8927 6473
8928 6474
8929 6475
8932 6476
8933 6477
8935 6478
8936 6479
8937 6480
8938 6481
8939 6482
8941 6483
8942 6484
8943 6485
8944 6486
8945 6487
8946 6488
8948 6489
8949 6490
8951 6491
8952 6492
8953 6493
8955 6494
8956 6495
8958 6496
8959 6497
8961 6498
8962 6499
8963 6500
8964 6501
8965 6502
8966 6503
8967 6504
8968 6505
8971 6506
8972 6507
8973 6508
8974 6509
8976 6510
8977 6511
8978 6512
8979 6513
8981 6514
8982 6515
8983 6516
8985 6517
8986 6518
8987 6519
8988 6520
8989 6521
8990 6522
8991 6523
8992 6524
8993 6525
8995 6526
8997 6527
8999 6528
9000 6529
9001 6530
9002 6531
9003 6532
9004 6533
9006 6534
9007 6535
9008 6536
9010 6537
9011 6538
9013 6539
9014 6540
9015 6541
9017 6542
9018 6543
9019 6544
9020 6545
9021 6546
9022 6547
9024 6548
9026 6549
9027 6550
9028 6551
9029 6552
9030 6553
9031 6554
9033 6555
9035 6556
9037 6557
9038 6558
9039 6559
9040 6560
9041 6561
9042 6562
9043 6563
9044 6564
9045 6565
9046 6566
9047 6567
9051 6568
9052 6569
9054 6570
9056 6571
9057 6572
9058 6573
9059 6574
9060 6575
9062 6576
9066 6577
9067 6578
9068 6579
9070 6580
9071 6581
9072 6582
9073 6583
9074 6584
9076 6585
9077 6586
9078 6587
9080 6588
9081 6589
9084 6590
9088 6591
9089 6592
9091 6593
9092 6594
9094 6595
9096 6596
9098 6597
9099 6598
9100 6599
9103 6600
9104 6601
9105 6602
9106 6603
9107 6604
9108 6605
9109 6606
9110 6607
9111 6608
9112 6609
9114 6610
9115 6611
9117 6612
9118 6613
9123 6614
9124 6615
9125 6616
9126 6617
9127 6618
9128 6619
9129 6620
9132 6621
9134 6622
9135 6623
9136 6624
9137 6625
9138 6626
9140 6627
9141 6628
9142 6629
9143 6630
9144 6631
9146 6632
9148 6633
9149 6634
9150 6635
9151 6636
9152 6637
9153 6638
9155 6639
9157 6640
9158 6641
9160 6642
9161 6643
9163 6644
9164 6645
9165 6646
9166 6647
9167 6648
9168 6649
9170 6650
9171 6651
9172 6652
9173 6653
9175 6654
9176 6655
9177 6656
9180 6657
9182 6658
9184 6659
9185 6660
9186 6661
9187 6662
9188 6663
9189 6664
9192 6665
9194 6666
9195 6667
9196 6668
9197 6669
9198 6670
9199 6671
9200 6672
9201 6673
9202 6674
9204 6675
9207 6676
9209 6677
9212 6678
9213 6679
9214 6680
9215 6681
9216 6682
9218 6683
9219 6684
9220 6685
9223 6686
9224 6687
9225 6688
9226 6689
9227 6690
9228 6691
9233 6692
9234 6693
9235 6694
9238 6695
9239 6696
9240 6697
9241 6698
9242 6699
9243 6700
9244 6701
9245 6702
9246 6703
9247 6704
9248 6705
9250 6706
9251 6707
9252 6708
9253 6709
9255 6710
9257 6711
9258 6712
9259 6713
9260 6714
9262 6715
9263 6716
9264 6717
9265 6718
9266 6719
9267 6720
9268 6721
9269 6722
9271 6723
9272 6724
9274 6725
9276 6726
9277 6727
9278 6728
9279 6729
9281 6730
9282 6731
9284 6732
9286 6733
9287 6734
9288 6735
9289 6736
9290 6737
9291 6738
9292 6739
9293 6740
9294 6741
9295 6742
9296 6743
9298 6744
9299 6745
9300 6746
9302 6747
9303 6748
9304 6749
9305 6750
9306 6751
9307 6752
9309 6753
9310 6754
9311 6755
9313 6756
9314 6757
9315 6758
9317 6759
9318 6760
9319 6761
9321 6762
9324 6763
9326 6764
9327 6765
9328 6766
9329 6767
9330 6768
9333 6769
9336 6770
9337 6771
9338 6772
9340 6773
9341 6774
9345 6775
9346 6776
9347 6777
9349 6778
9350 6779
9351 6780
9353 6781
9354 6782
9355 6783
9356 6784
9359 6785
9362 6786
9365 6787
9366 6788
9367 6789
9368 6790
9369 6791
9370 6792
9372 6793
9373 6794
9374 6795
9375 6796
9376 6797
9377 6798
9378 6799
9379 6800
9380 6801
9381 6802
9382 6803
9383 6804
9384 6805
9385 6806
9387 6807
9388 6808
9389 6809
9392 6810
9394 6811
9395 6812
9397 6813
9398 6814
9399 6815
9400 6816
9402 6817
9403 6818
9405 6819
9406 6820
9407 6821
9408 6822
9409 6823
9411 6824
9412 6825
9413 6826
9414 6827
9415 6828
9416 6829
9417 6830
9418 6831
9419 6832
9420 6833
9423 6834
9424 6835
9425 6836
9426 6837
9427 6838
9429 6839
9430 6840
9431 6841
9432 6842
9433 6843
9436 6844
9437 6845
9439 6846
9440 6847
9441 6848
9442 6849
9443 6850
9445 6851
9447 6852
9449 6853
9450 6854
9451 6855
9452 6856
9453 6857
9455 6858
9456 6859
9457 6860
9458 6861
9460 6862
9461 6863
9462 6864
9463 6865
9464 6866
9465 6867
9468 6868
9469 6869
9470 6870
9471 6871
9472 6872
9473 6873
9476 6874
9478 6875
9479 6876
9481 6877
9482 6878
9483 6879
9484 6880
9485 6881
9486 6882
9487 6883
9490 6884
9491 6885
9492 6886
9493 6887
9494 6888
9495 6889
9497 6890
9498 6891
9501 6892
9502 6893
9503 6894
9506 6895
9507 6896
9509 6897
9510 6898
9511 6899
9512 6900
9515 6901
9516 6902
9517 6903
9518 6904
9519 6905
9520 6906
9521 6907
9525 6908
9526 6909
9529 6910
9531 6911
9532 6912
9533 6913
9534 6914
9535 6915
9536 6916
9537 6917
9538 6918
9539 6919
9540 6920
9541 6921
9543 6922
9544 6923
9545 6924
9546 6925
9547 6926
9550 6927
9551 6928
9552 6929
9553 6930
9554 6931
9555 6932
9556 6933
9558 6934
9560 6935
9561 6936
9562 6937
9563 6938
9564 6939
9565 6940
9566 6941
9567 6942
9568 6943
9570 6944
9571 6945
9572 6946
9573 6947
9577 6948
9578 6949
9579 6950
9580 6951
9582 6952
9584 6953
9585 6954
9586 6955
9587 6956
9588 6957
9589 6958
9591 6959
9592 6960
9594 6961
9596 6962
9597 6963
9598 6964
9599 6965
9600 6966
9601 6967
9602 6968
9603 6969
9604 6970
9605 6971
9606 6972
9607 6973
9610 6974
9611 6975
9612 6976
9613 6977
9616 6978
9617 6979
9618 6980
9620 6981
9621 6982
9622 6983
9625 6984
9626 6985
9627 6986
9628 6987
9629 6988
9632 6989
9633 6990
9635 6991
9636 6992
9637 6993
9638 6994
9640 6995
9641 6996
9643 6997
9644 6998
9647 6999
9648 7000
9650 7001
9652 7002
9654 7003
9655 7004
9656 7005
9658 7006
9659 7007
9660 7008
9662 7009
9663 7010
9664 7011
9666 7012
9668 7013
9669 7014
9670 7015
9671 7016
9672 7017
9673 7018
9674 7019
9675 7020
9676 7021
9677 7022
9681 7023
9682 7024
9683 7025
9686 7026
9687 7027
9688 7028
9689 7029
9690 7030
9691 7031
9693 7032
9695 7033
9696 7034
9697 7035
9698 7036
9700 7037
9702 7038
9703 7039
9704 7040
9705 7041
9708 7042
9709 7043
9711 7044
9712 7045
9713 7046
9714 7047
9715 7048
9716 7049
9717 7050
9719 7051
9720 7052
9721 7053
9722 7054
9723 7055
9724 7056
9725 7057
9728 7058
9729 7059
9731 7060
9732 7061
9736 7062
9737 7063
9738 7064
9740 7065
9742 7066
9743 7067
9745 7068
9746 7069
9747 7070
9748 7071
9749 7072
9750 7073
9751 7074
9752 7075
9753 7076
9755 7077
9756 7078
9757 7079
9759 7080
9760 7081
9762 7082
9763 7083
9764 7084
9765 7085
9766 7086
9767 7087
9768 7088
9769 7089
9770 7090
9771 7091
9773 7092
9774 7093
9776 7094
9778 7095
9779 7096
9781 7097
9783 7098
9788 7099
9790 7100
9791 7101
9792 7102
9793 7103
9794 7104
9795 7105
9796 7106
9797 7107
9799 7108
9800 7109
9802 7110
9803 7111
9804 7112
9805 7113
9807 7114
9808 7115
9809 7116
9810 7117
9812 7118
9814 7119
9816 7120
9817 7121
9819 7122
9820 7123
9822 7124
9824 7125
9825 7126
9826 7127
9827 7128
9828 7129
9829 7130
9830 7131
9831 7132
9832 7133
9834 7134
9836 7135
9838 7136
9839 7137
9841 7138
9842 7139
9843 7140
9844 7141
9846 7142
9847 7143
9848 7144
9849 7145
9850 7146
9851 7147
9852 7148
9853 7149
9854 7150
9855 7151
9856 7152
9858 7153
9859 7154
9861 7155
9862 7156
9863 7157
9864 7158
9865 7159
9866 7160
9868 7161
9869 7162
9870 7163
9871 7164
9873 7165
9874 7166
9876 7167
9877 7168
9878 7169
9879 7170
9881 7171
9882 7172
9883 7173
9884 7174
9885 7175
9889 7176
9890 7177
9891 7178
9892 7179
9893 7180
9895 7181
9897 7182
9899 7183
9901 7184
9902 7185
9903 7186
9904 7187
9905 7188
9906 7189
9908 7190
9909 7191
9910 7192
9911 7193
9912 7194
9913 7195
9914 7196
9915 7197
9916 7198
9917 7199
9918 7200
9919 7201
9920 7202
9921 7203
9922 7204
9923 7205
9926 7206
9927 7207
9928 7208
9932 7209
9933 7210
9934 7211
9935 7212
9936 7213
9937 7214
9940 7215
9941 7216
9943 7217
9944 7218
9947 7219
9949 7220
9950 7221
9951 7222
9952 7223
9953 7224
9955 7225
9956 7226
9957 7227
9958 7228
9959 7229
9961 7230
9963 7231
9964 7232
9966 7233
9967 7234
9968 7235
9969 7236
9971 7237
9972 7238
9973 7239
9974 7240
9975 7241
9976 7242
9978 7243
9979 7244
9981 7245
9983 7246
9984 7247
9986 7248
9987 7249
9989 7250
9991 7251
9992 7252
9993 7253
9994 7254
9996 7255
9997 7256
10001 7257
10003 7258
10004 7259
10005 7260
10006 7261
10007 7262
10008 7263
10009 7264
10010 7265
10011 7266
10013 7267
10014 7268
10017 7269
10018 7270
10020 7271
10021 7272
10022 7273
10024 7274
10026 7275
10028 7276
10029 7277
10030 7278
10031 7279
10032 7280
10033 7281
10034 7282
10035 7283
10036 7284
10038 7285
10039 7286
10040 7287
10041 7288
10042 7289
10044 7290
10046 7291
10047 7292
10048 7293
10049 7294
10050 7295
10051 7296
10052 7297
10053 7298
10054 7299
10055 7300
10056 7301
10057 7302
10058 7303
10059 7304
10060 7305
10061 7306
10062 7307
10063 7308
10064 7309
10066 7310
10067 7311
10068 7312
10069 7313
10071 7314
10074 7315
10076 7316
10077 7317
10078 7318
10079 7319
10080 7320
10081 7321
10082 7322
10083 7323
10084 7324
10085 7325
10086 7326
10087 7327
10089 7328
10090 7329
10092 7330
10094 7331
10095 7332
10096 7333
10097 7334
10098 7335
10099 7336
10100 7337
10101 7338
10102 7339
10103 7340
10104 7341
10107 7342
10109 7343
10110 7344
10111 7345
10112 7346
10115 7347
10116 7348
10119 7349
10120 7350
10121 7351
10122 7352
10123 7353
10125 7354
10126 7355
10127 7356
10129 7357
10130 7358
10132 7359
10133 7360
10134 7361
10135 7362
10136 7363
10137 7364
10139 7365
10140 7366
10141 7367
10143 7368
10144 7369
10147 7370
10149 7371
10150 7372
10152 7373
10153 7374
10154 7375
10155 7376
10156 7377
10157 7378
10158 7379
10159 7380
10160 7381
10162 7382
10163 7383
10165 7384
10166 7385
10167 7386
10170 7387
10171 7388
10172 7389
10173 7390
10174 7391
10175 7392
10176 7393
10179 7394
10180 7395
10181 7396
10182 7397
10183 7398
10186 7399
10187 7400
10189 7401
10190 7402
10191 7403
10194 7404
10199 7405
10201 7406
10202 7407
10204 7408
10205 7409
10206 7410
10207 7411
10208 7412
10209 7413
10211 7414
10212 7415
10213 7416
10214 7417
10215 7418
10217 7419
10219 7420
10221 7421
10222 7422
10223 7423
10224 7424
10225 7425
10226 7426
10227 7427
10228 7428
10230 7429
10231 7430
10232 7431
10233 7432
10236 7433
10237 7434
10239 7435
10240 7436
10241 7437
10242 7438
10243 7439
10244 7440
10245 7441
10249 7442
10250 7443
10252 7444
10253 7445
10254 7446
10255 7447
10256 7448
10257 7449
10258 7450
10259 7451
10261 7452
10262 7453
10264 7454
10265 7455
10266 7456
10269 7457
10270 7458
10271 7459
10272 7460
10273 7461
10274 7462
10276 7463
10277 7464
10278 7465
10279 7466
10280 7467
10281 7468
10283 7469
10284 7470
10285 7471
10286 7472
10287 7473
10290 7474
10291 7475
10294 7476
10296 7477
10297 7478
10298 7479
10299 7480
10300 7481
10304 7482
10305 7483
10306 7484
10308 7485
10310 7486
10312 7487
10313 7488
10314 7489
10315 7490
10317 7491
10319 7492
10322 7493
10323 7494
10324 7495
10328 7496
10330 7497
10331 7498
10332 7499
10334 7500
10335 7501
10336 7502
10337 7503
10338 7504
10339 7505
10340 7506
10341 7507
10342 7508
10344 7509
10345 7510
10346 7511
10348 7512
10349 7513
10350 7514
10352 7515
10353 7516
10354 7517
10355 7518
10356 7519
10357 7520
10359 7521
10362 7522
10363 7523
10366 7524
10367 7525
10369 7526
10370 7527
10371 7528
10372 7529
10377 7530
10378 7531
10379 7532
10381 7533
10382 7534
10383 7535
10385 7536
10386 7537
10387 7538
10389 7539
10391 7540
10392 7541
10393 7542
10395 7543
10396 7544
10397 7545
10398 7546
10399 7547
10400 7548
10401 7549
10402 7550
10404 7551
10407 7552
10408 7553
10409 7554
10410 7555
10411 7556
10412 7557
10414 7558
10415 7559
10416 7560
10418 7561
10419 7562
10422 7563
10423 7564
10424 7565
10425 7566
10426 7567
10427 7568
10428 7569
10431 7570
10432 7571
10433 7572
10434 7573
10436 7574
10438 7575
10439 7576
10440 7577
10441 7578
10442 7579
10443 7580
10444 7581
10445 7582
10446 7583
10448 7584
10450 7585
10451 7586
10452 7587
10453 7588
10454 7589
10455 7590
10456 7591
10457 7592
10459 7593
10460 7594
10462 7595
10463 7596
10464 7597
10465 7598
10466 7599
10467 7600
10468 7601
10469 7602
10471 7603
10472 7604
10473 7605
10474 7606
10475 7607
10476 7608
10477 7609
10478 7610
10479 7611
10480 7612
10481 7613
10482 7614
10484 7615
10486 7616
10487 7617
10488 7618
10489 7619
10491 7620
10492 7621
10495 7622
10496 7623
10497 7624
10498 7625
10499 7626
10500 7627
10501 7628
10502 7629
10503 7630
10505 7631
10506 7632
10508 7633
10509 7634
10510 7635
10511 7636
10512 7637
10513 7638
10514 7639
10517 7640
10519 7641
10520 7642
10521 7643
10522 7644
10523 7645
10524 7646
10525 7647
10527 7648
10528 7649
10529 7650
10530 7651
10531 7652
10532 7653
10534 7654
10535 7655
10536 7656
10538 7657
10540 7658
10541 7659
10542 7660
10545 7661
10546 7662
10547 7663
10548 7664
10550 7665
10552 7666
10554 7667
10556 7668
10557 7669
10558 7670
10559 7671
10560 7672
10561 7673
10562 7674
10563 7675
10564 7676
10565 7677
10566 7678
10567 7679
10568 7680
10569 7681
10570 7682
10571 7683
10572 7684
10573 7685
10574 7686
10575 7687
10576 7688
10578 7689
10579 7690
10581 7691
10582 7692
10584 7693
10585 7694
10587 7695
10588 7696
10589 7697
10590 7698
10591 7699
10592 7700
10594 7701
10595 7702
10596 7703
10607 7704
10608 7705
10609 7706
10610 7707
10612 7708
10614 7709
10615 7710
10616 7711
10617 7712
10618 7713
10619 7714
10620 7715
10622 7716
10623 7717
10624 7718
10627 7719
10630 7720
10631 7721
10632 7722
10634 7723
10636 7724
10637 7725
10638 7726
10639 7727
10640 7728
10641 7729
10642 7730
10643 7731
10644 7732
10645 7733
10647 7734
10648 7735
10649 7736
10650 7737
10651 7738
10654 7739
10656 7740
10658 7741
10661 7742
10662 7743
10664 7744
10665 7745
10666 7746
10667 7747
10668 7748
10669 7749
10670 7750
10672 7751
10674 7752
10675 7753
10678 7754
10680 7755
10682 7756
10683 7757
10684 7758
10685 7759
10687 7760
10688 7761
10690 7762
10691 7763
10692 7764
10696 7765
10697 7766
10700 7767
10701 7768
10702 7769
10703 7770
10704 7771
10705 7772
10706 7773
10707 7774
10708 7775
10709 7776
10710 7777
10711 7778
10712 7779
10713 7780
10714 7781
10719 7782
10720 7783
10721 7784
10724 7785
10725 7786
10726 7787
10727 7788
10729 7789
10730 7790
10731 7791
10732 7792
10734 7793
10735 7794
10736 7795
10738 7796
10739 7797
10740 7798
10742 7799
10743 7800
10744 7801
10745 7802
10746 7803
10747 7804
10748 7805
10749 7806
10750 7807
10751 7808
10752 7809
10753 7810
10754 7811
10757 7812
10759 7813
10760 7814
10761 7815
10764 7816
10766 7817
10767 7818
10768 7819
10769 7820
10770 7821
10771 7822
10772 7823
10773 7824
10775 7825
10776 7826
10777 7827
10780 7828
10782 7829
10783 7830
10784 7831
10785 7832
10786 7833
10788 7834
10789 7835
10790 7836
10792 7837
10793 7838
10794 7839
10795 7840
10799 7841
10802 7842
10803 7843
10804 7844
10805 7845
10806 7846
10807 7847
10808 7848
10809 7849
10810 7850
10811 7851
10812 7852
10813 7853
10814 7854
10815 7855
10816 7856
10817 7857
10818 7858
10819 7859
10821 7860
10824 7861
10825 7862
10826 7863
10827 7864
10828 7865
10829 7866
10830 7867
10831 7868
10832 7869
10833 7870
10835 7871
10836 7872
10837 7873
10838 7874
10840 7875
10841 7876
10842 7877
10843 7878
10844 7879
10846 7880
10847 7881
10849 7882
10850 7883
10851 7884
10852 7885
10855 7886
10856 7887
10857 7888
10859 7889
10860 7890
10863 7891
10865 7892
10866 7893
10867 7894
10868 7895
10869 7896
10871 7897
10873 7898
10874 7899
10875 7900
10876 7901
10877 7902
10879 7903
10880 7904
10881 7905
10882 7906
10884 7907
10885 7908
10886 7909
10887 7910
10888 7911
10889 7912
10890 7913
10894 7914
10896 7915
10897 7916
10899 7917
10900 7918
10904 7919
10905 7920
10907 7921
10908 7922
10909 7923
10912 7924
10913 7925
10915 7926
10916 7927
10917 7928
10918 7929
10919 7930
10920 7931
10924 7932
10925 7933
10926 7934
10927 7935
10929 7936
10930 7937
10932 7938
10933 7939
10934 7940
10935 7941
10937 7942
10938 7943
10940 7944
10942 7945
10944 7946
10945 7947
10946 7948
10948 7949
10949 7950
10950 7951
10954 7952
10955 7953
10956 7954
10959 7955
10961 7956
10962 7957
10963 7958
10964 7959
10965 7960
10967 7961
10968 7962
10969 7963
10971 7964
10972 7965
10973 7966
10974 7967
10975 7968
10977 7969
10978 7970
10980 7971
10981 7972
10982 7973
10983 7974
10985 7975
10986 7976
10987 7977
10988 7978
10989 7979
10991 7980
10992 7981
10995 7982
10996 7983
10998 7984
10999 7985
11000 7986
11001 7987
11002 7988
11003 7989
11005 7990
11006 7991
11007 7992
11008 7993
11009 7994
11010 7995
11011 7996
11012 7997
11013 7998
11015 7999
11016 8000
11017 8001
11018 8002
11019 8003
11020 8004
11021 8005
11022 8006
11024 8007
11026 8008
11027 8009
11028 8010
11029 8011
11032 8012
11033 8013
11035 8014
11036 8015
11037 8016
11038 8017
11039 8018
11040 8019
11041 8020
11042 8021
11044 8022
11046 8023
11048 8024
11053 8025
11055 8026
11056 8027
11057 8028
11058 8029
11060 8030
11061 8031
11062 8032
11063 8033
11064 8034
11065 8035
11066 8036
11068 8037
11069 8038
11070 8039
11072 8040
11073 8041
11075 8042
11077 8043
11079 8044
11081 8045
11082 8046
11083 8047
11084 8048
11085 8049
11086 8050
11088 8051
11089 8052
11091 8053
11092 8054
11093 8055
11094 8056
11095 8057
11096 8058
11097 8059
11098 8060
11099 8061
11101 8062
11103 8063
11104 8064
11105 8065
11106 8066
11107 8067
11108 8068
11109 8069
11110 8070
11111 8071
11112 8072
11113 8073
11114 8074
11116 8075
11118 8076
11119 8077
11120 8078
11123 8079
11124 8080
11126 8081
11127 8082
11128 8083
11131 8084
11134 8085
11136 8086
11137 8087
11138 8088
11139 8089
11140 8090
11141 8091
11143 8092
11145 8093
11147 8094
11148 8095
11149 8096
11150 8097
11152 8098
11153 8099
11155 8100
11156 8101
11157 8102
11158 8103
11159 8104
11160 8105
11161 8106
11162 8107
11163 8108
11165 8109
11169 8110
11170 8111
11172 8112
11174 8113
11175 8114
11177 8115
11178 8116
11180 8117
11181 8118
11183 8119
11185 8120
11187 8121
11188 8122
11189 8123
11190 8124
11191 8125
11193 8126
11194 8127
11195 8128
11196 8129
11197 8130
11198 8131
11199 8132
11200 8133
11201 8134
11202 8135
11203 8136
11204 8137
11206 8138
11207 8139
11208 8140
11209 8141
11213 8142
11214 8143
11215 8144
11216 8145
11219 8146
11220 8147
11221 8148
11222 8149
11223 8150
11224 8151
11225 8152
11226 8153
11228 8154
11229 8155
11231 8156
11232 8157
11233 8158
11234 8159
11235 8160
11236 8161
11237 8162
11238 8163
11239 8164
11241 8165
11242 8166
11244 8167
11247 8168
11248 8169
11249 8170
11250 8171
11252 8172
11254 8173
11255 8174
11256 8175
11257 8176
11259 8177
11260 8178
11261 8179
11262 8180
11263 8181
11264 8182
11265 8183
11266 8184
11267 8185
11268 8186
11269 8187
11270 8188
11271 8189
11272 8190
11273 8191
11275 8192
11276 8193
11277 8194
11279 8195
11280 8196
11282 8197
11283 8198
11285 8199
11287 8200
11288 8201
11289 8202
11291 8203
11292 8204
11293 8205
11294 8206
11296 8207
11297 8208
11300 8209
11301 8210
11302 8211
11303 8212
11304 8213
11305 8214
11306 8215
11307 8216
11309 8217
11312 8218
11313 8219
11314 8220
11315 8221
11316 8222
11317 8223
11318 8224
11320 8225
11321 8226
11322 8227
11323 8228
11325 8229
11327 8230
11328 8231
11329 8232
11330 8233
11331 8234
11332 8235
11333 8236
11337 8237
11338 8238
11340 8239
11342 8240
11343 8241
11344 8242
11345 8243
11348 8244
11349 8245
11351 8246
11352 8247
11353 8248
11354 8249
11355 8250
11357 8251
11358 8252
11359 8253
11360 8254
11361 8255
11362 8256
11363 8257
11365 8258
11366 8259
11367 8260
11368 8261
11371 8262
11372 8263
11373 8264
11374 8265
11375 8266
11376 8267
11377 8268
11378 8269
11379 8270
11380 8271
11381 8272
11383 8273
11384 8274
11385 8275
11386 8276
11387 8277
11388 8278
11389 8279
11390 8280
11391 8281
11393 8282
11394 8283
11395 8284
11397 8285
11399 8286
11400 8287
11402 8288
11403 8289
11404 8290
11405 8291
11406 8292
11407 8293
11408 8294
11409 8295
11411 8296
11412 8297
11413 8298
11415 8299
11416 8300
11417 8301
11418 8302
11419 8303
11420 8304
11422 8305
11426 8306
11427 8307
11428 8308
11429 8309
11430 8310
11431 8311
11432 8312
11433 8313
11434 8314
11435 8315
11437 8316
11438 8317
11439 8318
11443 8319
11444 8320
11445 8321
11446 8322
11448 8323
11449 8324
11450 8325
11451 8326
11452 8327
11453 8328
11454 8329
11455 8330
11456 8331
11457 8332
11458 8333
11460 8334
11463 8335
11464 8336
11467 8337
11468 8338
11469 8339
11472 8340
11475 8341
11476 8342
11477 8343
11478 8344
11479 8345
11480 8346
11481 8347
11482 8348
11483 8349
11484 8350
11485 8351
11486 8352
11487 8353
11489 8354
11490 8355
11491 8356
11492 8357
11493 8358
11494 8359
11495 8360
11496 8361
11497 8362
11498 8363
11499 8364
11500 8365
11503 8366
11504 8367
11506 8368
11508 8369
11509 8370
11510 8371
11511 8372
11512 8373
11513 8374
11514 8375
11515 8376
11517 8377
11518 8378
11520 8379
11521 8380
11523 8381
11524 8382
11525 8383
11526 8384
11527 8385
11528 8386
11529 8387
11530 8388
11531 8389
11532 8390
11534 8391
11535 8392
11536 8393
11538 8394
11539 8395
11540 8396
11542 8397
11544 8398
11546 8399
11547 8400
11548 8401
11550 8402
11551 8403
11552 8404
11553 8405
11554 8406
11558 8407
11559 8408
11560 8409
11561 8410
11562 8411
11563 8412
11564 8413
11566 8414
11569 8415
11570 8416
11571 8417
11572 8418
11574 8419
11575 8420
11578 8421
11579 8422
11580 8423
11581 8424
11582 8425
11584 8426
11585 8427
11586 8428
11588 8429
11589 8430
11590 8431
11591 8432
11593 8433
11594 8434
11595 8435
11596 8436
11598 8437
11603 8438
11604 8439
11605 8440
11606 8441
11608 8442
11609 8443
11611 8444
11613 8445
11614 8446
11616 8447
11617 8448
11618 8449
11619 8450
11621 8451
11622 8452
11623 8453
11624 8454
11625 8455
11626 8456
11627 8457
11628 8458
11629 8459
11630 8460
11631 8461
11632 8462
11633 8463
11634 8464
11635 8465
11636 8466
11637 8467
11638 8468
11639 8469
11640 8470
11641 8471
11642 8472
11644 8473
11645 8474
11646 8475
11647 8476
11649 8477
11650 8478
11651 8479
11652 8480
11653 8481
11654 8482
11655 8483
11656 8484
11657 8485
11658 8486
11659 8487
11660 8488
11662 8489
11663 8490
11665 8491
11667 8492
11668 8493
11669 8494
11670 8495
11671 8496
11672 8497
11673 8498
11674 8499
11675 8500
11678 8501
11679 8502
11681 8503
11682 8504
11684 8505
11685 8506
11687 8507
11688 8508
11689 8509
11690 8510
11691 8511
11693 8512
11694 8513
11695 8514
11696 8515
11697 8516
11698 8517
11699 8518
11700 8519
11701 8520
11702 8521
11703 8522
11705 8523
11707 8524
11708 8525
11709 8526
11713 8527
11714 8528
11716 8529
11717 8530
11718 8531
11719 8532
11720 8533
11721 8534
11722 8535
11723 8536
11724 8537
11725 8538
11726 8539
11729 8540
11730 8541
11731 8542
11732 8543
11733 8544
11735 8545
11736 8546
11738 8547
11739 8548
11741 8549
11742 8550
11744 8551
11745 8552
11746 8553
11749 8554
11750 8555
11751 8556
11752 8557
11753 8558
11754 8559
11755 8560
11756 8561
11757 8562
11758 8563
11760 8564
11763 8565
11764 8566
11765 8567
11768 8568
11769 8569
11770 8570
11772 8571
11774 8572
11775 8573
11778 8574
11780 8575
11781 8576
11782 8577
11784 8578
11785 8579
11786 8580
11787 8581
11795 8582
11796 8583
11797 8584
11799 8585
11800 8586
11802 8587
11804 8588
11806 8589
11809 8590
11811 8591
11812 8592
11813 8593
11814 8594
11815 8595
11820 8596
11821 8597
11823 8598
11825 8599
11827 8600
11828 8601
11829 8602
11830 8603
11831 8604
11832 8605
11833 8606
11834 8607
11835 8608
11836 8609
11838 8610
11839 8611
11840 8612
11841 8613
11843 8614
11844 8615
11846 8616
11847 8617
11848 8618
11849 8619
11850 8620
11851 8621
11852 8622
11853 8623
11854 8624
11855 8625
11856 8626
11858 8627
11859 8628
11861 8629
11862 8630
11865 8631
11868 8632
11870 8633
11872 8634
11874 8635
11875 8636
11876 8637
11877 8638
11878 8639
11879 8640
11881 8641
11883 8642
11884 8643
11885 8644
11886 8645
11888 8646
11889 8647
11891 8648
11892 8649
11893 8650
11894 8651
11895 8652
11898 8653
11899 8654
11901 8655
11902 8656
11905 8657
11906 8658
11907 8659
11908 8660
11909 8661
11910 8662
11914 8663
11915 8664
11916 8665
11917 8666
11918 8667
11919 8668
11920 8669
11921 8670
11922 8671
11923 8672
11927 8673
11928 8674
11929 8675
11931 8676
11932 8677
11933 8678
11934 8679
11935 8680
11937 8681
11938 8682
11940 8683
11941 8684
11942 8685
11943 8686
11944 8687
11945 8688
11946 8689
11949 8690
11950 8691
11951 8692
11952 8693
11954 8694
11955 8695
11959 8696
11960 8697
11961 8698
11962 8699
11963 8700
11965 8701
11966 8702
11967 8703
11968 8704
11969 8705
11970 8706
11971 8707
11972 8708
11973 8709
11975 8710
11976 8711
11977 8712
11979 8713
11982 8714
11983 8715
11984 8716
11985 8717
11986 8718
11987 8719
11988 8720
11989 8721
11990 8722
11991 8723
11992 8724
11993 8725
11994 8726
11995 8727
11996 8728
11997 8729
11999 8730
12000 8731
12001 8732
12002 8733
12003 8734
12006 8735
12007 8736
12008 8737
12009 8738
12011 8739
12013 8740
12014 8741
12016 8742
12017 8743
12018 8744
12019 8745
12020 8746
12021 8747
12022 8748
12024 8749
12025 8750
12026 8751
12027 8752
12028 8753
12029 8754
12030 8755
12031 8756
12032 8757
12033 8758
12034 8759
12035 8760
12036 8761
12040 8762
12041 8763
12044 8764
12045 8765
12046 8766
12048 8767
12049 8768
12050 8769
12051 8770
12052 8771
12053 8772
12054 8773
12056 8774
12057 8775
12058 8776
12059 8777
12060 8778
12061 8779
12062 8780
12063 8781
12064 8782
12065 8783
12066 8784
12067 8785
12068 8786
12071 8787
12072 8788
12073 8789
12074 8790
12075 8791
12076 8792
12077 8793
12078 8794
12079 8795
12080 8796
12081 8797
12083 8798
12084 8799
12085 8800
12087 8801
12088 8802
12089 8803
12090 8804
12091 8805
12092 8806
12093 8807
12094 8808
12095 8809
12097 8810
12098 8811
12099 8812
12103 8813
12104 8814
12105 8815
12107 8816
12108 8817
12109 8818
12110 8819
12111 8820
12112 8821
12113 8822
12114 8823
12115 8824
12116 8825
12117 8826
12118 8827
12121 8828
12122 8829
12123 8830
12124 8831
12127 8832
12131 8833
12132 8834
12133 8835
12134 8836
12136 8837
12137 8838
12138 8839
12140 8840
12141 8841
12144 8842
12145 8843
12147 8844
12148 8845
12149 8846
12150 8847
12152 8848
12153 8849
12154 8850
12157 8851
12158 8852
12161 8853
12162 8854
12163 8855
12164 8856
12165 8857
12167 8858
12168 8859
12169 8860
12172 8861
12173 8862
12174 8863
12175 8864
12176 8865
12180 8866
12181 8867
12184 8868
12186 8869
12187 8870
12188 8871
12189 8872
12190 8873
12191 8874
12193 8875
12195 8876
12197 8877
12198 8878
12201 8879
12202 8880
12203 8881
12204 8882
12205 8883
12206 8884
12207 8885
12209 8886
12210 8887
12211 8888
12214 8889
12215 8890
12216 8891
12218 8892
12219 8893
12220 8894
12221 8895
12222 8896
12224 8897
12225 8898
12226 8899
12227 8900
12228 8901
12229 8902
12230 8903
12233 8904
12234 8905
12235 8906
12236 8907
12237 8908
12240 8909
12241 8910
12247 8911
12248 8912
12249 8913
12250 8914
12251 8915
12253 8916
12255 8917
12256 8918
12257 8919
12258 8920
12259 8921
12260 8922
12261 8923
12262 8924
12264 8925
12265 8926
12266 8927
12267 8928
12269 8929
12270 8930
12271 8931
12272 8932
12273 8933
12274 8934
12275 8935
12278 8936
12279 8937
12281 8938
12282 8939
12283 8940
12284 8941
12285 8942
12286 8943
12287 8944
12289 8945
12290 8946
12291 8947
12292 8948
12295 8949
12297 8950
12298 8951
12299 8952
12300 8953
12301 8954
12303 8955
12305 8956
12306 8957
12307 8958
12308 8959
12311 8960
12312 8961
12313 8962
12317 8963
12318 8964
12320 8965
12321 8966
12323 8967
12325 8968
12327 8969
12328 8970
12329 8971
12330 8972
12331 8973
12332 8974
12333 8975
12334 8976
12336 8977
12337 8978
12338 8979
12340 8980
12341 8981
12343 8982
12344 8983
12348 8984
12349 8985
12350 8986
12351 8987
12352 8988
12353 8989
12355 8990
12356 8991
12357 8992
12358 8993
12359 8994
12360 8995
12361 8996
12362 8997
12363 8998
12364 8999
12365 9000
12366 9001
12369 9002
12371 9003
12372 9004
12373 9005
12374 9006
12375 9007
12378 9008
12379 9009
12380 9010
12382 9011
12383 9012
12386 9013
12387 9014
12388 9015
12389 9016
12390 9017
12391 9018
12392 9019
12393 9020
12394 9021
12395 9022
12396 9023
12397 9024
12398 9025
12400 9026
12401 9027
12402 9028
12404 9029
12405 9030
12406 9031
12407 9032
12408 9033
12412 9034
12414 9035
12415 9036
12419 9037
12420 9038
12421 9039
12422 9040
12424 9041
12425 9042
12426 9043
12427 9044
12429 9045
12430 9046
12432 9047
12433 9048
12434 9049
12435 9050
12436 9051
12438 9052
12440 9053
12443 9054
12447 9055
12448 9056
12450 9057
12451 9058
12452 9059
12453 9060
12454 9061
12455 9062
12456 9063
12458 9064
12459 9065
12460 9066
12462 9067
12463 9068
12465 9069
12467 9070
12468 9071
12469 9072
12470 9073
12472 9074
12474 9075
12475 9076
12476 9077
12477 9078
12478 9079
12479 9080
12480 9081
12481 9082
12483 9083
12484 9084
12486 9085
12487 9086
12489 9087
12492 9088
12493 9089
12494 9090
12496 9091
12498 9092
12499 9093
12501 9094
12502 9095
12503 9096
12504 9097
12505 9098
12506 9099
12507 9100
12508 9101
12509 9102
12510 9103
12513 9104
12514 9105
12516 9106
12517 9107
12518 9108
12519 9109
12520 9110
12521 9111
12522 9112
12523 9113
12524 9114
12525 9115
12526 9116
12528 9117
12530 9118
12531 9119
12532 9120
12533 9121
12534 9122
12535 9123
12536 9124
12537 9125
12538 9126
12539 9127
12541 9128
12542 9129
12543 9130
12546 9131
12547 9132
12548 9133
12550 9134
12551 9135
12552 9136
12553 9137
12554 9138
12555 9139
12556 9140
12557 9141
12560 9142
12561 9143
12562 9144
12563 9145
12564 9146
12566 9147
12567 9148
12568 9149
12569 9150
12570 9151
12571 9152
12572 9153
12573 9154
12575 9155
12576 9156
12578 9157
12581 9158
12582 9159
12584 9160
12586 9161
12587 9162
12588 9163
12590 9164
12591 9165
12593 9166
12597 9167
12598 9168
12599 9169
12600 9170
12603 9171
12605 9172
12607 9173
12608 9174
12609 9175
12610 9176
12612 9177
12614 9178
12616 9179
12617 9180
12618 9181
12619 9182
12620 9183
12621 9184
12624 9185
12626 9186
12628 9187
12629 9188
12630 9189
12634 9190
12635 9191
12636 9192
12637 9193
12640 9194
12641 9195
12643 9196
12644 9197
12645 9198
12647 9199
12650 9200
12652 9201
12653 9202
12656 9203
12657 9204
12659 9205
12661 9206
12662 9207
12663 9208
12665 9209
12668 9210
12669 9211
12670 9212
12671 9213
12673 9214
12675 9215
12676 9216
12678 9217
12680 9218
12681 9219
12683 9220
12684 9221
12685 9222
12687 9223
12688 9224
12689 9225
12690 9226
12691 9227
12692 9228
12694 9229
12695 9230
12696 9231
12697 9232
12699 9233
12700 9234
12702 9235
12703 9236
12704 9237
12705 9238
12706 9239
12707 9240
12708 9241
12709 9242
12710 9243
12711 9244
12713 9245
12716 9246
12718 9247
12720 9248
12721 9249
12722 9250
12723 9251
12724 9252
12725 9253
12726 9254
12727 9255
12728 9256
12731 9257
12732 9258
12733 9259
12736 9260
12737 9261
12738 9262
12739 9263
12740 9264
12741 9265
12743 9266
12744 9267
12745 9268
12746 9269
12747 9270
12751 9271
12752 9272
12754 9273
12756 9274
12757 9275
12758 9276
12759 9277
12762 9278
12763 9279
12764 9280
12765 9281
12766 9282
12767 9283
12768 9284
12771 9285
12772 9286
12773 9287
12775 9288
12776 9289
12777 9290
12778 9291
12780 9292
12783 9293
12785 9294
12786 9295
12787 9296
12788 9297
12789 9298
12790 9299
12791 9300
12792 9301
12793 9302
12796 9303
12798 9304
12799 9305
12800 9306
12802 9307
12803 9308
12804 9309
12805 9310
12806 9311
12807 9312
12810 9313
12811 9314
12812 9315
12815 9316
12817 9317
12820 9318
12821 9319
12825 9320
12827 9321
12828 9322
12831 9323
12832 9324
12833 9325
12834 9326
12835 9327
12836 9328
12838 9329
12839 9330
12840 9331
12841 9332
12842 9333
12843 9334
12844 9335
12845 9336
12846 9337
12847 9338
12849 9339
12850 9340
12853 9341
12854 9342
12856 9343
12857 9344
12858 9345
12859 9346
12862 9347
12863 9348
12864 9349
12865 9350
12867 9351
12868 9352
12870 9353
12872 9354
12873 9355
12874 9356
12875 9357
12877 9358
12878 9359
12881 9360
12883 9361
12884 9362
12885 9363
12886 9364
12887 9365
12888 9366
12889 9367
12890 9368
12892 9369
12894 9370
12895 9371
12896 9372
12897 9373
12898 9374
12901 9375
12902 9376
12903 9377
12907 9378
12908 9379
12909 9380
12911 9381
12912 9382
12913 9383
12914 9384
12915 9385
12916 9386
12917 9387
12918 9388
12919 9389
12920 9390
12922 9391
12923 9392
12924 9393
12925 9394
12926 9395
12928 9396
12929 9397
12931 9398
12932 9399
12933 9400
12934 9401
12935 9402
12936 9403
12937 9404
12938 9405
12939 9406
12940 9407
12941 9408
12943 9409
12944 9410
12946 9411
12947 9412
12948 9413
12949 9414
12953 9415
12957 9416
12958 9417
12959 9418
12961 9419
12962 9420
12963 9421
12964 9422
12967 9423
12968 9424
12969 9425
12970 9426
12973 9427
12974 9428
12976 9429
12979 9430
12980 9431
12982 9432
12983 9433
12984 9434
12985 9435
12986 9436
12987 9437
12988 9438
12989 9439
12991 9440
12992 9441
12993 9442
12994 9443
12999 9444
13000 9445
13001 9446
13002 9447
13003 9448
13004 9449
13005 9450
13006 9451
13007 9452
13008 9453
13009 9454
13010 9455
13011 9456
13012 9457
13013 9458
13014 9459
13015 9460
13017 9461
13019 9462
13020 9463
13021 9464
13023 9465
13024 9466
13025 9467
13026 9468
13027 9469
13028 9470
13030 9471
13032 9472
13033 9473
13034 9474
13035 9475
13036 9476
13037 9477
13039 9478
13040 9479
13041 9480
13042 9481
13043 9482
13044 9483
13045 9484
13047 9485
13048 9486
13049 9487
13050 9488
13051 9489
13056 9490
13057 9491
13060 9492
13061 9493
13062 9494
13063 9495
13064 9496
13066 9497
13067 9498
13068 9499
13069 9500
13073 9501
13074 9502
13075 9503
13076 9504
13077 9505
13078 9506
13079 9507
13080 9508
13081 9509
13082 9510
13083 9511
13084 9512
13086 9513
13087 9514
13090 9515
13091 9516
13092 9517
13094 9518
13095 9519
13096 9520
13097 9521
13099 9522
13100 9523
13101 9524
13102 9525
13105 9526
13106 9527
13108 9528
13109 9529
13110 9530
13112 9531
13113 9532
13115 9533
13116 9534
13117 9535
13119 9536
13120 9537
13121 9538
13122 9539
13124 9540
13125 9541
13126 9542
13127 9543
13129 9544
13130 9545
13131 9546
13132 9547
13133 9548
13134 9549
13137 9550
13138 9551
13142 9552
13143 9553
13144 9554
13145 9555
13146 9556
13148 9557
13149 9558
13150 9559
13151 9560
13152 9561
13153 9562
13154 9563
13155 9564
13156 9565
13157 9566
13159 9567
13160 9568
13161 9569
13163 9570
13167 9571
13168 9572
13169 9573
13170 9574
13171 9575
13174 9576
13175 9577
13176 9578
13177 9579
13178 9580
13180 9581
13182 9582
13184 9583
13187 9584
13188 9585
13189 9586
13191 9587
13192 9588
13193 9589
13194 9590
13198 9591
13199 9592
13200 9593
13205 9594
13207 9595
13210 9596
13211 9597
13212 9598
13215 9599
13216 9600
13217 9601
13219 9602
13220 9603
13222 9604
13223 9605
13224 9606
13226 9607
13227 9608
13228 9609
13229 9610
13230 9611
13232 9612
13235 9613
13236 9614
13238 9615
13240 9616
13242 9617
13243 9618
13244 9619
13245 9620
13246 9621
13247 9622
13251 9623
13252 9624
13255 9625
13258 9626
13259 9627
13261 9628
13262 9629
13263 9630
13265 9631
13266 9632
13267 9633
13268 9634
13269 9635
13270 9636
13271 9637
13272 9638
13273 9639
13274 9640
13276 9641
13277 9642
13278 9643
13280 9644
13282 9645
13283 9646
13285 9647
13286 9648
13287 9649
13288 9650
13294 9651
13295 9652
13297 9653
13298 9654
13299 9655
13300 9656
13301 9657
13302 9658
13303 9659
13304 9660
13305 9661
13306 9662
13307 9663
13308 9664
13309 9665
13310 9666
13311 9667
13313 9668
13314 9669
13315 9670
13316 9671
13318 9672
13319 9673
13320 9674
13321 9675
13323 9676
13324 9677
13325 9678
13326 9679
13327 9680
13328 9681
13329 9682
13330 9683
13331 9684
13332 9685
13333 9686
13335 9687
13336 9688
13338 9689
13339 9690
13340 9691
13341 9692
13344 9693
13345 9694
13346 9695
13348 9696
13349 9697
13350 9698
13352 9699
13353 9700
13354 9701
13356 9702
13357 9703
13358 9704
13360 9705
13361 9706
13362 9707
13363 9708
13365 9709
13367 9710
13368 9711
13369 9712
13370 9713
13371 9714
13372 9715
13373 9716
13374 9717
13375 9718
13376 9719
13377 9720
13379 9721
13381 9722
13385 9723
13387 9724
13388 9725
13389 9726
13390 9727
13391 9728
13392 9729
13393 9730
13394 9731
13395 9732
13397 9733
13398 9734
13399 9735
13400 9736
13402 9737
13405 9738
13406 9739
13409 9740
13410 9741
13411 9742
13412 9743
13413 9744
13415 9745
13416 9746
13417 9747
13418 9748
13419 9749
13421 9750
13422 9751
13423 9752
13424 9753
13427 9754
13428 9755
13429 9756
13431 9757
13432 9758
13433 9759
13435 9760
13436 9761
13437 9762
13438 9763
13439 9764
13440 9765
13441 9766
13442 9767
13443 9768
13444 9769
13445 9770
13446 9771
13447 9772
13448 9773
13449 9774
13450 9775
13451 9776
13452 9777
13454 9778
13455 9779
13458 9780
13459 9781
13460 9782
13463 9783
13464 9784
13465 9785
13467 9786
13468 9787
13469 9788
13470 9789
13471 9790
13472 9791
13473 9792
13477 9793
13481 9794
13482 9795
13483 9796
13484 9797
13485 9798
13486 9799
13487 9800
13490 9801
13491 9802
13492 9803
13493 9804
13495 9805
13496 9806
13499 9807
13500 9808
13503 9809
13506 9810
13507 9811
13508 9812
13509 9813
13510 9814
13512 9815
13513 9816
13514 9817
13515 9818
13516 9819
13517 9820
13518 9821
13520 9822
13521 9823
13522 9824
13523 9825
13524 9826
13525 9827
13527 9828
13529 9829
13530 9830
13531 9831
13532 9832
13533 9833
13534 9834
13536 9835
13538 9836
13541 9837
13542 9838
13544 9839
13545 9840
13546 9841
13547 9842
13548 9843
13549 9844
13550 9845
13551 9846
13553 9847
13555 9848
13556 9849
13557 9850
13558 9851
13560 9852
13563 9853
13564 9854
13565 9855
13566 9856
13567 9857
13569 9858
13570 9859
13571 9860
13572 9861
13573 9862
13575 9863
13577 9864
13579 9865
13580 9866
13581 9867
13582 9868
13583 9869
13584 9870
13585 9871
13586 9872
13587 9873
13589 9874
13591 9875
13592 9876
13595 9877
13597 9878
13598 9879
13600 9880
13601 9881
13602 9882
13605 9883
13608 9884
13609 9885
13610 9886
13611 9887
13612 9888
13613 9889
13614 9890
13618 9891
13620 9892
13622 9893
13623 9894
13624 9895
13626 9896
13628 9897
13629 9898
13630 9899
13631 9900
13632 9901
13633 9902
13634 9903
13635 9904
13636 9905
13638 9906
13639 9907
13640 9908
13642 9909
13644 9910
13645 9911
13646 9912
13647 9913
13648 9914
13649 9915
13650 9916
13651 9917
13652 9918
13653 9919
13654 9920
13656 9921
13657 9922
13658 9923
13660 9924
13661 9925
13663 9926
13664 9927
13665 9928
13666 9929
13669 9930
13671 9931
13672 9932
13673 9933
13674 9934
13675 9935
13676 9936
13678 9937
13679 9938
13680 9939
13681 9940
13682 9941
13683 9942
13684 9943
13685 9944
13690 9945
13691 9946
13692 9947
13694 9948
13696 9949
13697 9950
13698 9951
13699 9952
13700 9953
13702 9954
13703 9955
13704 9956
13705 9957
13706 9958
13708 9959
13709 9960
13710 9961
13711 9962
13712 9963
13715 9964
13716 9965
13717 9966
13718 9967
13719 9968
13720 9969
13721 9970
13722 9971
13723 9972
13724 9973
13725 9974
13726 9975
13728 9976
13729 9977
13730 9978
13735 9979
13736 9980
13737 9981
13738 9982
13739 9983
13740 9984
13741 9985
13742 9986
13743 9987
13744 9988
13745 9989
13746 9990
13747 9991
13748 9992
13749 9993
13750 9994
13751 9995
13753 9996
13754 9997
13755 9998
13756 9999
13757 10000
13758 10001
13759 10002
13760 10003
13761 10004
13763 10005
13764 10006
13766 10007
13767 10008
13768 10009
13769 10010
13772 10011
13773 10012
13774 10013
13775 10014
13776 10015
13778 10016
13779 10017
13780 10018
13781 10019
13783 10020
13784 10021
13786 10022
13787 10023
13788 10024
13790 10025
13792 10026
13796 10027
13797 10028
13798 10029
13799 10030
13801 10031
13804 10032
13808 10033
13809 10034
13811 10035
13813 10036
13815 10037
13816 10038
13817 10039
13819 10040
13820 10041
13821 10042
13823 10043
13826 10044
13829 10045
13830 10046
13831 10047
13832 10048
13833 10049
13834 10050
13837 10051
13840 10052
13841 10053
13842 10054
13844 10055
13845 10056
13846 10057
13847 10058
13850 10059
13852 10060
13853 10061
13856 10062
13858 10063
13859 10064
13862 10065
13864 10066
13866 10067
13867 10068
13869 10069
13870 10070
13872 10071
13874 10072
13875 10073
13877 10074
13878 10075
13879 10076
13881 10077
13882 10078
13883 10079
13884 10080
13886 10081
13887 10082
13888 10083
13889 10084
13890 10085
13891 10086
13893 10087
13896 10088
13897 10089
13898 10090
13899 10091
13901 10092
13902 10093
13903 10094
13904 10095
13905 10096
13906 10097
13907 10098
13908 10099
13910 10100
13911 10101
13912 10102
13913 10103
13915 10104
13916 10105
13917 10106
13918 10107
13920 10108
13921 10109
13922 10110
13923 10111
13926 10112
13928 10113
13930 10114
13931 10115
13933 10116
13934 10117
13938 10118
13942 10119
13945 10120
13946 10121
13947 10122
13949 10123
13950 10124
13951 10125
13952 10126
13953 10127
13954 10128
13955 10129
13957 10130
13958 10131
13961 10132
13963 10133
13966 10134
13968 10135
13969 10136
13972 10137
13973 10138
13975 10139
13976 10140
13977 10141
13980 10142
13981 10143
13982 10144
13983 10145
13986 10146
13987 10147
13988 10148
13989 10149
13990 10150
13992 10151
13993 10152
13994 10153
13995 10154
13996 10155
13999 10156
14000 10157
14001 10158
14002 10159
14004 10160
14005 10161
14006 10162
14008 10163
14010 10164
14011 10165
14012 10166
14014 10167
14016 10168
14018 10169
14019 10170
14020 10171
14024 10172
14026 10173
14027 10174
14030 10175
14032 10176
14033 10177
14034 10178
14035 10179
14036 10180
14037 10181
14038 10182
14039 10183
14041 10184
14044 10185
14045 10186
14047 10187
14048 10188
14049 10189
14050 10190
14051 10191
14054 10192
14055 10193
14056 10194
14057 10195
14058 10196
14059 10197
14060 10198
14061 10199
14063 10200
14065 10201
14066 10202
14068 10203
14069 10204
14070 10205
14071 10206
14072 10207
14073 10208
14074 10209
14076 10210
14078 10211
14079 10212
14081 10213
14083 10214
14086 10215
14092 10216
14093 10217
14095 10218
14096 10219
14098 10220
14099 10221
14100 10222
14102 10223
14104 10224
14105 10225
14106 10226
14107 10227
14108 10228
14109 10229
14111 10230
14112 10231
14114 10232
14115 10233
14116 10234
14117 10235
14118 10236
14119 10237
14120 10238
14122 10239
14123 10240
14125 10241
14127 10242
14129 10243
14131 10244
14132 10245
14134 10246
14135 10247
14136 10248
14137 10249
14138 10250
14139 10251
14141 10252
14142 10253
14143 10254
14144 10255
14145 10256
14147 10257
14149 10258
14150 10259
14151 10260
14152 10261
14153 10262
14154 10263
14159 10264
14160 10265
14161 10266
14162 10267
14165 10268
14166 10269
14168 10270
14169 10271
14170 10272
14171 10273
14174 10274
14176 10275
14177 10276
14180 10277
14183 10278
14184 10279
14185 10280
14186 10281
14188 10282
14189 10283
14190 10284
14192 10285
14193 10286
14194 10287
14195 10288
14196 10289
14201 10290
14202 10291
14203 10292
14204 10293
14205 10294
14208 10295
14209 10296
14210 10297
14211 10298
14212 10299
14214 10300
14216 10301
14221 10302
14222 10303
14223 10304
14224 10305
14225 10306
14226 10307
14228 10308
14230 10309
14232 10310
14234 10311
14235 10312
14237 10313
14240 10314
14241 10315
14243 10316
14244 10317
14246 10318
14247 10319
14248 10320
14249 10321
14250 10322
14251 10323
14253 10324
14255 10325
14256 10326
14258 10327
14259 10328
14261 10329
14262 10330
14263 10331
14265 10332
14267 10333
14269 10334
14271 10335
14272 10336
14273 10337
14274 10338
14275 10339
14276 10340
14278 10341
14281 10342
14282 10343
14283 10344
14284 10345
14286 10346
14289 10347
14290 10348
14293 10349
14296 10350
14297 10351
14299 10352
14301 10353
14302 10354
14303 10355
14304 10356
14305 10357
14307 10358
14309 10359
14310 10360
14311 10361
14315 10362
14320 10363
14323 10364
14325 10365
14327 10366
14328 10367
14329 10368
14330 10369
14332 10370
14333 10371
14334 10372
14335 10373
14336 10374
14337 10375
14338 10376
14339 10377
14340 10378
14341 10379
14342 10380
14343 10381
14344 10382
14345 10383
14346 10384
14348 10385
14349 10386
14351 10387
14353 10388
14354 10389
14356 10390
14357 10391
14358 10392
14360 10393
14361 10394
14362 10395
14363 10396
14365 10397
14366 10398
14367 10399
14368 10400
14370 10401
14371 10402
14372 10403
14373 10404
14376 10405
14377 10406
14378 10407
14379 10408
14381 10409
14383 10410
14385 10411
14386 10412
14388 10413
14390 10414
14391 10415
14393 10416
14394 10417
14395 10418
14396 10419
14398 10420
14399 10421
14401 10422
14402 10423
14403 10424
14404 10425
14405 10426
14406 10427
14407 10428
14408 10429
14409 10430
14410 10431
14412 10432
14414 10433
14415 10434
14416 10435
14418 10436
14419 10437
14420 10438
14422 10439
14423 10440
14425 10441
14426 10442
14427 10443
14428 10444
14429 10445
14430 10446
14432 10447
14433 10448
14434 10449
14435 10450
14436 10451
14437 10452
14438 10453
14439 10454
14441 10455
14443 10456
14445 10457
14446 10458
14447 10459
14448 10460
14451 10461
14453 10462
14454 10463
14455 10464
14456 10465
14457 10466
14459 10467
14461 10468
14463 10469
14464 10470
14465 10471
14467 10472
14468 10473
14470 10474
14471 10475
14474 10476
14475 10477
14476 10478
14478 10479
14479 10480
14481 10481
14482 10482
14483 10483
14484 10484
14485 10485
14486 10486
14487 10487
14489 10488
14490 10489
14491 10490
14492 10491
14493 10492
14494 10493
14495 10494
14497 10495
14498 10496
14499 10497
14501 10498
14503 10499
14504 10500
14505 10501
14506 10502
14507 10503
14508 10504
14510 10505
14511 10506
14512 10507
14513 10508
14515 10509
14516 10510
14518 10511
14520 10512
14521 10513
14523 10514
14524 10515
14525 10516
14526 10517
14527 10518
14528 10519
14529 10520
14530 10521
14534 10522
14535 10523
14536 10524
14537 10525
14538 10526
14540 10527
14541 10528
14542 10529
14543 10530
14544 10531
14546 10532
14547 10533
14548 10534
14550 10535
14551 10536
14552 10537
14553 10538
14554 10539
14555 10540
14559 10541
14560 10542
14561 10543
14562 10544
14563 10545
14565 10546
14566 10547
14567 10548
14570 10549
14571 10550
14572 10551
14573 10552
14574 10553
14577 10554
14578 10555
14579 10556
14580 10557
14581 10558
14582 10559
14583 10560
14584 10561
14585 10562
14588 10563
14589 10564
14590 10565
14591 10566
14595 10567
14597 10568
14598 10569
14599 10570
14601 10571
14603 10572
14606 10573
14607 10574
14609 10575
14610 10576
14611 10577
14614 10578
14615 10579
14616 10580
14617 10581
14618 10582
14620 10583
14621 10584
14622 10585
14624 10586
14625 10587
14626 10588
14627 10589
14629 10590
14631 10591
14632 10592
14633 10593
14634 10594
14635 10595
14636 10596
14637 10597
14638 10598
14639 10599
14642 10600
14643 10601
14644 10602
14648 10603
14649 10604
14650 10605
14652 10606
14654 10607
14655 10608
14658 10609
14659 10610
14660 10611
14661 10612
14662 10613
14663 10614
14664 10615
14665 10616
14667 10617
14669 10618
14670 10619
14671 10620
14673 10621
14674 10622
14676 10623
14677 10624
14679 10625
14680 10626
14682 10627
14684 10628
14685 10629
14687 10630
14689 10631
14690 10632
14691 10633
14692 10634
14693 10635
14694 10636
14695 10637
14696 10638
14699 10639
14701 10640
14702 10641
14704 10642
14705 10643
14706 10644
14710 10645
14711 10646
14713 10647
14714 10648
14715 10649
14717 10650
14718 10651
14719 10652
14720 10653
14721 10654
14723 10655
14725 10656
14726 10657
14727 10658
14731 10659
14734 10660
14735 10661
14736 10662
14737 10663
14738 10664
14739 10665
14742 10666
14743 10667
14744 10668
14746 10669
14748 10670
14749 10671
14750 10672
14751 10673
14752 10674
14754 10675
14755 10676
14756 10677
14758 10678
14759 10679
14761 10680
14763 10681
14765 10682
14766 10683
14767 10684
14768 10685
14769 10686
14771 10687
14772 10688
14773 10689
14774 10690
14775 10691
14777 10692
14778 10693
14779 10694
14780 10695
14781 10696
14783 10697
14784 10698
14785 10699
14786 10700
14787 10701
14788 10702
14789 10703
14790 10704
14791 10705
14792 10706
14793 10707
14794 10708
14795 10709
14799 10710
14800 10711
14802 10712
14803 10713
14805 10714
14806 10715
14807 10716
14808 10717
14809 10718
14810 10719
14814 10720
14816 10721
14817 10722
14818 10723
14819 10724
14820 10725
14821 10726
14823 10727
14824 10728
14825 10729
14827 10730
14828 10731
14829 10732
14830 10733
14833 10734
14834 10735
14835 10736
14837 10737
14839 10738
14840 10739
14841 10740
14842 10741
14843 10742
14844 10743
14845 10744
14847 10745
14848 10746
14849 10747
14850 10748
14851 10749
14852 10750
14854 10751
14855 10752
14857 10753
14859 10754
14860 10755
14861 10756
14862 10757
14863 10758
14864 10759
14865 10760
14866 10761
14869 10762
14870 10763
14871 10764
14872 10765
14874 10766
14875 10767
14876 10768
14877 10769
14878 10770
14880 10771
14881 10772
14882 10773
14884 10774
14885 10775
14886 10776
14887 10777
14889 10778
14890 10779
14891 10780
14892 10781
14894 10782
14895 10783
14896 10784
14897 10785
14900 10786
14901 10787
14903 10788
14909 10789
14910 10790
14911 10791
14912 10792
14914 10793
14916 10794
14918 10795
14921 10796
14923 10797
14925 10798
14926 10799
14927 10800
14929 10801
14930 10802
14931 10803
14932 10804
14934 10805
14935 10806
14936 10807
14937 10808
14938 10809
14939 10810
14940 10811
14942 10812
14943 10813
14945 10814
14949 10815
14950 10816
14951 10817
14953 10818
14955 10819
14960 10820
14962 10821
14963 10822
14964 10823
14967 10824
14968 10825
14969 10826
14970 10827
14971 10828
14972 10829
14974 10830
14976 10831
14977 10832
14978 10833
14979 10834
14980 10835
14982 10836
14984 10837
14985 10838
14986 10839
14987 10840
14990 10841
14991 10842
14992 10843
14993 10844
14994 10845
14997 10846
14998 10847
15000 10848
15001 10849
15002 10850
15003 10851
15004 10852
15007 10853
15011 10854
15012 10855
15014 10856
15017 10857
15018 10858
15019 10859
15020 10860
15021 10861
15022 10862
15023 10863
15024 10864
15027 10865
15028 10866
15029 10867
15030 10868
15031 10869
15032 10870
15033 10871
15034 10872
15035 10873
15037 10874
15038 10875
15039 10876
15041 10877
15042 10878
15043 10879
15045 10880
15046 10881
15047 10882
15048 10883
15049 10884
15050 10885
15051 10886
15052 10887
15054 10888
15055 10889
15056 10890
15057 10891
15058 10892
15059 10893
15060 10894
15061 10895
15062 10896
15063 10897
15064 10898
15066 10899
15067 10900
15069 10901
15070 10902
15071 10903
15072 10904
15073 10905
15075 10906
15076 10907
15077 10908
15078 10909
15079 10910
15081 10911
15083 10912
15087 10913
15088 10914
15089 10915
15091 10916
15092 10917
15093 10918
15095 10919
15097 10920
15100 10921
15101 10922
15102 10923
15103 10924
15106 10925
15107 10926
15108 10927
15110 10928
15111 10929
15113 10930
15114 10931
15116 10932
15117 10933
15120 10934
15121 10935
15122 10936
15123 10937
15124 10938
15126 10939
15128 10940
15129 10941
15130 10942
15131 10943
15132 10944
15133 10945
15134 10946
15136 10947
15138 10948
15139 10949
15140 10950
15142 10951
15145 10952
15147 10953
15148 10954
15150 10955
15154 10956
15155 10957
15156 10958
15158 10959
15159 10960
15160 10961
15161 10962
15162 10963
15163 10964
15165 10965
15166 10966
15167 10967
15168 10968
15169 10969
15171 10970
15172 10971
15174 10972
15175 10973
15176 10974
15177 10975
15178 10976
15180 10977
15181 10978
15183 10979
15184 10980
15185 10981
15186 10982
15188 10983
15192 10984
15193 10985
15195 10986
15196 10987
15197 10988
15198 10989
15199 10990
15201 10991
15203 10992
15204 10993
15205 10994
15206 10995
15207 10996
15208 10997
15209 10998
15210 10999
15211 11000
15212 11001
15214 11002
15215 11003
15216 11004
15217 11005
15219 11006
15220 11007
15221 11008
15222 11009
15224 11010
15226 11011
15227 11012
15228 11013
15230 11014
15233 11015
15234 11016
15235 11017
15237 11018
15238 11019
15241 11020
15242 11021
15244 11022
15245 11023
15246 11024
15247 11025
15249 11026
15250 11027
15251 11028
15254 11029
15255 11030
15256 11031
15259 11032
15260 11033
15261 11034
15263 11035
15266 11036
15267 11037
15268 11038
15269 11039
15270 11040
15271 11041
15272 11042
15274 11043
15275 11044
15276 11045
15279 11046
15280 11047
15281 11048
15282 11049
15283 11050
15285 11051
15286 11052
15287 11053
15288 11054
15289 11055
15292 11056
15293 11057
15295 11058
15296 11059
15297 11060
15298 11061
15301 11062
15302 11063
15303 11064
15305 11065
15308 11066
15310 11067
15311 11068
15312 11069
15313 11070
15314 11071
15315 11072
15316 11073
15317 11074
15318 11075
15320 11076
15322 11077
15323 11078
15325 11079
15328 11080
15329 11081
15332 11082
15333 11083
15334 11084
15335 11085
15336 11086
15338 11087
15339 11088
15342 11089
15344 11090
15345 11091
15348 11092
15349 11093
15351 11094
15355 11095
15356 11096
15357 11097
15358 11098
15359 11099
15362 11100
15364 11101
15371 11102
15372 11103
15373 11104
15376 11105
15380 11106
15381 11107
15384 11108
15385 11109
15386 11110
15387 11111
15388 11112
15392 11113
15393 11114
15394 11115
15395 11116
15396 11117
15397 11118
15399 11119
15400 11120
15401 11121
15402 11122
15404 11123
15405 11124
15406 11125
15408 11126
15409 11127
15410 11128
15411 11129
15412 11130
15414 11131
15415 11132
15417 11133
15418 11134
15421 11135
15422 11136
15423 11137
15424 11138
15425 11139
15426 11140
15427 11141
15429 11142
15432 11143
15434 11144
15435 11145
15436 11146
15437 11147
15438 11148
15439 11149
15440 11150
15441 11151
15443 11152
15444 11153
15445 11154
15447 11155
15448 11156
15449 11157
15450 11158
15451 11159
15452 11160
15453 11161
15454 11162
15455 11163
15457 11164
15458 11165
15459 11166
15460 11167
15461 11168
15462 11169
15463 11170
15464 11171
15465 11172
15466 11173
15467 11174
15468 11175
15469 11176
15470 11177
15471 11178
15472 11179
15473 11180
15474 11181
15475 11182
15477 11183
15478 11184
15480 11185
15481 11186
15482 11187
15484 11188
15485 11189
15486 11190
15487 11191
15489 11192
15490 11193
15491 11194
15492 11195
15493 11196
15494 11197
15495 11198
15496 11199
15497 11200
15500 11201
15502 11202
15504 11203
15506 11204
15508 11205
15509 11206
15510 11207
15511 11208
15512 11209
15513 11210
15514 11211
15516 11212
15517 11213
15518 11214
15519 11215
15521 11216
15522 11217
15523 11218
15524 11219
15525 11220
15527 11221
15528 11222
15529 11223
15530 11224
15531 11225
15532 11226
15533 11227
15534 11228
15535 11229
15542 11230
15545 11231
15547 11232
15548 11233
15550 11234
15551 11235
15552 11236
15554 11237
15555 11238
15556 11239
15557 11240
15558 11241
15559 11242
15561 11243
15562 11244
15563 11245
15564 11246
15565 11247
15567 11248
15568 11249
15569 11250
15570 11251
15571 11252
15572 11253
15575 11254
15576 11255
15577 11256
15578 11257
15580 11258
15582 11259
15584 11260
15585 11261
15586 11262
15587 11263
15589 11264
15590 11265
15591 11266
15593 11267
15594 11268
15595 11269
15596 11270
15597 11271
15598 11272
15599 11273
15601 11274
15602 11275
15603 11276
15604 11277
15605 11278
15606 11279
15608 11280
15609 11281
15610 11282
15611 11283
15612 11284
15613 11285
15614 11286
15615 11287
15616 11288
15617 11289
15620 11290
15621 11291
15622 11292
15623 11293
15624 11294
15625 11295
15627 11296
15628 11297
15629 11298
15630 11299
15632 11300
15633 11301
15634 11302
15635 11303
15636 11304
15637 11305
15638 11306
15639 11307
15640 11308
15641 11309
15642 11310
15645 11311
15646 11312
15647 11313
15648 11314
15649 11315
15650 11316
15651 11317
15653 11318
15654 11319
15655 11320
15656 11321
15659 11322
15660 11323
15661 11324
15662 11325
15664 11326
15665 11327
15666 11328
15667 11329
15668 11330
15669 11331
15670 11332
15671 11333
15672 11334
15674 11335
15675 11336
15676 11337
15677 11338
15678 11339
15679 11340
15682 11341
15683 11342
15685 11343
15686 11344
15687 11345
15689 11346
15690 11347
15691 11348
15692 11349
15693 11350
15694 11351
15695 11352
15696 11353
15698 11354
15699 11355
15700 11356
15701 11357
15704 11358
15705 11359
15706 11360
15707 11361
15708 11362
15709 11363
15711 11364
15713 11365
15714 11366
15715 11367
15717 11368
15718 11369
15720 11370
15721 11371
15722 11372
15723 11373
15724 11374
15725 11375
15726 11376
15727 11377
15728 11378
15729 11379
15730 11380
15731 11381
15732 11382
15733 11383
15734 11384
15735 11385
15736 11386
15737 11387
15738 11388
15739 11389
15740 11390
15742 11391
15745 11392
15747 11393
15749 11394
15751 11395
15754 11396
15755 11397
15757 11398
15758 11399
15760 11400
15762 11401
15764 11402
15765 11403
15766 11404
15768 11405
15769 11406
15770 11407
15771 11408
15772 11409
15773 11410
15774 11411
15775 11412
15776 11413
15777 11414
15780 11415
15783 11416
15784 11417
15787 11418
15788 11419
15789 11420
15790 11421
15791 11422
15792 11423
15793 11424
15794 11425
15795 11426
15797 11427
15798 11428
15799 11429
15801 11430
15803 11431
15804 11432
15805 11433
15806 11434
15808 11435
15810 11436
15811 11437
15812 11438
15813 11439
15814 11440
15815 11441
15816 11442
15817 11443
15818 11444
15819 11445
15820 11446
15821 11447
15822 11448
15823 11449
15824 11450
15825 11451
15827 11452
15828 11453
15830 11454
15831 11455
15832 11456
15833 11457
15834 11458
15835 11459
15836 11460
15837 11461
15838 11462
15841 11463
15843 11464
15844 11465
15845 11466
15850 11467
15851 11468
15858 11469
15859 11470
15861 11471
15862 11472
15864 11473
15865 11474
15866 11475
15867 11476
15868 11477
15869 11478
15871 11479
15872 11480
15873 11481
15875 11482
15876 11483
15877 11484
15879 11485
15880 11486
15882 11487
15883 11488
15884 11489
15885 11490
15886 11491
15887 11492
15888 11493
15889 11494
15890 11495
15891 11496
15893 11497
15894 11498
15895 11499
15896 11500
15899 11501
15900 11502
15902 11503
15903 11504
15904 11505
15905 11506
15906 11507
15907 11508
15908 11509
15909 11510
15911 11511
15912 11512
15913 11513
15914 11514
15915 11515
15916 11516
15917 11517
15921 11518
15924 11519
15925 11520
15926 11521
15927 11522
15929 11523
15930 11524
15931 11525
15932 11526
15934 11527
15935 11528
15937 11529
15938 11530
15941 11531
15943 11532
15944 11533
15946 11534
15947 11535
15948 11536
15950 11537
15951 11538
15952 11539
15953 11540
15954 11541
15955 11542
15956 11543
15957 11544
15958 11545
15959 11546
15961 11547
15964 11548
15968 11549
15969 11550
15971 11551
15972 11552
15973 11553
15974 11554
15978 11555
15979 11556
15982 11557
15984 11558
15985 11559
15986 11560
15987 11561
15988 11562
15989 11563
15990 11564
15991 11565
15992 11566
15993 11567
15996 11568
15999 11569
16001 11570
16003 11571
16004 11572
16005 11573
16008 11574
16009 11575
16010 11576
16013 11577
16014 11578
16015 11579
16016 11580
16018 11581
16019 11582
16020 11583
16021 11584
16022 11585
16023 11586
16024 11587
16025 11588
16026 11589
16027 11590
16028 11591
16029 11592
16031 11593
16032 11594
16033 11595
16034 11596
16035 11597
16038 11598
16040 11599
16041 11600
16045 11601
16046 11602
16047 11603
16048 11604
16049 11605
16050 11606
16051 11607
16055 11608
16057 11609
16058 11610
16059 11611
16060 11612
16063 11613
16064 11614
16065 11615
16067 11616
16068 11617
16071 11618
16072 11619
16073 11620
16078 11621
16079 11622
16080 11623
16081 11624
16084 11625
16085 11626
16086 11627
16087 11628
16088 11629
16089 11630
16091 11631
16092 11632
16094 11633
16095 11634
16096 11635
16097 11636
16098 11637
16099 11638
16100 11639
16101 11640
16102 11641
16103 11642
16104 11643
16106 11644
16109 11645
16111 11646
16112 11647
16113 11648
16114 11649
16115 11650
16116 11651
16117 11652
16118 11653
16119 11654
16120 11655
16122 11656
16123 11657
16124 11658
16126 11659
16127 11660
16129 11661
16130 11662
16131 11663
16132 11664
16133 11665
16134 11666
16135 11667
16136 11668
16140 11669
16144 11670
16145 11671
16146 11672
16147 11673
16148 11674
16149 11675
16150 11676
16151 11677
16153 11678
16154 11679
16155 11680
16156 11681
16157 11682
16158 11683
16159 11684
16160 11685
16162 11686
16163 11687
16164 11688
16165 11689
16166 11690
16167 11691
16169 11692
16170 11693
16171 11694
16172 11695
16173 11696
16174 11697
16176 11698
16177 11699
16180 11700
16181 11701
16182 11702
16184 11703
16185 11704
16186 11705
16187 11706
16189 11707
16190 11708
16191 11709
16192 11710
16193 11711
16195 11712
16197 11713
16200 11714
16202 11715
16204 11716
16205 11717
16206 11718
16207 11719
16209 11720
16210 11721
16211 11722
16212 11723
16213 11724
16214 11725
16215 11726
16217 11727
16218 11728
16219 11729
16221 11730
16223 11731
16224 11732
16225 11733
16226 11734
16227 11735
16228 11736
16229 11737
16230 11738
16231 11739
16232 11740
16233 11741
16237 11742
16238 11743
16239 11744
16240 11745
16241 11746
16242 11747
16243 11748
16244 11749
16245 11750
16247 11751
16250 11752
16251 11753
16252 11754
16253 11755
16254 11756
16256 11757
16257 11758
16258 11759
16259 11760
16261 11761
16262 11762
16265 11763
16266 11764
16267 11765
16268 11766
16269 11767
16271 11768
16272 11769
16273 11770
16274 11771
16275 11772
16276 11773
16277 11774
16278 11775
16280 11776
16283 11777
16284 11778
16286 11779
16287 11780
16288 11781
16289 11782
16290 11783
16292 11784
16295 11785
16297 11786
16299 11787
16301 11788
16302 11789
16306 11790
16307 11791
16309 11792
16310 11793
16311 11794
16312 11795
16313 11796
16314 11797
16315 11798
16316 11799
16321 11800
16322 11801
16323 11802
16325 11803
16327 11804
16328 11805
16330 11806
16333 11807
16334 11808
16336 11809
16338 11810
16339 11811
16340 11812
16341 11813
16342 11814
16343 11815
16344 11816
16345 11817
16346 11818
16348 11819
16349 11820
16350 11821
16351 11822
16352 11823
16353 11824
16354 11825
16355 11826
16358 11827
16359 11828
16360 11829
16361 11830
16363 11831
16364 11832
16365 11833
16366 11834
16369 11835
16373 11836
16375 11837
16376 11838
16377 11839
16378 11840
16379 11841
16381 11842
16382 11843
16385 11844
16386 11845
16387 11846
16388 11847
16389 11848
16392 11849
16393 11850
16394 11851
16395 11852
16396 11853
16397 11854
16398 11855
16399 11856
16403 11857
16405 11858
16406 11859
16407 11860
16409 11861
16410 11862
16411 11863
16413 11864
16415 11865
16417 11866
16418 11867
16419 11868
16422 11869
16424 11870
16425 11871
16426 11872
16428 11873
16429 11874
16433 11875
16434 11876
16435 11877
16436 11878
16438 11879
16439 11880
16442 11881
16443 11882
16444 11883
16446 11884
16447 11885
16449 11886
16451 11887
16452 11888
16453 11889
16454 11890
16457 11891
16459 11892
16460 11893
16461 11894
16463 11895
16465 11896
16466 11897
16467 11898
16468 11899
16469 11900
16470 11901
16471 11902
16472 11903
16474 11904
16475 11905
16476 11906
16477 11907
16478 11908
16479 11909
16481 11910
16484 11911
16485 11912
16487 11913
16489 11914
16490 11915
16491 11916
16494 11917
16495 11918
16496 11919
16499 11920
16500 11921
16503 11922
16504 11923
16505 11924
16506 11925
16507 11926
16509 11927
16513 11928
16515 11929
16516 11930
16518 11931
16519 11932
16520 11933
16522 11934
16523 11935
16524 11936
16525 11937
16526 11938
16529 11939
16532 11940
16533 11941
16534 11942
16535 11943
16536 11944
16537 11945
16538 11946
16539 11947
16541 11948
16542 11949
16543 11950
16545 11951
16547 11952
16550 11953
16551 11954
16552 11955
16554 11956
16555 11957
16556 11958
16558 11959
16559 11960
16560 11961
16561 11962
16562 11963
16563 11964
16564 11965
16565 11966
16567 11967
16568 11968
16569 11969
16572 11970
16573 11971
16575 11972
16576 11973
16577 11974
16578 11975
16579 11976
16580 11977
16581 11978
16582 11979
16583 11980
16585 11981
16586 11982
16587 11983
16589 11984
16590 11985
16591 11986
16592 11987
16596 11988
16597 11989
16598 11990
16600 11991
16601 11992
16603 11993
16604 11994
16605 11995
16606 11996
16607 11997
16608 11998
16609 11999
16610 12000
16611 12001
16612 12002
16614 12003
16615 12004
16616 12005
16619 12006
16620 12007
16622 12008
16624 12009
16625 12010
16627 12011
16629 12012
16630 12013
16632 12014
16633 12015
16635 12016
16636 12017
16637 12018
16638 12019
16640 12020
16642 12021
16643 12022
16645 12023
16646 12024
16649 12025
16650 12026
16653 12027
16654 12028
16656 12029
16658 12030
16659 12031
16660 12032
16661 12033
16663 12034
16664 12035
16665 12036
16666 12037
16667 12038
16670 12039
16672 12040
16673 12041
16674 12042
16675 12043
16676 12044
16677 12045
16679 12046
16680 12047
16681 12048
16682 12049
16684 12050
16685 12051
16686 12052
16687 12053
16688 12054
16689 12055
16690 12056
16691 12057
16694 12058
16696 12059
16697 12060
16698 12061
16699 12062
16703 12063
16704 12064
16705 12065
16706 12066
16707 12067
16708 12068
16709 12069
16710 12070
16711 12071
16712 12072
16713 12073
16715 12074
16716 12075
16717 12076
16718 12077
16719 12078
16721 12079
16722 12080
16723 12081
16724 12082
16726 12083
16728 12084
16729 12085
16730 12086
16731 12087
16733 12088
16734 12089
16735 12090
16737 12091
16740 12092
16741 12093
16742 12094
16743 12095
16746 12096
16747 12097
16749 12098
16750 12099
16752 12100
16755 12101
16756 12102
16757 12103
16759 12104
16760 12105
16761 12106
16762 12107
16763 12108
16764 12109
16765 12110
16766 12111
16767 12112
16768 12113
16770 12114
16771 12115
16773 12116
16774 12117
16775 12118
16776 12119
16777 12120
16778 12121
16779 12122
16780 12123
16781 12124
16783 12125
16784 12126
16785 12127
16786 12128
16787 12129
16791 12130
16792 12131
16793 12132
16794 12133
16795 12134
16796 12135
16797 12136
16798 12137
16800 12138
16801 12139
16802 12140
16803 12141
16804 12142
16805 12143
16808 12144
16809 12145
16810 12146
16811 12147
16812 12148
16813 12149
16814 12150
16815 12151
16816 12152
16817 12153
16819 12154
16820 12155
16821 12156
16822 12157
16823 12158
16824 12159
16826 12160
16828 12161
16830 12162
16831 12163
16834 12164
16835 12165
16837 12166
16838 12167
16839 12168
16841 12169
16842 12170
16844 12171
16845 12172
16847 12173
16849 12174
16850 12175
16851 12176
16852 12177
16854 12178
16855 12179
16856 12180
16857 12181
16858 12182
16859 12183
16862 12184
16864 12185
16865 12186
16866 12187
16867 12188
16868 12189
16869 12190
16870 12191
16872 12192
16873 12193
16874 12194
16875 12195
16876 12196
16877 12197
16878 12198
16879 12199
16880 12200
16881 12201
16882 12202
16883 12203
16884 12204
16886 12205
16887 12206
16889 12207
16890 12208
16892 12209
16893 12210
16894 12211
16895 12212
16896 12213
16898 12214
16899 12215
16900 12216
16902 12217
16903 12218
16906 12219
16908 12220
16909 12221
16910 12222
16911 12223
16913 12224
16915 12225
16916 12226
16918 12227
16919 12228
16922 12229
16923 12230
16924 12231
16925 12232
16927 12233
16928 12234
16930 12235
16931 12236
16932 12237
16933 12238
16934 12239
16935 12240
16936 12241
16938 12242
16939 12243
16941 12244
16944 12245
16945 12246
16946 12247
16947 12248
16948 12249
16955 12250
16957 12251
16958 12252
16959 12253
16961 12254
16962 12255
16963 12256
16964 12257
16967 12258
16969 12259
16971 12260
16973 12261
16974 12262
16975 12263
16978 12264
16980 12265
16981 12266
16982 12267
16983 12268
16984 12269
16986 12270
16987 12271
16988 12272
16989 12273
16992 12274
16994 12275
16995 12276
16996 12277
16997 12278
17000 12279
17002 12280
17004 12281
17005 12282
17006 12283
17009 12284
17010 12285
17011 12286
17013 12287
17014 12288
17015 12289
17016 12290
17018 12291
17021 12292
17023 12293
17024 12294
17025 12295
17026 12296
17029 12297
17030 12298
17031 12299
17032 12300
17033 12301
17034 12302
17035 12303
17036 12304
17037 12305
17038 12306
17039 12307
17040 12308
17041 12309
17044 12310
17045 12311
17046 12312
17047 12313
17048 12314
17049 12315
17050 12316
17051 12317
17052 12318
17053 12319
17054 12320
17055 12321
17057 12322
17058 12323
17059 12324
17060 12325
17063 12326
17066 12327
17067 12328
17068 12329
17069 12330
17070 12331
17076 12332
17077 12333
17078 12334
17079 12335
17081 12336
17082 12337
17083 12338
17084 12339
17085 12340
17087 12341
17088 12342
17090 12343
17092 12344
17093 12345
17094 12346
17095 12347
17098 12348
17100 12349
17101 12350
17103 12351
17104 12352
17105 12353
17106 12354
17111 12355
17112 12356
17113 12357
17114 12358
17116 12359
17117 12360
17118 12361
17119 12362
17120 12363
17121 12364
17122 12365
17123 12366
17124 12367
17125 12368
17126 12369
17127 12370
17129 12371
17131 12372
17136 12373
17137 12374
17139 12375
17140 12376
17141 12377
17142 12378
17144 12379
17145 12380
17146 12381
17147 12382
17148 12383
17149 12384
17150 12385
17151 12386
17152 12387
17153 12388
17154 12389
17156 12390
17159 12391
17161 12392
17162 12393
17163 12394
17164 12395
17165 12396
17166 12397
17167 12398
17169 12399
17170 12400
17171 12401
17173 12402
17175 12403
17177 12404
17178 12405
17180 12406
17182 12407
17183 12408
17184 12409
17185 12410
17186 12411
17187 12412
17188 12413
17190 12414
17191 12415
17192 12416
17193 12417
17194 12418
17195 12419
17196 12420
17197 12421
17198 12422
17199 12423
17205 12424
17209 12425
17210 12426
17212 12427
17214 12428
17215 12429
17216 12430
17217 12431
17218 12432
17220 12433
17222 12434
17223 12435
17224 12436
17225 12437
17226 12438
17228 12439
17229 12440
17230 12441
17231 12442
17233 12443
17234 12444
17235 12445
17237 12446
17242 12447
17244 12448
17246 12449
17247 12450
17250 12451
17251 12452
17252 12453
17253 12454
17255 12455
17256 12456
17257 12457
17258 12458
17259 12459
17260 12460
17261 12461
17263 12462
17264 12463
17265 12464
17266 12465
17268 12466
17269 12467
17270 12468
17271 12469
17272 12470
17273 12471
17274 12472
17275 12473
17276 12474
17277 12475
17278 12476
17280 12477
17281 12478
17282 12479
17283 12480
17285 12481
17286 12482
17287 12483
17288 12484
17289 12485
17292 12486
17293 12487
17294 12488
17295 12489
17297 12490
17298 12491
17300 12492
17301 12493
17303 12494
17304 12495
17305 12496
17306 12497
17307 12498
17308 12499
17310 12500
17311 12501
17312 12502
17313 12503
17314 12504
17315 12505
17316 12506
17317 12507
17318 12508
17319 12509
17320 12510
17321 12511
17323 12512
17324 12513
17325 12514
17326 12515
17329 12516
17330 12517
17331 12518
17332 12519
17335 12520
17336 12521
17338 12522
17340 12523
17341 12524
17342 12525
17345 12526
17346 12527
17347 12528
17348 12529
17349 12530
17350 12531
17351 12532
17352 12533
17353 12534
17354 12535
17355 12536
17356 12537
17357 12538
17358 12539
17360 12540
17361 12541
17362 12542
17363 12543
17365 12544
17366 12545
17368 12546
17369 12547
17372 12548
17374 12549
17375 12550
17376 12551
17380 12552
17382 12553
17383 12554
17384 12555
17387 12556
17388 12557
17389 12558
17390 12559
17392 12560
17393 12561
17394 12562
17395 12563
17396 12564
17397 12565
17398 12566
17399 12567
17401 12568
17402 12569
17403 12570
17405 12571
17408 12572
17410 12573
17411 12574
17412 12575
17413 12576
17414 12577
17415 12578
17416 12579
17417 12580
17418 12581
17419 12582
17420 12583
17422 12584
17423 12585
17424 12586
17425 12587
17426 12588
17427 12589
17428 12590
17431 12591
17433 12592
17434 12593
17435 12594
17436 12595
17437 12596
17438 12597
17439 12598
17440 12599
17441 12600
17442 12601
17443 12602
17445 12603
17446 12604
17447 12605
17449 12606
17450 12607
17451 12608
17453 12609
17455 12610
17456 12611
17457 12612
17459 12613
17460 12614
17461 12615
17462 12616
17466 12617
17468 12618
17470 12619
17472 12620
17473 12621
17474 12622
17475 12623
17479 12624
17480 12625
17481 12626
17483 12627
17484 12628
17486 12629
17487 12630
17489 12631
17490 12632
17491 12633
17492 12634
17495 12635
17497 12636
17498 12637
17500 12638
17501 12639
17502 12640
17503 12641
17505 12642
17506 12643
17507 12644
17509 12645
17510 12646
17512 12647
17513 12648
17515 12649
17516 12650
17518 12651
17519 12652
17521 12653
17522 12654
17523 12655
17525 12656
17526 12657
17527 12658
17528 12659
17530 12660
17531 12661
17532 12662
17533 12663
17536 12664
17537 12665
17538 12666
17540 12667
17541 12668
17542 12669
17543 12670
17545 12671
17546 12672
17547 12673
17548 12674
17549 12675
17551 12676
17552 12677
17554 12678
17555 12679
17557 12680
17558 12681
17560 12682
17561 12683
17562 12684
17563 12685
17564 12686
17565 12687
17566 12688
17567 12689
17568 12690
17569 12691
17570 12692
17571 12693
17572 12694
17573 12695
17574 12696
17576 12697
17577 12698
17578 12699
17579 12700
17580 12701
17581 12702
17582 12703
17584 12704
17585 12705
17586 12706
17588 12707
17589 12708
17590 12709
17592 12710
17593 12711
17595 12712
17596 12713
17597 12714
17598 12715
17601 12716
17602 12717
17603 12718
17604 12719
17605 12720
17606 12721
17607 12722
17609 12723
17611 12724
17612 12725
17613 12726
17614 12727
17615 12728
17616 12729
17617 12730
17619 12731
17620 12732
17622 12733
17625 12734
17626 12735
17627 12736
17628 12737
17630 12738
17631 12739
17632 12740
17635 12741
17636 12742
17637 12743
17638 12744
17639 12745
17640 12746
17641 12747
17642 12748
17643 12749
17644 12750
17645 12751
17646 12752
17649 12753
17651 12754
17652 12755
17653 12756
17654 12757
17658 12758
17661 12759
17662 12760
17663 12761
17666 12762
17667 12763
17668 12764
17669 12765
17670 12766
17671 12767
17672 12768
17674 12769
17677 12770
17678 12771
17679 12772
17680 12773
17682 12774
17684 12775
17686 12776
17687 12777
17689 12778
17691 12779
17692 12780
17694 12781
17696 12782
17697 12783
17698 12784
17700 12785
17702 12786
17703 12787
17704 12788
17706 12789
17707 12790
17708 12791
17709 12792
17710 12793
17711 12794
17713 12795
17714 12796
17715 12797
17716 12798
17717 12799
17718 12800
17719 12801
17721 12802
17722 12803
17724 12804
17725 12805
17726 12806
17727 12807
17728 12808
17730 12809
17732 12810
17733 12811
17734 12812
17736 12813
17737 12814
17738 12815
17739 12816
17741 12817
17742 12818
17745 12819
17746 12820
17748 12821
17749 12822
17750 12823
17751 12824
17752 12825
17755 12826
17756 12827
17757 12828
17759 12829
17760 12830
17762 12831
17764 12832
17765 12833
17768 12834
17769 12835
17770 12836
17771 12837
17772 12838
17774 12839
17775 12840
17776 12841
17777 12842
17778 12843
17779 12844
17780 12845
17781 12846
17782 12847
17783 12848
17784 12849
17787 12850
17788 12851
17790 12852
17791 12853
17792 12854
17794 12855
17795 12856
17796 12857
17797 12858
17798 12859
17800 12860
17801 12861
17802 12862
17805 12863
17807 12864
17808 12865
17810 12866
17812 12867
17813 12868
17814 12869
17815 12870
17816 12871
17817 12872
17818 12873
17819 12874
17820 12875
17821 12876
17822 12877
17825 12878
17826 12879
17827 12880
17828 12881
17829 12882
17830 12883
17832 12884
17834 12885
17835 12886
17837 12887
17838 12888
17839 12889
17840 12890
17841 12891
17843 12892
17845 12893
17850 12894
17854 12895
17855 12896
17856 12897
17857 12898
17858 12899
17861 12900
17862 12901
17863 12902
17865 12903
17866 12904
17867 12905
17869 12906
17870 12907
17871 12908
17872 12909
17873 12910
17877 12911
17878 12912
17879 12913
17880 12914
17881 12915
17882 12916
17883 12917
17884 12918
17885 12919
17886 12920
17887 12921
17888 12922
17889 12923
17890 12924
17891 12925
17892 12926
17894 12927
17895 12928
17898 12929
17899 12930
17901 12931
17902 12932
17903 12933
17904 12934
17905 12935
17906 12936
17908 12937
17909 12938
17910 12939
17911 12940
17912 12941
17915 12942
17916 12943
17917 12944
17919 12945
17920 12946
17921 12947
17922 12948
17924 12949
17925 12950
17926 12951
17927 12952
17928 12953
17930 12954
17931 12955
17932 12956
17933 12957
17934 12958
17935 12959
17937 12960
17938 12961
17939 12962
17940 12963
17941 12964
17942 12965
17944 12966
17945 12967
17946 12968
17947 12969
17949 12970
17950 12971
17951 12972
17952 12973
17953 12974
17954 12975
17955 12976
17956 12977
17957 12978
17958 12979
17959 12980
17960 12981
17961 12982
17962 12983
17963 12984
17966 12985
17971 12986
17972 12987
17976 12988
17979 12989
17981 12990
17983 12991
17984 12992
17988 12993
17989 12994
17990 12995
17991 12996
17993 12997
17994 12998
17995 12999
17996 13000
17997 13001
17998 13002
17999 13003
18000 13004
18001 13005
18002 13006
18003 13007
18004 13008
18005 13009
18007 13010
18008 13011
18009 13012
18010 13013
18011 13014
18014 13015
18017 13016
18018 13017
18022 13018
18023 13019
18024 13020
18025 13021
18026 13022
18027 13023
18029 13024
18030 13025
18031 13026
18032 13027
18033 13028
18034 13029
18035 13030
18036 13031
18037 13032
18039 13033
18041 13034
18043 13035
18045 13036
18046 13037
18048 13038
18049 13039
18050 13040
18053 13041
18054 13042
18056 13043
18059 13044
18062 13045
18063 13046
18066 13047
18067 13048
18068 13049
18069 13050
18070 13051
18071 13052
18075 13053
18076 13054
18077 13055
18079 13056
18080 13057
18081 13058
18082 13059
18083 13060
18084 13061
18085 13062
18087 13063
18088 13064
18090 13065
18091 13066
18093 13067
18097 13068
18098 13069
18099 13070
18100 13071
18101 13072
18108 13073
18109 13074
18111 13075
18112 13076
18114 13077
18115 13078
18116 13079
18117 13080
18118 13081
18119 13082
18120 13083
18121 13084
18124 13085
18125 13086
18126 13087
18127 13088
18129 13089
18131 13090
18132 13091
18134 13092
18135 13093
18136 13094
18137 13095
18138 13096
18139 13097
18140 13098
18141 13099
18142 13100
18143 13101
18144 13102
18145 13103
18146 13104
18148 13105
18150 13106
18154 13107
18155 13108
18160 13109
18161 13110
18162 13111
18166 13112
18171 13113
18172 13114
18173 13115
18174 13116
18176 13117
18177 13118
18178 13119
18179 13120
18181 13121
18182 13122
18183 13123
18184 13124
18185 13125
18186 13126
18187 13127
18188 13128
18190 13129
18191 13130
18193 13131
18195 13132
18196 13133
18198 13134
18199 13135
18200 13136
18202 13137
18203 13138
18204 13139
18205 13140
18206 13141
18207 13142
18209 13143
18210 13144
18212 13145
18213 13146
18214 13147
18216 13148
18217 13149
18221 13150
18225 13151
18226 13152
18227 13153
18228 13154
18229 13155
18230 13156
18231 13157
18233 13158
18235 13159
18236 13160
18237 13161
18238 13162
18242 13163
18243 13164
18244 13165
18245 13166
18247 13167
18248 13168
18249 13169
18250 13170
18251 13171
18252 13172
18253 13173
18254 13174
18255 13175
18257 13176
18259 13177
18260 13178
18261 13179
18263 13180
18264 13181
18265 13182
18268 13183
18269 13184
18270 13185
18271 13186
18273 13187
18275 13188
18277 13189
18278 13190
18280 13191
18282 13192
18283 13193
18284 13194
18285 13195
18287 13196
18289 13197
18290 13198
18291 13199
18294 13200
18295 13201
18296 13202
18297 13203
18299 13204
18302 13205
18303 13206
18306 13207
18307 13208
18311 13209
18313 13210
18314 13211
18315 13212
18316 13213
18317 13214
18318 13215
18319 13216
18320 13217
18321 13218
18324 13219
18325 13220
18326 13221
18327 13222
18329 13223
18330 13224
18331 13225
18334 13226
18335 13227
18336 13228
18337 13229
18338 13230
18340 13231
18341 13232
18342 13233
18346 13234
18347 13235
18349 13236
18350 13237
18351 13238
18352 13239
18353 13240
18354 13241
18355 13242
18358 13243
18359 13244
18360 13245
18361 13246
18363 13247
18364 13248
18365 13249
18366 13250
18367 13251
18368 13252
18371 13253
18373 13254
18374 13255
18376 13256
18379 13257
18380 13258
18381 13259
18383 13260
18384 13261
18385 13262
18388 13263
18389 13264
18390 13265
18391 13266
18392 13267
18396 13268
18397 13269
18398 13270
18399 13271
18400 13272
18401 13273
18402 13274
18403 13275
18404 13276
18405 13277
18406 13278
18407 13279
18408 13280
18409 13281
18410 13282
18412 13283
18413 13284
18415 13285
18416 13286
18417 13287
18418 13288
18419 13289
18420 13290
18422 13291
18423 13292
18424 13293
18425 13294
18427 13295
18428 13296
18430 13297
18431 13298
18432 13299
18433 13300
18434 13301
18435 13302
18438 13303
18439 13304
18440 13305
18441 13306
18442 13307
18444 13308
18445 13309
18446 13310
18447 13311
18448 13312
18449 13313
18450 13314
18451 13315
18452 13316
18453 13317
18454 13318
18455 13319
18456 13320
18457 13321
18458 13322
18460 13323
18462 13324
18463 13325
18464 13326
18465 13327
18466 13328
18468 13329
18470 13330
18471 13331
18472 13332
18473 13333
18476 13334
18477 13335
18478 13336
18479 13337
18481 13338
18482 13339
18483 13340
18484 13341
18485 13342
18486 13343
18488 13344
18489 13345
18490 13346
18491 13347
18493 13348
18494 13349
18495 13350
18496 13351
18497 13352
18498 13353
18499 13354
18500 13355
18501 13356
18502 13357
18503 13358
18505 13359
18506 13360
18507 13361
18508 13362
18509 13363
18510 13364
18511 13365
18512 13366
18513 13367
18514 13368
18515 13369
18516 13370
18517 13371
18518 13372
18519 13373
18521 13374
18522 13375
18523 13376
18525 13377
18526 13378
18527 13379
18528 13380
18529 13381
18530 13382
18533 13383
18534 13384
18537 13385
18538 13386
18539 13387
18540 13388
18542 13389
18543 13390
18544 13391
18545 13392
18547 13393
18548 13394
18550 13395
18551 13396
18552 13397
18553 13398
18554 13399
18557 13400
18562 13401
18563 13402
18564 13403
18565 13404
18566 13405
18568 13406
18569 13407
18570 13408
18572 13409
18573 13410
18575 13411
18576 13412
18578 13413
18579 13414
18580 13415
18581 13416
18582 13417
18586 13418
18588 13419
18589 13420
18591 13421
18592 13422
18593 13423
18594 13424
18596 13425
18599 13426
18600 13427
18601 13428
18604 13429
18605 13430
18606 13431
18607 13432
18608 13433
18610 13434
18613 13435
18615 13436
18616 13437
18617 13438
18619 13439
18620 13440
18621 13441
18622 13442
18623 13443
18624 13444
18625 13445
18627 13446
18629 13447
18630 13448
18632 13449
18633 13450
18635 13451
18636 13452
18637 13453
18638 13454
18639 13455
18640 13456
18641 13457
18642 13458
18643 13459
18645 13460
18649 13461
18650 13462
18652 13463
18653 13464
18655 13465
18657 13466
18658 13467
18659 13468
18660 13469
18661 13470
18662 13471
18664 13472
18666 13473
18667 13474
18670 13475
18671 13476
18672 13477
18673 13478
18674 13479
18676 13480
18677 13481
18678 13482
18679 13483
18680 13484
18681 13485
18682 13486
18683 13487
18684 13488
18685 13489
18687 13490
18689 13491
18692 13492
18693 13493
18694 13494
18695 13495
18696 13496
18697 13497
18698 13498
18699 13499
18700 13500
18701 13501
18702 13502
18703 13503
18704 13504
18706 13505
18707 13506
18711 13507
18712 13508
18713 13509
18714 13510
18715 13511
18718 13512
18721 13513
18722 13514
18723 13515
18724 13516
18725 13517
18726 13518
18727 13519
18728 13520
18729 13521
18731 13522
18732 13523
18733 13524
18734 13525
18737 13526
18738 13527
18739 13528
18740 13529
18741 13530
18742 13531
18743 13532
18745 13533
18747 13534
18748 13535
18752 13536
18753 13537
18754 13538
18755 13539
18756 13540
18757 13541
18759 13542
18760 13543
18761 13544
18763 13545
18764 13546
18765 13547
18766 13548
18767 13549
18769 13550
18771 13551
18772 13552
18773 13553
18774 13554
18776 13555
18778 13556
18780 13557
18781 13558
18782 13559
18783 13560
18785 13561
18786 13562
18788 13563
18789 13564
18791 13565
18793 13566
18794 13567
18795 13568
18796 13569
18797 13570
18799 13571
18801 13572
18802 13573
18804 13574
18805 13575
18806 13576
18807 13577
18808 13578
18809 13579
18810 13580
18811 13581
18812 13582
18813 13583
18814 13584
18815 13585
18816 13586
18818 13587
18819 13588
18821 13589
18822 13590
18823 13591
18825 13592
18828 13593
18829 13594
18831 13595
18835 13596
18837 13597
18838 13598
18839 13599
18843 13600
18844 13601
18845 13602
18846 13603
18848 13604
18850 13605
18852 13606
18853 13607
18854 13608
18855 13609
18857 13610
18858 13611
18859 13612
18861 13613
18862 13614
18863 13615
18867 13616
18868 13617
18869 13618
18871 13619
18874 13620
18875 13621
18876 13622
18877 13623
18879 13624
18883 13625
18884 13626
18885 13627
18886 13628
18887 13629
18888 13630
18889 13631
18890 13632
18894 13633
18896 13634
18897 13635
18899 13636
18901 13637
18902 13638
18903 13639
18904 13640
18908 13641
18909 13642
18910 13643
18911 13644
18912 13645
18914 13646
18915 13647
18916 13648
18917 13649
18918 13650
18921 13651
18922 13652
18923 13653
18924 13654
18926 13655
18928 13656
18929 13657
18931 13658
18932 13659
18933 13660
18934 13661
18935 13662
18936 13663
18938 13664
18939 13665
18941 13666
18943 13667
18946 13668
18947 13669
18949 13670
18950 13671
18951 13672
18952 13673
18953 13674
18954 13675
18956 13676
18957 13677
18958 13678
18959 13679
18960 13680
18961 13681
18962 13682
18964 13683
18966 13684
18967 13685
18968 13686
18969 13687
18970 13688
18971 13689
18974 13690
18975 13691
18976 13692
18977 13693
18979 13694
18980 13695
18981 13696
18983 13697
18984 13698
18986 13699
18987 13700
18988 13701
18989 13702
18990 13703
18992 13704
18993 13705
18994 13706
18995 13707
18998 13708
18999 13709
19000 13710
19002 13711
19003 13712
19005 13713
19006 13714
19007 13715
19009 13716
19010 13717
19011 13718
19012 13719
19013 13720
19014 13721
19015 13722
19016 13723
19018 13724
19019 13725
19020 13726
19022 13727
19023 13728
19024 13729
19025 13730
19026 13731
19027 13732
19028 13733
19030 13734
19031 13735
19032 13736
19033 13737
19034 13738
19035 13739
19036 13740
19037 13741
19039 13742
19040 13743
19041 13744
19043 13745
19044 13746
19045 13747
19046 13748
19047 13749
19048 13750
19049 13751
19050 13752
19051 13753
19052 13754
19053 13755
19054 13756
19055 13757
19057 13758
19058 13759
19059 13760
19061 13761
19062 13762
19064 13763
19065 13764
19066 13765
19067 13766
19068 13767
19069 13768
19070 13769
19071 13770
19072 13771
19073 13772
19074 13773
19076 13774
19077 13775
19078 13776
19079 13777
19080 13778
19081 13779
19082 13780
19083 13781
19084 13782
19085 13783
19086 13784
19088 13785
19090 13786
19091 13787
19092 13788
19093 13789
19094 13790
19096 13791
19097 13792
19098 13793
19099 13794
19100 13795
19101 13796
19102 13797
19104 13798
19105 13799
19106 13800
19107 13801
19108 13802
19109 13803
19111 13804
19113 13805
19114 13806
19115 13807
19119 13808
19120 13809
19121 13810
19122 13811
19123 13812
19124 13813
19126 13814
19127 13815
19128 13816
19129 13817
19131 13818
19132 13819
19133 13820
19135 13821
19136 13822
19137 13823
19138 13824
19139 13825
19140 13826
19141 13827
19143 13828
19145 13829
19147 13830
19149 13831
19150 13832
19151 13833
19152 13834
19153 13835
19154 13836
19156 13837
19159 13838
19160 13839
19161 13840
19162 13841
19163 13842
19164 13843
19165 13844
19166 13845
19167 13846
19169 13847
19170 13848
19171 13849
19172 13850
19173 13851
19175 13852
19177 13853
19178 13854
19180 13855
19181 13856
19183 13857
19184 13858
19185 13859
19186 13860
19187 13861
19189 13862
19190 13863
19191 13864
19193 13865
19194 13866
19196 13867
19197 13868
19200 13869
19201 13870
19203 13871
19204 13872
19205 13873
19206 13874
19207 13875
19209 13876
19210 13877
19211 13878
19212 13879
19214 13880
19215 13881
19216 13882
19218 13883
19219 13884
19223 13885
19224 13886
19226 13887
19228 13888
19230 13889
19231 13890
19232 13891
19233 13892
19237 13893
19238 13894
19239 13895
19240 13896
19241 13897
19242 13898
19243 13899
19244 13900
19246 13901
19247 13902
19249 13903
19253 13904
19254 13905
19255 13906
19256 13907
19257 13908
19258 13909
19259 13910
19260 13911
19261 13912
19262 13913
19264 13914
19265 13915
19266 13916
19268 13917
19269 13918
19270 13919
19273 13920
19274 13921
19275 13922
19276 13923
19277 13924
19278 13925
19279 13926
19280 13927
19281 13928
19282 13929
19285 13930
19287 13931
19288 13932
19289 13933
19294 13934
19295 13935
19296 13936
19299 13937
19300 13938
19301 13939
19302 13940
19304 13941
19305 13942
19308 13943
19309 13944
19311 13945
19312 13946
19313 13947
19314 13948
19315 13949
19316 13950
19318 13951
19320 13952
19323 13953
19326 13954
19327 13955
19329 13956
19330 13957
19331 13958
19334 13959
19338 13960
19339 13961
19340 13962
19341 13963
19342 13964
19343 13965
19345 13966
19347 13967
19348 13968
19349 13969
19352 13970
19354 13971
19355 13972
19356 13973
19357 13974
19359 13975
19361 13976
19362 13977
19363 13978
19364 13979
19365 13980
19366 13981
19370 13982
19373 13983
19376 13984
19377 13985
19378 13986
19379 13987
19380 13988
19383 13989
19384 13990
19386 13991
19387 13992
19388 13993
19389 13994
19391 13995
19392 13996
19393 13997
19395 13998
19396 13999
19397 14000
19398 14001
19399 14002
19400 14003
19401 14004
19402 14005
19404 14006
19406 14007
19407 14008
19408 14009
19409 14010
19410 14011
19411 14012
19412 14013
19414 14014
19416 14015
19417 14016
19418 14017
19419 14018
19422 14019
19423 14020
19424 14021
19425 14022
19426 14023
19428 14024
19429 14025
19430 14026
19432 14027
19435 14028
19439 14029
19441 14030
19442 14031
19445 14032
19446 14033
19447 14034
19448 14035
19449 14036
19451 14037
19452 14038
19454 14039
19455 14040
19456 14041
19458 14042
19460 14043
19462 14044
19465 14045
19466 14046
19467 14047
19468 14048
19470 14049
19471 14050
19472 14051
19474 14052
19475 14053
19476 14054
19477 14055
19478 14056
19479 14057
19480 14058
19481 14059
19483 14060
19487 14061
19488 14062
19490 14063
19491 14064
19492 14065
19493 14066
19495 14067
19496 14068
19497 14069
19498 14070
19502 14071
19503 14072
19506 14073
19508 14074
19511 14075
19512 14076
19513 14077
19514 14078
19515 14079
19516 14080
19517 14081
19518 14082
19520 14083
19523 14084
19524 14085
19525 14086
19526 14087
19527 14088
19528 14089
19529 14090
19530 14091
19531 14092
19532 14093
19533 14094
19534 14095
19536 14096
19537 14097
19539 14098
19540 14099
19541 14100
19542 14101
19543 14102
19545 14103
19546 14104
19548 14105
19549 14106
19550 14107
19551 14108
19552 14109
19554 14110
19556 14111
19557 14112
19558 14113
19559 14114
19561 14115
19562 14116
19563 14117
19564 14118
19566 14119
19567 14120
19568 14121
19569 14122
19570 14123
19571 14124
19572 14125
19574 14126
19575 14127
19576 14128
19577 14129
19580 14130
19581 14131
19582 14132
19583 14133
19584 14134
19585 14135
19586 14136
19587 14137
19588 14138
19589 14139
19592 14140
19593 14141
19594 14142
19596 14143
19597 14144
19598 14145
19599 14146
19600 14147
19601 14148
19602 14149
19604 14150
19605 14151
19606 14152
19607 14153
19608 14154
19609 14155
19610 14156
19611 14157
19612 14158
19613 14159
19614 14160
19615 14161
19616 14162
19617 14163
19618 14164
19619 14165
19620 14166
19623 14167
19624 14168
19625 14169
19626 14170
19627 14171
19628 14172
19630 14173
19632 14174
19634 14175
19636 14176
19638 14177
19639 14178
19640 14179
19642 14180
19644 14181
19645 14182
19647 14183
19648 14184
19649 14185
19650 14186
19651 14187
19652 14188
19655 14189
19656 14190
19658 14191
19660 14192
19661 14193
19662 14194
19663 14195
19664 14196
19665 14197
19666 14198
19667 14199
19668 14200
19669 14201
19670 14202
19671 14203
19672 14204
19675 14205
19678 14206
19679 14207
19681 14208
19682 14209
19685 14210
19686 14211
19688 14212
19690 14213
19691 14214
19693 14215
19694 14216
19696 14217
19699 14218
19700 14219
19701 14220
19703 14221
19704 14222
19705 14223
19706 14224
19707 14225
19708 14226
19709 14227
19711 14228
19712 14229
19713 14230
19715 14231
19717 14232
19718 14233
19719 14234
19720 14235
19721 14236
19722 14237
19723 14238
19725 14239
19726 14240
19729 14241
19730 14242
19731 14243
19732 14244
19733 14245
19734 14246
19736 14247
19737 14248
19738 14249
19739 14250
19742 14251
19743 14252
19744 14253
19745 14254
19746 14255
19747 14256
19748 14257
19749 14258
19750 14259
19752 14260
19753 14261
19754 14262
19755 14263
19756 14264
19757 14265
19758 14266
19761 14267
19762 14268
19763 14269
19764 14270
19765 14271
19766 14272
19771 14273
19772 14274
19773 14275
19774 14276
19776 14277
19778 14278
19779 14279
19781 14280
19782 14281
19784 14282
19785 14283
19787 14284
19790 14285
19791 14286
19792 14287
19794 14288
19795 14289
19796 14290
19798 14291
19800 14292
19801 14293
19803 14294
19804 14295
19805 14296
19806 14297
19807 14298
19808 14299
19809 14300
19810 14301
19811 14302
19813 14303
19815 14304
19816 14305
19819 14306
19820 14307
19821 14308
19822 14309
19824 14310
19826 14311
19827 14312
19829 14313
19830 14314
19831 14315
19832 14316
19833 14317
19834 14318
19835 14319
19836 14320
19837 14321
19838 14322
19839 14323
19840 14324
19841 14325
19843 14326
19845 14327
19846 14328
19847 14329
19849 14330
19850 14331
19852 14332
19855 14333
19856 14334
19857 14335
19858 14336
19859 14337
19860 14338
19861 14339
19862 14340
19863 14341
19864 14342
19865 14343
19866 14344
19867 14345
19869 14346
19870 14347
19871 14348
19872 14349
19873 14350
19874 14351
19875 14352
19876 14353
19878 14354
19879 14355
19880 14356
19881 14357
19885 14358
19886 14359
19887 14360
19888 14361
19889 14362
19891 14363
19892 14364
19893 14365
19898 14366
19900 14367
19902 14368
19903 14369
19904 14370
19905 14371
19906 14372
19907 14373
19908 14374
19909 14375
19910 14376
19911 14377
19915 14378
19917 14379
19918 14380
19919 14381
19921 14382
19922 14383
19923 14384
19925 14385
19926 14386
19928 14387
19929 14388
19930 14389
19931 14390
19933 14391
19934 14392
19936 14393
19937 14394
19938 14395
19939 14396
19940 14397
19941 14398
19942 14399
19943 14400
19945 14401
19946 14402
19950 14403
19951 14404
19952 14405
19953 14406
19954 14407
19955 14408
19956 14409
19958 14410
19959 14411
19960 14412
19961 14413
19962 14414
19965 14415
19967 14416
19968 14417
19969 14418
19972 14419
19976 14420
19977 14421
19978 14422
19979 14423
19980 14424
19981 14425
19983 14426
19984 14427
19986 14428
19987 14429
19988 14430
19990 14431
19992 14432
19994 14433
19995 14434
19996 14435
19997 14436
19998 14437
19999 14438
20000 14439
20001 14440
20002 14441
20003 14442
20004 14443
20005 14444
20006 14445
20007 14446
20008 14447
20009 14448
20010 14449
20011 14450
20012 14451
20015 14452
20016 14453
20017 14454
20018 14455
20019 14456
20020 14457
20021 14458
20022 14459
20023 14460
20024 14461
20025 14462
20026 14463
20028 14464
20029 14465
20030 14466
20031 14467
20034 14468
20036 14469
20037 14470
20039 14471
20040 14472
20041 14473
20042 14474
20043 14475
20044 14476
20045 14477
20047 14478
20048 14479
20049 14480
20050 14481
20051 14482
20052 14483
20053 14484
20054 14485
20056 14486
20057 14487
20058 14488
20059 14489
20061 14490
20062 14491
20063 14492
20064 14493
20065 14494
20066 14495
20067 14496
20069 14497
20072 14498
20077 14499
20079 14500
20081 14501
20084 14502
20085 14503
20087 14504
20089 14505
20090 14506
20091 14507
20092 14508
20093 14509
20095 14510
20096 14511
20098 14512
20099 14513
20100 14514
20101 14515
20102 14516
20103 14517
20104 14518
20110 14519
20111 14520
20112 14521
20113 14522
20116 14523
20118 14524
20120 14525
20121 14526
20122 14527
20123 14528
20124 14529
20125 14530
20126 14531
20128 14532
20129 14533
20131 14534
20132 14535
20133 14536
20134 14537
20135 14538
20136 14539
20138 14540
20139 14541
20140 14542
20141 14543
20143 14544
20144 14545
20146 14546
20147 14547
20148 14548
20149 14549
20151 14550
20152 14551
20154 14552
20156 14553
20157 14554
20158 14555
20160 14556
20161 14557
20163 14558
20164 14559
20165 14560
20168 14561
20169 14562
20170 14563
20172 14564
20173 14565
20174 14566
20175 14567
20176 14568
20178 14569
20179 14570
20184 14571
20186 14572
20191 14573
20193 14574
20194 14575
20195 14576
20196 14577
20198 14578
20200 14579
20201 14580
20202 14581
20204 14582
20205 14583
20207 14584
20208 14585
20209 14586
20210 14587
20211 14588
20213 14589
20214 14590
20215 14591
20216 14592
20217 14593
20218 14594
20219 14595
20224 14596
20225 14597
20227 14598
20230 14599
20232 14600
20234 14601
20235 14602
20236 14603
20237 14604
20238 14605
20239 14606
20241 14607
20242 14608
20243 14609
20244 14610
20245 14611
20248 14612
20250 14613
20252 14614
20253 14615
20254 14616
20256 14617
20257 14618
20258 14619
20260 14620
20263 14621
20264 14622
20265 14623
20266 14624
20267 14625
20268 14626
20269 14627
20270 14628
20271 14629
20272 14630
20273 14631
20274 14632
20276 14633
20277 14634
20278 14635
20279 14636
20280 14637
20281 14638
20283 14639
20284 14640
20290 14641
20291 14642
20292 14643
20293 14644
20294 14645
20296 14646
20297 14647
20298 14648
20300 14649
20301 14650
20303 14651
20304 14652
20305 14653
20308 14654
20309 14655
20310 14656
20311 14657
20312 14658
20314 14659
20315 14660
20316 14661
20317 14662
20318 14663
20319 14664
20320 14665
20322 14666
20323 14667
20324 14668
20326 14669
20327 14670
20328 14671
20330 14672
20331 14673
20332 14674
20334 14675
20337 14676
20338 14677
20340 14678
20341 14679
20342 14680
20344 14681
20345 14682
20346 14683
20348 14684
20350 14685
20351 14686
20352 14687
20354 14688
20356 14689
20357 14690
20358 14691
20359 14692
20360 14693
20361 14694
20365 14695
20367 14696
20369 14697
20370 14698
20371 14699
20373 14700
20374 14701
20376 14702
20377 14703
20378 14704
20379 14705
20380 14706
20381 14707
20382 14708
20383 14709
20384 14710
20385 14711
20386 14712
20387 14713
20388 14714
20390 14715
20391 14716
20392 14717
20393 14718
20394 14719
20397 14720
20399 14721
20400 14722
20401 14723
20402 14724
20403 14725
20404 14726
20405 14727
20406 14728
20407 14729
20408 14730
20409 14731
20410 14732
20412 14733
20413 14734
20415 14735
20416 14736
20417 14737
20419 14738
20420 14739
20422 14740
20423 14741
20424 14742
20425 14743
20426 14744
20428 14745
20430 14746
20431 14747
20432 14748
20433 14749
20434 14750
20435 14751
20436 14752
20437 14753
20438 14754
20439 14755
20441 14756
20443 14757
20444 14758
20445 14759
20447 14760
20448 14761
20449 14762
20450 14763
20451 14764
20452 14765
20453 14766
20454 14767
20455 14768
20457 14769
20459 14770
20460 14771
20461 14772
20462 14773
20463 14774
20464 14775
20465 14776
20466 14777
20467 14778
20469 14779
20470 14780
20471 14781
20472 14782
20473 14783
20475 14784
20478 14785
20479 14786
20480 14787
20481 14788
20482 14789
20483 14790
20484 14791
20486 14792
20487 14793
20489 14794
20490 14795
20491 14796
20492 14797
20495 14798
20496 14799
20497 14800
20498 14801
20499 14802
20500 14803
20501 14804
20503 14805
20504 14806
20505 14807
20506 14808
20507 14809
20508 14810
20509 14811
20510 14812
20511 14813
20513 14814
20514 14815
20515 14816
20517 14817
20518 14818
20519 14819
20520 14820
20521 14821
20522 14822
20526 14823
20527 14824
20528 14825
20529 14826
20531 14827
20533 14828
20534 14829
20535 14830
20536 14831
20537 14832
20538 14833
20539 14834
20540 14835
20541 14836
20547 14837
20548 14838
20550 14839
20551 14840
20552 14841
20553 14842
20554 14843
20555 14844
20556 14845
20557 14846
20558 14847
20559 14848
20561 14849
20563 14850
20564 14851
20565 14852
20567 14853
20570 14854
20571 14855
20572 14856
20573 14857
20575 14858
20582 14859
20583 14860
20584 14861
20585 14862
20587 14863
20588 14864
20589 14865
20590 14866
20592 14867
20593 14868
20594 14869
20595 14870
20596 14871
20599 14872
20600 14873
20603 14874
20604 14875
20605 14876
20606 14877
20607 14878
20608 14879
20609 14880
20610 14881
20611 14882
20612 14883
20613 14884
20614 14885
20618 14886
20619 14887
20620 14888
20621 14889
20622 14890
20623 14891
20626 14892
20627 14893
20629 14894
20630 14895
20631 14896
20632 14897
20633 14898
20634 14899
20635 14900
20636 14901
20638 14902
20639 14903
20642 14904
20643 14905
20645 14906
20647 14907
20648 14908
20649 14909
20650 14910
20651 14911
20652 14912
20655 14913
20656 14914
20657 14915
20658 14916
20659 14917
20662 14918
20663 14919
20665 14920
20666 14921
20667 14922
20668 14923
20669 14924
20671 14925
20672 14926
20673 14927
20674 14928
20675 14929
20676 14930
20677 14931
20678 14932
20679 14933
20681 14934
20683 14935
20684 14936
20685 14937
20686 14938
20687 14939
20689 14940
20690 14941
20693 14942
20695 14943
20697 14944
20700 14945
20701 14946
20702 14947
20703 14948
20705 14949
20706 14950
20707 14951
20709 14952
20710 14953
20711 14954
20714 14955
20715 14956
20716 14957
20717 14958
20718 14959
20719 14960
20720 14961
20721 14962
20723 14963
20724 14964
20725 14965
20726 14966
20727 14967
20728 14968
20729 14969
20730 14970
20731 14971
20732 14972
20734 14973
20735 14974
20736 14975
20738 14976
20740 14977
20742 14978
20743 14979
20744 14980
20745 14981
20747 14982
20748 14983
20749 14984
20750 14985
20752 14986
20753 14987
20754 14988
20755 14989
20757 14990
20758 14991
20759 14992
20760 14993
20761 14994
20763 14995
20764 14996
20765 14997
20766 14998
20767 14999
20768 15000
20769 15001
20773 15002
20774 15003
20775 15004
20778 15005
20781 15006
20784 15007
20785 15008
20786 15009
20787 15010
20788 15011
20789 15012
20790 15013
20792 15014
20793 15015
20795 15016
20796 15017
20797 15018
20798 15019
20801 15020
20802 15021
20804 15022
20806 15023
20807 15024
20809 15025
20810 15026
20811 15027
20812 15028
20814 15029
20815 15030
20816 15031
20817 15032
20823 15033
20824 15034
20825 15035
20826 15036
20827 15037
20828 15038
20829 15039
20830 15040
20831 15041
20832 15042
20834 15043
20835 15044
20838 15045
20839 15046
20841 15047
20842 15048
20844 15049
20845 15050
20846 15051
20847 15052
20848 15053
20850 15054
20851 15055
20853 15056
20854 15057
20855 15058
20856 15059
20857 15060
20858 15061
20859 15062
20860 15063
20861 15064
20862 15065
20864 15066
20866 15067
20867 15068
20868 15069
20869 15070
20870 15071
20871 15072
20872 15073
20873 15074
20875 15075
20879 15076
20881 15077
20882 15078
20883 15079
20884 15080
20885 15081
20887 15082
20889 15083
20890 15084
20891 15085
20892 15086
20893 15087
20894 15088
20895 15089
20896 15090
20898 15091
20899 15092
20900 15093
20901 15094
20902 15095
20903 15096
20904 15097
20905 15098
20906 15099
20908 15100
20909 15101
20910 15102
20911 15103
20914 15104
20917 15105
20918 15106
20921 15107
20922 15108
20924 15109
20925 15110
20927 15111
20928 15112
20930 15113
20932 15114
20933 15115
20934 15116
20935 15117
20937 15118
20938 15119
20940 15120
20941 15121
20942 15122
20943 15123
20944 15124
20945 15125
20946 15126
20947 15127
20948 15128
20949 15129
20953 15130
20954 15131
20955 15132
20956 15133
20959 15134
20961 15135
20962 15136
20963 15137
20964 15138
20965 15139
20966 15140
20967 15141
20968 15142
20970 15143
20971 15144
20972 15145
20973 15146
20974 15147
20975 15148
20976 15149
20978 15150
20980 15151
20981 15152
20982 15153
20983 15154
20984 15155
20986 15156
20987 15157
20988 15158
20989 15159
20991 15160
20992 15161
20993 15162
20994 15163
20995 15164
20996 15165
20997 15166
20998 15167
21001 15168
21002 15169
21003 15170
21004 15171
21006 15172
21009 15173
21010 15174
21011 15175
21012 15176
21013 15177
21014 15178
21015 15179
21017 15180
21022 15181
21023 15182
21024 15183
21026 15184
21028 15185
21030 15186
21031 15187
21034 15188
21035 15189
21036 15190
21037 15191
21038 15192
21040 15193
21041 15194
21042 15195
21043 15196
21044 15197
21045 15198
21046 15199
21047 15200
21048 15201
21049 15202
21051 15203
21052 15204
21053 15205
21054 15206
21056 15207
21057 15208
21058 15209
21059 15210
21060 15211
21062 15212
21063 15213
21064 15214
21065 15215
21066 15216
21067 15217
21068 15218
21069 15219
21071 15220
21072 15221
21073 15222
21074 15223
21075 15224
21077 15225
21078 15226
21082 15227
21084 15228
21087 15229
21092 15230
21093 15231
21094 15232
21095 15233
21096 15234
21098 15235
21099 15236
21100 15237
21101 15238
21102 15239
21103 15240
21106 15241
21109 15242
21112 15243
21114 15244
21115 15245
21116 15246
21117 15247
21118 15248
21120 15249
21121 15250
21122 15251
21123 15252
21124 15253
21125 15254
21126 15255
21127 15256
21128 15257
21129 15258
21130 15259
21131 15260
21133 15261
21134 15262
21135 15263
21136 15264
21138 15265
21139 15266
21141 15267
21142 15268
21144 15269
21146 15270
21147 15271
21149 15272
21150 15273
21151 15274
21152 15275
21154 15276
21156 15277
21158 15278
21159 15279
21160 15280
21163 15281
21164 15282
21166 15283
21170 15284
21171 15285
21172 15286
21173 15287
21174 15288
21176 15289
21178 15290
21182 15291
21184 15292
21185 15293
21187 15294
21188 15295
21189 15296
21190 15297
21191 15298
21194 15299
21195 15300
21196 15301
21199 15302
21200 15303
21203 15304
21204 15305
21205 15306
21206 15307
21208 15308
21209 15309
21210 15310
21211 15311
21212 15312
21213 15313
21215 15314
21216 15315
21218 15316
21222 15317
21223 15318
21224 15319
21225 15320
21227 15321
21228 15322
21229 15323
21230 15324
21233 15325
21234 15326
21235 15327
21237 15328
21241 15329
21243 15330
21244 15331
21245 15332
21247 15333
21248 15334
21251 15335
21252 15336
21253 15337
21254 15338
21255 15339
21256 15340
21257 15341
21258 15342
21259 15343
21260 15344
21261 15345
21263 15346
21264 15347
21265 15348
21266 15349
21267 15350
21268 15351
21269 15352
21270 15353
21272 15354
21273 15355
21274 15356
21276 15357
21277 15358
21278 15359
21280 15360
21281 15361
21282 15362
21284 15363
21285 15364
21287 15365
21288 15366
21289 15367
21291 15368
21292 15369
21294 15370
21295 15371
21298 15372
21299 15373
21300 15374
21301 15375
21302 15376
21303 15377
21304 15378
21306 15379
21307 15380
21309 15381
21310 15382
21312 15383
21313 15384
21315 15385
21316 15386
21317 15387
21318 15388
21320 15389
21322 15390
21323 15391
21325 15392
21326 15393
21327 15394
21329 15395
21331 15396
21332 15397
21333 15398
21336 15399
21338 15400
21339 15401
21341 15402
21342 15403
21343 15404
21344 15405
21345 15406
21347 15407
21348 15408
21349 15409
21350 15410
21351 15411
21352 15412
21353 15413
21355 15414
21356 15415
21357 15416
21358 15417
21359 15418
21360 15419
21361 15420
21362 15421
21363 15422
21365 15423
21366 15424
21367 15425
21368 15426
21369 15427
21370 15428
21371 15429
21372 15430
21373 15431
21374 15432
21377 15433
21379 15434
21381 15435
21382 15436
21384 15437
21385 15438
21388 15439
21390 15440
21394 15441
21395 15442
21396 15443
21397 15444
21398 15445
21400 15446
21401 15447
21402 15448
21404 15449
21406 15450
21407 15451
21413 15452
21414 15453
21419 15454
21420 15455
21421 15456
21423 15457
21426 15458
21427 15459
21428 15460
21430 15461
21432 15462
21433 15463
21435 15464
21436 15465
21437 15466
21439 15467
21441 15468
21442 15469
21444 15470
21446 15471
21447 15472
21448 15473
21449 15474
21450 15475
21451 15476
21452 15477
21453 15478
21455 15479
21456 15480
21457 15481
21458 15482
21459 15483
21460 15484
21463 15485
21464 15486
21466 15487
21468 15488
21469 15489
21470 15490
21471 15491
21472 15492
21473 15493
21474 15494
21476 15495
21477 15496
21478 15497
21479 15498
21480 15499
21481 15500
21482 15501
21484 15502
21485 15503
21486 15504
21487 15505
21489 15506
21490 15507
21492 15508
21493 15509
21494 15510
21495 15511
21496 15512
21497 15513
21499 15514
21500 15515
21501 15516
21503 15517
21504 15518
21505 15519
21507 15520
21508 15521
21509 15522
21510 15523
21511 15524
21514 15525
21515 15526
21516 15527
21517 15528
21518 15529
21519 15530
21520 15531
21521 15532
21523 15533
21525 15534
21526 15535
21527 15536
21528 15537
21529 15538
21530 15539
21531 15540
21532 15541
21533 15542
21534 15543
21535 15544
21537 15545
21538 15546
21540 15547
21541 15548
21543 15549
21544 15550
21546 15551
21547 15552
21548 15553
21549 15554
21550 15555
21551 15556
21552 15557
21553 15558
21554 15559
21556 15560
21557 15561
21558 15562
21560 15563
21563 15564
21564 15565
21566 15566
21567 15567
21569 15568
21571 15569
21573 15570
21577 15571
21578 15572
21581 15573
21582 15574
21583 15575
21586 15576
21587 15577
21589 15578
21590 15579
21591 15580
21592 15581
21593 15582
21594 15583
21595 15584
21596 15585
21599 15586
21600 15587
21601 15588
21602 15589
21604 15590
21605 15591
21607 15592
21609 15593
21611 15594
21613 15595
21614 15596
21615 15597
21616 15598
21617 15599
21619 15600
21622 15601
21623 15602
21625 15603
21626 15604
21627 15605
21628 15606
21629 15607
21630 15608
21633 15609
21634 15610
21635 15611
21639 15612
21640 15613
21641 15614
21642 15615
21643 15616
21644 15617
21649 15618
21650 15619
21651 15620
21652 15621
21653 15622
21654 15623
21655 15624
21656 15625
21657 15626
21658 15627
21660 15628
21661 15629
21662 15630
21664 15631
21666 15632
21667 15633
21668 15634
21669 15635
21670 15636
21671 15637
21672 15638
21675 15639
21676 15640
21677 15641
21678 15642
21679 15643
21680 15644
21681 15645
21682 15646
21683 15647
21684 15648
21685 15649
21688 15650
21689 15651
21690 15652
21691 15653
21692 15654
21693 15655
21694 15656
21695 15657
21696 15658
21697 15659
21699 15660
21700 15661
21701 15662
21702 15663
21703 15664
21704 15665
21705 15666
21706 15667
21707 15668
21710 15669
21711 15670
21712 15671
21713 15672
21714 15673
21718 15674
21720 15675
21721 15676
21722 15677
21723 15678
21725 15679
21726 15680
21729 15681
21730 15682
21731 15683
21732 15684
21733 15685
21735 15686
21738 15687
21739 15688
21741 15689
21742 15690
21743 15691
21744 15692
21745 15693
21746 15694
21747 15695
21748 15696
21750 15697
21751 15698
21753 15699
21754 15700
21757 15701
21758 15702
21759 15703
21760 15704
21762 15705
21763 15706
21764 15707
21770 15708
21772 15709
21773 15710
21776 15711
21777 15712
21778 15713
21779 15714
21780 15715
21781 15716
21786 15717
21789 15718
21790 15719
21791 15720
21792 15721
21793 15722
21794 15723
21798 15724
21799 15725
21803 15726
21804 15727
21805 15728
21806 15729
21807 15730
21810 15731
21811 15732
21812 15733
21814 15734
21815 15735
21817 15736
21818 15737
21819 15738
21820 15739
21821 15740
21822 15741
21823 15742
21824 15743
21825 15744
21826 15745
21827 15746
21829 15747
21830 15748
21834 15749
21835 15750
21836 15751
21837 15752
21839 15753
21840 15754
21842 15755
21843 15756
21844 15757
21845 15758
21846 15759
21848 15760
21849 15761
21850 15762
21851 15763
21852 15764
21854 15765
21855 15766
21856 15767
21857 15768
21859 15769
21860 15770
21861 15771
21862 15772
21863 15773
21864 15774
21865 15775
21866 15776
21868 15777
21869 15778
21870 15779
21871 15780
21872 15781
21873 15782
21876 15783
21877 15784
21879 15785
21880 15786
21882 15787
21884 15788
21885 15789
21886 15790
21887 15791
21888 15792
21889 15793
21890 15794
21891 15795
21892 15796
21893 15797
21894 15798
21895 15799
21896 15800
21897 15801
21898 15802
21899 15803
21900 15804
21901 15805
21902 15806
21903 15807
21905 15808
21906 15809
21908 15810
21910 15811
21911 15812
21912 15813
21913 15814
21914 15815
21915 15816
21917 15817
21918 15818
21920 15819
21921 15820
21922 15821
21923 15822
21924 15823
21926 15824
21927 15825
21928 15826
21930 15827
21934 15828
21935 15829
21936 15830
21937 15831
21938 15832
21941 15833
21942 15834
21945 15835
21946 15836
21947 15837
21948 15838
21951 15839
21952 15840
21953 15841
21954 15842
21955 15843
21956 15844
21957 15845
21958 15846
21959 15847
21960 15848
21961 15849
21962 15850
21964 15851
21965 15852
21966 15853
21969 15854
21971 15855
21972 15856
21973 15857
21974 15858
21977 15859
21978 15860
21979 15861
21981 15862
21982 15863
21983 15864
21988 15865
21989 15866
21990 15867
21991 15868
21993 15869
21997 15870
21998 15871
21999 15872
22000 15873
22002 15874
22003 15875
22004 15876
22005 15877
22006 15878
22008 15879
22011 15880
22012 15881
22014 15882
22015 15883
22016 15884
22017 15885
22018 15886
22020 15887
22022 15888
22023 15889
22024 15890
22025 15891
22028 15892
22030 15893
22031 15894
22032 15895
22033 15896
22035 15897
22036 15898
22037 15899
22038 15900
22041 15901
22043 15902
22046 15903
22048 15904
22049 15905
22051 15906
22052 15907
22053 15908
22054 15909
22059 15910
22060 15911
22061 15912
22062 15913
22064 15914
22067 15915
22068 15916
22070 15917
22072 15918
22073 15919
22074 15920
22075 15921
22077 15922
22082 15923
22084 15924
22087 15925
22088 15926
22089 15927
22090 15928
22091 15929
22092 15930
22093 15931
22095 15932
22096 15933
22098 15934
22099 15935
22100 15936
22102 15937
22103 15938
22104 15939
22105 15940
22106 15941
22107 15942
22108 15943
22110 15944
22111 15945
22112 15946
22114 15947
22115 15948
22117 15949
22119 15950
22120 15951
22121 15952
22123 15953
22126 15954
22127 15955
22128 15956
22129 15957
22130 15958
22132 15959
22134 15960
22136 15961
22137 15962
22138 15963
22140 15964
22141 15965
22142 15966
22145 15967
22146 15968
22147 15969
22148 15970
22149 15971
22151 15972
22154 15973
22155 15974
22156 15975
22158 15976
22159 15977
22160 15978
22163 15979
22164 15980
22165 15981
22166 15982
22167 15983
22168 15984
22169 15985
22170 15986
22171 15987
22172 15988
22173 15989
22174 15990
22177 15991
22178 15992
22179 15993
22180 15994
22181 15995
22182 15996
22186 15997
22188 15998
22189 15999
22190 16000
22191 16001
22193 16002
22194 16003
22196 16004
22198 16005
22199 16006
22200 16007
22201 16008
22203 16009
22205 16010
22207 16011
22208 16012
22209 16013
22210 16014
22211 16015
22212 16016
22213 16017
22217 16018
22218 16019
22220 16020
22222 16021
22223 16022
22224 16023
22225 16024
22226 16025
22227 16026
22228 16027
22229 16028
22230 16029
22232 16030
22233 16031
22234 16032
22235 16033
22236 16034
22237 16035
22238 16036
22239 16037
22241 16038
22242 16039
22243 16040
22244 16041
22245 16042
22246 16043
22248 16044
22249 16045
22250 16046
22251 16047
22255 16048
22256 16049
22258 16050
22259 16051
22262 16052
22263 16053
22264 16054
22266 16055
22267 16056
22268 16057
22270 16058
22271 16059
22272 16060
22273 16061
22276 16062
22277 16063
22279 16064
22282 16065
22283 16066
22284 16067
22285 16068
22286 16069
22287 16070
22288 16071
22289 16072
22290 16073
22291 16074
22292 16075
22293 16076
22296 16077
22297 16078
22301 16079
22302 16080
22303 16081
22310 16082
22311 16083
22312 16084
22313 16085
22316 16086
22317 16087
22318 16088
22319 16089
22320 16090
22321 16091
22322 16092
22323 16093
22324 16094
22325 16095
22326 16096
22327 16097
22328 16098
22329 16099
22330 16100
22331 16101
22332 16102
22333 16103
22334 16104
22335 16105
22338 16106
22340 16107
22341 16108
22342 16109
22343 16110
22344 16111
22345 16112
22347 16113
22348 16114
22350 16115
22351 16116
22352 16117
22353 16118
22354 16119
22355 16120
22356 16121
22357 16122
22358 16123
22360 16124
22361 16125
22362 16126
22365 16127
22366 16128
22368 16129
22369 16130
22371 16131
22372 16132
22374 16133
22375 16134
22376 16135
22377 16136
22378 16137
22379 16138
22381 16139
22382 16140
22383 16141
22384 16142
22385 16143
22387 16144
22388 16145
22389 16146
22390 16147
22392 16148
22393 16149
22394 16150
22395 16151
22396 16152
22397 16153
22400 16154
22401 16155
22403 16156
22404 16157
22405 16158
22409 16159
22410 16160
22412 16161
22413 16162
22414 16163
22415 16164
22416 16165
22417 16166
22418 16167
22421 16168
22422 16169
22424 16170
22425 16171
22428 16172
22431 16173
22432 16174
22433 16175
22434 16176
22436 16177
22437 16178
22438 16179
22439 16180
22440 16181
22441 16182
22442 16183
22443 16184
22444 16185
22445 16186
22447 16187
22448 16188
22450 16189
22453 16190
22454 16191
22455 16192
22456 16193
22457 16194
22458 16195
22459 16196
22463 16197
22464 16198
22465 16199
22467 16200
22468 16201
22472 16202
22474 16203
22475 16204
22478 16205
22479 16206
22480 16207
22482 16208
22483 16209
22484 16210
22485 16211
22488 16212
22489 16213
22490 16214
22491 16215
22492 16216
22493 16217
22494 16218
22497 16219
22498 16220
22499 16221
22500 16222
22502 16223
22504 16224
22505 16225
22506 16226
22507 16227
22509 16228
22511 16229
22513 16230
22514 16231
22516 16232
22517 16233
22518 16234
22520 16235
22521 16236
22522 16237
22523 16238
22525 16239
22528 16240
22529 16241
22531 16242
22533 16243
22534 16244
22535 16245
22537 16246
22538 16247
22539 16248
22542 16249
22543 16250
22544 16251
22545 16252
22546 16253
22548 16254
22551 16255
22553 16256
22554 16257
22555 16258
22556 16259
22558 16260
22559 16261
22561 16262
22562 16263
22563 16264
22564 16265
22565 16266
22566 16267
22567 16268
22569 16269
22570 16270
22571 16271
22572 16272
22573 16273
22575 16274
22576 16275
22577 16276
22579 16277
22580 16278
22582 16279
22583 16280
22584 16281
22586 16282
22587 16283
22588 16284
22589 16285
22590 16286
22592 16287
22593 16288
22594 16289
22595 16290
22596 16291
22597 16292
22599 16293
22600 16294
22601 16295
22602 16296
22603 16297
22604 16298
22605 16299
22606 16300
22607 16301
22609 16302
22610 16303
22612 16304
22613 16305
22614 16306
22615 16307
22616 16308
22617 16309
22619 16310
22622 16311
22624 16312
22626 16313
22627 16314
22628 16315
22630 16316
22631 16317
22633 16318
22634 16319
22635 16320
22636 16321
22637 16322
22638 16323
22639 16324
22641 16325
22643 16326
22644 16327
22645 16328
22646 16329
22648 16330
22649 16331
22651 16332
22652 16333
22653 16334
22654 16335
22655 16336
22656 16337
22657 16338
22659 16339
22660 16340
22663 16341
22664 16342
22665 16343
22666 16344
22667 16345
22668 16346
22670 16347
22674 16348
22675 16349
22677 16350
22678 16351
22679 16352
22680 16353
22682 16354
22683 16355
22684 16356
22685 16357
22686 16358
22691 16359
22692 16360
22695 16361
22696 16362
22697 16363
22699 16364
22700 16365
22701 16366
22702 16367
22703 16368
22704 16369
22705 16370
22707 16371
22708 16372
22709 16373
22710 16374
22711 16375
22712 16376
22713 16377
22714 16378
22716 16379
22717 16380
22718 16381
22719 16382
22722 16383
22723 16384
22724 16385
22726 16386
22727 16387
22728 16388
22729 16389
22730 16390
22732 16391
22733 16392
22734 16393
22735 16394
22736 16395
22737 16396
22738 16397
22739 16398
22740 16399
22741 16400
22742 16401
22744 16402
22745 16403
22747 16404
22750 16405
22751 16406
22754 16407
22756 16408
22758 16409
22760 16410
22761 16411
22762 16412
22763 16413
22764 16414
22767 16415
22768 16416
22769 16417
22770 16418
22771 16419
22772 16420
22773 16421
22774 16422
22775 16423
22776 16424
22778 16425
22779 16426
22780 16427
22782 16428
22783 16429
22784 16430
22785 16431
22786 16432
22788 16433
22790 16434
22791 16435
22794 16436
22795 16437
22796 16438
22797 16439
22798 16440
22799 16441
22800 16442
22803 16443
22804 16444
22805 16445
22806 16446
22807 16447
22808 16448
22809 16449
22810 16450
22812 16451
22813 16452
22816 16453
22817 16454
22818 16455
22819 16456
22820 16457
22821 16458
22822 16459
22823 16460
22824 16461
22825 16462
22826 16463
22827 16464
22828 16465
22831 16466
22832 16467
22833 16468
22836 16469
22837 16470
22838 16471
22839 16472
22841 16473
22842 16474
22845 16475
22846 16476
22847 16477
22848 16478
22849 16479
22850 16480
22851 16481
22852 16482
22853 16483
22856 16484
22857 16485
22858 16486
22860 16487
22862 16488
22863 16489
22865 16490
22866 16491
22867 16492
22868 16493
22869 16494
22870 16495
22872 16496
22873 16497
22874 16498
22877 16499
22879 16500
22880 16501
22881 16502
22882 16503
22883 16504
22884 16505
22885 16506
22886 16507
22887 16508
22888 16509
22889 16510
22890 16511
22892 16512
22893 16513
22895 16514
22896 16515
22898 16516
22899 16517
22900 16518
22901 16519
22902 16520
22904 16521
22905 16522
22906 16523
22910 16524
22911 16525
22912 16526
22913 16527
22915 16528
22916 16529
22917 16530
22918 16531
22919 16532
22924 16533
22925 16534
22926 16535
22927 16536
22929 16537
22930 16538
22931 16539
22932 16540
22933 16541
22935 16542
22936 16543
22938 16544
22939 16545
22940 16546
22943 16547
22944 16548
22945 16549
22946 16550
22947 16551
22948 16552
22949 16553
22950 16554
22951 16555
22953 16556
22957 16557
22958 16558
22960 16559
22961 16560
22964 16561
22965 16562
22966 16563
22967 16564
22968 16565
22969 16566
22970 16567
22971 16568
22972 16569
22974 16570
22975 16571
22976 16572
22977 16573
22980 16574
22981 16575
22982 16576
22984 16577
22985 16578
22987 16579
22988 16580
22989 16581
22990 16582
22991 16583
22993 16584
22994 16585
22995 16586
22997 16587
23001 16588
23002 16589
23003 16590
23004 16591
23007 16592
23009 16593
23010 16594
23011 16595
23013 16596
23015 16597
23017 16598
23018 16599
23019 16600
23021 16601
23022 16602
23023 16603
23024 16604
23026 16605
23027 16606
23028 16607
23029 16608
23032 16609
23033 16610
23034 16611
23035 16612
23036 16613
23037 16614
23038 16615
23039 16616
23040 16617
23041 16618
23042 16619
23043 16620
23044 16621
23045 16622
23046 16623
23047 16624
23048 16625
23049 16626
23050 16627
23052 16628
23053 16629
23054 16630
23055 16631
23056 16632
23057 16633
23058 16634
23059 16635
23060 16636
23061 16637
23062 16638
23064 16639
23065 16640
23066 16641
23067 16642
23068 16643
23074 16644
23077 16645
23079 16646
23080 16647
23083 16648
23085 16649
23086 16650
23087 16651
23088 16652
23090 16653
23091 16654
23092 16655
23093 16656
23095 16657
23097 16658
23098 16659
23099 16660
23101 16661
23102 16662
23103 16663
23105 16664
23106 16665
23107 16666
23108 16667
23109 16668
23110 16669
23111 16670
23112 16671
23115 16672
23117 16673
23119 16674
23120 16675
23123 16676
23124 16677
23125 16678
23127 16679
23129 16680
23130 16681
23131 16682
23132 16683
23133 16684
23134 16685
23135 16686
23136 16687
23137 16688
23138 16689
23139 16690
23141 16691
23143 16692
23145 16693
23149 16694
23150 16695
23151 16696
23152 16697
23154 16698
23155 16699
23156 16700
23157 16701
23158 16702
23159 16703
23160 16704
23161 16705
23163 16706
23167 16707
23168 16708
23171 16709
23172 16710
23173 16711
23174 16712
23175 16713
23176 16714
23178 16715
23179 16716
23180 16717
23182 16718
23183 16719
23184 16720
23185 16721
23186 16722
23187 16723
23188 16724
23190 16725
23193 16726
23195 16727
23196 16728
23197 16729
23199 16730
23200 16731
23201 16732
23202 16733
23204 16734
23207 16735
23208 16736
23209 16737
23210 16738
23211 16739
23213 16740
23216 16741
23218 16742
23220 16743
23221 16744
23222 16745
23224 16746
23225 16747
23226 16748
23228 16749
23229 16750
23231 16751
23233 16752
23234 16753
23236 16754
23238 16755
23240 16756
23242 16757
23244 16758
23247 16759
23248 16760
23249 16761
23253 16762
23254 16763
23255 16764
23256 16765
23257 16766
23258 16767
23259 16768
23260 16769
23261 16770
23262 16771
23263 16772
23265 16773
23267 16774
23268 16775
23269 16776
23270 16777
23271 16778
23273 16779
23275 16780
23276 16781
23284 16782
23285 16783
23286 16784
23287 16785
23288 16786
23290 16787
23291 16788
23292 16789
23296 16790
23297 16791
23298 16792
23299 16793
23300 16794
23303 16795
23304 16796
23305 16797
23308 16798
23309 16799
23310 16800
23311 16801
23313 16802
23314 16803
23315 16804
23317 16805
23321 16806
23322 16807
23323 16808
23324 16809
23327 16810
23328 16811
23329 16812
23330 16813
23332 16814
23334 16815
23337 16816
23339 16817
23340 16818
23341 16819
23342 16820
23344 16821
23346 16822
23347 16823
23348 16824
23349 16825
23350 16826
23351 16827
23352 16828
23353 16829
23354 16830
23355 16831
23357 16832
23358 16833
23359 16834
23360 16835
23361 16836
23364 16837
23365 16838
23366 16839
23367 16840
23368 16841
23370 16842
23371 16843
23372 16844
23373 16845
23377 16846
23379 16847
23380 16848
23381 16849
23382 16850
23384 16851
23385 16852
23387 16853
23388 16854
23389 16855
23391 16856
23394 16857
23395 16858
23396 16859
23397 16860
23399 16861
23400 16862
23402 16863
23404 16864
23405 16865
23406 16866
23407 16867
23408 16868
23410 16869
23412 16870
23413 16871
23415 16872
23416 16873
23417 16874
23418 16875
23421 16876
23423 16877
23424 16878
23425 16879
23427 16880
23428 16881
23430 16882
23431 16883
23432 16884
23434 16885
23435 16886
23436 16887
23440 16888
23442 16889
23446 16890
23447 16891
23448 16892
23452 16893
23453 16894
23454 16895
23455 16896
23456 16897
23457 16898
23458 16899
23459 16900
23460 16901
23462 16902
23463 16903
23466 16904
23468 16905
23469 16906
23471 16907
23473 16908
23474 16909
23478 16910
23479 16911
23480 16912
23481 16913
23484 16914
23486 16915
23487 16916
23488 16917
23489 16918
23490 16919
23492 16920
23494 16921
23495 16922
23496 16923
23498 16924
23499 16925
23500 16926
23501 16927
23502 16928
23503 16929
23506 16930
23507 16931
23508 16932
23510 16933
23512 16934
23514 16935
23515 16936
23516 16937
23517 16938
23518 16939
23519 16940
23520 16941
23522 16942
23523 16943
23524 16944
23525 16945
23527 16946
23528 16947
23529 16948
23530 16949
23531 16950
23533 16951
23535 16952
23536 16953
23538 16954
23539 16955
23540 16956
23544 16957
23547 16958
23548 16959
23549 16960
23550 16961
23551 16962
23552 16963
23553 16964
23554 16965
23557 16966
23558 16967
23559 16968
23560 16969
23562 16970
23563 16971
23564 16972
23565 16973
23566 16974
23567 16975
23568 16976
23571 16977
23573 16978
23574 16979
23578 16980
23581 16981
23583 16982
23584 16983
23586 16984
23587 16985
23590 16986
23593 16987
23594 16988
23596 16989
23597 16990
23599 16991
23604 16992
23605 16993
23608 16994
23609 16995
23610 16996
23612 16997
23614 16998
23617 16999
23619 17000
23620 17001
23621 17002
23622 17003
23624 17004
23625 17005
23626 17006
23627 17007
23630 17008
23632 17009
23633 17010
23634 17011
23636 17012
23637 17013
23638 17014
23641 17015
23642 17016
23643 17017
23644 17018
23646 17019
23647 17020
23648 17021
23649 17022
23650 17023
23651 17024
23652 17025
23653 17026
23654 17027
23655 17028
23656 17029
23657 17030
23658 17031
23661 17032
23662 17033
23664 17034
23665 17035
23666 17036
23669 17037
23670 17038
23671 17039
23673 17040
23674 17041
23675 17042
23677 17043
23678 17044
23680 17045
23681 17046
23682 17047
23684 17048
23685 17049
23686 17050
23687 17051
23688 17052
23689 17053
23690 17054
23692 17055
23693 17056
23694 17057
23695 17058
23696 17059
23697 17060
23698 17061
23699 17062
23701 17063
23702 17064
23705 17065
23706 17066
23707 17067
23709 17068
23711 17069
23713 17070
23714 17071
23715 17072
23716 17073
23717 17074
23718 17075
23720 17076
23724 17077
23726 17078
23732 17079
23734 17080
23735 17081
23736 17082
23737 17083
23740 17084
23741 17085
23744 17086
23745 17087
23746 17088
23747 17089
23748 17090
23751 17091
23755 17092
23756 17093
23757 17094
23758 17095
23761 17096
23762 17097
23763 17098
23764 17099
23765 17100
23768 17101
23769 17102
23770 17103
23771 17104
23773 17105
23774 17106
23778 17107
23779 17108
23780 17109
23781 17110
23782 17111
23783 17112
23784 17113
23785 17114
23786 17115
23787 17116
23789 17117
23791 17118
23792 17119
23793 17120
23796 17121
23800 17122
23801 17123
23802 17124
23803 17125
23804 17126
23809 17127
23810 17128
23811 17129
23812 17130
23813 17131
23815 17132
23816 17133
23817 17134
23818 17135
23820 17136
23821 17137
23824 17138
23825 17139
23826 17140
23830 17141
23831 17142
23833 17143
23835 17144
23837 17145
23838 17146
23840 17147
23841 17148
23844 17149
23845 17150
23846 17151
23847 17152
23849 17153
23851 17154
23852 17155
23854 17156
23855 17157
23856 17158
23857 17159
23858 17160
23859 17161
23861 17162
23862 17163
23863 17164
23864 17165
23865 17166
23866 17167
23868 17168
23870 17169
23871 17170
23872 17171
23873 17172
23875 17173
23876 17174
23878 17175
23880 17176
23881 17177
23882 17178
23883 17179
23886 17180
23888 17181
23889 17182
23890 17183
23891 17184
23892 17185
23894 17186
23896 17187
23897 17188
23900 17189
23903 17190
23904 17191
23905 17192
23906 17193
23907 17194
23908 17195
23909 17196
23911 17197
23912 17198
23917 17199
23918 17200
23919 17201
23920 17202
23921 17203
23923 17204
23925 17205
23926 17206
23927 17207
23928 17208
23930 17209
23932 17210
23933 17211
23934 17212
23935 17213
23937 17214
23938 17215
23939 17216
23940 17217
23941 17218
23942 17219
23945 17220
23946 17221
23947 17222
23951 17223
23952 17224
23954 17225
23955 17226
23956 17227
23957 17228
23960 17229
23961 17230
23962 17231
23963 17232
23964 17233
23968 17234
23969 17235
23970 17236
23972 17237
23973 17238
23974 17239
23975 17240
23977 17241
23978 17242
23979 17243
23980 17244
23981 17245
23985 17246
23986 17247
23987 17248
23989 17249
23990 17250
23991 17251
23992 17252
23994 17253
23995 17254
23997 17255
23998 17256
23999 17257
24000 17258
24001 17259
24002 17260
24005 17261
24006 17262
24007 17263
24008 17264
24009 17265
24011 17266
24012 17267
24013 17268
24015 17269
24016 17270
24020 17271
24021 17272
24022 17273
24023 17274
24026 17275
24027 17276
24029 17277
24030 17278
24032 17279
24033 17280
24035 17281
24036 17282
24037 17283
24038 17284
24040 17285
24041 17286
24042 17287
24043 17288
24044 17289
24045 17290
24047 17291
24049 17292
24050 17293
24054 17294
24059 17295
24060 17296
24061 17297
24062 17298
24063 17299
24064 17300
24065 17301
24066 17302
24067 17303
24069 17304
24071 17305
24072 17306
24073 17307
24074 17308
24075 17309
24076 17310
24077 17311
24081 17312
24082 17313
24083 17314
24085 17315
24087 17316
24088 17317
24090 17318
24091 17319
24092 17320
24094 17321
24096 17322
24097 17323
24098 17324
24099 17325
24100 17326
24102 17327
24103 17328
24105 17329
24107 17330
24108 17331
24109 17332
24111 17333
24112 17334
24113 17335
24114 17336
24116 17337
24118 17338
24120 17339
24121 17340
24122 17341
24123 17342
24127 17343
24128 17344
24129 17345
24131 17346
24132 17347
24133 17348
24134 17349
24135 17350
24136 17351
24137 17352
24138 17353
24139 17354
24140 17355
24141 17356
24142 17357
24143 17358
24144 17359
24145 17360
24148 17361
24149 17362
24150 17363
24151 17364
24152 17365
24153 17366
24155 17367
24157 17368
24159 17369
24161 17370
24162 17371
24163 17372
24165 17373
24166 17374
24168 17375
24169 17376
24173 17377
24174 17378
24175 17379
24177 17380
24178 17381
24179 17382
24180 17383
24183 17384
24184 17385
24185 17386
24186 17387
24188 17388
24190 17389
24191 17390
24192 17391
24193 17392
24194 17393
24195 17394
24196 17395
24198 17396
24199 17397
24202 17398
24203 17399
24204 17400
24205 17401
24206 17402
24208 17403
24209 17404
24212 17405
24213 17406
24214 17407
24215 17408
24216 17409
24217 17410
24219 17411
24220 17412
24221 17413
24222 17414
24223 17415
24224 17416
24225 17417
24227 17418
24228 17419
24229 17420
24230 17421
24231 17422
24232 17423
24233 17424
24234 17425
24235 17426
24237 17427
24238 17428
24239 17429
24240 17430
24243 17431
24244 17432
24245 17433
24246 17434
24249 17435
24250 17436
24251 17437
24252 17438
24254 17439
24256 17440
24257 17441
24258 17442
24259 17443
24260 17444
24262 17445
24263 17446
24265 17447
24266 17448
24267 17449
24268 17450
24269 17451
24270 17452
24271 17453
24272 17454
24274 17455
24275 17456
24278 17457
24279 17458
24281 17459
24282 17460
24285 17461
24286 17462
24287 17463
24288 17464
24290 17465
24291 17466
24292 17467
24293 17468
24294 17469
24295 17470
24296 17471
24297 17472
24298 17473
24300 17474
24301 17475
24302 17476
24303 17477
24304 17478
24305 17479
24306 17480
24307 17481
24310 17482
24311 17483
24312 17484
24313 17485
24314 17486
24315 17487
24317 17488
24318 17489
24319 17490
24320 17491
24321 17492
24322 17493
24325 17494
24326 17495
24327 17496
24328 17497
24329 17498
24331 17499
24333 17500
24334 17501
24335 17502
24336 17503
24337 17504
24340 17505
24342 17506
24343 17507
24344 17508
24345 17509
24346 17510
24347 17511
24348 17512
24349 17513
24350 17514
24351 17515
24352 17516
24354 17517
24356 17518
24357 17519
24359 17520
24360 17521
24361 17522
24362 17523
24363 17524
24365 17525
24366 17526
24367 17527
24368 17528
24369 17529
24370 17530
24371 17531
24372 17532
24373 17533
24374 17534
24375 17535
24376 17536
24377 17537
24379 17538
24380 17539
24384 17540
24385 17541
24386 17542
24387 17543
24388 17544
24389 17545
24390 17546
24392 17547
24393 17548
24394 17549
24395 17550
24396 17551
24398 17552
24399 17553
24401 17554
24404 17555
24405 17556
24406 17557
24409 17558
24410 17559
24411 17560
24413 17561
24416 17562
24418 17563
24419 17564
24420 17565
24421 17566
24422 17567
24423 17568
24425 17569
24426 17570
24427 17571
24429 17572
24430 17573
24431 17574
24432 17575
24433 17576
24435 17577
24436 17578
24437 17579
24438 17580
24439 17581
24440 17582
24441 17583
24442 17584
24443 17585
24445 17586
24448 17587
24449 17588
24450 17589
24451 17590
24453 17591
24454 17592
24455 17593
24458 17594
24459 17595
24462 17596
24463 17597
24464 17598
24465 17599
24466 17600
24467 17601
24468 17602
24469 17603
24470 17604
24471 17605
24472 17606
24473 17607
24474 17608
24476 17609
24478 17610
24479 17611
24480 17612
24481 17613
24482 17614
24483 17615
24486 17616
24487 17617
24488 17618
24489 17619
24490 17620
24491 17621
24492 17622
24493 17623
24494 17624
24495 17625
24496 17626
24497 17627
24498 17628
24499 17629
24501 17630
24502 17631
24504 17632
24506 17633
24507 17634
24508 17635
24509 17636
24510 17637
24513 17638
24515 17639
24516 17640
24517 17641
24519 17642
24520 17643
24521 17644
24522 17645
24523 17646
24524 17647
24525 17648
24526 17649
24527 17650
24528 17651
24529 17652
24530 17653
24532 17654
24533 17655
24534 17656
24535 17657
24536 17658
24537 17659
24538 17660
24539 17661
24540 17662
24541 17663
24544 17664
24548 17665
24549 17666
24550 17667
24551 17668
24554 17669
24555 17670
24556 17671
24557 17672
24558 17673
24561 17674
24562 17675
24563 17676
24564 17677
24565 17678
24566 17679
24567 17680
24570 17681
24571 17682
24572 17683
24573 17684
24574 17685
24575 17686
24576 17687
24577 17688
24578 17689
24579 17690
24580 17691
24583 17692
24584 17693
24585 17694
24586 17695
24589 17696
24590 17697
24591 17698
24592 17699
24593 17700
24594 17701
24595 17702
24599 17703
24600 17704
24601 17705
24602 17706
24603 17707
24604 17708
24609 17709
24610 17710
24613 17711
24615 17712
24616 17713
24619 17714
24621 17715
24622 17716
24623 17717
24625 17718
24626 17719
24630 17720
24631 17721
24633 17722
24634 17723
24635 17724
24636 17725
24639 17726
24640 17727
24641 17728
24642 17729
24643 17730
24644 17731
24645 17732
24646 17733
24647 17734
24649 17735
24650 17736
24652 17737
24654 17738
24655 17739
24657 17740
24659 17741
24660 17742
24663 17743
24664 17744
24665 17745
24666 17746
24667 17747
24668 17748
24669 17749
24670 17750
24671 17751
24672 17752
24673 17753
24674 17754
24676 17755
24677 17756
24679 17757
24680 17758
24681 17759
24682 17760
24684 17761
24685 17762
24688 17763
24692 17764
24693 17765
24694 17766
24695 17767
24697 17768
24699 17769
24700 17770
24701 17771
24702 17772
24703 17773
24704 17774
24705 17775
24707 17776
24708 17777
24709 17778
24710 17779
24714 17780
24715 17781
24716 17782
24717 17783
24718 17784
24720 17785
24724 17786
24725 17787
24726 17788
24727 17789
24728 17790
24729 17791
24730 17792
24732 17793
24734 17794
24735 17795
24736 17796
24737 17797
24738 17798
24739 17799
24741 17800
24742 17801
24743 17802
24744 17803
24745 17804
24748 17805
24749 17806
24751 17807
24752 17808
24753 17809
24754 17810
24755 17811
24758 17812
24759 17813
24760 17814
24761 17815
24762 17816
24763 17817
24764 17818
24765 17819
24766 17820
24768 17821
24769 17822
24770 17823
24773 17824
24774 17825
24775 17826
24776 17827
24778 17828
24779 17829
24781 17830
24782 17831
24784 17832
24785 17833
24788 17834
24789 17835
24790 17836
24791 17837
24793 17838
24795 17839
24796 17840
24797 17841
24798 17842
24802 17843
24803 17844
24804 17845
24807 17846
24808 17847
24810 17848
24811 17849
24814 17850
24815 17851
24816 17852
24818 17853
24819 17854
24820 17855
24821 17856
24822 17857
24823 17858
24824 17859
24825 17860
24826 17861
24827 17862
24828 17863
24829 17864
24831 17865
24832 17866
24834 17867
24835 17868
24837 17869
24838 17870
24839 17871
24842 17872
24843 17873
24844 17874
24845 17875
24846 17876
24847 17877
24848 17878
24850 17879
24851 17880
24852 17881
24853 17882
24856 17883
24857 17884
24860 17885
24861 17886
24864 17887
24865 17888
24867 17889
24870 17890
24871 17891
24872 17892
24873 17893
24874 17894
24875 17895
24876 17896
24877 17897
24878 17898
24879 17899
24880 17900
24881 17901
24883 17902
24884 17903
24885 17904
24888 17905
24889 17906
24890 17907
24891 17908
24892 17909
24894 17910
24895 17911
24896 17912
24897 17913
24898 17914
24900 17915
24901 17916
24902 17917
24903 17918
24905 17919
24906 17920
24907 17921
24908 17922
24909 17923
24910 17924
24912 17925
24914 17926
24915 17927
24916 17928
24917 17929
24918 17930
24919 17931
24920 17932
24921 17933
24922 17934
24923 17935
24924 17936
24926 17937
24927 17938
24930 17939
24932 17940
24933 17941
24934 17942
24935 17943
24937 17944
24938 17945
24940 17946
24941 17947
24942 17948
24943 17949
24944 17950
24945 17951
24946 17952
24949 17953
24950 17954
24951 17955
24953 17956
24954 17957
24957 17958
24961 17959
24962 17960
24964 17961
24965 17962
24966 17963
24967 17964
24968 17965
24969 17966
24971 17967
24972 17968
24973 17969
24974 17970
24977 17971
24979 17972
24982 17973
24983 17974
24984 17975
24985 17976
24986 17977
24988 17978
24990 17979
24991 17980
24993 17981
24994 17982
24995 17983
24996 17984
24997 17985
24998 17986
24999 17987
25000 17988
25001 17989
25002 17990
25003 17991
25004 17992
25005 17993
25006 17994
25008 17995
25009 17996
25010 17997
25011 17998
25013 17999
25015 18000
25016 18001
25018 18002
25020 18003
25021 18004
25022 18005
25023 18006
25024 18007
25025 18008
25026 18009
25028 18010
25029 18011
25030 18012
25031 18013
25032 18014
25033 18015
25034 18016
25035 18017
25037 18018
25038 18019
25039 18020
25040 18021
25041 18022
25042 18023
25046 18024
25048 18025
25049 18026
25050 18027
25051 18028
25052 18029
25053 18030
25055 18031
25056 18032
25057 18033
25058 18034
25059 18035
25060 18036
25061 18037
25062 18038
25063 18039
25064 18040
25065 18041
25066 18042
25069 18043
25071 18044
25072 18045
25074 18046
25075 18047
25076 18048
25077 18049
25079 18050
25081 18051
25082 18052
25083 18053
25084 18054
25085 18055
25088 18056
25093 18057
25094 18058
25095 18059
25096 18060
25097 18061
25098 18062
25099 18063
25100 18064
25101 18065
25102 18066
25105 18067
25106 18068
25107 18069
25109 18070
25115 18071
25116 18072
25117 18073
25118 18074
25119 18075
25120 18076
25121 18077
25122 18078
25125 18079
25126 18080
25127 18081
25128 18082
25129 18083
25130 18084
25131 18085
25133 18086
25136 18087
25139 18088
25140 18089
25141 18090
25142 18091
25144 18092
25145 18093
25146 18094
25147 18095
25148 18096
25149 18097
25150 18098
25151 18099
25152 18100
25154 18101
25155 18102
25157 18103
25158 18104
25159 18105
25160 18106
25162 18107
25163 18108
25164 18109
25165 18110
25166 18111
25168 18112
25169 18113
25170 18114
25171 18115
25172 18116
25174 18117
25176 18118
25179 18119
25183 18120
25184 18121
25185 18122
25186 18123
25187 18124
25188 18125
25189 18126
25190 18127
25192 18128
25193 18129
25194 18130
25196 18131
25197 18132
25198 18133
25199 18134
25202 18135
25203 18136
25204 18137
25205 18138
25206 18139
25209 18140
25210 18141
25212 18142
25213 18143
25214 18144
25215 18145
25217 18146
25218 18147
25219 18148
25222 18149
25223 18150
25224 18151
25225 18152
25228 18153
25231 18154
25234 18155
25235 18156
25236 18157
25237 18158
25239 18159
25240 18160
25242 18161
25243 18162
25244 18163
25245 18164
25246 18165
25247 18166
25248 18167
25250 18168
25251 18169
25252 18170
25253 18171
25254 18172
25256 18173
25258 18174
25260 18175
25262 18176
25263 18177
25265 18178
25266 18179
25267 18180
25269 18181
25270 18182
25272 18183
25273 18184
25274 18185
25275 18186
25278 18187
25279 18188
25280 18189
25281 18190
25282 18191
25286 18192
25287 18193
25291 18194
25292 18195
25293 18196
25294 18197
25295 18198
25298 18199
25300 18200
25301 18201
25304 18202
25306 18203
25307 18204
25308 18205
25309 18206
25312 18207
25313 18208
25314 18209
25315 18210
25316 18211
25318 18212
25322 18213
25323 18214
25324 18215
25325 18216
25328 18217
25331 18218
25332 18219
25333 18220
25334 18221
25335 18222
25336 18223
25337 18224
25339 18225
25340 18226
25341 18227
25342 18228
25343 18229
25344 18230
25348 18231
25349 18232
25350 18233
25351 18234
25352 18235
25353 18236
25354 18237
25355 18238
25356 18239
25357 18240
25360 18241
25361 18242
25362 18243
25363 18244
25365 18245
25367 18246
25369 18247
25370 18248
25371 18249
25372 18250
25374 18251
25375 18252
25376 18253
25377 18254
25378 18255
25379 18256
25380 18257
25382 18258
25383 18259
25384 18260
25385 18261
25388 18262
25389 18263
25390 18264
25391 18265
25392 18266
25393 18267
25396 18268
25399 18269
25400 18270
25401 18271
25402 18272
25403 18273
25404 18274
25405 18275
25406 18276
25407 18277
25408 18278
25409 18279
25410 18280
25412 18281
25415 18282
25419 18283
25420 18284
25421 18285
25422 18286
25423 18287
25424 18288
25425 18289
25426 18290
25429 18291
25432 18292
25433 18293
25437 18294
25440 18295
25441 18296
25442 18297
25444 18298
25445 18299
25446 18300
25447 18301
25448 18302
25449 18303
25450 18304
25453 18305
25454 18306
25455 18307
25456 18308
25458 18309
25459 18310
25460 18311
25461 18312
25462 18313
25463 18314
25464 18315
25465 18316
25468 18317
25469 18318
25470 18319
25473 18320
25475 18321
25476 18322
25477 18323
25478 18324
25479 18325
25480 18326
25481 18327
25482 18328
25483 18329
25484 18330
25486 18331
25487 18332
25488 18333
25489 18334
25490 18335
25495 18336
25496 18337
25497 18338
25498 18339
25499 18340
25501 18341
25504 18342
25505 18343
25506 18344
25507 18345
25508 18346
25509 18347
25511 18348
25512 18349
25513 18350
25515 18351
25516 18352
25519 18353
25522 18354
25524 18355
25526 18356
25529 18357
25531 18358
25532 18359
25535 18360
25536 18361
25537 18362
25538 18363
25539 18364
25540 18365
25541 18366
25542 18367
25543 18368
25544 18369
25546 18370
25547 18371
25548 18372
25549 18373
25550 18374
25552 18375
25555 18376
25556 18377
25557 18378
25558 18379
25559 18380
25561 18381
25562 18382
25563 18383
25565 18384
25566 18385
25567 18386
25568 18387
25569 18388
25570 18389
25571 18390
25574 18391
25576 18392
25577 18393
25578 18394
25579 18395
25580 18396
25581 18397
25582 18398
25583 18399
25585 18400
25586 18401
25589 18402
25590 18403
25591 18404
25592 18405
25593 18406
25595 18407
25597 18408
25598 18409
25600 18410
25601 18411
25602 18412
25603 18413
25606 18414
25607 18415
25608 18416
25609 18417
25610 18418
25611 18419
25612 18420
25613 18421
25615 18422
25618 18423
25619 18424
25620 18425
25622 18426
25623 18427
25624 18428
25625 18429
25626 18430
25628 18431
25630 18432
25631 18433
25632 18434
25636 18435
25637 18436
25638 18437
25639 18438
25640 18439
25641 18440
25643 18441
25644 18442
25647 18443
25648 18444
25651 18445
25652 18446
25653 18447
25654 18448
25655 18449
25656 18450
25657 18451
25658 18452
25661 18453
25662 18454
25663 18455
25666 18456
25670 18457
25671 18458
25672 18459
25673 18460
25674 18461
25675 18462
25676 18463
25677 18464
25678 18465
25680 18466
25681 18467
25682 18468
25683 18469
25684 18470
25685 18471
25686 18472
25687 18473
25688 18474
25689 18475
25690 18476
25692 18477
25696 18478
25697 18479
25698 18480
25699 18481
25700 18482
25701 18483
25702 18484
25703 18485
25704 18486
25705 18487
25707 18488
25709 18489
25710 18490
25711 18491
25714 18492
25715 18493
25716 18494
25717 18495
25718 18496
25719 18497
25720 18498
25721 18499
25723 18500
25724 18501
25725 18502
25728 18503
25729 18504
25730 18505
25731 18506
25732 18507
25733 18508
25734 18509
25735 18510
25736 18511
25738 18512
25741 18513
25742 18514
25743 18515
25744 18516
25746 18517
25748 18518
25749 18519
25750 18520
25752 18521
25754 18522
25755 18523
25756 18524
25758 18525
25759 18526
25760 18527
25761 18528
25762 18529
25763 18530
25764 18531
25765 18532
25766 18533
25768 18534
25769 18535
25770 18536
25771 18537
25772 18538
25773 18539
25774 18540
25775 18541
25776 18542
25777 18543
25779 18544
25780 18545
25782 18546
25783 18547
25784 18548
25785 18549
25786 18550
25787 18551
25788 18552
25789 18553
25790 18554
25792 18555
25793 18556
25795 18557
25797 18558
25798 18559
25799 18560
25800 18561
25802 18562
25804 18563
25805 18564
25806 18565
25808 18566
25810 18567
25811 18568
25812 18569
25813 18570
25814 18571
25815 18572
25816 18573
25817 18574
25819 18575
25821 18576
25824 18577
25825 18578
25828 18579
25829 18580
25830 18581
25831 18582
25832 18583
25833 18584
25834 18585
25835 18586
25837 18587
25838 18588
25839 18589
25840 18590
25841 18591
25842 18592
25843 18593
25844 18594
25845 18595
25846 18596
25847 18597
25848 18598
25849 18599
25850 18600
25853 18601
25854 18602
25855 18603
25856 18604
25858 18605
25859 18606
25861 18607
25862 18608
25863 18609
25864 18610
25865 18611
25866 18612
25868 18613
25869 18614
25870 18615
25871 18616
25873 18617
25874 18618
25875 18619
25876 18620
25878 18621
25881 18622
25882 18623
25883 18624
25884 18625
25885 18626
25886 18627
25887 18628
25888 18629
25889 18630
25892 18631
25896 18632
25898 18633
25901 18634
25903 18635
25905 18636
25906 18637
25907 18638
25909 18639
25910 18640
25912 18641
25915 18642
25917 18643
25918 18644
25919 18645
25920 18646
25922 18647
25923 18648
25925 18649
25926 18650
25927 18651
25928 18652
25929 18653
25930 18654
25931 18655
25932 18656
25933 18657
25934 18658
25937 18659
25938 18660
25939 18661
25940 18662
25941 18663
25943 18664
25944 18665
25946 18666
25947 18667
25949 18668
25950 18669
25951 18670
25954 18671
25955 18672
25956 18673
25957 18674
25961 18675
25962 18676
25966 18677
25967 18678
25968 18679
25971 18680
25972 18681
25973 18682
25974 18683
25976 18684
25977 18685
25978 18686
25979 18687
25981 18688
25982 18689
25984 18690
25986 18691
25989 18692
25992 18693
25993 18694
25994 18695
25995 18696
25996 18697
25997 18698
25999 18699
26000 18700
26001 18701
26002 18702
26003 18703
26004 18704
26005 18705
26006 18706
26007 18707
26010 18708
26011 18709
26012 18710
26013 18711
26021 18712
26022 18713
26023 18714
26026 18715
26028 18716
26029 18717
26030 18718
26031 18719
26033 18720
26034 18721
26036 18722
26037 18723
26038 18724
26039 18725
26040 18726
26042 18727
26043 18728
26044 18729
26045 18730
26046 18731
26047 18732
26049 18733
26051 18734
26052 18735
26053 18736
26054 18737
26056 18738
26057 18739
26058 18740
26061 18741
26062 18742
26063 18743
26065 18744
26068 18745
26069 18746
26070 18747
26071 18748
26072 18749
26073 18750
26074 18751
26076 18752
26078 18753
26079 18754
26080 18755
26083 18756
26085 18757
26086 18758
26087 18759
26088 18760
26090 18761
26091 18762
26092 18763
26093 18764
26094 18765
26095 18766
26098 18767
26100 18768
26101 18769
26102 18770
26104 18771
26105 18772
26106 18773
26108 18774
26109 18775
26111 18776
26113 18777
26114 18778
26115 18779
26117 18780
26118 18781
26119 18782
26120 18783
26121 18784
26122 18785
26123 18786
26124 18787
26125 18788
26126 18789
26128 18790
26129 18791
26130 18792
26131 18793
26135 18794
26136 18795
26137 18796
26139 18797
26140 18798
26141 18799
26142 18800
26143 18801
26144 18802
26146 18803
26147 18804
26150 18805
26151 18806
26152 18807
26153 18808
26154 18809
26155 18810
26159 18811
26160 18812
26161 18813
26162 18814
26163 18815
26164 18816
26165 18817
26168 18818
26172 18819
26177 18820
26178 18821
26179 18822
26181 18823
26182 18824
26183 18825
26185 18826
26186 18827
26187 18828
26189 18829
26190 18830
26191 18831
26193 18832
26194 18833
26195 18834
26196 18835
26197 18836
26199 18837
26200 18838
26201 18839
26202 18840
26203 18841
26205 18842
26206 18843
26207 18844
26208 18845
26209 18846
26210 18847
26213 18848
26215 18849
26216 18850
26217 18851
26218 18852
26219 18853
26221 18854
26223 18855
26225 18856
26226 18857
26227 18858
26229 18859
26230 18860
26232 18861
26233 18862
26234 18863
26235 18864
26236 18865
26239 18866
26240 18867
26242 18868
26243 18869
26245 18870
26246 18871
26247 18872
26248 18873
26249 18874
26250 18875
26251 18876
26254 18877
26255 18878
26256 18879
26257 18880
26258 18881
26259 18882
26262 18883
26263 18884
26264 18885
26265 18886
26266 18887
26268 18888
26269 18889
26270 18890
26271 18891
26273 18892
26274 18893
26275 18894
26276 18895
26277 18896
26278 18897
26279 18898
26280 18899
26281 18900
26283 18901
26284 18902
26285 18903
26288 18904
26290 18905
26292 18906
26294 18907
26298 18908
26300 18909
26301 18910
26302 18911
26303 18912
26305 18913
26306 18914
26308 18915
26309 18916
26310 18917
26311 18918
26312 18919
26313 18920
26315 18921
26316 18922
26317 18923
26318 18924
26319 18925
26320 18926
26321 18927
26323 18928
26324 18929
26325 18930
26327 18931
26328 18932
26329 18933
26330 18934
26331 18935
26332 18936
26334 18937
26339 18938
26340 18939
26346 18940
26347 18941
26348 18942
26349 18943
26350 18944
26352 18945
26355 18946
26356 18947
26357 18948
26358 18949
26359 18950
26360 18951
26361 18952
26362 18953
26366 18954
26367 18955
26368 18956
26369 18957
26370 18958
26371 18959
26372 18960
26373 18961
26374 18962
26375 18963
26376 18964
26379 18965
26380 18966
26381 18967
26384 18968
26385 18969
26386 18970
26389 18971
26390 18972
26391 18973
26392 18974
26393 18975
26394 18976
26395 18977
26396 18978
26397 18979
26398 18980
26399 18981
26400 18982
26402 18983
26403 18984
26404 18985
26406 18986
26408 18987
26410 18988
26413 18989
26414 18990
26416 18991
26417 18992
26418 18993
26419 18994
26420 18995
26422 18996
26423 18997
26424 18998
26425 18999
26426 19000
26428 19001
26429 19002
26430 19003
26431 19004
26432 19005
26434 19006
26437 19007
26438 19008
26440 19009
26442 19010
26443 19011
26444 19012
26446 19013
26447 19014
26448 19015
26450 19016
26453 19017
26456 19018
26457 19019
26460 19020
26461 19021
26462 19022
26466 19023
26467 19024
26468 19025
26469 19026
26471 19027
26474 19028
26475 19029
26476 19030
26478 19031
26479 19032
26480 19033
26482 19034
26483 19035
26484 19036
26485 19037
26486 19038
26487 19039
26488 19040
26489 19041
26490 19042
26491 19043
26492 19044
26494 19045
26495 19046
26496 19047
26497 19048
26499 19049
26500 19050
26502 19051
26503 19052
26505 19053
26506 19054
26507 19055
26508 19056
26509 19057
26510 19058
26511 19059
26512 19060
26514 19061
26517 19062
26518 19063
26519 19064
26522 19065
26523 19066
26525 19067
26526 19068
26527 19069
26528 19070
26531 19071
26533 19072
26536 19073
26537 19074
26538 19075
26539 19076
26541 19077
26543 19078
26544 19079
26545 19080
26546 19081
26547 19082
26548 19083
26549 19084
26550 19085
26551 19086
26552 19087
26553 19088
26554 19089
26557 19090
26558 19091
26559 19092
26560 19093
26561 19094
26562 19095
26563 19096
26564 19097
26566 19098
26568 19099
26570 19100
26572 19101
26573 19102
26574 19103
26577 19104
26578 19105
26580 19106
26582 19107
26583 19108
26584 19109
26585 19110
26587 19111
26588 19112
26589 19113
26590 19114
26591 19115
26592 19116
26593 19117
26594 19118
26595 19119
26596 19120
26597 19121
26598 19122
26600 19123
26601 19124
26602 19125
26603 19126
26604 19127
26606 19128
26607 19129
26608 19130
26610 19131
26611 19132
26612 19133
26613 19134
26614 19135
26616 19136
26617 19137
26618 19138
26619 19139
26621 19140
26622 19141
26624 19142
26625 19143
26626 19144
26627 19145
26628 19146
26629 19147
26630 19148
26632 19149
26634 19150
26635 19151
26636 19152
26639 19153
26640 19154
26641 19155
26642 19156
26644 19157
26645 19158
26646 19159
26648 19160
26649 19161
26650 19162
26651 19163
26653 19164
26654 19165
26657 19166
26658 19167
26659 19168
26660 19169
26661 19170
26663 19171
26664 19172
26666 19173
26667 19174
26668 19175
26669 19176
26670 19177
26671 19178
26672 19179
26674 19180
26675 19181
26676 19182
26678 19183
26679 19184
26680 19185
26681 19186
26682 19187
26683 19188
26684 19189
26686 19190
26688 19191
26690 19192
26691 19193
26692 19194
26693 19195
26694 19196
26697 19197
26699 19198
26700 19199
26701 19200
26702 19201
26704 19202
26706 19203
26707 19204
26708 19205
26709 19206
26710 19207
26712 19208
26713 19209
26714 19210
26715 19211
26716 19212
26717 19213
26718 19214
26719 19215
26721 19216
26723 19217
26727 19218
26728 19219
26729 19220
26730 19221
26732 19222
26733 19223
26734 19224
26735 19225
26736 19226
26737 19227
26738 19228
26740 19229
26742 19230
26743 19231
26746 19232
26749 19233
26751 19234
26752 19235
26754 19236
26755 19237
26756 19238
26757 19239
26759 19240
26760 19241
26762 19242
26763 19243
26764 19244
26765 19245
26768 19246
26769 19247
26770 19248
26773 19249
26774 19250
26775 19251
26776 19252
26778 19253
26780 19254
26781 19255
26782 19256
26783 19257
26784 19258
26785 19259
26786 19260
26788 19261
26790 19262
26791 19263
26792 19264
26793 19265
26795 19266
26798 19267
26799 19268
26800 19269
26801 19270
26803 19271
26804 19272
26805 19273
26806 19274
26808 19275
26809 19276
26810 19277
26811 19278
26813 19279
26814 19280
26815 19281
26816 19282
26817 19283
26818 19284
26819 19285
26820 19286
26821 19287
26822 19288
26823 19289
26824 19290
26825 19291
26826 19292
26827 19293
26828 19294
26829 19295
26830 19296
26831 19297
26832 19298
26834 19299
26835 19300
26837 19301
26838 19302
26839 19303
26842 19304
26843 19305
26844 19306
26846 19307
26847 19308
26848 19309
26849 19310
26851 19311
26852 19312
26853 19313
26854 19314
26855 19315
26856 19316
26857 19317
26858 19318
26860 19319
26861 19320
26862 19321
26865 19322
26867 19323
26868 19324
26870 19325
26872 19326
26873 19327
26874 19328
26877 19329
26878 19330
26879 19331
26881 19332
26882 19333
26884 19334
26886 19335
26887 19336
26888 19337
26889 19338
26890 19339
26892 19340
26893 19341
26894 19342
26895 19343
26896 19344
26897 19345
26898 19346
26899 19347
26901 19348
26902 19349
26904 19350
26905 19351
26906 19352
26907 19353
26908 19354
26909 19355
26911 19356
26913 19357
26914 19358
26915 19359
26916 19360
26917 19361
26918 19362
26919 19363
26920 19364
26921 19365
26922 19366
26923 19367
26924 19368
26925 19369
26926 19370
26927 19371
26929 19372
26931 19373
26933 19374
26934 19375
26935 19376
26936 19377
26937 19378
26938 19379
26939 19380
26940 19381
26943 19382
26944 19383
26945 19384
26947 19385
26948 19386
26950 19387
26951 19388
26952 19389
26953 19390
26955 19391
26956 19392
26957 19393
26958 19394
26961 19395
26963 19396
26964 19397
26965 19398
26966 19399
26967 19400
26969 19401
26970 19402
26971 19403
26972 19404
26974 19405
26975 19406
26977 19407
26979 19408
26981 19409
26982 19410
26983 19411
26984 19412
26985 19413
26988 19414
26990 19415
26991 19416
26992 19417
26993 19418
26994 19419
26995 19420
26997 19421
26998 19422
27000 19423
27001 19424
27002 19425
27004 19426
27005 19427
27006 19428
27007 19429
27008 19430
27009 19431
27010 19432
27011 19433
27013 19434
27014 19435
27015 19436
27016 19437
27017 19438
27018 19439
27019 19440
27020 19441
27021 19442
27022 19443
27024 19444
27025 19445
27026 19446
27027 19447
27029 19448
27032 19449
27033 19450
27034 19451
27035 19452
27036 19453
27039 19454
27040 19455
27041 19456
27043 19457
27044 19458
27045 19459
27047 19460
27048 19461
27049 19462
27050 19463
27051 19464
27052 19465
27054 19466
27056 19467
27057 19468
27058 19469
27059 19470
27061 19471
27062 19472
27063 19473
27066 19474
27067 19475
27068 19476
27069 19477
27070 19478
27071 19479
27074 19480
27075 19481
27076 19482
27077 19483
27079 19484
27080 19485
27081 19486
27082 19487
27083 19488
27088 19489
27089 19490
27090 19491
27092 19492
27093 19493
27094 19494
27097 19495
27098 19496
27101 19497
27103 19498
27104 19499
27105 19500
27106 19501
27107 19502
27110 19503
27111 19504
27112 19505
27113 19506
27116 19507
27117 19508
27119 19509
27121 19510
27122 19511
27124 19512
27125 19513
27126 19514
27128 19515
27129 19516
27130 19517
27131 19518
27132 19519
27133 19520
27135 19521
27136 19522
27137 19523
27138 19524
27139 19525
27140 19526
27141 19527
27142 19528
27145 19529
27146 19530
27148 19531
27149 19532
27150 19533
27151 19534
27152 19535
27153 19536
27154 19537
27155 19538
27156 19539
27157 19540
27159 19541
27160 19542
27161 19543
27162 19544
27163 19545
27164 19546
27165 19547
27166 19548
27167 19549
27168 19550
27169 19551
27173 19552
27174 19553
27175 19554
27176 19555
27178 19556
27180 19557
27182 19558
27183 19559
27184 19560
27186 19561
27187 19562
27189 19563
27190 19564
27192 19565
27193 19566
27194 19567
27196 19568
27197 19569
27198 19570
27200 19571
27201 19572
27202 19573
27203 19574
27206 19575
27207 19576
27208 19577
27209 19578
27211 19579
27212 19580
27213 19581
27214 19582
27215 19583
27216 19584
27217 19585
27218 19586
27220 19587
27221 19588
27223 19589
27224 19590
27225 19591
27227 19592
27228 19593
27229 19594
27230 19595
27231 19596
27232 19597
27233 19598
27234 19599
27235 19600
27236 19601
27239 19602
27243 19603
27245 19604
27247 19605
27248 19606
27250 19607
27251 19608
27252 19609
27256 19610
27257 19611
27258 19612
27259 19613
27260 19614
27263 19615
27264 19616
27265 19617
27267 19618
27269 19619
27274 19620
27275 19621
27276 19622
27277 19623
27278 19624
27279 19625
27280 19626
27281 19627
27284 19628
27286 19629
27287 19630
27288 19631
27289 19632
27291 19633
27292 19634
27293 19635
27294 19636
27295 19637
27296 19638
27297 19639
27298 19640
27299 19641
27301 19642
27303 19643
27304 19644
27305 19645
27307 19646
27308 19647
27309 19648
27310 19649
27311 19650
27312 19651
27313 19652
27314 19653
27315 19654
27316 19655
27319 19656
27320 19657
27322 19658
27323 19659
27324 19660
27326 19661
27327 19662
27328 19663
27329 19664
27330 19665
27331 19666
27332 19667
27334 19668
27336 19669
27337 19670
27338 19671
27340 19672
27343 19673
27344 19674
27346 19675
27347 19676
27348 19677
27349 19678
27350 19679
27351 19680
27352 19681
27353 19682
27355 19683
27356 19684
27357 19685
27358 19686
27359 19687
27360 19688
27361 19689
27362 19690
27363 19691
27364 19692
27365 19693
27369 19694
27370 19695
27371 19696
27372 19697
27373 19698
27375 19699
27376 19700
27377 19701
27378 19702
27379 19703
27383 19704
27384 19705
27385 19706
27387 19707
27388 19708
27389 19709
27390 19710
27392 19711
27394 19712
27396 19713
27397 19714
27398 19715
27400 19716
27402 19717
27404 19718
27405 19719
27407 19720
27410 19721
27411 19722
27412 19723
27413 19724
27415 19725
27416 19726
27417 19727
27419 19728
27421 19729
27422 19730
27424 19731
27425 19732
27426 19733
27428 19734
27429 19735
27430 19736
27431 19737
27432 19738
27434 19739
27435 19740
27436 19741
27437 19742
27440 19743
27446 19744
27447 19745
27448 19746
27449 19747
27450 19748
27451 19749
27453 19750
27454 19751
27455 19752
27456 19753
27457 19754
27458 19755
27459 19756
27460 19757
27461 19758
27463 19759
27464 19760
27465 19761
27468 19762
27469 19763
27470 19764
27471 19765
27472 19766
27473 19767
27475 19768
27476 19769
27477 19770
27478 19771
27479 19772
27482 19773
27483 19774
27485 19775
27486 19776
27487 19777
27489 19778
27490 19779
27491 19780
27492 19781
27494 19782
27495 19783
27496 19784
27497 19785
27499 19786
27500 19787
27502 19788
27503 19789
27505 19790
27506 19791
27507 19792
27510 19793
27511 19794
27512 19795
27513 19796
27516 19797
27517 19798
27518 19799
27519 19800
27520 19801
27521 19802
27522 19803
27523 19804
27524 19805
27526 19806
27527 19807
27528 19808
27529 19809
27531 19810
27532 19811
27533 19812
27534 19813
27535 19814
27537 19815
27538 19816
27540 19817
27541 19818
27543 19819
27545 19820
27546 19821
27547 19822
27548 19823
27549 19824
27550 19825
27551 19826
27552 19827
27554 19828
27555 19829
27557 19830
27558 19831
27559 19832
27560 19833
27561 19834
27566 19835
27567 19836
27568 19837
27569 19838
27570 19839
27571 19840
27572 19841
27573 19842
27575 19843
27579 19844
27580 19845
27581 19846
27584 19847
27586 19848
27587 19849
27588 19850
27590 19851
27591 19852
27592 19853
27594 19854
27595 19855
27596 19856
27599 19857
27600 19858
27601 19859
27603 19860
27604 19861
27605 19862
27606 19863
27609 19864
27611 19865
27612 19866
27614 19867
27615 19868
27619 19869
27620 19870
27622 19871
27623 19872
27625 19873
27627 19874
27628 19875
27632 19876
27633 19877
27634 19878
27637 19879
27638 19880
27639 19881
27640 19882
27641 19883
27642 19884
27643 19885
27644 19886
27645 19887
27646 19888
27647 19889
27648 19890
27649 19891
27651 19892
27652 19893
27653 19894
27654 19895
27655 19896
27657 19897
27658 19898
27659 19899
27660 19900
27661 19901
27664 19902
27667 19903
27669 19904
27671 19905
27672 19906
27673 19907
27674 19908
27676 19909
27677 19910
27679 19911
27682 19912
27683 19913
27684 19914
27685 19915
27686 19916
27688 19917
27689 19918
27691 19919
27692 19920
27693 19921
27694 19922
27695 19923
27696 19924
27697 19925
27698 19926
27699 19927
27700 19928
27701 19929
27702 19930
27703 19931
27704 19932
27705 19933
27706 19934
27708 19935
27709 19936
27710 19937
27711 19938
27712 19939
27713 19940
27714 19941
27715 19942
27716 19943
27718 19944
27720 19945
27722 19946
27724 19947
27725 19948
27726 19949
27728 19950
27729 19951
27730 19952
27731 19953
27732 19954
27733 19955
27734 19956
27735 19957
27736 19958
27737 19959
27738 19960
27740 19961
27741 19962
27742 19963
27743 19964
27744 19965
27746 19966
27747 19967
27748 19968
27750 19969
27751 19970
27752 19971
27753 19972
27755 19973
27756 19974
27757 19975
27760 19976
27761 19977
27762 19978
27763 19979
27766 19980
27767 19981
27769 19982
27770 19983
27771 19984
27772 19985
27773 19986
27774 19987
27776 19988
27777 19989
27779 19990
27780 19991
27783 19992
27784 19993
27785 19994
27786 19995
27787 19996
27788 19997
27790 19998
27792 19999
27793 20000
27794 20001
27795 20002
27797 20003
27798 20004
27799 20005
27801 20006
27802 20007
27803 20008
27805 20009
27808 20010
27810 20011
27812 20012
27813 20013
27814 20014
27815 20015
27816 20016
27817 20017
27820 20018
27821 20019
27822 20020
27823 20021
27826 20022
27832 20023
27834 20024
27835 20025
27836 20026
27837 20027
27838 20028
27839 20029
27840 20030
27841 20031
27843 20032
27846 20033
27847 20034
27848 20035
27849 20036
27850 20037
27852 20038
27853 20039
27855 20040
27856 20041
27857 20042
27858 20043
27859 20044
27860 20045
27861 20046
27862 20047
27863 20048
27864 20049
27866 20050
27867 20051
27869 20052
27870 20053
27872 20054
27873 20055
27874 20056
27876 20057
27878 20058
27879 20059
27880 20060
27883 20061
27886 20062
27887 20063
27888 20064
27889 20065
27890 20066
27892 20067
27893 20068
27896 20069
27898 20070
27899 20071
27901 20072
27902 20073
27903 20074
27905 20075
27906 20076
27907 20077
27908 20078
27909 20079
27911 20080
27914 20081
27915 20082
27917 20083
27918 20084
27920 20085
27921 20086
27922 20087
27923 20088
27925 20089
27927 20090
27928 20091
27929 20092
27930 20093
27932 20094
27933 20095
27938 20096
27939 20097
27940 20098
27941 20099
27942 20100
27944 20101
27945 20102
27946 20103
27949 20104
27950 20105
27952 20106
27953 20107
27955 20108
27956 20109
27957 20110
27958 20111
27959 20112
27960 20113
27961 20114
27962 20115
27963 20116
27964 20117
27966 20118
27967 20119
27968 20120
27969 20121
27970 20122
27973 20123
27974 20124
27976 20125
27979 20126
27980 20127
27981 20128
27983 20129
27985 20130
27986 20131
27988 20132
27990 20133
27991 20134
27992 20135
27993 20136
27996 20137
27999 20138
28000 20139
28001 20140
28002 20141
28003 20142
28004 20143
28006 20144
28007 20145
28008 20146
28009 20147
28010 20148
28011 20149
28012 20150
28013 20151
28014 20152
28015 20153
28016 20154
28017 20155
28018 20156
28019 20157
28021 20158
28022 20159
28023 20160
28024 20161
28025 20162
28026 20163
28029 20164
28030 20165
28031 20166
28032 20167
28033 20168
28034 20169
28036 20170
28037 20171
28038 20172
28042 20173
28043 20174
28046 20175
28047 20176
28048 20177
28050 20178
28051 20179
28052 20180
28054 20181
28055 20182
28056 20183
28058 20184
28063 20185
28065 20186
28066 20187
28068 20188
28069 20189
28070 20190
28071 20191
28076 20192
28077 20193
28079 20194
28080 20195
28081 20196
28083 20197
28084 20198
28086 20199
28087 20200
28089 20201
28090 20202
28092 20203
28093 20204
28094 20205
28096 20206
28097 20207
28098 20208
28099 20209
28101 20210
28102 20211
28106 20212
28107 20213
28111 20214
28112 20215
28113 20216
28114 20217
28115 20218
28116 20219
28117 20220
28118 20221
28120 20222
28122 20223
28125 20224
28127 20225
28128 20226
28129 20227
28130 20228
28131 20229
28132 20230
28133 20231
28134 20232
28135 20233
28136 20234
28137 20235
28139 20236
28140 20237
28141 20238
28142 20239
28143 20240
28144 20241
28146 20242
28150 20243
28152 20244
28153 20245
28155 20246
28156 20247
28157 20248
28158 20249
28159 20250
28161 20251
28162 20252
28163 20253
28165 20254
28166 20255
28168 20256
28169 20257
28170 20258
28171 20259
28172 20260
28174 20261
28175 20262
28177 20263
28178 20264
28180 20265
28182 20266
28184 20267
28185 20268
28186 20269
28187 20270
28190 20271
28191 20272
28192 20273
28193 20274
28194 20275
28196 20276
28198 20277
28199 20278
28200 20279
28202 20280
28203 20281
28204 20282
28205 20283
28206 20284
28208 20285
28209 20286
28211 20287
28213 20288
28215 20289
28216 20290
28217 20291
28218 20292
28219 20293
28221 20294
28222 20295
28224 20296
28225 20297
28226 20298
28229 20299
28230 20300
28231 20301
28232 20302
28237 20303
28238 20304
28239 20305
28242 20306
28243 20307
28244 20308
28245 20309
28246 20310
28249 20311
28250 20312
28251 20313
28252 20314
28253 20315
28254 20316
28255 20317
28256 20318
28258 20319
28259 20320
28262 20321
28264 20322
28265 20323
28266 20324
28267 20325
28268 20326
28270 20327
28271 20328
28272 20329
28273 20330
28274 20331
28277 20332
28279 20333
28282 20334
28283 20335
28284 20336
28285 20337
28286 20338
28288 20339
28289 20340
28290 20341
28291 20342
28292 20343
28293 20344
28296 20345
28297 20346
28298 20347
28299 20348
28300 20349
28301 20350
28302 20351
28303 20352
28305 20353
28309 20354
28310 20355
28312 20356
28313 20357
28314 20358
28315 20359
28316 20360
28318 20361
28320 20362
28323 20363
28326 20364
28327 20365
28329 20366
28330 20367
28333 20368
28334 20369
28335 20370
28336 20371
28338 20372
28339 20373
28341 20374
28342 20375
28344 20376
28345 20377
28346 20378
28347 20379
28348 20380
28349 20381
28351 20382
28352 20383
28353 20384
28354 20385
28355 20386
28356 20387
28357 20388
28358 20389
28359 20390
28360 20391
28362 20392
28363 20393
28364 20394
28365 20395
28366 20396
28367 20397
28370 20398
28371 20399
28373 20400
28376 20401
28377 20402
28379 20403
28380 20404
28381 20405
28382 20406
28384 20407
28386 20408
28387 20409
28388 20410
28389 20411
28390 20412
28391 20413
28392 20414
28393 20415
28394 20416
28395 20417
28396 20418
28398 20419
28399 20420
28400 20421
28401 20422
28403 20423
28405 20424
28406 20425
28407 20426
28409 20427
28410 20428
28411 20429
28412 20430
28413 20431
28414 20432
28415 20433
28416 20434
28417 20435
28418 20436
28419 20437
28420 20438
28421 20439
28423 20440
28424 20441
28425 20442
28427 20443
28430 20444
28432 20445
28434 20446
28435 20447
28436 20448
28437 20449
28439 20450
28440 20451
28441 20452
28445 20453
28446 20454
28448 20455
28449 20456
28451 20457
28452 20458
28453 20459
28454 20460
28456 20461
28458 20462
28459 20463
28460 20464
28462 20465
28463 20466
28464 20467
28465 20468
28466 20469
28468 20470
28469 20471
28470 20472
28471 20473
28472 20474
28475 20475
28477 20476
28478 20477
28480 20478
28481 20479
28484 20480
28487 20481
28488 20482
28492 20483
28493 20484
28494 20485
28495 20486
28497 20487
28498 20488
28499 20489
28501 20490
28502 20491
28503 20492
28504 20493
28505 20494
28506 20495
28507 20496
28508 20497
28509 20498
28510 20499
28513 20500
28515 20501
28516 20502
28517 20503
28518 20504
28519 20505
28521 20506
28523 20507
28525 20508
28526 20509
28528 20510
28529 20511
28530 20512
28531 20513
28532 20514
28533 20515
28534 20516
28535 20517
28536 20518
28538 20519
28539 20520
28541 20521
28542 20522
28544 20523
28545 20524
28546 20525
28548 20526
28549 20527
28554 20528
28555 20529
28556 20530
28558 20531
28559 20532
28561 20533
28562 20534
28563 20535
28565 20536
28566 20537
28567 20538
28568 20539
28569 20540
28572 20541
28573 20542
28574 20543
28575 20544
28576 20545
28578 20546
28581 20547
28582 20548
28583 20549
28584 20550
28585 20551
28586 20552
28587 20553
28588 20554
28589 20555
28590 20556
28591 20557
28592 20558
28593 20559
28594 20560
28595 20561
28596 20562
28597 20563
28601 20564
28602 20565
28603 20566
28605 20567
28609 20568
28610 20569
28612 20570
28613 20571
28615 20572
28616 20573
28618 20574
28619 20575
28620 20576
28622 20577
28624 20578
28626 20579
28627 20580
28629 20581
28631 20582
28632 20583
28634 20584
28635 20585
28636 20586
28637 20587
28638 20588
28641 20589
28642 20590
28643 20591
28645 20592
28646 20593
28647 20594
28648 20595
28649 20596
28651 20597
28653 20598
28654 20599
28657 20600
28658 20601
28660 20602
28662 20603
28663 20604
28664 20605
28668 20606
28669 20607
28670 20608
28671 20609
28672 20610
28673 20611
28674 20612
28675 20613
28676 20614
28677 20615
28678 20616
28679 20617
28680 20618
28682 20619
28685 20620
28686 20621
28687 20622
28688 20623
28689 20624
28690 20625
28692 20626
28693 20627
28695 20628
28696 20629
28697 20630
28698 20631
28699 20632
28700 20633
28701 20634
28703 20635
28705 20636
28706 20637
28709 20638
28710 20639
28711 20640
28712 20641
28715 20642
28717 20643
28718 20644
28720 20645
28722 20646
28723 20647
28724 20648
28725 20649
28726 20650
28727 20651
28728 20652
28729 20653
28730 20654
28732 20655
28734 20656
28735 20657
28736 20658
28737 20659
28739 20660
28740 20661
28741 20662
28742 20663
28743 20664
28745 20665
28747 20666
28748 20667
28749 20668
28750 20669
28751 20670
28752 20671
28753 20672
28754 20673
28758 20674
28759 20675
28760 20676
28764 20677
28766 20678
28767 20679
28769 20680
28772 20681
28775 20682
28777 20683
28778 20684
28779 20685
28780 20686
28781 20687
28782 20688
28783 20689
28784 20690
28787 20691
28788 20692
28789 20693
28790 20694
28791 20695
28792 20696
28793 20697
28794 20698
28795 20699
28796 20700
28797 20701
28799 20702
28800 20703
28802 20704
28808 20705
28809 20706
28810 20707
28811 20708
28813 20709
28814 20710
28816 20711
28817 20712
28818 20713
28821 20714
28823 20715
28824 20716
28825 20717
28826 20718
28827 20719
28828 20720
28830 20721
28831 20722
28832 20723
28833 20724
28834 20725
28835 20726
28836 20727
28837 20728
28840 20729
28841 20730
28842 20731
28844 20732
28846 20733
28849 20734
28850 20735
28851 20736
28852 20737
28853 20738
28854 20739
28855 20740
28856 20741
28857 20742
28858 20743
28859 20744
28860 20745
28862 20746
28863 20747
28864 20748
28865 20749
28867 20750
28868 20751
28871 20752
28872 20753
28875 20754
28877 20755
28878 20756
28880 20757
28881 20758
28882 20759
28883 20760
28884 20761
28885 20762
28886 20763
28887 20764
28888 20765
28890 20766
28893 20767
28894 20768
28895 20769
28896 20770
28897 20771
28898 20772
28899 20773
28901 20774
28902 20775
28904 20776
28905 20777
28907 20778
28908 20779
28909 20780
28910 20781
28911 20782
28912 20783
28915 20784
28917 20785
28919 20786
28921 20787
28922 20788
28924 20789
28926 20790
28928 20791
28929 20792
28931 20793
28933 20794
28934 20795
28937 20796
28938 20797
28939 20798
28940 20799
28941 20800
28944 20801
28945 20802
28946 20803
28947 20804
28948 20805
28952 20806
28953 20807
28954 20808
28955 20809
28956 20810
28957 20811
28958 20812
28959 20813
28961 20814
28962 20815
28963 20816
28964 20817
28965 20818
28967 20819
28968 20820
28969 20821
28970 20822
28972 20823
28974 20824
28975 20825
28976 20826
28977 20827
28978 20828
28981 20829
28982 20830
28983 20831
28984 20832
28986 20833
28987 20834
28988 20835
28989 20836
28991 20837
28992 20838
28994 20839
28995 20840
28996 20841
28997 20842
28998 20843
29001 20844
29003 20845
29004 20846
29005 20847
29006 20848
29009 20849
29010 20850
29013 20851
29014 20852
29017 20853
29018 20854
29020 20855
29021 20856
29022 20857
29023 20858
29024 20859
29025 20860
29026 20861
29027 20862
29028 20863
29030 20864
29031 20865
29032 20866
29033 20867
29034 20868
29036 20869
29038 20870
29039 20871
29040 20872
29041 20873
29044 20874
29046 20875
29049 20876
29050 20877
29051 20878
29052 20879
29054 20880
29056 20881
29058 20882
29060 20883
29061 20884
29062 20885
29063 20886
29064 20887
29065 20888
29066 20889
29067 20890
29068 20891
29070 20892
29071 20893
29072 20894
29074 20895
29075 20896
29076 20897
29077 20898
29078 20899
29079 20900
29081 20901
29083 20902
29085 20903
29086 20904
29087 20905
29089 20906
29090 20907
29093 20908
29094 20909
29095 20910
29097 20911
29099 20912
29100 20913
29102 20914
29103 20915
29107 20916
29109 20917
29112 20918
29113 20919
29114 20920
29115 20921
29117 20922
29118 20923
29119 20924
29123 20925
29126 20926
29127 20927
29130 20928
29131 20929
29133 20930
29134 20931
29135 20932
29136 20933
29137 20934
29138 20935
29140 20936
29141 20937
29142 20938
29144 20939
29145 20940
29146 20941
29147 20942
29149 20943
29150 20944
29151 20945
29153 20946
29154 20947
29155 20948
29156 20949
29157 20950
29160 20951
29163 20952
29164 20953
29165 20954
29166 20955
29167 20956
29168 20957
29170 20958
29172 20959
29173 20960
29174 20961
29175 20962
29176 20963
29177 20964
29178 20965
29180 20966
29181 20967
29182 20968
29183 20969
29184 20970
29185 20971
29186 20972
29187 20973
29188 20974
29189 20975
29190 20976
29191 20977
29192 20978
29193 20979
29194 20980
29197 20981
29198 20982
29199 20983
29200 20984
29201 20985
29202 20986
29204 20987
29205 20988
29206 20989
29208 20990
29211 20991
29212 20992
29213 20993
29215 20994
29216 20995
29217 20996
29219 20997
29220 20998
29221 20999
29222 21000
29223 21001
29224 21002
29226 21003
29227 21004
29228 21005
29229 21006
29231 21007
29232 21008
29233 21009
29234 21010
29235 21011
29236 21012
29238 21013
29240 21014
29241 21015
29245 21016
29247 21017
29248 21018
29249 21019
29250 21020
29251 21021
29252 21022
29253 21023
29254 21024
29255 21025
29258 21026
29259 21027
29260 21028
29261 21029
29262 21030
29264 21031
29265 21032
29266 21033
29267 21034
29268 21035
29269 21036
29273 21037
29274 21038
29275 21039
29276 21040
29278 21041
29281 21042
29282 21043
29284 21044
29287 21045
29288 21046
29289 21047
29291 21048
29292 21049
29295 21050
29296 21051
29299 21052
29301 21053
29302 21054
29304 21055
29305 21056
29306 21057
29308 21058
29309 21059
29310 21060
29311 21061
29312 21062
29313 21063
29315 21064
29316 21065
29318 21066
29319 21067
29322 21068
29324 21069
29326 21070
29327 21071
29328 21072
29329 21073
29330 21074
29331 21075
29332 21076
29333 21077
29334 21078
29335 21079
29336 21080
29337 21081
29339 21082
29343 21083
29344 21084
29347 21085
29348 21086
29350 21087
29351 21088
29352 21089
29354 21090
29355 21091
29357 21092
29358 21093
29359 21094
29360 21095
29362 21096
29363 21097
29365 21098
29366 21099
29367 21100
29368 21101
29369 21102
29372 21103
29374 21104
29376 21105
29377 21106
29380 21107
29381 21108
29382 21109
29383 21110
29384 21111
29387 21112
29388 21113
29389 21114
29391 21115
29393 21116
29394 21117
29395 21118
29396 21119
29397 21120
29400 21121
29401 21122
29402 21123
29403 21124
29407 21125
29408 21126
29409 21127
29410 21128
29411 21129
29412 21130
29413 21131
29415 21132
29416 21133
29419 21134
29421 21135
29422 21136
29423 21137
29424 21138
29425 21139
29426 21140
29427 21141
29428 21142
29429 21143
29430 21144
29431 21145
29432 21146
29433 21147
29434 21148
29435 21149
29438 21150
29439 21151
29442 21152
29444 21153
29446 21154
29448 21155
29450 21156
29451 21157
29453 21158
29456 21159
29457 21160
29459 21161
29463 21162
29464 21163
29465 21164
29466 21165
29467 21166
29470 21167
29471 21168
29472 21169
29473 21170
29474 21171
29476 21172
29477 21173
29481 21174
29482 21175
29484 21176
29486 21177
29487 21178
29488 21179
29489 21180
29492 21181
29496 21182
29498 21183
29500 21184
29501 21185
29502 21186
29505 21187
29506 21188
29507 21189
29508 21190
29509 21191
29510 21192
29512 21193
29513 21194
29520 21195
29521 21196
29522 21197
29523 21198
29524 21199
29525 21200
29526 21201
29527 21202
29529 21203
29530 21204
29531 21205
29534 21206
29535 21207
29536 21208
29537 21209
29538 21210
29539 21211
29540 21212
29541 21213
29544 21214
29545 21215
29547 21216
29548 21217
29549 21218
29551 21219
29552 21220
29553 21221
29554 21222
29555 21223
29557 21224
29559 21225
29560 21226
29561 21227
29563 21228
29564 21229
29566 21230
29567 21231
29568 21232
29569 21233
29570 21234
29572 21235
29574 21236
29576 21237
29578 21238
29579 21239
29580 21240
29581 21241
29583 21242
29587 21243
29588 21244
29589 21245
29591 21246
29593 21247
29594 21248
29595 21249
29596 21250
29598 21251
29600 21252
29601 21253
29602 21254
29603 21255
29605 21256
29606 21257
29607 21258
29608 21259
29609 21260
29610 21261
29611 21262
29613 21263
29614 21264
29615 21265
29616 21266
29617 21267
29618 21268
29620 21269
29621 21270
29622 21271
29623 21272
29626 21273
29627 21274
29628 21275
29629 21276
29630 21277
29631 21278
29632 21279
29633 21280
29634 21281
29635 21282
29636 21283
29637 21284
29639 21285
29640 21286
29642 21287
29643 21288
29644 21289
29645 21290
29646 21291
29649 21292
29650 21293
29651 21294
29652 21295
29654 21296
29655 21297
29656 21298
29657 21299
29659 21300
29662 21301
29663 21302
29664 21303
29670 21304
29671 21305
29672 21306
29673 21307
29674 21308
29676 21309
29677 21310
29678 21311
29679 21312
29681 21313
29685 21314
29686 21315
29688 21316
29689 21317
29694 21318
29695 21319
29698 21320
29699 21321
29700 21322
29701 21323
29702 21324
29703 21325
29704 21326
29706 21327
29707 21328
29709 21329
29710 21330
29712 21331
29715 21332
29716 21333
29717 21334
29719 21335
29720 21336
29721 21337
29722 21338
29723 21339
29724 21340
29725 21341
29726 21342
29727 21343
29728 21344
29729 21345
29730 21346
29733 21347
29735 21348
29736 21349
29738 21350
29739 21351
29741 21352
29742 21353
29743 21354
29746 21355
29747 21356
29748 21357
29749 21358
29750 21359
29751 21360
29752 21361
29753 21362
29755 21363
29756 21364
29758 21365
29759 21366
29761 21367
29762 21368
29764 21369
29766 21370
29767 21371
29768 21372
29772 21373
29773 21374
29775 21375
29780 21376
29783 21377
29785 21378
29786 21379
29787 21380
29790 21381
29791 21382
29792 21383
29793 21384
29794 21385
29795 21386
29797 21387
29798 21388
29799 21389
29800 21390
29801 21391
29803 21392
29805 21393
29806 21394
29807 21395
29808 21396
29809 21397
29810 21398
29811 21399
29812 21400
29814 21401
29815 21402
29816 21403
29817 21404
29818 21405
29819 21406
29820 21407
29821 21408
29822 21409
29826 21410
29827 21411
29830 21412
29831 21413
29832 21414
29833 21415
29834 21416
29835 21417
29836 21418
29837 21419
29839 21420
29840 21421
29841 21422
29842 21423
29843 21424
29844 21425
29846 21426
29851 21427
29852 21428
29854 21429
29855 21430
29856 21431
29857 21432
29858 21433
29859 21434
29861 21435
29862 21436
29863 21437
29864 21438
29865 21439
29866 21440
29867 21441
29868 21442
29872 21443
29873 21444
29874 21445
29875 21446
29876 21447
29877 21448
29878 21449
29879 21450
29880 21451
29883 21452
29884 21453
29886 21454
29887 21455
29888 21456
29889 21457
29891 21458
29892 21459
29893 21460
29895 21461
29896 21462
29897 21463
29898 21464
29899 21465
29900 21466
29901 21467
29902 21468
29904 21469
29907 21470
29909 21471
29910 21472
29911 21473
29912 21474
29913 21475
29914 21476
29916 21477
29917 21478
29918 21479
29920 21480
29921 21481
29922 21482
29924 21483
29925 21484
29927 21485
29928 21486
29929 21487
29930 21488
29931 21489
29933 21490
29934 21491
29935 21492
29938 21493
29939 21494
29940 21495
29943 21496
29944 21497
29945 21498
29946 21499
29947 21500
29948 21501
29950 21502
29951 21503
29952 21504
29953 21505
29954 21506
29956 21507
29958 21508
29960 21509
29961 21510
29962 21511
29964 21512
29965 21513
29966 21514
29967 21515
29968 21516
29969 21517
29970 21518
29971 21519
29974 21520
29975 21521
29976 21522
29978 21523
29979 21524
29980 21525
29982 21526
29983 21527
29986 21528
29987 21529
29989 21530
29990 21531
29991 21532
29992 21533
29997 21534
29998 21535
29999 21536
30001 21537
30002 21538
30003 21539
30004 21540
30005 21541
30008 21542
30009 21543
30011 21544
30013 21545
30014 21546
30015 21547
30016 21548
30020 21549
30024 21550
30025 21551
30026 21552
30027 21553
30028 21554
30029 21555
30030 21556
30031 21557
30032 21558
30033 21559
30034 21560
30035 21561
30038 21562
30040 21563
30043 21564
30044 21565
30045 21566
30046 21567
30048 21568
30049 21569
30050 21570
30051 21571
30052 21572
30053 21573
30055 21574
30056 21575
30058 21576
30059 21577
30060 21578
30061 21579
30063 21580
30064 21581
30065 21582
30067 21583
30069 21584
30071 21585
30073 21586
30074 21587
30075 21588
30078 21589
30079 21590
30080 21591
30082 21592
30083 21593
30084 21594
30085 21595
30086 21596
30088 21597
30089 21598
30090 21599
30091 21600
30092 21601
30093 21602
30094 21603
30095 21604
30097 21605
30098 21606
30099 21607
30100 21608
30101 21609
30102 21610
30103 21611
30104 21612
30105 21613
30106 21614
30107 21615
30108 21616
30112 21617
30113 21618
30114 21619
30115 21620
30116 21621
30120 21622
30122 21623
30123 21624
30125 21625
30128 21626
30130 21627
30131 21628
30132 21629
30133 21630
30134 21631
30136 21632
30137 21633
30138 21634
30139 21635
30140 21636
30142 21637
30143 21638
30144 21639
30146 21640
30147 21641
30149 21642
30151 21643
30152 21644
30154 21645
30155 21646
30157 21647
30158 21648
30161 21649
30162 21650
30163 21651
30164 21652
30166 21653
30167 21654
30173 21655
30177 21656
30178 21657
30179 21658
30180 21659
30181 21660
30182 21661
30183 21662
30184 21663
30185 21664
30186 21665
30187 21666
30189 21667
30191 21668
30193 21669
30194 21670
30195 21671
30196 21672
30198 21673
30200 21674
30201 21675
30202 21676
30203 21677
30204 21678
30205 21679
30206 21680
30207 21681
30208 21682
30210 21683
30212 21684
30214 21685
30216 21686
30217 21687
30218 21688
30219 21689
30220 21690
30224 21691
30228 21692
30233 21693
30234 21694
30235 21695
30236 21696
30237 21697
30239 21698
30240 21699
30241 21700
30242 21701
30243 21702
30245 21703
30246 21704
30247 21705
30249 21706
30250 21707
30251 21708
30252 21709
30253 21710
30254 21711
30255 21712
30256 21713
30257 21714
30258 21715
30261 21716
30262 21717
30263 21718
30265 21719
30266 21720
30267 21721
30268 21722
30269 21723
30270 21724
30272 21725
30273 21726
30274 21727
30275 21728
30277 21729
30278 21730
30279 21731
30280 21732
30281 21733
30282 21734
30283 21735
30284 21736
30285 21737
30287 21738
30288 21739
30289 21740
30290 21741
30291 21742
30293 21743
30294 21744
30295 21745
30296 21746
30297 21747
30299 21748
30300 21749
30301 21750
30302 21751
30303 21752
30305 21753
30306 21754
30307 21755
30308 21756
30309 21757
30311 21758
30313 21759
30315 21760
30316 21761
30317 21762
30318 21763
30319 21764
30320 21765
30321 21766
30322 21767
30323 21768
30324 21769
30325 21770
30326 21771
30327 21772
30328 21773
30329 21774
30330 21775
30331 21776
30332 21777
30333 21778
30334 21779
30335 21780
30338 21781
30339 21782
30340 21783
30341 21784
30342 21785
30343 21786
30344 21787
30345 21788
30346 21789
30349 21790
30350 21791
30352 21792
30354 21793
30355 21794
30357 21795
30358 21796
30359 21797
30361 21798
30362 21799
30363 21800
30364 21801
30365 21802
30366 21803
30367 21804
30368 21805
30370 21806
30372 21807
30373 21808
30374 21809
30375 21810
30376 21811
30378 21812
30379 21813
30381 21814
30382 21815
30384 21816
30385 21817
30386 21818
30387 21819
30388 21820
30390 21821
30391 21822
30392 21823
30393 21824
30394 21825
30395 21826
30396 21827
30398 21828
30399 21829
30400 21830
30401 21831
30402 21832
30403 21833
30404 21834
30405 21835
30406 21836
30407 21837
30408 21838
30409 21839
30410 21840
30411 21841
30413 21842
30414 21843
30417 21844
30418 21845
30419 21846
30421 21847
30422 21848
30423 21849
30425 21850
30426 21851
30428 21852
30430 21853
30431 21854
30433 21855
30434 21856
30436 21857
30437 21858
30438 21859
30439 21860
30440 21861
30441 21862
30442 21863
30443 21864
30444 21865
30445 21866
30447 21867
30450 21868
30451 21869
30452 21870
30453 21871
30455 21872
30457 21873
30459 21874
30460 21875
30461 21876
30463 21877
30464 21878
30465 21879
30467 21880
30468 21881
30469 21882
30470 21883
30471 21884
30473 21885
30477 21886
30478 21887
30480 21888
30481 21889
30482 21890
30483 21891
30484 21892
30485 21893
30487 21894
30488 21895
30489 21896
30490 21897
30492 21898
30494 21899
30497 21900
30498 21901
30499 21902
30501 21903
30503 21904
30504 21905
30508 21906
30512 21907
30513 21908
30514 21909
30516 21910
30517 21911
30518 21912
30519 21913
30521 21914
30522 21915
30523 21916
30524 21917
30525 21918
30526 21919
30527 21920
30529 21921
30531 21922
30534 21923
30535 21924
30536 21925
30538 21926
30539 21927
30540 21928
30542 21929
30544 21930
30545 21931
30546 21932
30547 21933
30548 21934
30549 21935
30550 21936
30552 21937
30555 21938
30556 21939
30557 21940
30559 21941
30560 21942
30561 21943
30564 21944
30565 21945
30567 21946
30568 21947
30569 21948
30572 21949
30573 21950
30574 21951
30576 21952
30577 21953
30579 21954
30580 21955
30581 21956
30582 21957
30584 21958
30585 21959
30588 21960
30589 21961
30592 21962
30593 21963
30596 21964
30597 21965
30598 21966
30599 21967
30600 21968
30602 21969
30604 21970
30605 21971
30606 21972
30607 21973
30608 21974
30610 21975
30612 21976
30613 21977
30617 21978
30618 21979
30619 21980
30620 21981
30621 21982
30622 21983
30623 21984
30624 21985
30626 21986
30628 21987
30629 21988
30630 21989
30631 21990
30632 21991
30636 21992
30637 21993
30638 21994
30639 21995
30640 21996
30641 21997
30642 21998
30643 21999
30646 22000
30647 22001
30650 22002
30651 22003
30654 22004
30655 22005
30658 22006
30659 22007
30660 22008
30661 22009
30663 22010
30664 22011
30665 22012
30667 22013
30669 22014
30673 22015
30675 22016
30676 22017
30678 22018
30681 22019
30682 22020
30684 22021
30685 22022
30687 22023
30688 22024
30690 22025
30692 22026
30693 22027
30694 22028
30696 22029
30697 22030
30698 22031
30700 22032
30701 22033
30702 22034
30703 22035
30704 22036
30705 22037
30706 22038
30707 22039
30708 22040
30710 22041
30711 22042
30712 22043
30713 22044
30714 22045
30715 22046
30716 22047
30717 22048
30718 22049
30719 22050
30720 22051
30721 22052
30722 22053
30723 22054
30724 22055
30725 22056
30726 22057
30727 22058
30728 22059
30729 22060
30730 22061
30731 22062
30732 22063
30733 22064
30734 22065
30735 22066
30737 22067
30738 22068
30739 22069
30740 22070
30741 22071
30742 22072
30743 22073
30744 22074
30745 22075
30748 22076
30749 22077
30750 22078
30752 22079
30753 22080
30754 22081
30755 22082
30756 22083
30759 22084
30760 22085
30761 22086
30762 22087
30763 22088
30765 22089
30766 22090
30767 22091
30769 22092
30770 22093
30772 22094
30773 22095
30774 22096
30775 22097
30776 22098
30777 22099
30778 22100
30780 22101
30781 22102
30783 22103
30785 22104
30786 22105
30787 22106
30788 22107
30789 22108
30790 22109
30791 22110
30792 22111
30793 22112
30794 22113
30796 22114
30797 22115
30798 22116
30799 22117
30800 22118
30802 22119
30804 22120
30806 22121
30808 22122
30809 22123
30810 22124
30811 22125
30813 22126
30817 22127
30819 22128
30821 22129
30822 22130
30823 22131
30827 22132
30828 22133
30830 22134
30831 22135
30832 22136
30833 22137
30834 22138
30835 22139
30836 22140
30837 22141
30838 22142
30846 22143
30847 22144
30848 22145
30849 22146
30850 22147
30851 22148
30852 22149
30853 22150
30854 22151
30856 22152
30857 22153
30858 22154
30859 22155
30860 22156
30861 22157
30863 22158
30864 22159
30865 22160
30866 22161
30867 22162
30868 22163
30869 22164
30870 22165
30871 22166
30873 22167
30875 22168
30877 22169
30878 22170
30880 22171
30882 22172
30883 22173
30884 22174
30886 22175
30887 22176
30888 22177
30890 22178
30891 22179
30892 22180
30894 22181
30895 22182
30896 22183
30898 22184
30899 22185
30900 22186
30902 22187
30903 22188
30904 22189
30907 22190
30908 22191
30910 22192
30911 22193
30912 22194
30913 22195
30914 22196
30915 22197
30916 22198
30917 22199
30918 22200
30919 22201
30920 22202
30921 22203
30922 22204
30925 22205
30926 22206
30927 22207
30928 22208
30929 22209
30934 22210
30935 22211
30936 22212
30937 22213
30938 22214
30939 22215
30940 22216
30941 22217
30942 22218
30943 22219
30944 22220
30945 22221
30946 22222
30947 22223
30949 22224
30951 22225
30953 22226
30955 22227
30956 22228
30957 22229
30959 22230
30960 22231
30962 22232
30963 22233
30964 22234
30965 22235
30967 22236
30968 22237
30970 22238
30971 22239
30972 22240
30973 22241
30974 22242
30975 22243
30976 22244
30977 22245
30978 22246
30979 22247
30980 22248
30981 22249
30982 22250
30983 22251
30984 22252
30986 22253
30987 22254
30988 22255
30989 22256
30990 22257
30991 22258
30992 22259
30993 22260
30995 22261
30997 22262
30999 22263
31000 22264
31001 22265
31005 22266
31007 22267
31008 22268
31009 22269
31010 22270
31012 22271
31013 22272
31014 22273
31016 22274
31018 22275
31019 22276
31020 22277
31022 22278
31023 22279
31025 22280
31027 22281
31029 22282
31030 22283
31032 22284
31033 22285
31034 22286
31037 22287
31038 22288
31040 22289
31041 22290
31042 22291
31043 22292
31045 22293
31050 22294
31051 22295
31053 22296
31054 22297
31056 22298
31057 22299
31058 22300
31060 22301
31061 22302
31064 22303
31065 22304
31066 22305
31067 22306
31068 22307
31069 22308
31070 22309
31071 22310
31072 22311
31073 22312
31074 22313
31076 22314
31077 22315
31078 22316
31080 22317
31081 22318
31082 22319
31083 22320
31084 22321
31085 22322
31086 22323
31087 22324
31089 22325
31090 22326
31091 22327
31092 22328
31093 22329
31094 22330
31095 22331
31096 22332
31098 22333
31099 22334
31100 22335
31101 22336
31102 22337
31103 22338
31105 22339
31108 22340
31109 22341
31110 22342
31111 22343
31113 22344
31114 22345
31115 22346
31116 22347
31117 22348
31118 22349
31120 22350
31121 22351
31124 22352
31125 22353
31126 22354
31127 22355
31129 22356
31130 22357
31131 22358
31136 22359
31137 22360
31138 22361
31141 22362
31142 22363
31144 22364
31145 22365
31146 22366
31148 22367
31149 22368
31151 22369
31152 22370
31154 22371
31155 22372
31156 22373
31157 22374
31158 22375
31159 22376
31160 22377
31162 22378
31163 22379
31164 22380
31165 22381
31166 22382
31167 22383
31168 22384
31169 22385
31172 22386
31175 22387
31176 22388
31177 22389
31178 22390
31180 22391
31181 22392
31182 22393
31183 22394
31184 22395
31185 22396
31187 22397
31188 22398
31190 22399
31191 22400
31192 22401
31193 22402
31194 22403
31195 22404
31197 22405
31198 22406
31200 22407
31201 22408
31202 22409
31204 22410
31205 22411
31206 22412
31209 22413
31210 22414
31211 22415
31213 22416
31214 22417
31215 22418
31217 22419
31218 22420
31220 22421
31222 22422
31224 22423
31226 22424
31231 22425
31233 22426
31235 22427
31236 22428
31237 22429
31238 22430
31239 22431
31242 22432
31243 22433
31244 22434
31245 22435
31247 22436
31248 22437
31249 22438
31250 22439
31251 22440
31252 22441
31253 22442
31254 22443
31255 22444
31256 22445
31257 22446
31258 22447
31259 22448
31260 22449
31262 22450
31264 22451
31266 22452
31267 22453
31268 22454
31269 22455
31270 22456
31271 22457
31272 22458
31273 22459
31274 22460
31276 22461
31277 22462
31278 22463
31279 22464
31281 22465
31284 22466
31286 22467
31287 22468
31288 22469
31289 22470
31290 22471
31292 22472
31293 22473
31294 22474
31295 22475
31298 22476
31299 22477
31300 22478
31301 22479
31302 22480
31303 22481
31304 22482
31305 22483
31306 22484
31307 22485
31308 22486
31309 22487
31310 22488
31311 22489
31312 22490
31313 22491
31314 22492
31315 22493
31316 22494
31317 22495
31318 22496
31321 22497
31324 22498
31328 22499
31329 22500
31330 22501
31331 22502
31333 22503
31334 22504
31335 22505
31336 22506
31337 22507
31338 22508
31340 22509
31341 22510
31343 22511
31345 22512
31346 22513
31347 22514
31349 22515
31350 22516
31352 22517
31353 22518
31357 22519
31359 22520
31360 22521
31361 22522
31362 22523
31363 22524
31364 22525
31365 22526
31369 22527
31370 22528
31371 22529
31372 22530
31373 22531
31374 22532
31375 22533
31377 22534
31379 22535
31381 22536
31383 22537
31384 22538
31386 22539
31387 22540
31388 22541
31389 22542
31390 22543
31391 22544
31392 22545
31393 22546
31394 22547
31396 22548
31397 22549
31399 22550
31400 22551
31401 22552
31402 22553
31403 22554
31405 22555
31406 22556
31407 22557
31408 22558
31409 22559
31411 22560
31413 22561
31414 22562
31415 22563
31416 22564
31419 22565
31420 22566
31421 22567
31422 22568
31423 22569
31424 22570
31425 22571
31426 22572
31427 22573
31428 22574
31429 22575
31432 22576
31434 22577
31435 22578
31436 22579
31437 22580
31438 22581
31439 22582
31440 22583
31442 22584
31443 22585
31444 22586
31445 22587
31448 22588
31449 22589
31451 22590
31453 22591
31454 22592
31455 22593
31456 22594
31457 22595
31458 22596
31459 22597
31460 22598
31462 22599
31463 22600
31464 22601
31465 22602
31467 22603
31469 22604
31471 22605
31475 22606
31476 22607
31477 22608
31480 22609
31481 22610
31482 22611
31483 22612
31484 22613
31488 22614
31489 22615
31492 22616
31493 22617
31494 22618
31495 22619
31496 22620
31497 22621
31499 22622
31500 22623
31502 22624
31503 22625
31504 22626
31505 22627
31507 22628
31508 22629
31509 22630
31510 22631
31511 22632
31512 22633
31517 22634
31519 22635
31520 22636
31521 22637
31524 22638
31525 22639
31526 22640
31528 22641
31529 22642
31531 22643
31532 22644
31533 22645
31534 22646
31535 22647
31536 22648
31537 22649
31538 22650
31539 22651
31540 22652
31541 22653
31542 22654
31543 22655
31545 22656
31546 22657
31548 22658
31549 22659
31550 22660
31551 22661
31552 22662
31555 22663
31556 22664
31557 22665
31558 22666
31560 22667
31561 22668
31562 22669
31563 22670
31564 22671
31565 22672
31566 22673
31567 22674
31568 22675
31569 22676
31570 22677
31572 22678
31574 22679
31575 22680
31577 22681
31581 22682
31582 22683
31583 22684
31584 22685
31586 22686
31587 22687
31588 22688
31589 22689
31590 22690
31591 22691
31592 22692
31593 22693
31594 22694
31596 22695
31598 22696
31600 22697
31601 22698
31602 22699
31603 22700
31604 22701
31605 22702
31607 22703
31608 22704
31609 22705
31610 22706
31611 22707
31613 22708
31615 22709
31616 22710
31617 22711
31618 22712
31619 22713
31620 22714
31621 22715
31623 22716
31625 22717
31626 22718
31627 22719
31629 22720
31632 22721
31633 22722
31635 22723
31636 22724
31637 22725
31638 22726
31641 22727
31642 22728
31643 22729
31645 22730
31647 22731
31650 22732
31651 22733
31652 22734
31655 22735
31656 22736
31658 22737
31659 22738
31660 22739
31661 22740
31662 22741
31663 22742
31665 22743
31666 22744
31667 22745
31668 22746
31669 22747
31671 22748
31672 22749
31673 22750
31674 22751
31675 22752
31676 22753
31677 22754
31678 22755
31680 22756
31681 22757
31683 22758
31684 22759
31686 22760
31687 22761
31689 22762
31690 22763
31691 22764
31692 22765
31693 22766
31695 22767
31696 22768
31699 22769
31701 22770
31703 22771
31705 22772
31706 22773
31707 22774
31708 22775
31709 22776
31710 22777
31711 22778
31713 22779
31714 22780
31715 22781
31716 22782
31717 22783
31719 22784
31720 22785
31721 22786
31724 22787
31725 22788
31727 22789
31729 22790
31730 22791
31731 22792
31732 22793
31733 22794
31734 22795
31735 22796
31736 22797
31737 22798
31738 22799
31740 22800
31741 22801
31742 22802
31743 22803
31744 22804
31746 22805
31747 22806
31751 22807
31753 22808
31754 22809
31755 22810
31756 22811
31758 22812
31759 22813
31760 22814
31761 22815
31762 22816
31763 22817
31765 22818
31766 22819
31767 22820
31769 22821
31770 22822
31772 22823
31773 22824
31774 22825
31776 22826
31778 22827
31780 22828
31781 22829
31783 22830
31785 22831
31788 22832
31789 22833
31791 22834
31792 22835
31793 22836
31794 22837
31795 22838
31796 22839
31797 22840
31798 22841
31800 22842
31802 22843
31804 22844
31807 22845
31808 22846
31809 22847
31811 22848
31812 22849
31814 22850
31819 22851
31820 22852
31821 22853
31822 22854
31825 22855
31826 22856
31827 22857
31828 22858
31829 22859
31830 22860
31832 22861
31834 22862
31835 22863
31837 22864
31838 22865
31839 22866
31840 22867
31841 22868
31843 22869
31845 22870
31846 22871
31847 22872
31848 22873
31849 22874
31850 22875
31851 22876
31852 22877
31854 22878
31855 22879
31857 22880
31858 22881
31862 22882
31863 22883
31864 22884
31865 22885
31866 22886
31868 22887
31870 22888
31872 22889
31873 22890
31874 22891
31875 22892
31876 22893
31877 22894
31878 22895
31880 22896
31881 22897
31883 22898
31884 22899
31886 22900
31887 22901
31888 22902
31889 22903
31890 22904
31893 22905
31894 22906
31897 22907
31898 22908
31899 22909
31900 22910
31901 22911
31902 22912
31903 22913
31904 22914
31905 22915
31906 22916
31907 22917
31909 22918
31910 22919
31911 22920
31912 22921
31913 22922
31915 22923
31916 22924
31917 22925
31918 22926
31919 22927
31920 22928
31921 22929
31923 22930
31924 22931
31925 22932
31927 22933
31928 22934
31929 22935
31930 22936
31931 22937
31933 22938
31934 22939
31935 22940
31936 22941
31940 22942
31941 22943
31942 22944
31944 22945
31946 22946
31947 22947
31948 22948
31949 22949
31951 22950
31952 22951
31953 22952
31954 22953
31955 22954
31956 22955
31958 22956
31959 22957
31960 22958
31962 22959
31963 22960
31964 22961
31965 22962
31966 22963
31967 22964
31968 22965
31969 22966
31970 22967
31971 22968
31972 22969
31974 22970
31975 22971
31976 22972
31977 22973
31981 22974
31982 22975
31983 22976
31984 22977
31985 22978
31986 22979
31987 22980
31988 22981
31989 22982
31990 22983
31991 22984
31995 22985
31996 22986
31999 22987
32000 22988
32001 22989
32003 22990
32005 22991
32006 22992
32007 22993
32008 22994
32009 22995
32011 22996
32012 22997
32013 22998
32014 22999
32015 23000
32016 23001
32018 23002
32019 23003
32021 23004
32022 23005
32023 23006
32025 23007
32026 23008
32027 23009
32028 23010
32029 23011
32030 23012
32031 23013
32032 23014
32033 23015
32034 23016
32035 23017
32036 23018
32038 23019
32039 23020
32040 23021
32041 23022
32042 23023
32043 23024
32044 23025
32046 23026
32048 23027
32050 23028
32051 23029
32052 23030
32053 23031
32054 23032
32055 23033
32057 23034
32059 23035
32060 23036
32061 23037
32063 23038
32065 23039
32067 23040
32068 23041
32070 23042
32073 23043
32074 23044
32075 23045
32076 23046
32077 23047
32078 23048
32079 23049
32081 23050
32082 23051
32083 23052
32084 23053
32085 23054
32087 23055
32089 23056
32090 23057
32091 23058
32092 23059
32094 23060
32095 23061
32098 23062
32099 23063
32102 23064
32105 23065
32106 23066
32107 23067
32108 23068
32109 23069
32112 23070
32113 23071
32115 23072
32117 23073
32118 23074
32119 23075
32120 23076
32121 23077
32122 23078
32123 23079
32124 23080
32125 23081
32126 23082
32127 23083
32128 23084
32129 23085
32130 23086
32132 23087
32133 23088
32134 23089
32135 23090
32137 23091
32138 23092
32139 23093
32140 23094
32141 23095
32142 23096
32143 23097
32144 23098
32145 23099
32146 23100
32147 23101
32148 23102
32149 23103
32153 23104
32154 23105
32155 23106
32156 23107
32158 23108
32159 23109
32160 23110
32161 23111
32162 23112
32163 23113
32165 23114
32167 23115
32169 23116
32170 23117
32171 23118
32172 23119
32173 23120
32175 23121
32176 23122
32177 23123
32179 23124
32180 23125
32181 23126
32182 23127
32183 23128
32184 23129
32186 23130
32187 23131
32189 23132
32190 23133
32191 23134
32192 23135
32193 23136
32195 23137
32198 23138
32199 23139
32200 23140
32203 23141
32206 23142
32207 23143
32208 23144
32209 23145
32210 23146
32212 23147
32215 23148
32216 23149
32217 23150
32219 23151
32224 23152
32225 23153
32227 23154
32231 23155
32234 23156
32235 23157
32236 23158
32238 23159
32243 23160
32244 23161
32245 23162
32246 23163
32247 23164
32248 23165
32250 23166
32252 23167
32253 23168
32254 23169
32255 23170
32256 23171
32257 23172
32258 23173
32259 23174
32261 23175
32262 23176
32263 23177
32264 23178
32265 23179
32266 23180
32268 23181
32269 23182
32270 23183
32271 23184
32272 23185
32273 23186
32275 23187
32276 23188
32278 23189
32279 23190
32280 23191
32283 23192
32284 23193
32285 23194
32287 23195
32288 23196
32289 23197
32292 23198
32293 23199
32294 23200
32295 23201
32296 23202
32297 23203
32298 23204
32299 23205
32300 23206
32301 23207
32302 23208
32303 23209
32305 23210
32306 23211
32307 23212
32309 23213
32310 23214
32312 23215
32314 23216
32316 23217
32319 23218
32320 23219
32321 23220
32322 23221
32324 23222
32325 23223
32327 23224
32329 23225
32330 23226
32331 23227
32332 23228
32334 23229
32336 23230
32337 23231
32338 23232
32339 23233
32341 23234
32342 23235
32344 23236
32346 23237
32348 23238
32349 23239
32350 23240
32351 23241
32353 23242
32355 23243
32356 23244
32357 23245
32359 23246
32361 23247
32364 23248
32365 23249
32367 23250
32368 23251
32369 23252
32371 23253
32372 23254
32373 23255
32375 23256
32376 23257
32377 23258
32378 23259
32379 23260
32382 23261
32387 23262
32388 23263
32390 23264
32391 23265
32392 23266
32393 23267
32394 23268
32396 23269
32399 23270
32400 23271
32401 23272
32402 23273
32403 23274
32405 23275
32406 23276
32407 23277
32408 23278
32410 23279
32413 23280
32414 23281
32415 23282
32416 23283
32417 23284
32418 23285
32419 23286
32420 23287
32421 23288
32422 23289
32423 23290
32424 23291
32425 23292
32426 23293
32427 23294
32429 23295
32430 23296
32432 23297
32433 23298
32434 23299
32436 23300
32437 23301
32438 23302
32439 23303
32440 23304
32441 23305
32442 23306
32443 23307
32444 23308
32445 23309
32446 23310
32447 23311
32449 23312
32450 23313
32451 23314
32452 23315
32453 23316
32456 23317
32461 23318
32462 23319
32463 23320
32465 23321
32467 23322
32468 23323
32470 23324
32471 23325
32476 23326
32478 23327
32479 23328
32480 23329
32481 23330
32482 23331
32483 23332
32485 23333
32486 23334
32487 23335
32488 23336
32491 23337
32492 23338
32493 23339
32495 23340
32498 23341
32501 23342
32505 23343
32506 23344
32507 23345
32508 23346
32510 23347
32514 23348
32515 23349
32516 23350
32518 23351
32519 23352
32520 23353
32521 23354
32524 23355
32527 23356
32531 23357
32532 23358
32533 23359
32534 23360
32535 23361
32537 23362
32538 23363
32539 23364
32540 23365
32543 23366
32544 23367
32547 23368
32548 23369
32549 23370
32556 23371
32557 23372
32558 23373
32559 23374
32560 23375
32561 23376
32562 23377
32563 23378
32564 23379
32565 23380
32566 23381
32569 23382
32571 23383
32572 23384
32573 23385
32575 23386
32576 23387
32577 23388
32578 23389
32579 23390
32581 23391
32582 23392
32583 23393
32585 23394
32586 23395
32587 23396
32588 23397
32589 23398
32590 23399
32591 23400
32592 23401
32593 23402
32594 23403
32596 23404
32597 23405
32598 23406
32599 23407
32602 23408
32604 23409
32605 23410
32606 23411
32607 23412
32608 23413
32609 23414
32610 23415
32612 23416
32613 23417
32614 23418
32615 23419
32616 23420
32617 23421
32619 23422
32620 23423
32622 23424
32623 23425
32624 23426
32625 23427
32627 23428
32628 23429
32629 23430
32630 23431
32631 23432
32632 23433
32633 23434
32634 23435
32635 23436
32636 23437
32637 23438
32638 23439
32639 23440
32640 23441
32642 23442
32644 23443
32645 23444
32646 23445
32647 23446
32652 23447
32653 23448
32655 23449
32656 23450
32658 23451
32660 23452
32661 23453
32662 23454
32663 23455
32664 23456
32665 23457
32667 23458
32670 23459
32671 23460
32672 23461
32675 23462
32677 23463
32679 23464
32680 23465
32681 23466
32684 23467
32685 23468
32686 23469
32687 23470
32688 23471
32689 23472
32690 23473
32692 23474
32693 23475
32694 23476
32695 23477
32696 23478
32697 23479
32698 23480
32701 23481
32703 23482
32705 23483
32706 23484
32707 23485
32708 23486
32709 23487
32712 23488
32716 23489
32717 23490
32718 23491
32723 23492
32725 23493
32726 23494
32727 23495
32731 23496
32732 23497
32733 23498
32734 23499
32735 23500
32736 23501
32738 23502
32739 23503
32740 23504
32741 23505
32742 23506
32743 23507
32744 23508
32745 23509
32746 23510
32748 23511
32749 23512
32750 23513
32751 23514
32752 23515
32753 23516
32754 23517
32755 23518
32756 23519
32757 23520
32758 23521
32759 23522
32760 23523
32761 23524
32762 23525
32764 23526
32765 23527
32766 23528
32770 23529
32771 23530
32772 23531
32773 23532
32774 23533
32775 23534
32776 23535
32780 23536
32781 23537
32782 23538
32783 23539
32785 23540
32786 23541
32787 23542
32788 23543
32791 23544
32792 23545
32793 23546
32794 23547
32795 23548
32797 23549
32800 23550
32802 23551
32804 23552
32805 23553
32807 23554
32808 23555
32809 23556
32810 23557
32811 23558
32812 23559
32813 23560
32815 23561
32816 23562
32817 23563
32818 23564
32819 23565
32821 23566
32822 23567
32823 23568
32824 23569
32825 23570
32826 23571
32828 23572
32829 23573
32830 23574
32832 23575
32834 23576
32835 23577
32836 23578
32837 23579
32838 23580
32839 23581
32840 23582
32841 23583
32845 23584
32846 23585
32847 23586
32848 23587
32849 23588
32851 23589
32852 23590
32853 23591
32854 23592
32856 23593
32857 23594
32862 23595
32863 23596
32864 23597
32865 23598
32866 23599
32867 23600
32868 23601
32869 23602
32870 23603
32871 23604
32874 23605
32875 23606
32876 23607
32877 23608
32878 23609
32880 23610
32882 23611
32884 23612
32886 23613
32887 23614
32889 23615
32890 23616
32891 23617
32892 23618
32894 23619
32895 23620
32896 23621
32897 23622
32898 23623
32899 23624
32900 23625
32902 23626
32903 23627
32904 23628
32905 23629
32906 23630
32907 23631
32908 23632
32909 23633
32912 23634
32914 23635
32915 23636
32916 23637
32917 23638
32918 23639
32919 23640
32920 23641
32921 23642
32924 23643
32925 23644
32926 23645
32927 23646
32928 23647
32930 23648
32933 23649
32934 23650
32936 23651
32937 23652
32938 23653
32939 23654
32940 23655
32941 23656
32942 23657
32943 23658
32945 23659
32948 23660
32949 23661
32950 23662
32951 23663
32952 23664
32953 23665
32954 23666
32955 23667
32957 23668
32958 23669
32959 23670
32960 23671
32961 23672
32962 23673
32964 23674
32966 23675
32967 23676
32970 23677
32971 23678
32972 23679
32974 23680
32976 23681
32977 23682
32978 23683
32979 23684
32983 23685
32984 23686
32985 23687
32990 23688
32991 23689
32992 23690
32993 23691
32994 23692
32995 23693
32997 23694
32998 23695
33000 23696
33001 23697
33002 23698
33004 23699
33005 23700
33006 23701
33007 23702
33008 23703
33009 23704
33010 23705
33011 23706
33013 23707
33014 23708
33016 23709
33018 23710
33019 23711
33021 23712
33022 23713
33023 23714
33026 23715
33027 23716
33029 23717
33030 23718
33032 23719
33033 23720
33035 23721
33038 23722
33039 23723
33041 23724
33042 23725
33043 23726
33045 23727
33046 23728
33047 23729
33050 23730
33051 23731
33052 23732
33053 23733
33055 23734
33057 23735
33058 23736
33059 23737
33060 23738
33063 23739
33065 23740
33066 23741
33067 23742
33069 23743
33070 23744
33071 23745
33073 23746
33074 23747
33075 23748
33077 23749
33078 23750
33079 23751
33080 23752
33083 23753
33084 23754
33085 23755
33087 23756
33088 23757
33089 23758
33090 23759
33091 23760
33092 23761
33093 23762
33094 23763
33095 23764
33096 23765
33098 23766
33099 23767
33100 23768
33101 23769
33102 23770
33103 23771
33105 23772
33106 23773
33107 23774
33108 23775
33110 23776
33111 23777
33112 23778
33113 23779
33115 23780
33118 23781
33119 23782
33120 23783
33121 23784
33122 23785
33124 23786
33125 23787
33126 23788
33127 23789
33128 23790
33129 23791
33131 23792
33132 23793
33133 23794
33135 23795
33136 23796
33138 23797
33140 23798
33141 23799
33142 23800
33144 23801
33145 23802
33146 23803
33147 23804
33148 23805
33150 23806
33155 23807
33156 23808
33157 23809
33158 23810
33159 23811
33160 23812
33161 23813
33162 23814
33164 23815
33165 23816
33166 23817
33167 23818
33168 23819
33170 23820
33171 23821
33172 23822
33173 23823
33177 23824
33179 23825
33181 23826
33183 23827
33188 23828
33190 23829
33192 23830
33193 23831
33194 23832
33196 23833
33198 23834
33199 23835
33200 23836
33201 23837
33202 23838
33203 23839
33204 23840
33205 23841
33206 23842
33207 23843
33208 23844
33209 23845
33210 23846
33213 23847
33216 23848
33219 23849
33220 23850
33221 23851
33222 23852
33223 23853
33224 23854
33226 23855
33227 23856
33228 23857
33232 23858
33233 23859
33235 23860
33237 23861
33238 23862
33239 23863
33240 23864
33242 23865
33243 23866
33244 23867
33245 23868
33247 23869
33248 23870
33251 23871
33252 23872
33253 23873
33255 23874
33256 23875
33257 23876
33258 23877
33259 23878
33260 23879
33262 23880
33263 23881
33264 23882
33265 23883
33267 23884
33268 23885
33269 23886
33271 23887
33272 23888
33273 23889
33274 23890
33275 23891
33277 23892
33278 23893
33280 23894
33282 23895
33283 23896
33284 23897
33285 23898
33286 23899
33287 23900
33288 23901
33289 23902
33291 23903
33292 23904
33295 23905
33296 23906
33298 23907
33299 23908
33302 23909
33303 23910
33304 23911
33305 23912
33308 23913
33309 23914
33310 23915
33311 23916
33312 23917
33313 23918
33314 23919
33315 23920
33316 23921
33319 23922
33320 23923
33321 23924
33322 23925
33324 23926
33325 23927
33326 23928
33327 23929
33328 23930
33329 23931
33330 23932
33331 23933
33334 23934
33335 23935
33336 23936
33338 23937
33339 23938
33341 23939
33342 23940
33343 23941
33344 23942
33345 23943
33346 23944
33348 23945
33349 23946
33350 23947
33351 23948
33352 23949
33353 23950
33354 23951
33355 23952
33356 23953
33357 23954
33358 23955
33359 23956
33360 23957
33362 23958
33364 23959
33365 23960
33366 23961
33367 23962
33369 23963
33370 23964
33373 23965
33375 23966
33376 23967
33377 23968
33378 23969
33379 23970
33380 23971
33381 23972
33384 23973
33387 23974
33388 23975
33389 23976
33390 23977
33392 23978
33394 23979
33395 23980
33396 23981
33398 23982
33399 23983
33400 23984
33401 23985
33402 23986
33403 23987
33406 23988
33407 23989
33408 23990
33409 23991
33410 23992
33412 23993
33413 23994
33414 23995
33415 23996
33416 23997
33417 23998
33419 23999
33420 24000
33421 24001
33422 24002
33423 24003
33424 24004
33426 24005
33427 24006
33429 24007
33431 24008
33432 24009
33434 24010
33435 24011
33437 24012
33438 24013
33439 24014
33440 24015
33441 24016
33442 24017
33443 24018
33445 24019
33447 24020
33448 24021
33449 24022
33450 24023
33451 24024
33453 24025
33456 24026
33457 24027
33458 24028
33460 24029
33461 24030
33462 24031
33465 24032
33466 24033
33467 24034
33469 24035
33470 24036
33471 24037
33472 24038
33473 24039
33474 24040
33476 24041
33477 24042
33481 24043
33482 24044
33484 24045
33485 24046
33486 24047
33487 24048
33488 24049
33489 24050
33490 24051
33491 24052
33492 24053
33494 24054
33495 24055
33496 24056
33497 24057
33498 24058
33499 24059
33500 24060
33501 24061
33502 24062
33504 24063
33505 24064
33506 24065
33507 24066
33508 24067
33509 24068
33510 24069
33511 24070
33512 24071
33513 24072
33514 24073
33515 24074
33516 24075
33517 24076
33518 24077
33519 24078
33520 24079
33521 24080
33522 24081
33523 24082
33524 24083
33526 24084
33527 24085
33528 24086
33529 24087
33530 24088
33531 24089
33532 24090
33534 24091
33535 24092
33536 24093
33537 24094
33539 24095
33541 24096
33542 24097
33544 24098
33545 24099
33546 24100
33547 24101
33549 24102
33550 24103
33551 24104
33552 24105
33553 24106
33554 24107
33555 24108
33556 24109
33557 24110
33558 24111
33560 24112
33562 24113
33563 24114
33564 24115
33565 24116
33567 24117
33568 24118
33569 24119
33571 24120
33572 24121
33573 24122
33575 24123
33576 24124
33577 24125
33578 24126
33579 24127
33580 24128
33581 24129
33582 24130
33583 24131
33584 24132
33585 24133
33586 24134
33587 24135
33589 24136
33591 24137
33593 24138
33594 24139
33596 24140
33597 24141
33598 24142
33600 24143
33605 24144
33606 24145
33607 24146
33608 24147
33609 24148
33610 24149
33611 24150
33612 24151
33613 24152
33615 24153
33616 24154
33617 24155
33622 24156
33623 24157
33624 24158
33625 24159
33626 24160
33627 24161
33628 24162
33629 24163
33633 24164
33634 24165
33635 24166
33636 24167
33638 24168
33640 24169
33643 24170
33645 24171
33646 24172
33648 24173
33649 24174
33650 24175
33652 24176
33653 24177
33654 24178
33656 24179
33658 24180
33659 24181
33660 24182
33661 24183
33662 24184
33663 24185
33664 24186
33666 24187
33667 24188
33669 24189
33670 24190
33671 24191
33673 24192
33674 24193
33675 24194
33678 24195
33679 24196
33680 24197
33681 24198
33682 24199
33683 24200
33684 24201
33685 24202
33686 24203
33688 24204
33689 24205
33690 24206
33691 24207
33692 24208
33693 24209
33694 24210
33695 24211
33696 24212
33697 24213
33700 24214
33702 24215
33703 24216
33704 24217
33705 24218
33707 24219
33708 24220
33711 24221
33712 24222
33714 24223
33715 24224
33716 24225
33717 24226
33719 24227
33720 24228
33721 24229
33722 24230
33723 24231
33726 24232
33727 24233
33728 24234
33729 24235
33731 24236
33732 24237
33735 24238
33737 24239
33738 24240
33739 24241
33740 24242
33741 24243
33742 24244
33743 24245
33745 24246
33746 24247
33747 24248
33748 24249
33752 24250
33753 24251
33754 24252
33756 24253
33757 24254
33759 24255
33760 24256
33763 24257
33764 24258
33765 24259
33766 24260
33768 24261
33769 24262
33771 24263
33772 24264
33773 24265
33774 24266
33775 24267
33776 24268
33778 24269
33779 24270
33780 24271
33781 24272
33783 24273
33785 24274
33786 24275
33787 24276
33788 24277
33789 24278
33791 24279
33792 24280
33793 24281
33794 24282
33795 24283
33796 24284
33799 24285
33802 24286
33803 24287
33804 24288
33805 24289
33806 24290
33807 24291
33808 24292
33809 24293
33810 24294
33811 24295
33812 24296
33813 24297
33815 24298
33817 24299
33818 24300
33819 24301
33820 24302
33821 24303
33823 24304
33824 24305
33825 24306
33826 24307
33827 24308
33828 24309
33830 24310
33832 24311
33833 24312
33841 24313
33842 24314
33843 24315
33846 24316
33848 24317
33849 24318
33853 24319
33856 24320
33857 24321
33858 24322
33859 24323
33860 24324
33862 24325
33863 24326
33864 24327
33865 24328
33866 24329
33867 24330
33870 24331
33871 24332
33872 24333
33873 24334
33874 24335
33875 24336
33876 24337
33877 24338
33878 24339
33881 24340
33884 24341
33885 24342
33886 24343
33888 24344
33889 24345
33890 24346
33891 24347
33892 24348
33893 24349
33894 24350
33895 24351
33896 24352
33897 24353
33899 24354
33901 24355
33902 24356
33903 24357
33904 24358
33908 24359
33909 24360
33910 24361
33911 24362
33912 24363
33914 24364
33917 24365
33919 24366
33920 24367
33921 24368
33922 24369
33924 24370
33925 24371
33927 24372
33928 24373
33931 24374
33932 24375
33935 24376
33936 24377
33940 24378
33941 24379
33943 24380
33944 24381
33946 24382
33947 24383
33949 24384
33951 24385
33952 24386
33953 24387
33954 24388
33955 24389
33957 24390
33958 24391
33959 24392
33961 24393
33962 24394
33964 24395
33965 24396
33966 24397
33967 24398
33968 24399
33969 24400
33970 24401
33972 24402
33973 24403
33974 24404
33975 24405
33976 24406
33978 24407
33979 24408
33980 24409
33981 24410
33983 24411
33984 24412
33985 24413
33988 24414
33989 24415
33991 24416
33992 24417
33994 24418
33996 24419
33997 24420
34000 24421
34001 24422
34002 24423
34003 24424
34004 24425
34006 24426
34007 24427
34008 24428
34009 24429
34011 24430
34012 24431
34013 24432
34014 24433
34015 24434
34016 24435
34018 24436
34019 24437
34020 24438
34022 24439
34024 24440
34025 24441
34026 24442
34027 24443
34028 24444
34029 24445
34030 24446
34032 24447
34035 24448
34037 24449
34038 24450
34041 24451
34042 24452
34045 24453
34046 24454
34047 24455
34048 24456
34052 24457
34053 24458
34054 24459
34055 24460
34057 24461
34058 24462
34059 24463
34060 24464
34061 24465
34062 24466
34063 24467
34065 24468
34066 24469
34067 24470
34068 24471
34069 24472
34071 24473
34072 24474
34074 24475
34076 24476
34078 24477
34079 24478
34080 24479
34082 24480
34083 24481
34086 24482
34087 24483
34088 24484
34089 24485
34090 24486
34094 24487
34095 24488
34097 24489
34099 24490
34100 24491
34101 24492
34103 24493
34104 24494
34107 24495
34108 24496
34109 24497
34110 24498
34111 24499
34112 24500
34113 24501
34114 24502
34115 24503
34116 24504
34121 24505
34122 24506
34125 24507
34128 24508
34129 24509
34130 24510
34131 24511
34132 24512
34133 24513
34134 24514
34135 24515
34137 24516
34138 24517
34139 24518
34140 24519
34141 24520
34142 24521
34144 24522
34145 24523
34146 24524
34147 24525
34148 24526
34149 24527
34150 24528
34151 24529
34152 24530
34153 24531
34154 24532
34156 24533
34159 24534
34160 24535
34161 24536
34162 24537
34163 24538
34165 24539
34166 24540
34168 24541
34169 24542
34170 24543
34171 24544
34173 24545
34174 24546
34175 24547
34176 24548
34178 24549
34179 24550
34180 24551
34181 24552
34182 24553
34183 24554
34185 24555
34187 24556
34188 24557
34189 24558
34192 24559
34193 24560
34194 24561
34195 24562
34199 24563
34200 24564
34201 24565
34202 24566
34205 24567
34206 24568
34207 24569
34208 24570
34209 24571
34210 24572
34211 24573
34213 24574
34214 24575
34216 24576
34217 24577
34219 24578
34220 24579
34221 24580
34222 24581
34226 24582
34227 24583
34229 24584
34231 24585
34233 24586
34234 24587
34235 24588
34236 24589
34237 24590
34239 24591
34240 24592
34242 24593
34243 24594
34244 24595
34245 24596
34246 24597
34249 24598
34250 24599
34251 24600
34252 24601
34253 24602
34254 24603
34256 24604
34257 24605
34258 24606
34259 24607
34260 24608
34261 24609
34263 24610
34266 24611
34267 24612
34268 24613
34269 24614
34270 24615
34271 24616
34272 24617
34273 24618
34274 24619
34275 24620
34276 24621
34278 24622
34280 24623
34281 24624
34282 24625
34283 24626
34284 24627
34285 24628
34286 24629
34287 24630
34289 24631
34290 24632
34291 24633
34292 24634
34293 24635
34294 24636
34295 24637
34296 24638
34297 24639
34302 24640
34303 24641
34304 24642
34309 24643
34310 24644
34311 24645
34313 24646
34314 24647
34315 24648
34316 24649
34317 24650
34320 24651
34321 24652
34322 24653
34323 24654
34324 24655
34325 24656
34326 24657
34327 24658
34328 24659
34330 24660
34331 24661
34332 24662
34333 24663
34334 24664
34336 24665
34340 24666
34341 24667
34342 24668
34343 24669
34344 24670
34345 24671
34346 24672
34347 24673
34348 24674
34349 24675
34350 24676
34352 24677
34353 24678
34355 24679
34356 24680
34357 24681
34358 24682
34359 24683
34360 24684
34361 24685
34362 24686
34364 24687
34365 24688
34366 24689
34367 24690
34369 24691
34371 24692
34372 24693
34373 24694
34374 24695
34377 24696
34380 24697
34382 24698
34386 24699
34387 24700
34388 24701
34390 24702
34393 24703
34394 24704
34395 24705
34396 24706
34398 24707
34399 24708
34400 24709
34402 24710
34403 24711
34405 24712
34406 24713
34407 24714
34408 24715
34410 24716
34411 24717
34412 24718
34413 24719
34415 24720
34418 24721
34419 24722
34420 24723
34421 24724
34423 24725
34425 24726
34426 24727
34427 24728
34428 24729
34429 24730
34430 24731
34435 24732
34437 24733
34439 24734
34442 24735
34444 24736
34445 24737
34446 24738
34447 24739
34448 24740
34449 24741
34450 24742
34451 24743
34452 24744
34453 24745
34456 24746
34457 24747
34459 24748
34460 24749
34461 24750
34462 24751
34464 24752
34465 24753
34466 24754
34467 24755
34468 24756
34470 24757
34473 24758
34474 24759
34475 24760
34476 24761
34477 24762
34478 24763
34479 24764
34480 24765
34482 24766
34483 24767
34485 24768
34486 24769
34488 24770
34489 24771
34491 24772
34492 24773
34493 24774
34494 24775
34495 24776
34496 24777
34497 24778
34499 24779
34500 24780
34501 24781
34502 24782
34503 24783
34504 24784
34506 24785
34507 24786
34508 24787
34509 24788
34510 24789
34511 24790
34512 24791
34513 24792
34514 24793
34515 24794
34516 24795
34517 24796
34519 24797
34522 24798
34523 24799
34524 24800
34525 24801
34528 24802
34529 24803
34530 24804
34531 24805
34532 24806
34533 24807
34534 24808
34536 24809
34537 24810
34539 24811
34540 24812
34541 24813
34543 24814
34544 24815
34546 24816
34548 24817
34549 24818
34550 24819
34551 24820
34552 24821
34556 24822
34558 24823
34559 24824
34560 24825
34561 24826
34563 24827
34567 24828
34568 24829
34569 24830
34570 24831
34571 24832
34572 24833
34574 24834
34575 24835
34578 24836
34579 24837
34581 24838
34583 24839
34584 24840
34585 24841
34587 24842
34588 24843
34589 24844
34590 24845
34591 24846
34592 24847
34594 24848
34597 24849
34598 24850
34600 24851
34602 24852
34603 24853
34604 24854
34605 24855
34608 24856
34609 24857
34611 24858
34612 24859
34615 24860
34617 24861
34618 24862
34619 24863
34620 24864
34621 24865
34622 24866
34623 24867
34624 24868
34625 24869
34627 24870
34630 24871
34631 24872
34632 24873
34633 24874
34634 24875
34635 24876
34636 24877
34637 24878
34638 24879
34639 24880
34640 24881
34641 24882
34642 24883
34644 24884
34645 24885
34647 24886
34648 24887
34649 24888
34651 24889
34652 24890
34654 24891
34655 24892
34656 24893
34657 24894
34659 24895
34660 24896
34661 24897
34662 24898
34663 24899
34666 24900
34667 24901
34668 24902
34669 24903
34671 24904
34672 24905
34673 24906
34674 24907
34675 24908
34676 24909
34678 24910
34679 24911
34681 24912
34682 24913
34683 24914
34684 24915
34685 24916
34687 24917
34688 24918
34690 24919
34692 24920
34693 24921
34694 24922
34695 24923
34699 24924
34703 24925
34706 24926
34707 24927
34708 24928
34709 24929
34712 24930
34713 24931
34714 24932
34716 24933
34717 24934
34718 24935
34719 24936
34723 24937
34724 24938
34725 24939
34726 24940
34727 24941
34730 24942
34731 24943
34732 24944
34734 24945
34735 24946
34736 24947
34740 24948
34741 24949
34743 24950
34745 24951
34746 24952
34747 24953
34748 24954
34749 24955
34750 24956
34751 24957
34752 24958
34753 24959
34754 24960
34756 24961
34757 24962
34758 24963
34761 24964
34762 24965
34763 24966
34764 24967
34765 24968
34766 24969
34767 24970
34768 24971
34769 24972
34770 24973
34771 24974
34772 24975
34773 24976
34775 24977
34777 24978
34778 24979
34779 24980
34781 24981
34783 24982
34784 24983
34785 24984
34786 24985
34788 24986
34789 24987
34792 24988
34793 24989
34794 24990
34795 24991
34796 24992
34798 24993
34799 24994
34801 24995
34803 24996
34807 24997
34811 24998
34812 24999
34814 25000
34815 25001
34817 25002
34820 25003
34823 25004
34825 25005
34826 25006
34827 25007
34828 25008
34829 25009
34830 25010
34831 25011
34832 25012
34834 25013
34836 25014
34837 25015
34839 25016
34840 25017
34841 25018
34842 25019
34843 25020
34844 25021
34845 25022
34846 25023
34847 25024
34849 25025
34850 25026
34851 25027
34853 25028
34854 25029
34855 25030
34857 25031
34860 25032
34861 25033
34862 25034
34863 25035
34864 25036
34867 25037
34868 25038
34869 25039
34870 25040
34871 25041
34872 25042
34873 25043
34874 25044
34875 25045
34876 25046
34879 25047
34881 25048
34882 25049
34883 25050
34884 25051
34885 25052
34886 25053
34887 25054
34888 25055
34890 25056
34892 25057
34894 25058
34895 25059
34896 25060
34897 25061
34898 25062
34899 25063
34900 25064
34901 25065
34902 25066
34903 25067
34904 25068
34906 25069
34907 25070
34908 25071
34910 25072
34911 25073
34913 25074
34915 25075
34917 25076
34918 25077
34919 25078
34920 25079
34921 25080
34924 25081
34926 25082
34927 25083
34928 25084
34930 25085
34931 25086
34932 25087
34935 25088
34936 25089
34937 25090
34939 25091
34940 25092
34941 25093
34942 25094
34944 25095
34945 25096
34946 25097
34947 25098
34948 25099
34950 25100
34951 25101
34952 25102
34953 25103
34954 25104
34955 25105
34958 25106
34959 25107
34960 25108
34961 25109
34962 25110
34963 25111
34966 25112
34967 25113
34968 25114
34969 25115
34972 25116
34976 25117
34977 25118
34978 25119
34979 25120
34982 25121
34984 25122
34985 25123
34987 25124
34989 25125
34990 25126
34991 25127
34992 25128
34993 25129
34994 25130
34995 25131
34996 25132
34997 25133
34998 25134
34999 25135
35000 25136
35001 25137
35002 25138
35004 25139
35005 25140
35008 25141
35009 25142
35010 25143
35011 25144
35012 25145
35013 25146
35015 25147
35016 25148
35017 25149
35018 25150
35019 25151
35020 25152
35021 25153
35024 25154
35025 25155
35026 25156
35030 25157
35031 25158
35032 25159
35034 25160
35035 25161
35036 25162
35037 25163
35038 25164
35039 25165
35040 25166
35041 25167
35042 25168
35043 25169
35044 25170
35045 25171
35046 25172
35051 25173
35052 25174
35053 25175
35054 25176
35055 25177
35056 25178
35057 25179
35058 25180
35059 25181
35060 25182
35062 25183
35067 25184
35068 25185
35069 25186
35070 25187
35071 25188
35073 25189
35074 25190
35075 25191
35076 25192
35077 25193
35078 25194
35079 25195
35080 25196
35081 25197
35082 25198
35083 25199
35084 25200
35085 25201
35086 25202
35087 25203
35088 25204
35089 25205
35090 25206
35091 25207
35093 25208
35094 25209
35095 25210
35100 25211
35101 25212
35102 25213
35104 25214
35105 25215
35106 25216
35107 25217
35108 25218
35109 25219
35110 25220
35111 25221
35113 25222
35114 25223
35116 25224
35117 25225
35119 25226
35120 25227
35121 25228
35122 25229
35124 25230
35126 25231
35127 25232
35129 25233
35130 25234
35131 25235
35132 25236
35133 25237
35134 25238
35135 25239
35136 25240
35139 25241
35141 25242
35142 25243
35143 25244
35144 25245
35145 25246
35146 25247
35147 25248
35148 25249
35150 25250
35152 25251
35153 25252
35154 25253
35156 25254
35157 25255
35158 25256
35160 25257
35161 25258
35162 25259
35163 25260
35164 25261
35165 25262
35166 25263
35168 25264
35169 25265
35170 25266
35171 25267
35172 25268
35173 25269
35174 25270
35175 25271
35176 25272
35178 25273
35179 25274
35180 25275
35181 25276
35182 25277
35183 25278
35188 25279
35189 25280
35190 25281
35191 25282
35192 25283
35193 25284
35194 25285
35196 25286
35197 25287
35199 25288
35200 25289
35201 25290
35202 25291
35203 25292
35209 25293
35210 25294
35211 25295
35212 25296
35213 25297
35214 25298
35218 25299
35219 25300
35221 25301
35222 25302
35223 25303
35224 25304
35225 25305
35227 25306
35231 25307
35232 25308
35234 25309
35236 25310
35237 25311
35238 25312
35239 25313
35240 25314
35241 25315
35242 25316
35243 25317
35244 25318
35245 25319
35246 25320
35248 25321
35249 25322
35250 25323
35251 25324
35252 25325
35254 25326
35256 25327
35257 25328
35258 25329
35259 25330
35260 25331
35261 25332
35263 25333
35264 25334
35265 25335
35266 25336
35267 25337
35268 25338
35269 25339
35270 25340
35271 25341
35273 25342
35275 25343
35276 25344
35277 25345
35278 25346
35279 25347
35282 25348
35283 25349
35285 25350
35287 25351
35288 25352
35289 25353
35291 25354
35294 25355
35296 25356
35298 25357
35300 25358
35301 25359
35303 25360
35304 25361
35305 25362
35306 25363
35308 25364
35310 25365
35312 25366
35313 25367
35315 25368
35316 25369
35317 25370
35318 25371
35319 25372
35320 25373
35321 25374
35322 25375
35323 25376
35325 25377
35326 25378
35327 25379
35330 25380
35331 25381
35332 25382
35333 25383
35334 25384
35335 25385
35340 25386
35341 25387
35345 25388
35346 25389
35348 25390
35349 25391
35350 25392
35351 25393
35355 25394
35357 25395
35358 25396
35359 25397
35360 25398
35362 25399
35363 25400
35364 25401
35365 25402
35366 25403
35368 25404
35369 25405
35370 25406
35371 25407
35372 25408
35373 25409
35374 25410
35376 25411
35378 25412
35380 25413
35381 25414
35382 25415
35383 25416
35384 25417
35386 25418
35387 25419
35388 25420
35389 25421
35390 25422
35391 25423
35392 25424
35393 25425
35394 25426
35395 25427
35397 25428
35398 25429
35399 25430
35400 25431
35401 25432
35402 25433
35404 25434
35405 25435
35406 25436
35409 25437
35412 25438
35413 25439
35414 25440
35415 25441
35418 25442
35419 25443
35420 25444
35421 25445
35422 25446
35424 25447
35426 25448
35427 25449
35429 25450
35431 25451
35432 25452
35434 25453
35436 25454
35437 25455
35440 25456
35441 25457
35443 25458
35444 25459
35447 25460
35448 25461
35449 25462
35451 25463
35452 25464
35454 25465
35455 25466
35456 25467
35457 25468
35458 25469
35459 25470
35460 25471
35461 25472
35463 25473
35464 25474
35465 25475
35466 25476
35467 25477
35469 25478
35471 25479
35472 25480
35473 25481
35476 25482
35477 25483
35478 25484
35479 25485
35480 25486
35481 25487
35482 25488
35483 25489
35484 25490
35486 25491
35487 25492
35488 25493
35490 25494
35491 25495
35493 25496
35494 25497
35495 25498
35496 25499
35497 25500
35498 25501
35502 25502
35504 25503
35505 25504
35506 25505
35507 25506
35509 25507
35510 25508
35511 25509
35512 25510
35513 25511
35514 25512
35515 25513
35516 25514
35517 25515
35518 25516
35519 25517
35520 25518
35521 25519
35523 25520
35524 25521
35527 25522
35530 25523
35532 25524
35533 25525
35534 25526
35535 25527
35536 25528
35540 25529
35541 25530
35542 25531
35543 25532
35544 25533
35545 25534
35546 25535
35547 25536
35548 25537
35549 25538
35551 25539
35552 25540
35553 25541
35554 25542
35555 25543
35556 25544
35557 25545
35559 25546
35560 25547
35563 25548
35564 25549
35566 25550
35568 25551
35570 25552
35572 25553
35574 25554
35575 25555
35576 25556
35578 25557
35579 25558
35580 25559
35582 25560
35583 25561
35584 25562
35585 25563
35586 25564
35587 25565
35588 25566
35589 25567
35591 25568
35592 25569
35593 25570
35594 25571
35595 25572
35596 25573
35598 25574
35599 25575
35600 25576
35602 25577
35603 25578
35605 25579
35606 25580
35607 25581
35608 25582
35610 25583
35611 25584
35613 25585
35614 25586
35615 25587
35618 25588
35619 25589
35620 25590
35621 25591
35623 25592
35625 25593
35627 25594
35628 25595
35629 25596
35630 25597
35631 25598
35632 25599
35633 25600
35634 25601
35635 25602
35636 25603
35637 25604
35639 25605
35641 25606
35643 25607
35644 25608
35645 25609
35646 25610
35647 25611
35648 25612
35649 25613
35650 25614
35651 25615
35652 25616
35653 25617
35655 25618
35657 25619
35658 25620
35659 25621
35661 25622
35662 25623
35663 25624
35664 25625
35666 25626
35667 25627
35668 25628
35669 25629
35670 25630
35672 25631
35674 25632
35675 25633
35676 25634
35677 25635
35678 25636
35680 25637
35681 25638
35682 25639
35683 25640
35685 25641
35687 25642
35688 25643
35689 25644
35690 25645
35691 25646
35692 25647
35693 25648
35694 25649
35695 25650
35696 25651
35697 25652
35698 25653
35699 25654
35700 25655
35701 25656
35702 25657
35704 25658
35705 25659
35706 25660
35707 25661
35708 25662
35709 25663
35710 25664
35711 25665
35712 25666
35713 25667
35714 25668
35715 25669
35716 25670
35717 25671
35718 25672
35719 25673
35720 25674
35721 25675
35723 25676
35724 25677
35725 25678
35726 25679
35727 25680
35731 25681
35733 25682
35737 25683
35740 25684
35742 25685
35746 25686
35747 25687
35748 25688
35749 25689
35750 25690
35751 25691
35752 25692
35753 25693
35754 25694
35755 25695
35756 25696
35757 25697
35759 25698
35760 25699
35761 25700
35762 25701
35763 25702
35764 25703
35765 25704
35766 25705
35767 25706
35768 25707
35769 25708
35771 25709
35772 25710
35775 25711
35776 25712
35777 25713
35780 25714
35781 25715
35782 25716
35783 25717
35784 25718
35786 25719
35787 25720
35788 25721
35789 25722
35790 25723
35791 25724
35792 25725
35794 25726
35795 25727
35797 25728
35798 25729
35799 25730
35801 25731
35803 25732
35805 25733
35807 25734
35810 25735
35811 25736
35812 25737
35814 25738
35815 25739
35816 25740
35818 25741
35819 25742
35820 25743
35821 25744
35822 25745
35823 25746
35824 25747
35825 25748
35826 25749
35827 25750
35828 25751
35829 25752
35830 25753
35831 25754
35832 25755
35833 25756
35834 25757
35835 25758
35836 25759
35837 25760
35838 25761
35839 25762
35840 25763
35841 25764
35842 25765
35843 25766
35844 25767
35846 25768
35848 25769
35849 25770
35850 25771
35851 25772
35852 25773
35853 25774
35854 25775
35855 25776
35856 25777
35857 25778
35858 25779
35859 25780
35860 25781
35861 25782
35862 25783
35863 25784
35864 25785
35865 25786
35866 25787
35867 25788
35869 25789
35870 25790
35871 25791
35872 25792
35873 25793
35874 25794
35876 25795
35877 25796
35878 25797
35879 25798
35880 25799
35882 25800
35884 25801
35885 25802
35887 25803
35888 25804
35889 25805
35890 25806
35891 25807
35892 25808
35893 25809
35894 25810
35895 25811
35900 25812
35901 25813
35902 25814
35903 25815
35904 25816
35905 25817
35906 25818
35907 25819
35909 25820
35910 25821
35911 25822
35913 25823
35915 25824
35916 25825
35917 25826
35919 25827
35920 25828
35921 25829
35922 25830
35923 25831
35925 25832
35926 25833
35930 25834
35931 25835
35932 25836
35935 25837
35936 25838
35937 25839
35938 25840
35939 25841
35940 25842
35944 25843
35946 25844
35947 25845
35948 25846
35949 25847
35950 25848
35951 25849
35953 25850
35954 25851
35955 25852
35957 25853
35958 25854
35960 25855
35962 25856
35963 25857
35964 25858
35966 25859
35968 25860
35969 25861
35970 25862
35971 25863
35972 25864
35973 25865
35974 25866
35975 25867
35977 25868
35978 25869
35979 25870
35980 25871
35981 25872
35982 25873
35983 25874
35984 25875
35985 25876
35987 25877
35988 25878
35990 25879
35992 25880
35995 25881
35997 25882
35999 25883
36001 25884
36004 25885
36005 25886
36006 25887
36007 25888
36008 25889
36009 25890
36011 25891
36012 25892
36013 25893
36014 25894
36015 25895
36016 25896
36018 25897
36022 25898
36023 25899
36024 25900
36026 25901
36027 25902
36028 25903
36029 25904
36030 25905
36031 25906
36032 25907
36033 25908
36034 25909
36035 25910
36036 25911
36037 25912
36038 25913
36039 25914
36042 25915
36043 25916
36044 25917
36045 25918
36046 25919
36047 25920
36048 25921
36049 25922
36050 25923
36052 25924
36053 25925
36055 25926
36056 25927
36057 25928
36058 25929
36059 25930
36061 25931
36062 25932
36063 25933
36064 25934
36067 25935
36069 25936
36070 25937
36071 25938
36072 25939
36073 25940
36074 25941
36075 25942
36077 25943
36078 25944
36079 25945
36081 25946
36082 25947
36083 25948
36086 25949
36087 25950
36088 25951
36089 25952
36091 25953
36092 25954
36093 25955
36094 25956
36095 25957
36096 25958
36097 25959
36098 25960
36101 25961
36102 25962
36104 25963
36105 25964
36106 25965
36107 25966
36109 25967
36111 25968
36114 25969
36116 25970
36117 25971
36118 25972
36119 25973
36120 25974
36123 25975
36124 25976
36125 25977
36127 25978
36129 25979
36130 25980
36131 25981
36135 25982
36136 25983
36137 25984
36138 25985
36139 25986
36140 25987
36142 25988
36143 25989
36145 25990
36146 25991
36147 25992
36149 25993
36150 25994
36151 25995
36152 25996
36154 25997
36155 25998
36156 25999
36157 26000
36158 26001
36159 26002
36162 26003
36164 26004
36166 26005
36167 26006
36168 26007
36169 26008
36170 26009
36171 26010
36172 26011
36173 26012
36174 26013
36175 26014
36177 26015
36179 26016
36180 26017
36181 26018
36182 26019
36183 26020
36185 26021
36186 26022
36187 26023
36188 26024
36191 26025
36192 26026
36193 26027
36194 26028
36195 26029
36196 26030
36198 26031
36201 26032
36203 26033
36204 26034
36205 26035
36206 26036
36207 26037
36208 26038
36210 26039
36211 26040
36212 26041
36213 26042
36214 26043
36216 26044
36217 26045
36218 26046
36221 26047
36222 26048
36223 26049
36225 26050
36226 26051
36227 26052
36228 26053
36230 26054
36231 26055
36232 26056
36233 26057
36235 26058
36236 26059
36237 26060
36238 26061
36239 26062
36240 26063
36241 26064
36242 26065
36243 26066
36244 26067
36245 26068
36248 26069
36249 26070
36250 26071
36251 26072
36252 26073
36253 26074
36254 26075
36255 26076
36257 26077
36258 26078
36260 26079
36261 26080
36262 26081
36263 26082
36264 26083
36266 26084
36268 26085
36269 26086
36270 26087
36272 26088
36274 26089
36275 26090
36277 26091
36278 26092
36279 26093
36282 26094
36283 26095
36284 26096
36285 26097
36286 26098
36287 26099
36288 26100
36289 26101
36290 26102
36291 26103
36292 26104
36293 26105
36294 26106
36296 26107
36298 26108
36299 26109
36300 26110
36301 26111
36302 26112
36303 26113
36304 26114
36305 26115
36307 26116
36308 26117
36309 26118
36312 26119
36314 26120
36317 26121
36318 26122
36319 26123
36321 26124
36322 26125
36324 26126
36325 26127
36326 26128
36327 26129
36330 26130
36331 26131
36332 26132
36333 26133
36334 26134
36335 26135
36337 26136
36338 26137
36339 26138
36340 26139
36341 26140
36342 26141
36343 26142
36344 26143
36345 26144
36346 26145
36347 26146
36348 26147
36350 26148
36352 26149
36353 26150
36354 26151
36355 26152
36359 26153
36360 26154
36362 26155
36363 26156
36365 26157
36366 26158
36367 26159
36368 26160
36370 26161
36371 26162
36372 26163
36373 26164
36375 26165
36378 26166
36379 26167
36381 26168
36383 26169
36385 26170
36386 26171
36387 26172
36389 26173
36390 26174
36391 26175
36392 26176
36393 26177
36394 26178
36395 26179
36396 26180
36400 26181
36401 26182
36402 26183
36403 26184
36404 26185
36405 26186
36406 26187
36407 26188
36408 26189
36409 26190
36410 26191
36411 26192
36412 26193
36413 26194
36414 26195
36415 26196
36416 26197
36417 26198
36420 26199
36421 26200
36422 26201
36423 26202
36425 26203
36428 26204
36429 26205
36430 26206
36431 26207
36433 26208
36434 26209
36437 26210
36438 26211
36439 26212
36441 26213
36442 26214
36443 26215
36444 26216
36445 26217
36447 26218
36448 26219
36450 26220
36451 26221
36452 26222
36453 26223
36454 26224
36456 26225
36458 26226
36459 26227
36461 26228
36462 26229
36464 26230
36466 26231
36467 26232
36468 26233
36470 26234
36471 26235
36473 26236
36474 26237
36475 26238
36476 26239
36477 26240
36478 26241
36480 26242
36481 26243
36482 26244
36483 26245
36485 26246
36486 26247
36487 26248
36488 26249
36489 26250
36491 26251
36494 26252
36495 26253
36496 26254
36497 26255
36498 26256
36499 26257
36501 26258
36502 26259
36503 26260
36504 26261
36505 26262
36506 26263
36507 26264
36508 26265
36510 26266
36511 26267
36512 26268
36513 26269
36515 26270
36516 26271
36517 26272
36518 26273
36519 26274
36520 26275
36522 26276
36524 26277
36525 26278
36526 26279
36528 26280
36529 26281
36530 26282
36531 26283
36532 26284
36536 26285
36538 26286
36539 26287
36541 26288
36544 26289
36546 26290
36547 26291
36548 26292
36549 26293
36550 26294
36553 26295
36555 26296
36556 26297
36557 26298
36558 26299
36559 26300
36561 26301
36562 26302
36563 26303
36564 26304
36565 26305
36566 26306
36567 26307
36569 26308
36570 26309
36571 26310
36573 26311
36574 26312
36576 26313
36578 26314
36579 26315
36581 26316
36587 26317
36589 26318
36591 26319
36593 26320
36594 26321
36595 26322
36598 26323
36599 26324
36600 26325
36601 26326
36604 26327
36605 26328
36606 26329
36608 26330
36609 26331
36612 26332
36613 26333
36614 26334
36615 26335
36616 26336
36619 26337
36620 26338
36621 26339
36622 26340
36623 26341
36624 26342
36625 26343
36626 26344
36627 26345
36630 26346
36632 26347
36633 26348
36634 26349
36635 26350
36636 26351
36637 26352
36638 26353
36639 26354
36640 26355
36641 26356
36642 26357
36643 26358
36646 26359
36647 26360
36651 26361
36652 26362
36653 26363
36654 26364
36655 26365
36656 26366
36657 26367
36658 26368
36659 26369
36660 26370
36661 26371
36662 26372
36663 26373
36664 26374
36665 26375
36666 26376
36668 26377
36671 26378
36672 26379
36673 26380
36674 26381
36675 26382
36677 26383
36678 26384
36679 26385
36680 26386
36681 26387
36682 26388
36683 26389
36684 26390
36685 26391
36686 26392
36687 26393
36688 26394
36689 26395
36690 26396
36691 26397
36692 26398
36695 26399
36697 26400
36698 26401
36699 26402
36700 26403
36701 26404
36702 26405
36703 26406
36704 26407
36705 26408
36707 26409
36708 26410
36709 26411
36710 26412
36711 26413
36712 26414
36713 26415
36714 26416
36715 26417
36716 26418
36717 26419
36719 26420
36720 26421
36721 26422
36722 26423
36723 26424
36724 26425
36725 26426
36726 26427
36727 26428
36729 26429
36730 26430
36731 26431
36732 26432
36733 26433
36734 26434
36735 26435
36737 26436
36739 26437
36741 26438
36742 26439
36743 26440
36744 26441
36745 26442
36747 26443
36748 26444
36749 26445
36750 26446
36752 26447
36753 26448
36755 26449
36756 26450
36757 26451
36760 26452
36762 26453
36764 26454
36765 26455
36766 26456
36767 26457
36768 26458
36769 26459
36770 26460
36771 26461
36775 26462
36776 26463
36777 26464
36778 26465
36780 26466
36782 26467
36783 26468
36784 26469
36785 26470
36786 26471
36787 26472
36788 26473
36789 26474
36792 26475
36793 26476
36794 26477
36795 26478
36796 26479
36797 26480
36799 26481
36800 26482
36801 26483
36802 26484
36803 26485
36804 26486
36805 26487
36806 26488
36807 26489
36808 26490
36809 26491
36812 26492
36813 26493
36814 26494
36815 26495
36816 26496
36817 26497
36818 26498
36820 26499
36821 26500
36822 26501
36824 26502
36826 26503
36827 26504
36828 26505
36829 26506
36830 26507
36831 26508
36832 26509
36835 26510
36837 26511
36839 26512
36841 26513
36843 26514
36845 26515
36848 26516
36849 26517
36850 26518
36852 26519
36854 26520
36855 26521
36857 26522
36859 26523
36861 26524
36862 26525
36864 26526
36865 26527
36868 26528
36870 26529
36871 26530
36874 26531
36875 26532
36877 26533
36878 26534
36879 26535
36880 26536
36881 26537
36882 26538
36883 26539
36885 26540
36886 26541
36887 26542
36888 26543
36889 26544
36891 26545
36894 26546
36895 26547
36896 26548
36897 26549
36899 26550
36900 26551
36901 26552
36902 26553
36903 26554
36905 26555
36906 26556
36909 26557
36910 26558
36911 26559
36912 26560
36913 26561
36916 26562
36917 26563
36918 26564
36921 26565
36923 26566
36924 26567
36925 26568
36926 26569
36928 26570
36929 26571
36930 26572
36936 26573
36940 26574
36941 26575
36942 26576
36943 26577
36944 26578
36945 26579
36947 26580
36948 26581
36949 26582
36950 26583
36951 26584
36953 26585
36954 26586
36955 26587
36956 26588
36957 26589
36958 26590
36959 26591
36960 26592
36961 26593
36962 26594
36963 26595
36964 26596
36966 26597
36967 26598
36968 26599
36969 26600
36970 26601
36971 26602
36972 26603
36973 26604
36974 26605
36975 26606
36977 26607
36979 26608
36983 26609
36984 26610
36985 26611
36987 26612
36988 26613
36989 26614
36990 26615
36991 26616
36992 26617
36993 26618
36995 26619
36998 26620
37001 26621
37002 26622
37003 26623
37004 26624
37006 26625
37007 26626
37008 26627
37009 26628
37010 26629
37011 26630
37012 26631
37013 26632
37015 26633
37016 26634
37017 26635
37018 26636
37019 26637
37020 26638
37022 26639
37025 26640
37027 26641
37028 26642
37030 26643
37031 26644
37032 26645
37034 26646
37036 26647
37037 26648
37038 26649
37040 26650
37044 26651
37047 26652
37048 26653
37049 26654
37050 26655
37051 26656
37053 26657
37055 26658
37056 26659
37057 26660
37058 26661
37059 26662
37060 26663
37061 26664
37062 26665
37064 26666
37068 26667
37069 26668
37070 26669
37071 26670
37072 26671
37073 26672
37074 26673
37075 26674
37079 26675
37080 26676
37081 26677
37082 26678
37083 26679
37084 26680
37086 26681
37088 26682
37089 26683
37090 26684
37092 26685
37093 26686
37094 26687
37099 26688
37100 26689
37103 26690
37104 26691
37106 26692
37107 26693
37108 26694
37109 26695
37110 26696
37111 26697
37112 26698
37113 26699
37114 26700
37116 26701
37117 26702
37118 26703
37119 26704
37121 26705
37126 26706
37127 26707
37129 26708
37130 26709
37131 26710
37133 26711
37140 26712
37142 26713
37143 26714
37144 26715
37145 26716
37146 26717
37147 26718
37148 26719
37149 26720
37150 26721
37154 26722
37156 26723
37157 26724
37161 26725
37163 26726
37165 26727
37167 26728
37168 26729
37170 26730
37171 26731
37172 26732
37175 26733
37178 26734
37179 26735
37180 26736
37183 26737
37184 26738
37185 26739
37186 26740
37188 26741
37189 26742
37191 26743
37195 26744
37196 26745
37197 26746
37198 26747
37199 26748
37202 26749
37204 26750
37205 26751
37206 26752
37209 26753
37210 26754
37211 26755
37213 26756
37214 26757
37215 26758
37216 26759
37220 26760
37221 26761
37222 26762
37224 26763
37226 26764
37227 26765
37228 26766
37229 26767
37230 26768
37232 26769
37233 26770
37234 26771
37235 26772
37238 26773
37239 26774
37240 26775
37244 26776
37245 26777
37248 26778
37249 26779
37251 26780
37252 26781
37254 26782
37256 26783
37257 26784
37258 26785
37259 26786
37261 26787
37264 26788
37265 26789
37266 26790
37269 26791
37271 26792
37272 26793
37274 26794
37275 26795
37277 26796
37278 26797
37279 26798
37280 26799
37281 26800
37282 26801
37283 26802
37284 26803
37285 26804
37286 26805
37287 26806
37288 26807
37289 26808
37290 26809
37291 26810
37293 26811
37296 26812
37297 26813
37298 26814
37299 26815
37300 26816
37302 26817
37303 26818
37304 26819
37306 26820
37307 26821
37308 26822
37309 26823
37311 26824
37313 26825
37314 26826
37315 26827
37316 26828
37320 26829
37322 26830
37323 26831
37324 26832
37326 26833
37327 26834
37331 26835
37332 26836
37336 26837
37338 26838
37339 26839
37340 26840
37341 26841
37343 26842
37344 26843
37345 26844
37346 26845
37349 26846
37350 26847
37351 26848
37352 26849
37353 26850
37354 26851
37355 26852
37358 26853
37359 26854
37361 26855
37362 26856
37363 26857
37366 26858
37367 26859
37368 26860
37370 26861
37371 26862
37372 26863
37374 26864
37375 26865
37377 26866
37378 26867
37379 26868
37380 26869
37381 26870
37382 26871
37384 26872
37388 26873
37392 26874
37393 26875
37395 26876
37397 26877
37399 26878
37402 26879
37403 26880
37405 26881
37407 26882
37408 26883
37410 26884
37412 26885
37415 26886
37416 26887
37417 26888
37418 26889
37420 26890
37421 26891
37422 26892
37424 26893
37425 26894
37426 26895
37427 26896
37428 26897
37430 26898
37431 26899
37432 26900
37433 26901
37434 26902
37435 26903
37437 26904
37438 26905
37439 26906
37440 26907
37442 26908
37443 26909
37444 26910
37446 26911
37448 26912
37450 26913
37451 26914
37452 26915
37455 26916
37456 26917
37458 26918
37463 26919
37466 26920
37467 26921
37468 26922
37470 26923
37471 26924
37472 26925
37474 26926
37477 26927
37478 26928
37479 26929
37481 26930
37483 26931
37484 26932
37486 26933
37487 26934
37488 26935
37489 26936
37490 26937
37491 26938
37492 26939
37493 26940
37494 26941
37497 26942
37499 26943
37501 26944
37502 26945
37503 26946
37504 26947
37505 26948
37506 26949
37507 26950
37510 26951
37513 26952
37514 26953
37515 26954
37516 26955
37518 26956
37520 26957
37521 26958
37523 26959
37526 26960
37527 26961
37528 26962
37529 26963
37530 26964
37531 26965
37533 26966
37534 26967
37535 26968
37536 26969
37539 26970
37541 26971
37542 26972
37543 26973
37546 26974
37547 26975
37549 26976
37550 26977
37552 26978
37554 26979
37555 26980
37557 26981
37558 26982
37561 26983
37562 26984
37563 26985
37564 26986
37565 26987
37567 26988
37568 26989
37569 26990
37570 26991
37572 26992
37573 26993
37574 26994
37576 26995
37577 26996
37578 26997
37580 26998
37582 26999
37583 27000
37584 27001
37585 27002
37587 27003
37590 27004
37591 27005
37592 27006
37595 27007
37597 27008
37598 27009
37599 27010
37600 27011
37601 27012
37603 27013
37604 27014
37605 27015
37606 27016
37607 27017
37608 27018
37611 27019
37612 27020
37615 27021
37616 27022
37619 27023
37620 27024
37621 27025
37623 27026
37625 27027
37626 27028
37627 27029
37628 27030
37629 27031
37630 27032
37631 27033
37632 27034
37633 27035
37635 27036
37636 27037
37637 27038
37638 27039
37640 27040
37641 27041
37642 27042
37643 27043
37644 27044
37645 27045
37646 27046
37648 27047
37649 27048
37650 27049
37652 27050
37653 27051
37655 27052
37657 27053
37658 27054
37659 27055
37660 27056
37661 27057
37663 27058
37664 27059
37665 27060
37666 27061
37667 27062
37670 27063
37672 27064
37673 27065
37674 27066
37675 27067
37676 27068
37677 27069
37678 27070
37679 27071
37681 27072
37682 27073
37684 27074
37685 27075
37686 27076
37687 27077
37689 27078
37691 27079
37692 27080
37693 27081
37694 27082
37695 27083
37696 27084
37697 27085
37700 27086
37701 27087
37702 27088
37704 27089
37705 27090
37706 27091
37708 27092
37709 27093
37710 27094
37711 27095
37712 27096
37713 27097
37715 27098
37716 27099
37717 27100
37718 27101
37722 27102
37725 27103
37726 27104
37727 27105
37728 27106
37729 27107
37730 27108
37732 27109
37733 27110
37734 27111
37735 27112
37736 27113
37738 27114
37739 27115
37740 27116
37741 27117
37743 27118
37744 27119
37745 27120
37747 27121
37748 27122
37749 27123
37750 27124
37751 27125
37753 27126
37754 27127
37756 27128
37757 27129
37758 27130
37761 27131
37762 27132
37763 27133
37764 27134
37766 27135
37767 27136
37769 27137
37770 27138
37771 27139
37772 27140
37773 27141
37774 27142
37775 27143
37776 27144
37777 27145
37780 27146
37781 27147
37783 27148
37784 27149
37786 27150
37788 27151
37791 27152
37792 27153
37793 27154
37794 27155
37795 27156
37797 27157
37798 27158
37799 27159
37800 27160
37801 27161
37802 27162
37803 27163
37804 27164
37805 27165
37807 27166
37808 27167
37809 27168
37810 27169
37813 27170
37817 27171
37820 27172
37821 27173
37822 27174
37825 27175
37826 27176
37827 27177
37828 27178
37829 27179
37832 27180
37833 27181
37834 27182
37835 27183
37836 27184
37837 27185
37838 27186
37839 27187
37841 27188
37844 27189
37845 27190
37846 27191
37848 27192
37849 27193
37850 27194
37853 27195
37854 27196
37855 27197
37856 27198
37859 27199
37862 27200
37863 27201
37865 27202
37866 27203
37868 27204
37869 27205
37872 27206
37874 27207
37876 27208
37877 27209
37878 27210
37879 27211
37880 27212
37882 27213
37883 27214
37884 27215
37885 27216
37886 27217
37887 27218
37888 27219
37889 27220
37890 27221
37891 27222
37892 27223
37894 27224
37896 27225
37897 27226
37899 27227
37900 27228
37901 27229
37905 27230
37906 27231
37907 27232
37908 27233
37909 27234
37910 27235
37914 27236
37915 27237
37916 27238
37917 27239
37919 27240
37920 27241
37922 27242
37925 27243
37926 27244
37927 27245
37928 27246
37930 27247
37932 27248
37933 27249
37934 27250
37935 27251
37936 27252
37937 27253
37938 27254
37939 27255
37941 27256
37942 27257
37944 27258
37946 27259
37947 27260
37948 27261
37949 27262
37950 27263
37951 27264
37952 27265
37953 27266
37956 27267
37957 27268
37958 27269
37959 27270
37960 27271
37961 27272
37962 27273
37963 27274
37965 27275
37967 27276
37968 27277
37969 27278
37971 27279
37972 27280
37973 27281
37974 27282
37975 27283
37976 27284
37977 27285
37978 27286
37982 27287
37983 27288
37984 27289
37985 27290
37986 27291
37987 27292
37989 27293
37990 27294
37991 27295
37992 27296
37993 27297
37994 27298
37995 27299
37996 27300
37997 27301
37998 27302
37999 27303
38001 27304
38002 27305
38004 27306
38005 27307
38007 27308
38008 27309
38009 27310
38010 27311
38012 27312
38013 27313
38014 27314
38017 27315
38018 27316
38019 27317
38020 27318
38021 27319
38022 27320
38023 27321
38024 27322
38025 27323
38026 27324
38028 27325
38030 27326
38031 27327
38033 27328
38035 27329
38036 27330
38037 27331
38038 27332
38039 27333
38040 27334
38041 27335
38042 27336
38043 27337
38044 27338
38045 27339
38047 27340
38048 27341
38050 27342
38051 27343
38052 27344
38053 27345
38055 27346
38056 27347
38058 27348
38060 27349
38061 27350
38062 27351
38063 27352
38065 27353
38066 27354
38068 27355
38069 27356
38070 27357
38071 27358
38072 27359
38073 27360
38074 27361
38075 27362
38076 27363
38077 27364
38079 27365
38080 27366
38081 27367
38082 27368
38084 27369
38085 27370
38086 27371
38087 27372
38088 27373
38090 27374
38091 27375
38092 27376
38093 27377
38094 27378
38096 27379
38097 27380
38098 27381
38101 27382
38102 27383
38104 27384
38105 27385
38106 27386
38107 27387
38109 27388
38110 27389
38111 27390
38112 27391
38114 27392
38116 27393
38120 27394
38121 27395
38122 27396
38123 27397
38125 27398
38127 27399
38129 27400
38130 27401
38135 27402
38137 27403
38138 27404
38139 27405
38140 27406
38141 27407
38144 27408
38145 27409
38146 27410
38147 27411
38149 27412
38150 27413
38151 27414
38152 27415
38153 27416
38154 27417
38155 27418
38157 27419
38159 27420
38160 27421
38161 27422
38162 27423
38163 27424
38164 27425
38166 27426
38167 27427
38168 27428
38169 27429
38170 27430
38172 27431
38173 27432
38174 27433
38175 27434
38176 27435
38178 27436
38181 27437
38182 27438
38183 27439
38184 27440
38185 27441
38186 27442
38187 27443
38188 27444
38189 27445
38191 27446
38192 27447
38193 27448
38194 27449
38195 27450
38196 27451
38197 27452
38201 27453
38202 27454
38204 27455
38206 27456
38208 27457
38209 27458
38210 27459
38211 27460
38212 27461
38213 27462
38214 27463
38215 27464
38216 27465
38217 27466
38218 27467
38219 27468
38220 27469
38221 27470
38222 27471
38223 27472
38224 27473
38226 27474
38227 27475
38228 27476
38229 27477
38231 27478
38232 27479
38233 27480
38234 27481
38235 27482
38236 27483
38237 27484
38238 27485
38239 27486
38241 27487
38243 27488
38245 27489
38247 27490
38249 27491
38250 27492
38251 27493
38252 27494
38253 27495
38254 27496
38256 27497
38258 27498
38260 27499
38261 27500
38262 27501
38264 27502
38265 27503
38266 27504
38267 27505
38268 27506
38269 27507
38270 27508
38271 27509
38272 27510
38275 27511
38276 27512
38277 27513
38281 27514
38282 27515
38283 27516
38285 27517
38286 27518
38287 27519
38288 27520
38290 27521
38291 27522
38292 27523
38293 27524
38295 27525
38296 27526
38299 27527
38300 27528
38301 27529
38302 27530
38303 27531
38306 27532
38307 27533
38308 27534
38309 27535
38310 27536
38311 27537
38313 27538
38316 27539
38317 27540
38319 27541
38320 27542
38321 27543
38322 27544
38325 27545
38326 27546
38327 27547
38328 27548
38331 27549
38332 27550
38333 27551
38334 27552
38335 27553
38337 27554
38338 27555
38341 27556
38342 27557
38345 27558
38346 27559
38347 27560
38348 27561
38350 27562
38351 27563
38352 27564
38354 27565
38355 27566
38356 27567
38358 27568
38361 27569
38362 27570
38365 27571
38366 27572
38369 27573
38370 27574
38371 27575
38372 27576
38374 27577
38375 27578
38377 27579
38380 27580
38382 27581
38383 27582
38385 27583
38386 27584
38387 27585
38388 27586
38389 27587
38390 27588
38391 27589
38392 27590
38393 27591
38395 27592
38398 27593
38400 27594
38402 27595
38404 27596
38406 27597
38407 27598
38408 27599
38409 27600
38410 27601
38411 27602
38412 27603
38413 27604
38414 27605
38415 27606
38416 27607
38419 27608
38421 27609
38422 27610
38423 27611
38424 27612
38425 27613
38427 27614
38428 27615
38429 27616
38430 27617
38431 27618
38434 27619
38435 27620
38436 27621
38440 27622
38441 27623
38442 27624
38443 27625
38446 27626
38448 27627
38450 27628
38452 27629
38455 27630
38457 27631
38458 27632
38459 27633
38461 27634
38463 27635
38466 27636
38467 27637
38469 27638
38470 27639
38471 27640
38472 27641
38473 27642
38474 27643
38475 27644
38476 27645
38478 27646
38480 27647
38484 27648
38485 27649
38489 27650
38490 27651
38491 27652
38493 27653
38494 27654
38495 27655
38498 27656
38499 27657
38500 27658
38501 27659
38502 27660
38503 27661
38504 27662
38505 27663
38506 27664
38507 27665
38510 27666
38511 27667
38513 27668
38515 27669
38517 27670
38518 27671
38519 27672
38520 27673
38521 27674
38524 27675
38525 27676
38526 27677
38527 27678
38529 27679
38532 27680
38534 27681
38535 27682
38537 27683
38538 27684
38539 27685
38542 27686
38543 27687
38544 27688
38545 27689
38547 27690
38548 27691
38549 27692
38550 27693
38552 27694
38554 27695
38555 27696
38559 27697
38560 27698
38562 27699
38563 27700
38564 27701
38565 27702
38566 27703
38567 27704
38568 27705
38569 27706
38570 27707
38572 27708
38575 27709
38577 27710
38578 27711
38579 27712
38580 27713
38581 27714
38582 27715
38583 27716
38584 27717
38585 27718
38586 27719
38587 27720
38588 27721
38589 27722
38593 27723
38594 27724
38595 27725
38596 27726
38598 27727
38599 27728
38601 27729
38602 27730
38603 27731
38605 27732
38606 27733
38607 27734
38608 27735
38609 27736
38610 27737
38611 27738
38612 27739
38613 27740
38614 27741
38615 27742
38617 27743
38618 27744
38619 27745
38620 27746
38621 27747
38624 27748
38625 27749
38626 27750
38627 27751
38628 27752
38629 27753
38630 27754
38631 27755
38632 27756
38633 27757
38635 27758
38636 27759
38637 27760
38638 27761
38639 27762
38640 27763
38641 27764
38642 27765
38643 27766
38648 27767
38651 27768
38653 27769
38654 27770
38655 27771
38656 27772
38658 27773
38659 27774
38660 27775
38663 27776
38664 27777
38667 27778
38668 27779
38669 27780
38670 27781
38672 27782
38673 27783
38674 27784
38677 27785
38678 27786
38679 27787
38681 27788
38683 27789
38686 27790
38687 27791
38688 27792
38689 27793
38690 27794
38691 27795
38692 27796
38693 27797
38694 27798
38695 27799
38696 27800
38697 27801
38698 27802
38699 27803
38700 27804
38703 27805
38704 27806
38707 27807
38708 27808
38709 27809
38710 27810
38711 27811
38713 27812
38714 27813
38715 27814
38716 27815
38717 27816
38718 27817
38719 27818
38720 27819
38721 27820
38724 27821
38725 27822
38727 27823
38728 27824
38729 27825
38731 27826
38732 27827
38733 27828
38734 27829
38735 27830
38737 27831
38738 27832
38739 27833
38740 27834
38742 27835
38743 27836
38745 27837
38746 27838
38748 27839
38749 27840
38751 27841
38753 27842
38754 27843
38755 27844
38759 27845
38760 27846
38764 27847
38765 27848
38766 27849
38767 27850
38768 27851
38770 27852
38771 27853
38772 27854
38773 27855
38774 27856
38776 27857
38778 27858
38779 27859
38780 27860
38781 27861
38782 27862
38786 27863
38787 27864
38791 27865
38792 27866
38793 27867
38796 27868
38798 27869
38799 27870
38800 27871
38802 27872
38804 27873
38805 27874
38806 27875
38807 27876
38808 27877
38809 27878
38811 27879
38814 27880
38815 27881
38818 27882
38819 27883
38820 27884
38821 27885
38822 27886
38823 27887
38824 27888
38826 27889
38828 27890
38829 27891
38831 27892
38833 27893
38835 27894
38836 27895
38837 27896
38839 27897
38840 27898
38841 27899
38842 27900
38844 27901
38846 27902
38847 27903
38848 27904
38849 27905
38850 27906
38851 27907
38852 27908
38854 27909
38855 27910
38856 27911
38857 27912
38858 27913
38859 27914
38861 27915
38864 27916
38865 27917
38866 27918
38867 27919
38868 27920
38869 27921
38870 27922
38871 27923
38872 27924
38873 27925
38874 27926
38875 27927
38876 27928
38877 27929
38879 27930
38880 27931
38881 27932
38883 27933
38884 27934
38885 27935
38886 27936
38888 27937
38890 27938
38892 27939
38893 27940
38894 27941
38895 27942
38896 27943
38898 27944
38899 27945
38901 27946
38902 27947
38903 27948
38904 27949
38908 27950
38909 27951
38911 27952
38912 27953
38913 27954
38914 27955
38915 27956
38918 27957
38919 27958
38921 27959
38922 27960
38923 27961
38925 27962
38926 27963
38927 27964
38928 27965
38930 27966
38931 27967
38932 27968
38933 27969
38934 27970
38935 27971
38936 27972
38939 27973
38940 27974
38942 27975
38943 27976
38944 27977
38947 27978
38950 27979
38951 27980
38953 27981
38954 27982
38956 27983
38957 27984
38959 27985
38960 27986
38961 27987
38962 27988
38963 27989
38964 27990
38965 27991
38966 27992
38968 27993
38969 27994
38970 27995
38972 27996
38975 27997
38976 27998
38978 27999
38980 28000
38981 28001
38982 28002
38984 28003
38985 28004
38986 28005
38987 28006
38989 28007
38990 28008
38991 28009
38992 28010
38993 28011
38994 28012
38998 28013
38999 28014
39000 28015
39002 28016
39003 28017
39005 28018
39006 28019
39007 28020
39008 28021
39009 28022
39012 28023
39014 28024
39016 28025
39018 28026
39020 28027
39021 28028
39022 28029
39023 28030
39024 28031
39026 28032
39029 28033
39030 28034
39031 28035
39032 28036
39034 28037
39035 28038
39036 28039
39037 28040
39038 28041
39039 28042
39040 28043
39041 28044
39043 28045
39044 28046
39045 28047
39046 28048
39048 28049
39049 28050
39050 28051
39051 28052
39053 28053
39054 28054
39055 28055
39056 28056
39059 28057
39060 28058
39061 28059
39062 28060
39064 28061
39066 28062
39067 28063
39069 28064
39070 28065
39072 28066
39074 28067
39075 28068
39076 28069
39077 28070
39081 28071
39082 28072
39083 28073
39084 28074
39085 28075
39086 28076
39087 28077
39088 28078
39090 28079
39091 28080
39092 28081
39093 28082
39095 28083
39096 28084
39097 28085
39098 28086
39099 28087
39100 28088
39101 28089
39102 28090
39103 28091
39104 28092
39105 28093
39106 28094
39107 28095
39109 28096
39110 28097
39111 28098
39113 28099
39116 28100
39117 28101
39118 28102
39121 28103
39122 28104
39123 28105
39124 28106
39126 28107
39127 28108
39128 28109
39129 28110
39131 28111
39132 28112
39133 28113
39136 28114
39138 28115
39139 28116
39142 28117
39143 28118
39145 28119
39147 28120
39148 28121
39151 28122
39152 28123
39153 28124
39154 28125
39155 28126
39156 28127
39157 28128
39158 28129
39160 28130
39161 28131
39162 28132
39163 28133
39164 28134
39166 28135
39167 28136
39168 28137
39169 28138
39170 28139
39171 28140
39172 28141
39173 28142
39174 28143
39176 28144
39177 28145
39178 28146
39179 28147
39181 28148
39182 28149
39184 28150
39185 28151
39186 28152
39188 28153
39189 28154
39190 28155
39191 28156
39192 28157
39193 28158
39194 28159
39195 28160
39197 28161
39198 28162
39199 28163
39200 28164
39201 28165
39202 28166
39203 28167
39204 28168
39205 28169
39206 28170
39207 28171
39208 28172
39211 28173
39212 28174
39213 28175
39214 28176
39215 28177
39216 28178
39217 28179
39218 28180
39219 28181
39221 28182
39222 28183
39227 28184
39229 28185
39230 28186
39232 28187
39234 28188
39235 28189
39236 28190
39237 28191
39238 28192
39240 28193
39243 28194
39244 28195
39245 28196
39246 28197
39248 28198
39249 28199
39250 28200
39251 28201
39252 28202
39253 28203
39254 28204
39258 28205
39259 28206
39261 28207
39262 28208
39264 28209
39265 28210
39266 28211
39267 28212
39269 28213
39270 28214
39271 28215
39273 28216
39274 28217
39275 28218
39277 28219
39278 28220
39279 28221
39280 28222
39281 28223
39282 28224
39283 28225
39284 28226
39285 28227
39286 28228
39288 28229
39291 28230
39292 28231
39294 28232
39296 28233
39298 28234
39299 28235
39300 28236
39302 28237
39304 28238
39305 28239
39306 28240
39307 28241
39308 28242
39311 28243
39313 28244
39314 28245
39315 28246
39316 28247
39318 28248
39319 28249
39320 28250
39321 28251
39322 28252
39324 28253
39325 28254
39328 28255
39329 28256
39330 28257
39333 28258
39334 28259
39335 28260
39336 28261
39337 28262
39338 28263
39339 28264
39340 28265
39341 28266
39343 28267
39344 28268
39346 28269
39347 28270
39348 28271
39349 28272
39350 28273
39351 28274
39352 28275
39353 28276
39354 28277
39355 28278
39356 28279
39357 28280
39358 28281
39360 28282
39361 28283
39362 28284
39363 28285
39366 28286
39367 28287
39370 28288
39372 28289
39373 28290
39374 28291
39375 28292
39376 28293
39377 28294
39381 28295
39382 28296
39383 28297
39385 28298
39389 28299
39391 28300
39392 28301
39393 28302
39395 28303
39396 28304
39397 28305
39400 28306
39401 28307
39402 28308
39403 28309
39404 28310
39407 28311
39408 28312
39409 28313
39410 28314
39411 28315
39412 28316
39413 28317
39416 28318
39419 28319
39421 28320
39424 28321
39426 28322
39428 28323
39430 28324
39432 28325
39434 28326
39435 28327
39438 28328
39440 28329
39441 28330
39442 28331
39443 28332
39445 28333
39447 28334
39449 28335
39450 28336
39451 28337
39453 28338
39455 28339
39456 28340
39457 28341
39458 28342
39459 28343
39460 28344
39461 28345
39462 28346
39463 28347
39464 28348
39465 28349
39466 28350
39468 28351
39469 28352
39471 28353
39472 28354
39474 28355
39475 28356
39476 28357
39478 28358
39479 28359
39480 28360
39481 28361
39482 28362
39483 28363
39485 28364
39486 28365
39487 28366
39488 28367
39490 28368
39491 28369
39492 28370
39494 28371
39495 28372
39496 28373
39497 28374
39498 28375
39499 28376
39502 28377
39503 28378
39506 28379
39507 28380
39508 28381
39509 28382
39510 28383
39511 28384
39512 28385
39513 28386
39514 28387
39515 28388
39516 28389
39517 28390
39518 28391
39519 28392
39520 28393
39522 28394
39524 28395
39525 28396
39526 28397
39527 28398
39528 28399
39529 28400
39531 28401
39532 28402
39533 28403
39534 28404
39535 28405
39536 28406
39537 28407
39538 28408
39541 28409
39542 28410
39544 28411
39545 28412
39546 28413
39547 28414
39548 28415
39549 28416
39550 28417
39551 28418
39552 28419
39553 28420
39556 28421
39558 28422
39559 28423
39560 28424
39562 28425
39563 28426
39564 28427
39566 28428
39567 28429
39568 28430
39569 28431
39571 28432
39572 28433
39573 28434
39574 28435
39578 28436
39579 28437
39580 28438
39581 28439
39584 28440
39586 28441
39588 28442
39590 28443
39591 28444
39592 28445
39593 28446
39594 28447
39595 28448
39596 28449
39598 28450
39599 28451
39600 28452
39601 28453
39603 28454
39604 28455
39606 28456
39607 28457
39608 28458
39609 28459
39611 28460
39612 28461
39613 28462
39614 28463
39615 28464
39616 28465
39617 28466
39619 28467
39621 28468
39622 28469
39623 28470
39624 28471
39625 28472
39626 28473
39627 28474
39628 28475
39629 28476
39630 28477
39631 28478
39633 28479
39634 28480
39635 28481
39636 28482
39637 28483
39638 28484
39639 28485
39640 28486
39641 28487
39642 28488
39643 28489
39644 28490
39645 28491
39647 28492
39648 28493
39650 28494
39651 28495
39653 28496
39654 28497
39656 28498
39657 28499
39658 28500
39660 28501
39661 28502
39664 28503
39665 28504
39666 28505
39667 28506
39669 28507
39670 28508
39671 28509
39672 28510
39673 28511
39674 28512
39676 28513
39678 28514
39679 28515
39680 28516
39681 28517
39682 28518
39683 28519
39685 28520
39686 28521
39687 28522
39689 28523
39690 28524
39693 28525
39695 28526
39697 28527
39700 28528
39702 28529
39704 28530
39706 28531
39707 28532
39708 28533
39713 28534
39714 28535
39715 28536
39716 28537
39717 28538
39718 28539
39719 28540
39720 28541
39721 28542
39723 28543
39724 28544
39725 28545
39726 28546
39727 28547
39728 28548
39729 28549
39730 28550
39731 28551
39732 28552
39733 28553
39735 28554
39736 28555
39739 28556
39740 28557
39741 28558
39742 28559
39745 28560
39746 28561
39747 28562
39748 28563
39749 28564
39750 28565
39752 28566
39753 28567
39755 28568
39758 28569
39759 28570
39760 28571
39761 28572
39763 28573
39765 28574
39766 28575
39768 28576
39769 28577
39771 28578
39772 28579
39774 28580
39776 28581
39777 28582
39779 28583
39781 28584
39782 28585
39784 28586
39786 28587
39787 28588
39788 28589
39789 28590
39790 28591
39791 28592
39793 28593
39796 28594
39797 28595
39798 28596
39800 28597
39803 28598
39804 28599
39805 28600
39806 28601
39807 28602
39808 28603
39811 28604
39814 28605
39815 28606
39816 28607
39817 28608
39819 28609
39821 28610
39823 28611
39824 28612
39825 28613
39827 28614
39829 28615
39830 28616
39831 28617
39832 28618
39833 28619
39834 28620
39835 28621
39837 28622
39838 28623
39839 28624
39840 28625
39844 28626
39845 28627
39846 28628
39848 28629
39849 28630
39850 28631
39851 28632
39852 28633
39855 28634
39856 28635
39857 28636
39859 28637
39861 28638
39863 28639
39864 28640
39865 28641
39866 28642
39868 28643
39869 28644
39870 28645
39871 28646
39872 28647
39873 28648
39874 28649
39875 28650
39876 28651
39877 28652
39878 28653
39880 28654
39882 28655
39884 28656
39887 28657
39888 28658
39889 28659
39890 28660
39892 28661
39893 28662
39895 28663
39896 28664
39897 28665
39898 28666
39900 28667
39903 28668
39905 28669
39906 28670
39907 28671
39909 28672
39911 28673
39913 28674
39914 28675
39916 28676
39917 28677
39918 28678
39919 28679
39920 28680
39921 28681
39923 28682
39924 28683
39925 28684
39926 28685
39927 28686
39929 28687
39932 28688
39934 28689
39936 28690
39937 28691
39938 28692
39939 28693
39940 28694
39942 28695
39943 28696
39944 28697
39945 28698
39947 28699
39948 28700
39949 28701
39951 28702
39954 28703
39955 28704
39956 28705
39957 28706
39958 28707
39960 28708
39961 28709
39964 28710
39965 28711
39966 28712
39968 28713
39969 28714
39970 28715
39971 28716
39972 28717
39973 28718
39974 28719
39975 28720
39976 28721
39977 28722
39978 28723
39981 28724
39982 28725
39983 28726
39986 28727
39987 28728
39988 28729
39989 28730
39990 28731
39992 28732
39993 28733
39994 28734
39996 28735
39997 28736
39998 28737
40001 28738
40002 28739
40003 28740
40004 28741
40005 28742
40006 28743
40010 28744
40011 28745
40012 28746
40014 28747
40015 28748
40016 28749
40017 28750
40023 28751
40025 28752
40026 28753
40027 28754
40028 28755
40029 28756
40030 28757
40031 28758
40032 28759
40034 28760
40035 28761
40036 28762
40038 28763
40039 28764
40040 28765
40041 28766
40043 28767
40044 28768
40045 28769
40046 28770
40047 28771
40048 28772
40049 28773
40050 28774
40052 28775
40053 28776
40054 28777
40058 28778
40059 28779
40060 28780
40063 28781
40064 28782
40065 28783
40067 28784
40068 28785
40070 28786
40071 28787
40073 28788
40074 28789
40079 28790
40080 28791
40081 28792
40085 28793
40087 28794
40088 28795
40089 28796
40090 28797
40091 28798
40092 28799
40094 28800
40095 28801
40096 28802
40098 28803
40099 28804
40100 28805
40101 28806
40103 28807
40105 28808
40106 28809
40108 28810
40109 28811
40110 28812
40111 28813
40113 28814
40114 28815
40115 28816
40118 28817
40119 28818
40122 28819
40123 28820
40126 28821
40127 28822
40128 28823
40130 28824
40132 28825
40133 28826
40134 28827
40136 28828
40138 28829
40139 28830
40140 28831
40141 28832
40143 28833
40144 28834
40145 28835
40146 28836
40149 28837
40150 28838
40152 28839
40153 28840
40155 28841
40156 28842
40157 28843
40158 28844
40159 28845
40161 28846
40162 28847
40164 28848
40166 28849
40167 28850
40168 28851
40169 28852
40170 28853
40171 28854
40172 28855
40174 28856
40176 28857
40177 28858
40178 28859
40179 28860
40180 28861
40183 28862
40184 28863
40185 28864
40188 28865
40190 28866
40192 28867
40195 28868
40196 28869
40197 28870
40198 28871
40200 28872
40201 28873
40202 28874
40203 28875
40204 28876
40205 28877
40206 28878
40208 28879
40210 28880
40211 28881
40213 28882
40214 28883
40215 28884
40216 28885
40217 28886
40218 28887
40219 28888
40220 28889
40221 28890
40224 28891
40225 28892
40226 28893
40227 28894
40228 28895
40229 28896
40232 28897
40233 28898
40234 28899
40235 28900
40237 28901
40238 28902
40240 28903
40241 28904
40243 28905
40245 28906
40246 28907
40247 28908
40248 28909
40249 28910
40251 28911
40252 28912
40253 28913
40255 28914
40258 28915
40259 28916
40260 28917
40261 28918
40264 28919
40265 28920
40266 28921
40267 28922
40268 28923
40269 28924
40270 28925
40271 28926
40272 28927
40276 28928
40278 28929
40279 28930
40280 28931
40282 28932
40283 28933
40285 28934
40286 28935
40287 28936
40288 28937
40289 28938
40290 28939
40291 28940
40292 28941
40293 28942
40294 28943
40295 28944
40298 28945
40299 28946
40300 28947
40301 28948
40303 28949
40304 28950
40305 28951
40306 28952
40307 28953
40312 28954
40313 28955
40314 28956
40316 28957
40323 28958
40324 28959
40325 28960
40326 28961
40327 28962
40328 28963
40329 28964
40330 28965
40331 28966
40332 28967
40333 28968
40334 28969
40335 28970
40337 28971
40338 28972
40339 28973
40343 28974
40344 28975
40345 28976
40346 28977
40347 28978
40350 28979
40351 28980
40352 28981
40353 28982
40355 28983
40356 28984
40358 28985
40359 28986
40360 28987
40361 28988
40363 28989
40364 28990
40365 28991
40366 28992
40368 28993
40369 28994
40370 28995
40371 28996
40372 28997
40374 28998
40375 28999
40376 29000
40377 29001
40380 29002
40381 29003
40382 29004
40383 29005
40384 29006
40385 29007
40386 29008
40389 29009
40390 29010
40393 29011
40394 29012
40395 29013
40396 29014
40398 29015
40400 29016
40401 29017
40402 29018
40403 29019
40406 29020
40407 29021
40408 29022
40409 29023
40410 29024
40412 29025
40414 29026
40415 29027
40416 29028
40417 29029
40421 29030
40422 29031
40423 29032
40424 29033
40426 29034
40428 29035
40429 29036
40431 29037
40432 29038
40434 29039
40436 29040
40437 29041
40438 29042
40439 29043
40440 29044
40441 29045
40442 29046
40444 29047
40445 29048
40447 29049
40449 29050
40450 29051
40453 29052
40455 29053
40456 29054
40459 29055
40460 29056
40461 29057
40462 29058
40463 29059
40464 29060
40465 29061
40466 29062
40468 29063
40469 29064
40470 29065
40471 29066
40473 29067
40474 29068
40475 29069
40476 29070
40477 29071
40478 29072
40480 29073
40481 29074
40482 29075
40483 29076
40484 29077
40485 29078
40486 29079
40488 29080
40491 29081
40493 29082
40494 29083
40495 29084
40498 29085
40499 29086
40501 29087
40502 29088
40503 29089
40504 29090
40505 29091
40506 29092
40507 29093
40508 29094
40509 29095
40510 29096
40511 29097
40512 29098
40513 29099
40515 29100
40516 29101
40518 29102
40519 29103
40520 29104
40523 29105
40524 29106
40525 29107
40526 29108
40527 29109
40529 29110
40530 29111
40531 29112
40533 29113
40535 29114
40537 29115
40538 29116
40539 29117
40540 29118
40541 29119
40542 29120
40543 29121
40544 29122
40545 29123
40546 29124
40547 29125
40548 29126
40549 29127
40551 29128
40555 29129
40556 29130
40557 29131
40558 29132
40559 29133
40560 29134
40561 29135
40562 29136
40564 29137
40567 29138
40568 29139
40569 29140
40570 29141
40572 29142
40573 29143
40575 29144
40577 29145
40578 29146
40579 29147
40580 29148
40581 29149
40584 29150
40585 29151
40586 29152
40587 29153
40589 29154
40590 29155
40591 29156
40592 29157
40596 29158
40597 29159
40598 29160
40600 29161
40601 29162
40602 29163
40603 29164
40605 29165
40606 29166
40609 29167
40612 29168
40613 29169
40614 29170
40616 29171
40617 29172
40618 29173
40619 29174
40620 29175
40621 29176
40622 29177
40624 29178
40625 29179
40628 29180
40629 29181
40630 29182
40632 29183
40633 29184
40634 29185
40635 29186
40636 29187
40637 29188
40638 29189
40639 29190
40641 29191
40642 29192
40645 29193
40646 29194
40647 29195
40648 29196
40649 29197
40650 29198
40651 29199
40652 29200
40655 29201
40656 29202
40658 29203
40660 29204
40661 29205
40663 29206
40664 29207
40666 29208
40667 29209
40669 29210
40670 29211
40672 29212
40673 29213
40676 29214
40677 29215
40680 29216
40681 29217
40682 29218
40683 29219
40685 29220
40686 29221
40687 29222
40689 29223
40691 29224
40692 29225
40694 29226
40695 29227
40696 29228
40699 29229
40700 29230
40701 29231
40702 29232
40703 29233
40705 29234
40706 29235
40708 29236
40710 29237
40711 29238
40714 29239
40715 29240
40716 29241
40719 29242
40720 29243
40721 29244
40722 29245
40723 29246
40725 29247
40727 29248
40729 29249
40730 29250
40731 29251
40732 29252
40734 29253
40735 29254
40738 29255
40739 29256
40741 29257
40742 29258
40743 29259
40744 29260
40745 29261
40748 29262
40750 29263
40751 29264
40752 29265
40754 29266
40755 29267
40756 29268
40757 29269
40758 29270
40759 29271
40760 29272
40763 29273
40764 29274
40765 29275
40766 29276
40767 29277
40768 29278
40770 29279
40771 29280
40773 29281
40774 29282
40775 29283
40776 29284
40777 29285
40780 29286
40781 29287
40782 29288
40783 29289
40785 29290
40786 29291
40787 29292
40788 29293
40789 29294
40791 29295
40792 29296
40793 29297
40794 29298
40797 29299
40798 29300
40799 29301
40801 29302
40802 29303
40803 29304
40804 29305
40806 29306
40807 29307
40810 29308
40812 29309
40815 29310
40816 29311
40818 29312
40819 29313
40821 29314
40822 29315
40823 29316
40824 29317
40828 29318
40829 29319
40830 29320
40831 29321
40835 29322
40836 29323
40837 29324
40838 29325
40839 29326
40841 29327
40842 29328
40843 29329
40846 29330
40847 29331
40848 29332
40849 29333
40850 29334
40851 29335
40852 29336
40853 29337
40854 29338
40855 29339
40856 29340
40857 29341
40858 29342
40859 29343
40860 29344
40863 29345
40864 29346
40866 29347
40867 29348
40868 29349
40869 29350
40870 29351
40872 29352
40873 29353
40874 29354
40875 29355
40877 29356
40878 29357
40879 29358
40880 29359
40881 29360
40882 29361
40883 29362
40884 29363
40885 29364
40888 29365
40889 29366
40890 29367
40891 29368
40892 29369
40893 29370
40894 29371
40895 29372
40896 29373
40898 29374
40899 29375
40902 29376
40903 29377
40905 29378
40907 29379
40908 29380
40909 29381
40911 29382
40913 29383
40914 29384
40915 29385
40916 29386
40919 29387
40920 29388
40921 29389
40922 29390
40924 29391
40925 29392
40926 29393
40927 29394
40928 29395
40930 29396
40931 29397
40932 29398
40934 29399
40935 29400
40936 29401
40941 29402
40942 29403
40945 29404
40946 29405
40947 29406
40949 29407
40950 29408
40951 29409
40952 29410
40953 29411
40954 29412
40956 29413
40957 29414
40958 29415
40959 29416
40960 29417
40961 29418
40962 29419
40964 29420
40966 29421
40968 29422
40970 29423
40971 29424
40972 29425
40973 29426
40974 29427
40977 29428
40979 29429
40981 29430
40982 29431
40983 29432
40984 29433
40986 29434
40987 29435
40988 29436
40991 29437
40993 29438
40994 29439
40995 29440
40996 29441
40997 29442
40998 29443
40999 29444
41000 29445
41001 29446
41002 29447
41003 29448
41004 29449
41005 29450
41006 29451
41007 29452
41008 29453
41009 29454
41010 29455
41011 29456
41012 29457
41013 29458
41014 29459
41015 29460
41016 29461
41018 29462
41019 29463
41020 29464
41021 29465
41022 29466
41023 29467
41025 29468
41026 29469
41027 29470
41028 29471
41030 29472
41031 29473
41033 29474
41034 29475
41035 29476
41036 29477
41042 29478
41043 29479
41046 29480
41047 29481
41048 29482
41049 29483
41051 29484
41052 29485
41054 29486
41055 29487
41056 29488
41057 29489
41058 29490
41059 29491
41060 29492
41061 29493
41062 29494
41063 29495
41064 29496
41065 29497
41067 29498
41068 29499
41069 29500
41070 29501
41071 29502
41073 29503
41074 29504
41075 29505
41076 29506
41077 29507
41078 29508
41080 29509
41081 29510
41082 29511
41083 29512
41084 29513
41086 29514
41087 29515
41088 29516
41089 29517
41092 29518
41093 29519
41094 29520
41095 29521
41097 29522
41098 29523
41101 29524
41102 29525
41104 29526
41105 29527
41107 29528
41108 29529
41110 29530
41111 29531
41112 29532
41113 29533
41120 29534
41122 29535
41123 29536
41124 29537
41125 29538
41127 29539
41128 29540
41129 29541
41130 29542
41132 29543
41133 29544
41137 29545
41138 29546
41140 29547
41142 29548
41143 29549
41144 29550
41145 29551
41146 29552
41147 29553
41148 29554
41150 29555
41151 29556
41152 29557
41154 29558
41155 29559
41159 29560
41160 29561
41163 29562
41166 29563
41167 29564
41170 29565
41171 29566
41172 29567
41173 29568
41175 29569
41179 29570
41180 29571
41181 29572
41183 29573
41186 29574
41189 29575
41190 29576
41191 29577
41193 29578
41194 29579
41195 29580
41196 29581
41197 29582
41198 29583
41199 29584
41201 29585
41202 29586
41203 29587
41204 29588
41205 29589
41206 29590
41207 29591
41209 29592
41212 29593
41213 29594
41214 29595
41215 29596
41217 29597
41218 29598
41220 29599
41221 29600
41223 29601
41224 29602
41227 29603
41228 29604
41229 29605
41231 29606
41232 29607
41233 29608
41235 29609
41236 29610
41238 29611
41239 29612
41240 29613
41242 29614
41243 29615
41244 29616
41245 29617
41246 29618
41248 29619
41250 29620
41252 29621
41254 29622
41255 29623
41256 29624
41257 29625
41258 29626
41259 29627
41260 29628
41261 29629
41262 29630
41264 29631
41266 29632
41268 29633
41270 29634
41271 29635
41273 29636
41274 29637
41277 29638
41278 29639
41280 29640
41281 29641
41283 29642
41286 29643
41287 29644
41290 29645
41291 29646
41292 29647
41293 29648
41295 29649
41297 29650
41298 29651
41301 29652
41306 29653
41307 29654
41308 29655
41309 29656
41310 29657
41311 29658
41312 29659
41313 29660
41314 29661
41316 29662
41318 29663
41319 29664
41321 29665
41324 29666
41325 29667
41326 29668
41327 29669
41328 29670
41329 29671
41330 29672
41331 29673
41334 29674
41335 29675
41336 29676
41337 29677
41338 29678
41339 29679
41340 29680
41341 29681
41342 29682
41343 29683
41346 29684
41347 29685
41349 29686
41351 29687
41352 29688
41354 29689
41355 29690
41357 29691
41359 29692
41360 29693
41361 29694
41362 29695
41363 29696
41364 29697
41366 29698
41368 29699
41369 29700
41370 29701
41371 29702
41372 29703
41373 29704
41374 29705
41375 29706
41376 29707
41377 29708
41379 29709
41380 29710
41381 29711
41382 29712
41383 29713
41384 29714
41385 29715
41388 29716
41390 29717
41393 29718
41397 29719
41399 29720
41400 29721
41401 29722
41402 29723
41403 29724
41404 29725
41406 29726
41407 29727
41409 29728
41410 29729
41411 29730
41412 29731
41413 29732
41415 29733
41417 29734
41418 29735
41421 29736
41422 29737
41424 29738
41426 29739
41427 29740
41429 29741
41431 29742
41432 29743
41434 29744
41435 29745
41436 29746
41438 29747
41439 29748
41440 29749
41441 29750
41442 29751
41445 29752
41447 29753
41449 29754
41450 29755
41451 29756
41452 29757
41453 29758
41454 29759
41460 29760
41462 29761
41463 29762
41465 29763
41466 29764
41467 29765
41468 29766
41469 29767
41470 29768
41471 29769
41473 29770
41477 29771
41480 29772
41481 29773
41483 29774
41484 29775
41486 29776
41487 29777
41489 29778
41490 29779
41492 29780
41493 29781
41497 29782
41503 29783
41505 29784
41507 29785
41509 29786
41510 29787
41511 29788
41512 29789
41514 29790
41515 29791
41516 29792
41517 29793
41518 29794
41520 29795
41521 29796
41523 29797
41524 29798
41525 29799
41527 29800
41528 29801
41529 29802
41530 29803
41531 29804
41534 29805
41535 29806
41536 29807
41537 29808
41538 29809
41539 29810
41540 29811
41541 29812
41542 29813
41543 29814
41544 29815
41546 29816
41548 29817
41549 29818
41550 29819
41551 29820
41552 29821
41553 29822
41554 29823
41555 29824
41556 29825
41557 29826
41558 29827
41560 29828
41562 29829
41563 29830
41565 29831
41567 29832
41568 29833
41570 29834
41571 29835
41572 29836
41573 29837
41575 29838
41576 29839
41577 29840
41580 29841
41581 29842
41582 29843
41583 29844
41584 29845
41585 29846
41586 29847
41587 29848
41588 29849
41590 29850
41592 29851
41594 29852
41595 29853
41596 29854
41598 29855
41599 29856
41600 29857
41602 29858
41603 29859
41604 29860
41606 29861
41609 29862
41610 29863
41612 29864
41613 29865
41615 29866
41616 29867
41617 29868
41619 29869
41621 29870
41623 29871
41624 29872
41626 29873
41627 29874
41628 29875
41632 29876
41633 29877
41634 29878
41635 29879
41637 29880
41638 29881
41640 29882
41642 29883
41643 29884
41644 29885
41647 29886
41648 29887
41649 29888
41650 29889
41651 29890
41654 29891
41655 29892
41656 29893
41657 29894
41659 29895
41660 29896
41661 29897
41663 29898
41664 29899
41665 29900
41666 29901
41667 29902
41668 29903
41673 29904
41674 29905
41675 29906
41676 29907
41679 29908
41680 29909
41681 29910
41684 29911
41685 29912
41688 29913
41690 29914
41692 29915
41694 29916
41696 29917
41697 29918
41698 29919
41699 29920
41700 29921
41702 29922
41704 29923
41705 29924
41706 29925
41707 29926
41709 29927
41712 29928
41714 29929
41715 29930
41716 29931
41718 29932
41719 29933
41720 29934
41721 29935
41722 29936
41723 29937
41724 29938
41725 29939
41726 29940
41727 29941
41728 29942
41729 29943
41730 29944
41731 29945
41732 29946
41734 29947
41735 29948
41736 29949
41737 29950
41739 29951
41740 29952
41742 29953
41744 29954
41745 29955
41746 29956
41748 29957
41749 29958
41750 29959
41751 29960
41753 29961
41756 29962
41757 29963
41758 29964
41760 29965
41761 29966
41762 29967
41763 29968
41766 29969
41769 29970
41770 29971
41772 29972
41774 29973
41776 29974
41779 29975
41781 29976
41782 29977
41783 29978
41784 29979
41785 29980
41786 29981
41787 29982
41788 29983
41789 29984
41790 29985
41792 29986
41793 29987
41796 29988
41798 29989
41799 29990
41800 29991
41801 29992
41802 29993
41803 29994
41804 29995
41805 29996
41807 29997
41808 29998
41810 29999
41811 30000
41813 30001
41815 30002
41816 30003
41818 30004
41819 30005
41820 30006
41821 30007
41822 30008
41823 30009
41824 30010
41825 30011
41826 30012
41827 30013
41828 30014
41830 30015
41834 30016
41835 30017
41836 30018
41839 30019
41840 30020
41841 30021
41842 30022
41843 30023
41844 30024
41845 30025
41846 30026
41847 30027
41848 30028
41850 30029
41851 30030
41852 30031
41853 30032
41854 30033
41855 30034
41858 30035
41859 30036
41860 30037
41861 30038
41862 30039
41863 30040
41866 30041
41867 30042
41869 30043
41873 30044
41874 30045
41878 30046
41879 30047
41883 30048
41885 30049
41886 30050
41887 30051
41888 30052
41891 30053
41894 30054
41895 30055
41896 30056
41897 30057
41898 30058
41900 30059
41902 30060
41905 30061
41908 30062
41909 30063
41910 30064
41911 30065
41912 30066
41916 30067
41917 30068
41918 30069
41919 30070
41921 30071
41922 30072
41924 30073
41925 30074
41927 30075
41929 30076
41931 30077
41932 30078
41935 30079
41936 30080
41937 30081
41938 30082
41939 30083
41940 30084
41941 30085
41942 30086
41943 30087
41944 30088
41946 30089
41948 30090
41949 30091
41950 30092
41951 30093
41953 30094
41954 30095
41955 30096
41957 30097
41959 30098
41960 30099
41961 30100
41962 30101
41963 30102
41964 30103
41966 30104
41967 30105
41968 30106
41970 30107
41972 30108
41973 30109
41974 30110
41975 30111
41976 30112
41977 30113
41979 30114
41980 30115
41981 30116
41982 30117
41984 30118
41985 30119
41986 30120
41987 30121
41989 30122
41990 30123
41994 30124
41995 30125
41997 30126
41999 30127
42000 30128
42001 30129
42004 30130
42005 30131
42009 30132
42011 30133
42012 30134
42013 30135
42014 30136
42015 30137
42016 30138
42017 30139
42018 30140
42019 30141
42020 30142
42021 30143
42023 30144
42024 30145
42025 30146
42026 30147
42027 30148
42028 30149
42029 30150
42030 30151
42031 30152
42032 30153
42033 30154
42034 30155
42035 30156
42039 30157
42040 30158
42041 30159
42042 30160
42043 30161
42044 30162
42046 30163
42048 30164
42051 30165
42052 30166
42055 30167
42061 30168
42062 30169
42063 30170
42064 30171
42065 30172
42066 30173
42067 30174
42068 30175
42070 30176
42072 30177
42073 30178
42074 30179
42076 30180
42077 30181
42079 30182
42080 30183
42083 30184
42084 30185
42085 30186
42086 30187
42087 30188
42088 30189
42089 30190
42090 30191
42091 30192
42092 30193
42093 30194
42094 30195
42095 30196
42097 30197
42098 30198
42099 30199
42101 30200
42103 30201
42104 30202
42105 30203
42106 30204
42108 30205
42109 30206
42110 30207
42111 30208
42112 30209
42114 30210
42118 30211
42119 30212
42120 30213
42122 30214
42124 30215
42125 30216
42131 30217
42136 30218
42138 30219
42139 30220
42140 30221
42141 30222
42142 30223
42148 30224
42149 30225
42151 30226
42152 30227
42153 30228
42154 30229
42155 30230
42156 30231
42157 30232
42158 30233
42159 30234
42160 30235
42161 30236
42163 30237
42164 30238
42165 30239
42166 30240
42167 30241
42169 30242
42170 30243
42172 30244
42173 30245
42174 30246
42177 30247
42178 30248
42179 30249
42180 30250
42183 30251
42184 30252
42185 30253
42186 30254
42187 30255
42188 30256
42189 30257
42190 30258
42191 30259
42192 30260
42193 30261
42196 30262
42197 30263
42198 30264
42199 30265
42200 30266
42201 30267
42203 30268
42204 30269
42205 30270
42207 30271
42208 30272
42209 30273
42210 30274
42211 30275
42212 30276
42213 30277
42215 30278
42216 30279
42218 30280
42220 30281
42221 30282
42222 30283
42224 30284
42227 30285
42228 30286
42229 30287
42230 30288
42231 30289
42233 30290
42234 30291
42235 30292
42236 30293
42238 30294
42240 30295
42243 30296
42245 30297
42247 30298
42248 30299
42249 30300
42250 30301
42251 30302
42253 30303
42254 30304
42256 30305
42257 30306
42258 30307
42259 30308
42260 30309
42261 30310
42262 30311
42263 30312
42265 30313
42267 30314
42268 30315
42269 30316
42270 30317
42271 30318
42272 30319
42273 30320
42274 30321
42277 30322
42279 30323
42280 30324
42281 30325
42282 30326
42283 30327
42286 30328
42287 30329
42288 30330
42290 30331
42291 30332
42292 30333
42294 30334
42295 30335
42296 30336
42298 30337
42299 30338
42300 30339
42301 30340
42302 30341
42303 30342
42306 30343
42307 30344
42308 30345
42310 30346
42313 30347
42314 30348
42315 30349
42316 30350
42317 30351
42320 30352
42321 30353
42322 30354
42324 30355
42325 30356
42326 30357
42327 30358
42328 30359
42329 30360
42330 30361
42331 30362
42333 30363
42334 30364
42335 30365
42336 30366
42337 30367
42338 30368
42339 30369
42340 30370
42341 30371
42342 30372
42344 30373
42345 30374
42346 30375
42347 30376
42349 30377
42350 30378
42351 30379
42352 30380
42353 30381
42355 30382
42356 30383
42357 30384
42358 30385
42359 30386
42360 30387
42362 30388
42363 30389
42364 30390
42365 30391
42367 30392
42369 30393
42370 30394
42371 30395
42372 30396
42374 30397
42375 30398
42376 30399
42377 30400
42378 30401
42381 30402
42382 30403
42383 30404
42386 30405
42387 30406
42388 30407
42389 30408
42390 30409
42391 30410
42394 30411
42396 30412
42398 30413
42399 30414
42400 30415
42402 30416
42403 30417
42405 30418
42407 30419
42408 30420
42409 30421
42410 30422
42411 30423
42412 30424
42413 30425
42414 30426
42415 30427
42417 30428
42418 30429
42421 30430
42422 30431
42423 30432
42424 30433
42425 30434
42428 30435
42429 30436
42430 30437
42434 30438
42435 30439
42436 30440
42437 30441
42439 30442
42440 30443
42441 30444
42443 30445
42444 30446
42447 30447
42448 30448
42449 30449
42450 30450
42452 30451
42453 30452
42454 30453
42455 30454
42456 30455
42460 30456
42461 30457
42462 30458
42463 30459
42464 30460
42465 30461
42466 30462
42467 30463
42468 30464
42469 30465
42470 30466
42471 30467
42472 30468
42474 30469
42475 30470
42476 30471
42479 30472
42480 30473
42481 30474
42482 30475
42484 30476
42485 30477
42486 30478
42487 30479
42489 30480
42490 30481
42491 30482
42492 30483
42493 30484
42495 30485
42496 30486
42497 30487
42498 30488
42500 30489
42501 30490
42502 30491
42503 30492
42504 30493
42506 30494
42507 30495
42508 30496
42509 30497
42510 30498
42511 30499
42512 30500
42513 30501
42514 30502
42516 30503
42517 30504
42518 30505
42520 30506
42521 30507
42522 30508
42523 30509
42524 30510
42525 30511
42526 30512
42527 30513
42529 30514
42530 30515
42532 30516
42533 30517
42534 30518
42535 30519
42536 30520
42542 30521
42544 30522
42545 30523
42546 30524
42547 30525
42550 30526
42551 30527
42552 30528
42553 30529
42554 30530
42555 30531
42562 30532
42563 30533
42564 30534
42565 30535
42567 30536
42570 30537
42571 30538
42572 30539
42575 30540
42578 30541
42579 30542
42580 30543
42581 30544
42583 30545
42584 30546
42585 30547
42586 30548
42588 30549
42589 30550
42592 30551
42593 30552
42594 30553
42595 30554
42596 30555
42597 30556
42598 30557
42599 30558
42600 30559
42601 30560
42602 30561
42603 30562
42604 30563
42605 30564
42606 30565
42607 30566
42608 30567
42609 30568
42610 30569
42611 30570
42612 30571
42613 30572
42614 30573
42615 30574
42617 30575
42618 30576
42619 30577
42620 30578
42623 30579
42624 30580
42626 30581
42629 30582
42630 30583
42631 30584
42632 30585
42633 30586
42634 30587
42637 30588
42639 30589
42640 30590
42641 30591
42642 30592
42643 30593
42644 30594
42645 30595
42647 30596
42648 30597
42649 30598
42650 30599
42652 30600
42653 30601
42655 30602
42658 30603
42659 30604
42661 30605
42664 30606
42666 30607
42667 30608
42668 30609
42670 30610
42671 30611
42672 30612
42674 30613
42675 30614
42676 30615
42677 30616
42678 30617
42679 30618
42680 30619
42681 30620
42682 30621
42683 30622
42684 30623
42686 30624
42688 30625
42689 30626
42690 30627
42691 30628
42693 30629
42694 30630
42696 30631
42698 30632
42699 30633
42700 30634
42701 30635
42702 30636
42703 30637
42704 30638
42705 30639
42706 30640
42707 30641
42708 30642
42709 30643
42710 30644
42711 30645
42712 30646
42714 30647
42715 30648
42716 30649
42717 30650
42719 30651
42720 30652
42721 30653
42722 30654
42723 30655
42724 30656
42725 30657
42726 30658
42728 30659
42729 30660
42732 30661
42734 30662
42736 30663
42738 30664
42740 30665
42741 30666
42743 30667
42747 30668
42749 30669
42750 30670
42751 30671
42754 30672
42755 30673
42757 30674
42758 30675
42759 30676
42760 30677
42761 30678
42762 30679
42763 30680
42764 30681
42765 30682
42766 30683
42767 30684
42768 30685
42770 30686
42771 30687
42772 30688
42773 30689
42777 30690
42778 30691
42779 30692
42780 30693
42782 30694
42783 30695
42784 30696
42785 30697
42786 30698
42790 30699
42791 30700
42792 30701
42793 30702
42794 30703
42795 30704
42796 30705
42797 30706
42798 30707
42799 30708
42800 30709
42802 30710
42803 30711
42805 30712
42806 30713
42809 30714
42812 30715
42813 30716
42814 30717
42815 30718
42816 30719
42817 30720
42818 30721
42819 30722
42820 30723
42821 30724
42822 30725
42823 30726
42824 30727
42825 30728
42826 30729
42827 30730
42830 30731
42831 30732
42833 30733
42834 30734
42835 30735
42836 30736
42837 30737
42839 30738
42840 30739
42841 30740
42844 30741
42846 30742
42847 30743
42848 30744
42849 30745
42850 30746
42851 30747
42852 30748
42854 30749
42855 30750
42857 30751
42859 30752
42862 30753
42863 30754
42864 30755
42865 30756
42866 30757
42867 30758
42868 30759
42872 30760
42873 30761
42874 30762
42875 30763
42876 30764
42877 30765
42878 30766
42880 30767
42881 30768
42885 30769
42887 30770
42888 30771
42889 30772
42890 30773
42891 30774
42892 30775
42893 30776
42894 30777
42896 30778
42897 30779
42898 30780
42899 30781
42900 30782
42901 30783
42905 30784
42906 30785
42909 30786
42910 30787
42911 30788
42913 30789
42914 30790
42915 30791
42917 30792
42918 30793
42919 30794
42920 30795
42921 30796
42923 30797
42924 30798
42926 30799
42929 30800
42931 30801
42932 30802
42933 30803
42934 30804
42936 30805
42938 30806
42939 30807
42940 30808
42942 30809
42943 30810
42944 30811
42945 30812
42948 30813
42949 30814
42952 30815
42953 30816
42954 30817
42955 30818
42957 30819
42958 30820
42959 30821
42960 30822
42962 30823
42963 30824
42964 30825
42965 30826
42967 30827
42969 30828
42970 30829
42971 30830
42973 30831
42974 30832
42975 30833
42976 30834
42977 30835
42979 30836
42983 30837
42984 30838
42986 30839
42987 30840
42989 30841
42990 30842
42991 30843
42992 30844
42993 30845
42994 30846
42996 30847
42998 30848
42999 30849
43000 30850
43002 30851
43003 30852
43004 30853
43005 30854
43006 30855
43007 30856
43010 30857
43011 30858
43012 30859
43014 30860
43015 30861
43016 30862
43017 30863
43018 30864
43019 30865
43020 30866
43021 30867
43023 30868
43024 30869
43026 30870
43027 30871
43028 30872
43029 30873
43030 30874
43033 30875
43034 30876
43037 30877
43038 30878
43039 30879
43040 30880
43042 30881
43043 30882
43044 30883
43045 30884
43046 30885
43047 30886
43048 30887
43051 30888
43052 30889
43054 30890
43055 30891
43056 30892
43057 30893
43063 30894
43064 30895
43066 30896
43069 30897
43071 30898
43072 30899
43073 30900
43074 30901
43075 30902
43077 30903
43080 30904
43081 30905
43082 30906
43086 30907
43087 30908
43088 30909
43089 30910
43090 30911
43091 30912
43092 30913
43093 30914
43094 30915
43097 30916
43098 30917
43099 30918
43100 30919
43102 30920
43103 30921
43105 30922
43106 30923
43107 30924
43109 30925
43110 30926
43111 30927
43112 30928
43113 30929
43114 30930
43115 30931
43116 30932
43117 30933
43118 30934
43121 30935
43123 30936
43125 30937
43128 30938
43129 30939
43130 30940
43131 30941
43132 30942
43134 30943
43135 30944
43137 30945
43138 30946
43139 30947
43140 30948
43143 30949
43144 30950
43145 30951
43147 30952
43148 30953
43149 30954
43151 30955
43152 30956
43153 30957
43154 30958
43156 30959
43157 30960
43159 30961
43160 30962
43161 30963
43162 30964
43163 30965
43164 30966
43165 30967
43166 30968
43167 30969
43168 30970
43169 30971
43170 30972
43172 30973
43173 30974
43174 30975
43176 30976
43177 30977
43178 30978
43179 30979
43180 30980
43183 30981
43185 30982
43187 30983
43188 30984
43189 30985
43190 30986
43191 30987
43192 30988
43193 30989
43194 30990
43195 30991
43196 30992
43199 30993
43200 30994
43201 30995
43202 30996
43204 30997
43205 30998
43206 30999
43207 31000
43209 31001
43210 31002
43212 31003
43218 31004
43221 31005
43225 31006
43226 31007
43227 31008
43228 31009
43229 31010
43231 31011
43233 31012
43235 31013
43236 31014
43237 31015
43238 31016
43240 31017
43242 31018
43243 31019
43244 31020
43247 31021
43249 31022
43251 31023
43254 31024
43255 31025
43256 31026
43258 31027
43259 31028
43260 31029
43261 31030
43262 31031
43263 31032
43264 31033
43266 31034
43268 31035
43269 31036
43270 31037
43271 31038
43272 31039
43273 31040
43274 31041
43278 31042
43279 31043
43280 31044
43282 31045
43283 31046
43285 31047
43286 31048
43287 31049
43289 31050
43290 31051
43291 31052
43292 31053
43293 31054
43294 31055
43295 31056
43297 31057
43299 31058
43300 31059
43301 31060
43302 31061
43303 31062
43305 31063
43307 31064
43308 31065
43309 31066
43310 31067
43312 31068
43314 31069
43315 31070
43316 31071
43317 31072
43318 31073
43319 31074
43321 31075
43324 31076
43325 31077
43329 31078
43331 31079
43332 31080
43333 31081
43335 31082
43336 31083
43337 31084
43338 31085
43340 31086
43341 31087
43342 31088
43343 31089
43344 31090
43345 31091
43346 31092
43347 31093
43349 31094
43350 31095
43351 31096
43352 31097
43353 31098
43356 31099
43357 31100
43358 31101
43359 31102
43360 31103
43362 31104
43363 31105
43364 31106
43367 31107
43368 31108
43369 31109
43370 31110
43371 31111
43372 31112
43373 31113
43377 31114
43378 31115
43380 31116
43381 31117
43383 31118
43384 31119
43387 31120
43390 31121
43391 31122
43392 31123
43393 31124
43394 31125
43399 31126
43400 31127
43401 31128
43404 31129
43405 31130
43406 31131
43407 31132
43408 31133
43409 31134
43410 31135
43412 31136
43414 31137
43415 31138
43416 31139
43418 31140
43419 31141
43420 31142
43421 31143
43423 31144
43426 31145
43427 31146
43428 31147
43429 31148
43432 31149
43433 31150
43434 31151
43435 31152
43436 31153
43437 31154
43438 31155
43439 31156
43440 31157
43441 31158
43444 31159
43445 31160
43446 31161
43447 31162
43448 31163
43449 31164
43450 31165
43451 31166
43452 31167
43453 31168
43454 31169
43456 31170
43458 31171
43461 31172
43462 31173
43463 31174
43464 31175
43465 31176
43466 31177
43467 31178
43469 31179
43470 31180
43471 31181
43474 31182
43475 31183
43476 31184
43477 31185
43478 31186
43479 31187
43480 31188
43481 31189
43482 31190
43484 31191
43485 31192
43486 31193
43487 31194
43489 31195
43490 31196
43491 31197
43492 31198
43493 31199
43494 31200
43495 31201
43496 31202
43498 31203
43499 31204
43500 31205
43503 31206
43504 31207
43506 31208
43507 31209
43508 31210
43509 31211
43510 31212
43512 31213
43513 31214
43514 31215
43516 31216
43517 31217
43518 31218
43519 31219
43520 31220
43522 31221
43525 31222
43526 31223
43529 31224
43532 31225
43535 31226
43536 31227
43537 31228
43538 31229
43539 31230
43541 31231
43542 31232
43543 31233
43545 31234
43546 31235
43547 31236
43548 31237
43550 31238
43551 31239
43552 31240
43553 31241
43555 31242
43557 31243
43558 31244
43559 31245
43560 31246
43561 31247
43562 31248
43563 31249
43564 31250
43565 31251
43566 31252
43571 31253
43572 31254
43574 31255
43575 31256
43576 31257
43577 31258
43580 31259
43581 31260
43583 31261
43584 31262
43585 31263
43586 31264
43589 31265
43592 31266
43593 31267
43594 31268
43595 31269
43596 31270
43599 31271
43600 31272
43601 31273
43605 31274
43607 31275
43608 31276
43609 31277
43610 31278
43612 31279
43614 31280
43615 31281
43617 31282
43618 31283
43620 31284
43621 31285
43622 31286
43625 31287
43626 31288
43628 31289
43629 31290
43630 31291
43631 31292
43633 31293
43635 31294
43636 31295
43639 31296
43643 31297
43644 31298
43647 31299
43648 31300
43649 31301
43650 31302
43651 31303
43652 31304
43653 31305
43654 31306
43655 31307
43658 31308
43660 31309
43661 31310
43662 31311
43663 31312
43664 31313
43666 31314
43667 31315
43668 31316
43669 31317
43670 31318
43671 31319
43672 31320
43674 31321
43676 31322
43677 31323
43678 31324
43679 31325
43683 31326
43684 31327
43685 31328
43686 31329
43688 31330
43689 31331
43691 31332
43693 31333
43694 31334
43695 31335
43698 31336
43703 31337
43705 31338
43706 31339
43707 31340
43708 31341
43710 31342
43711 31343
43712 31344
43713 31345
43715 31346
43716 31347
43717 31348
43718 31349
43719 31350
43720 31351
43721 31352
43722 31353
43723 31354
43724 31355
43725 31356
43726 31357
43727 31358
43729 31359
43730 31360
43733 31361
43734 31362
43736 31363
43737 31364
43738 31365
43739 31366
43741 31367
43744 31368
43745 31369
43746 31370
43747 31371
43749 31372
43751 31373
43752 31374
43753 31375
43754 31376
43755 31377
43756 31378
43757 31379
43758 31380
43760 31381
43761 31382
43762 31383
43763 31384
43764 31385
43765 31386
43769 31387
43770 31388
43771 31389
43772 31390
43773 31391
43775 31392
43776 31393
43777 31394
43779 31395
43780 31396
43782 31397
43783 31398
43784 31399
43785 31400
43786 31401
43787 31402
43788 31403
43790 31404
43791 31405
43792 31406
43793 31407
43794 31408
43795 31409
43796 31410
43797 31411
43799 31412
43802 31413
43803 31414
43804 31415
43805 31416
43806 31417
43807 31418
43809 31419
43810 31420
43811 31421
43812 31422
43813 31423
43816 31424
43817 31425
43821 31426
43822 31427
43824 31428
43825 31429
43827 31430
43829 31431
43830 31432
43832 31433
43834 31434
43835 31435
43836 31436
43838 31437
43839 31438
43841 31439
43843 31440
43845 31441
43846 31442
43847 31443
43849 31444
43850 31445
43851 31446
43853 31447
43855 31448
43856 31449
43857 31450
43859 31451
43861 31452
43862 31453
43864 31454
43865 31455
43866 31456
43867 31457
43869 31458
43871 31459
43872 31460
43874 31461
43875 31462
43877 31463
43878 31464
43879 31465
43882 31466
43883 31467
43884 31468
43885 31469
43887 31470
43888 31471
43889 31472
43890 31473
43891 31474
43892 31475
43893 31476
43894 31477
43896 31478
43897 31479
43899 31480
43900 31481
43901 31482
43902 31483
43903 31484
43904 31485
43906 31486
43907 31487
43908 31488
43909 31489
43910 31490
43911 31491
43912 31492
43914 31493
43915 31494
43916 31495
43918 31496
43919 31497
43920 31498
43921 31499
43922 31500
43925 31501
43926 31502
43929 31503
43930 31504
43931 31505
43933 31506
43935 31507
43936 31508
43937 31509
43939 31510
43940 31511
43942 31512
43943 31513
43946 31514
43947 31515
43950 31516
43951 31517
43953 31518
43954 31519
43955 31520
43956 31521
43957 31522
43958 31523
43959 31524
43960 31525
43962 31526
43963 31527
43965 31528
43966 31529
43968 31530
43969 31531
43972 31532
43974 31533
43975 31534
43976 31535
43977 31536
43978 31537
43980 31538
43982 31539
43983 31540
43984 31541
43988 31542
43990 31543
43991 31544
43992 31545
43993 31546
43995 31547
43997 31548
43998 31549
43999 31550
44000 31551
44002 31552
44003 31553
44006 31554
44008 31555
44009 31556
44011 31557
44012 31558
44014 31559
44015 31560
44017 31561
44018 31562
44019 31563
44021 31564
44022 31565
44023 31566
44025 31567
44026 31568
44027 31569
44028 31570
44029 31571
44031 31572
44032 31573
44033 31574
44035 31575
44036 31576
44038 31577
44039 31578
44040 31579
44042 31580
44043 31581
44044 31582
44045 31583
44046 31584
44047 31585
44049 31586
44050 31587
44051 31588
44052 31589
44053 31590
44055 31591
44056 31592
44058 31593
44059 31594
44061 31595
44062 31596
44063 31597
44064 31598
44065 31599
44066 31600
44067 31601
44068 31602
44070 31603
44072 31604
44073 31605
44074 31606
44075 31607
44076 31608
44079 31609
44080 31610
44081 31611
44082 31612
44083 31613
44084 31614
44086 31615
44087 31616
44089 31617
44091 31618
44092 31619
44093 31620
44095 31621
44096 31622
44097 31623
44099 31624
44100 31625
44101 31626
44102 31627
44103 31628
44106 31629
44107 31630
44108 31631
44109 31632
44113 31633
44114 31634
44115 31635
44120 31636
44121 31637
44124 31638
44126 31639
44128 31640
44129 31641
44131 31642
44132 31643
44134 31644
44135 31645
44136 31646
44137 31647
44138 31648
44140 31649
44141 31650
44142 31651
44143 31652
44144 31653
44147 31654
44149 31655
44150 31656
44151 31657
44153 31658
44154 31659
44155 31660
44157 31661
44158 31662
44159 31663
44162 31664
44163 31665
44164 31666
44166 31667
44167 31668
44168 31669
44169 31670
44171 31671
44172 31672
44173 31673
44174 31674
44175 31675
44176 31676
44177 31677
44178 31678
44179 31679
44180 31680
44182 31681
44183 31682
44184 31683
44185 31684
44186 31685
44187 31686
44188 31687
44189 31688
44192 31689
44194 31690
44195 31691
44197 31692
44198 31693
44199 31694
44203 31695
44206 31696
44207 31697
44210 31698
44211 31699
44212 31700
44214 31701
44217 31702
44219 31703
44220 31704
44221 31705
44223 31706
44224 31707
44226 31708
44228 31709
44229 31710
44231 31711
44232 31712
44234 31713
44235 31714
44237 31715
44238 31716
44239 31717
44240 31718
44242 31719
44243 31720
44246 31721
44248 31722
44249 31723
44251 31724
44253 31725
44254 31726
44255 31727
44256 31728
44257 31729
44258 31730
44259 31731
44261 31732
44262 31733
44263 31734
44265 31735
44266 31736
44267 31737
44268 31738
44269 31739
44270 31740
44272 31741
44273 31742
44274 31743
44275 31744
44276 31745
44277 31746
44278 31747
44279 31748
44280 31749
44281 31750
44283 31751
44284 31752
44285 31753
44286 31754
44287 31755
44289 31756
44291 31757
44294 31758
44297 31759
44298 31760
44299 31761
44300 31762
44301 31763
44302 31764
44303 31765
44304 31766
44305 31767
44306 31768
44307 31769
44308 31770
44309 31771
44310 31772
44311 31773
44312 31774
44313 31775
44314 31776
44315 31777
44317 31778
44318 31779
44319 31780
44320 31781
44321 31782
44324 31783
44327 31784
44328 31785
44329 31786
44331 31787
44333 31788
44334 31789
44335 31790
44338 31791
44339 31792
44340 31793
44341 31794
44343 31795
44344 31796
44346 31797
44347 31798
44348 31799
44349 31800
44350 31801
44351 31802
44353 31803
44354 31804
44355 31805
44356 31806
44357 31807
44359 31808
44360 31809
44361 31810
44362 31811
44363 31812
44365 31813
44367 31814
44370 31815
44371 31816
44372 31817
44375 31818
44376 31819
44377 31820
44378 31821
44380 31822
44381 31823
44383 31824
44385 31825
44386 31826
44387 31827
44388 31828
44389 31829
44390 31830
44391 31831
44392 31832
44393 31833
44395 31834
44396 31835
44397 31836
44398 31837
44399 31838
44402 31839
44403 31840
44404 31841
44405 31842
44408 31843
44409 31844
44410 31845
44411 31846
44412 31847
44414 31848
44415 31849
44416 31850
44422 31851
44423 31852
44425 31853
44426 31854
44427 31855
44428 31856
44429 31857
44430 31858
44432 31859
44433 31860
44434 31861
44435 31862
44436 31863
44437 31864
44439 31865
44441 31866
44443 31867
44444 31868
44446 31869
44447 31870
44448 31871
44449 31872
44451 31873
44452 31874
44453 31875
44454 31876
44455 31877
44456 31878
44458 31879
44460 31880
44461 31881
44462 31882
44463 31883
44464 31884
44465 31885
44470 31886
44471 31887
44472 31888
44474 31889
44476 31890
44477 31891
44478 31892
44479 31893
44483 31894
44484 31895
44485 31896
44486 31897
44487 31898
44488 31899
44489 31900
44490 31901
44492 31902
44493 31903
44494 31904
44495 31905
44496 31906
44497 31907
44498 31908
44499 31909
44500 31910
44501 31911
44504 31912
44505 31913
44506 31914
44507 31915
44508 31916
44509 31917
44510 31918
44512 31919
44514 31920
44515 31921
44516 31922
44520 31923
44521 31924
44522 31925
44523 31926
44524 31927
44525 31928
44526 31929
44527 31930
44528 31931
44531 31932
44533 31933
44534 31934
44536 31935
44537 31936
44539 31937
44540 31938
44541 31939
44542 31940
44543 31941
44544 31942
44545 31943
44546 31944
44547 31945
44548 31946
44550 31947
44551 31948
44552 31949
44554 31950
44556 31951
44557 31952
44558 31953
44559 31954
44562 31955
44563 31956
44564 31957
44565 31958
44566 31959
44567 31960
44569 31961
44571 31962
44572 31963
44573 31964
44574 31965
44575 31966
44576 31967
44577 31968
44578 31969
44579 31970
44581 31971
44582 31972
44584 31973
44585 31974
44586 31975
44587 31976
44589 31977
44590 31978
44591 31979
44592 31980
44593 31981
44594 31982
44595 31983
44596 31984
44598 31985
44601 31986
44602 31987
44603 31988
44604 31989
44605 31990
44607 31991
44608 31992
44610 31993
44612 31994
44613 31995
44615 31996
44616 31997
44617 31998
44618 31999
44619 32000
44621 32001
44626 32002
44627 32003
44629 32004
44630 32005
44631 32006
44632 32007
44633 32008
44634 32009
44635 32010
44636 32011
44637 32012
44638 32013
44639 32014
44640 32015
44641 32016
44642 32017
44643 32018
44646 32019
44648 32020
44649 32021
44651 32022
44652 32023
44658 32024
44661 32025
44662 32026
44663 32027
44664 32028
44665 32029
44666 32030
44667 32031
44668 32032
44675 32033
44676 32034
44677 32035
44678 32036
44680 32037
44682 32038
44683 32039
44684 32040
44687 32041
44688 32042
44689 32043
44690 32044
44691 32045
44692 32046
44693 32047
44694 32048
44695 32049
44696 32050
44697 32051
44698 32052
44699 32053
44700 32054
44701 32055
44702 32056
44704 32057
44705 32058
44706 32059
44707 32060
44708 32061
44709 32062
44710 32063
44711 32064
44714 32065
44715 32066
44716 32067
44717 32068
44718 32069
44719 32070
44720 32071
44721 32072
44722 32073
44723 32074
44724 32075
44726 32076
44727 32077
44728 32078
44729 32079
44732 32080
44733 32081
44734 32082
44737 32083
44738 32084
44739 32085
44740 32086
44741 32087
44742 32088
44743 32089
44744 32090
44745 32091
44747 32092
44748 32093
44749 32094
44750 32095
44751 32096
44753 32097
44754 32098
44757 32099
44759 32100
44760 32101
44762 32102
44763 32103
44764 32104
44765 32105
44766 32106
44767 32107
44768 32108
44771 32109
44774 32110
44775 32111
44777 32112
44778 32113
44779 32114
44780 32115
44781 32116
44782 32117
44783 32118
44784 32119
44785 32120
44786 32121
44787 32122
44789 32123
44790 32124
44791 32125
44792 32126
44793 32127
44795 32128
44796 32129
44797 32130
44798 32131
44799 32132
44800 32133
44801 32134
44805 32135
44806 32136
44807 32137
44808 32138
44809 32139
44813 32140
44815 32141
44816 32142
44817 32143
44818 32144
44819 32145
44820 32146
44822 32147
44823 32148
44824 32149
44826 32150
44827 32151
44828 32152
44829 32153
44830 32154
44833 32155
44835 32156
44836 32157
44837 32158
44838 32159
44840 32160
44841 32161
44842 32162
44844 32163
44845 32164
44846 32165
44849 32166
44850 32167
44851 32168
44854 32169
44855 32170
44857 32171
44860 32172
44861 32173
44862 32174
44863 32175
44864 32176
44865 32177
44867 32178
44868 32179
44869 32180
44870 32181
44871 32182
44872 32183
44873 32184
44874 32185
44875 32186
44877 32187
44878 32188
44879 32189
44880 32190
44881 32191
44882 32192
44883 32193
44884 32194
44885 32195
44886 32196
44888 32197
44890 32198
44891 32199
44893 32200
44894 32201
44895 32202
44896 32203
44899 32204
44903 32205
44905 32206
44906 32207
44908 32208
44912 32209
44913 32210
44914 32211
44915 32212
44917 32213
44918 32214
44920 32215
44921 32216
44922 32217
44923 32218
44924 32219
44925 32220
44926 32221
44927 32222
44930 32223
44931 32224
44932 32225
44934 32226
44937 32227
44938 32228
44939 32229
44940 32230
44941 32231
44942 32232
44943 32233
44948 32234
44950 32235
44952 32236
44954 32237
44955 32238
44956 32239
44957 32240
44961 32241
44962 32242
44963 32243
44964 32244
44965 32245
44966 32246
44967 32247
44968 32248
44969 32249
44970 32250
44971 32251
44972 32252
44976 32253
44978 32254
44982 32255
44983 32256
44984 32257
44986 32258
44988 32259
44989 32260
44990 32261
44992 32262
44993 32263
44995 32264
44996 32265
44997 32266
44998 32267
45000 32268
45001 32269
45002 32270
45004 32271
45005 32272
45006 32273
45007 32274
45008 32275
45009 32276
45010 32277
45013 32278
45014 32279
45016 32280
45017 32281
45018 32282
45019 32283
45020 32284
45021 32285
45023 32286
45024 32287
45026 32288
45027 32289
45028 32290
45031 32291
45032 32292
45034 32293
45036 32294
45038 32295
45039 32296
45040 32297
45041 32298
45042 32299
45043 32300
45044 32301
45045 32302
45046 32303
45048 32304
45049 32305
45050 32306
45052 32307
45053 32308
45054 32309
45055 32310
45056 32311
45057 32312
45058 32313
45059 32314
45060 32315
45061 32316
45062 32317
45063 32318
45064 32319
45066 32320
45067 32321
45068 32322
45070 32323
45071 32324
45073 32325
45076 32326
45077 32327
45078 32328
45079 32329
45080 32330
45082 32331
45083 32332
45085 32333
45086 32334
45087 32335
45088 32336
45091 32337
45092 32338
45093 32339
45095 32340
45096 32341
45098 32342
45099 32343
45101 32344
45102 32345
45104 32346
45106 32347
45109 32348
45111 32349
45112 32350
45114 32351
45115 32352
45117 32353
45118 32354
45119 32355
45120 32356
45121 32357
45122 32358
45123 32359
45124 32360
45126 32361
45127 32362
45128 32363
45129 32364
45130 32365
45131 32366
45132 32367
45135 32368
45136 32369
45138 32370
45140 32371
45142 32372
45144 32373
45145 32374
45146 32375
45147 32376
45148 32377
45149 32378
45150 32379
45151 32380
45152 32381
45153 32382
45154 32383
45155 32384
45156 32385
45157 32386
45158 32387
45159 32388
45160 32389
45162 32390
45164 32391
45165 32392
45166 32393
45167 32394
45168 32395
45169 32396
45170 32397
45173 32398
45174 32399
45175 32400
45176 32401
45177 32402
45178 32403
45179 32404
45180 32405
45181 32406
45182 32407
45184 32408
45185 32409
45186 32410
45187 32411
45188 32412
45190 32413
45191 32414
45192 32415
45193 32416
45194 32417
45196 32418
45198 32419
45199 32420
45200 32421
45201 32422
45202 32423
45204 32424
45205 32425
45206 32426
45207 32427
45208 32428
45209 32429
45210 32430
45211 32431
45213 32432
45214 32433
45215 32434
45216 32435
45220 32436
45222 32437
45224 32438
45225 32439
45226 32440
45227 32441
45228 32442
45229 32443
45230 32444
45231 32445
45234 32446
45235 32447
45237 32448
45239 32449
45240 32450
45241 32451
45242 32452
45243 32453
45246 32454
45247 32455
45248 32456
45249 32457
45250 32458
45251 32459
45252 32460
45253 32461
45254 32462
45258 32463
45259 32464
45260 32465
45262 32466
45263 32467
45267 32468
45268 32469
45270 32470
45272 32471
45273 32472
45274 32473
45275 32474
45276 32475
45277 32476
45279 32477
45280 32478
45281 32479
45283 32480
45284 32481
45285 32482
45288 32483
45289 32484
45290 32485
45291 32486
45292 32487
45293 32488
45294 32489
45295 32490
45297 32491
45298 32492
45299 32493
45300 32494
45301 32495
45302 32496
45304 32497
45305 32498
45309 32499
45310 32500
45311 32501
45312 32502
45313 32503
45314 32504
45315 32505
45316 32506
45319 32507
45320 32508
45321 32509
45322 32510
45323 32511
45325 32512
45328 32513
45329 32514
45331 32515
45333 32516
45336 32517
45337 32518
45338 32519
45339 32520
45340 32521
45343 32522
45345 32523
45346 32524
45347 32525
45348 32526
45350 32527
45352 32528
45353 32529
45354 32530
45355 32531
45357 32532
45358 32533
45359 32534
45360 32535
45361 32536
45362 32537
45363 32538
45364 32539
45365 32540
45366 32541
45367 32542
45368 32543
45370 32544
45371 32545
45373 32546
45374 32547
45375 32548
45376 32549
45377 32550
45380 32551
45381 32552
45382 32553
45384 32554
45385 32555
45386 32556
45388 32557
45389 32558
45390 32559
45391 32560
45392 32561
45393 32562
45394 32563
45395 32564
45396 32565
45397 32566
45400 32567
45401 32568
45405 32569
45406 32570
45408 32571
45409 32572
45410 32573
45411 32574
45412 32575
45413 32576
45414 32577
45415 32578
45416 32579
45418 32580
45420 32581
45421 32582
45422 32583
45423 32584
45424 32585
45425 32586
45428 32587
45430 32588
45431 32589
45432 32590
45434 32591
45435 32592
45437 32593
45438 32594
45439 32595
45441 32596
45443 32597
45445 32598
45446 32599
45447 32600
45448 32601
45449 32602
45450 32603
45452 32604
45454 32605
45456 32606
45458 32607
45459 32608
45460 32609
45461 32610
45462 32611
45463 32612
45464 32613
45465 32614
45467 32615
45468 32616
45469 32617
45470 32618
45471 32619
45474 32620
45477 32621
45478 32622
45479 32623
45480 32624
45481 32625
45482 32626
45483 32627
45485 32628
45486 32629
45487 32630
45488 32631
45489 32632
45490 32633
45491 32634
45492 32635
45493 32636
45495 32637
45496 32638
45497 32639
45498 32640
45499 32641
45500 32642
45501 32643
45502 32644
45504 32645
45505 32646
45506 32647
45507 32648
45508 32649
45509 32650
45513 32651
45515 32652
45517 32653
45518 32654
45519 32655
45520 32656
45521 32657
45522 32658
45523 32659
45524 32660
45525 32661
45526 32662
45527 32663
45528 32664
45530 32665
45531 32666
45532 32667
45533 32668
45534 32669
45535 32670
45536 32671
45537 32672
45538 32673
45539 32674
45540 32675
45542 32676
45543 32677
45544 32678
45545 32679
45546 32680
45548 32681
45549 32682
45550 32683
45551 32684
45552 32685
45553 32686
45554 32687
45555 32688
45556 32689
45557 32690
45558 32691
45559 32692
45562 32693
45563 32694
45564 32695
45566 32696
45567 32697
45568 32698
45569 32699
45571 32700
45572 32701
45573 32702
45575 32703
45577 32704
45578 32705
45579 32706
45580 32707
45581 32708
45582 32709
45584 32710
45585 32711
45586 32712
45588 32713
45589 32714
45590 32715
45591 32716
45592 32717
45593 32718
45595 32719
45596 32720
45598 32721
45599 32722
45600 32723
45601 32724
45602 32725
45603 32726
45604 32727
45605 32728
45606 32729
45607 32730
45609 32731
45610 32732
45611 32733
45612 32734
45615 32735
45616 32736
45617 32737
45618 32738
45620 32739
45621 32740
45622 32741
45623 32742
45624 32743
45626 32744
45627 32745
45628 32746
45629 32747
45630 32748
45631 32749
45634 32750
45635 32751
45636 32752
45637 32753
45638 32754
45639 32755
45640 32756
45641 32757
45643 32758
45644 32759
45645 32760
45646 32761
45647 32762
45653 32763
45654 32764
45656 32765
45659 32766
45661 32767
45662 32768
45663 32769
45664 32770
45665 32771
45667 32772
45668 32773
45669 32774
45671 32775
45672 32776
45673 32777
45674 32778
45675 32779
45676 32780
45678 32781
45679 32782
45680 32783
45682 32784
45683 32785
45685 32786
45686 32787
45687 32788
45689 32789
45690 32790
45691 32791
45693 32792
45696 32793
45697 32794
45698 32795
45699 32796
45700 32797
45701 32798
45702 32799
45704 32800
45705 32801
45706 32802
45707 32803
45708 32804
45712 32805
45713 32806
45714 32807
45715 32808
45716 32809
45718 32810
45719 32811
45720 32812
45721 32813
45722 32814
45724 32815
45725 32816
45728 32817
45729 32818
45734 32819
45737 32820
45738 32821
45739 32822
45740 32823
45743 32824
45744 32825
45745 32826
45746 32827
45748 32828
45750 32829
45752 32830
45753 32831
45755 32832
45756 32833
45757 32834
45758 32835
45759 32836
45760 32837
45762 32838
45763 32839
45764 32840
45765 32841
45767 32842
45769 32843
45770 32844
45771 32845
45772 32846
45774 32847
45775 32848
45776 32849
45777 32850
45779 32851
45780 32852
45781 32853
45783 32854
45784 32855
45785 32856
45786 32857
45787 32858
45788 32859
45789 32860
45790 32861
45791 32862
45792 32863
45794 32864
45795 32865
45797 32866
45799 32867
45800 32868
45802 32869
45803 32870
45805 32871
45806 32872
45808 32873
45809 32874
45810 32875
45813 32876
45814 32877
45815 32878
45816 32879
45817 32880
45818 32881
45819 32882
45820 32883
45822 32884
45823 32885
45825 32886
45826 32887
45828 32888
45829 32889
45831 32890
45833 32891
45834 32892
45835 32893
45837 32894
45839 32895
45841 32896
45844 32897
45845 32898
45846 32899
45848 32900
45849 32901
45851 32902
45852 32903
45853 32904
45854 32905
45855 32906
45856 32907
45857 32908
45858 32909
45860 32910
45862 32911
45863 32912
45864 32913
45865 32914
45867 32915
45868 32916
45869 32917
45870 32918
45874 32919
45875 32920
45876 32921
45878 32922
45879 32923
45881 32924
45882 32925
45883 32926
45885 32927
45887 32928
45888 32929
45889 32930
45892 32931
45893 32932
45894 32933
45895 32934
45896 32935
45897 32936
45898 32937
45899 32938
45900 32939
45901 32940
45903 32941
45904 32942
45905 32943
45906 32944
45907 32945
45908 32946
45909 32947
45912 32948
45913 32949
45914 32950
45915 32951
45916 32952
45917 32953
45918 32954
45920 32955
45921 32956
45922 32957
45923 32958
45924 32959
45925 32960
45926 32961
45927 32962
45928 32963
45930 32964
45936 32965
45937 32966
45938 32967
45939 32968
45940 32969
45941 32970
45942 32971
45944 32972
45945 32973
45947 32974
45948 32975
45949 32976
45950 32977
45951 32978
45952 32979
45953 32980
45954 32981
45955 32982
45956 32983
45958 32984
45959 32985
45961 32986
45962 32987
45963 32988
45964 32989
45965 32990
45967 32991
45968 32992
45969 32993
45970 32994
45971 32995
45972 32996
45975 32997
45976 32998
45977 32999
45980 33000
45981 33001
45982 33002
45984 33003
45985 33004
45986 33005
45987 33006
45988 33007
45990 33008
45991 33009
45993 33010
45994 33011
45998 33012
45999 33013
46000 33014
46001 33015
46002 33016
46003 33017
46004 33018
46005 33019
46008 33020
46009 33021
46010 33022
46011 33023
46012 33024
46013 33025
46014 33026
46016 33027
46017 33028
46018 33029
46019 33030
46020 33031
46021 33032
46022 33033
46024 33034
46025 33035
46026 33036
46027 33037
46029 33038
46030 33039
46031 33040
46034 33041
46035 33042
46037 33043
46038 33044
46040 33045
46041 33046
46042 33047
46045 33048
46046 33049
46047 33050
46048 33051
46049 33052
46051 33053
46052 33054
46053 33055
46054 33056
46055 33057
46056 33058
46057 33059
46058 33060
46059 33061
46060 33062
46061 33063
46062 33064
46063 33065
46064 33066
46065 33067
46066 33068
46067 33069
46068 33070
46069 33071
46070 33072
46072 33073
46073 33074
46074 33075
46075 33076
46076 33077
46077 33078
46078 33079
46080 33080
46081 33081
46082 33082
46084 33083
46085 33084
46086 33085
46089 33086
46091 33087
46093 33088
46094 33089
46095 33090
46096 33091
46097 33092
46100 33093
46101 33094
46102 33095
46103 33096
46104 33097
46106 33098
46107 33099
46108 33100
46109 33101
46110 33102
46111 33103
46112 33104
46113 33105
46114 33106
46116 33107
46118 33108
46120 33109
46121 33110
46122 33111
46125 33112
46126 33113
46127 33114
46129 33115
46131 33116
46132 33117
46133 33118
46134 33119
46135 33120
46136 33121
46137 33122
46138 33123
46140 33124
46141 33125
46142 33126
46145 33127
46147 33128
46151 33129
46152 33130
46154 33131
46155 33132
46156 33133
46157 33134
46158 33135
46159 33136
46160 33137
46161 33138
46162 33139
46164 33140
46168 33141
46170 33142
46171 33143
46173 33144
46174 33145
46175 33146
46179 33147
46180 33148
46182 33149
46183 33150
46184 33151
46185 33152
46187 33153
46188 33154
46190 33155
46192 33156
46193 33157
46194 33158
46195 33159
46196 33160
46197 33161
46198 33162
46199 33163
46200 33164
46201 33165
46202 33166
46203 33167
46204 33168
46206 33169
46208 33170
46212 33171
46213 33172
46214 33173
46216 33174
46218 33175
46219 33176
46220 33177
46221 33178
46222 33179
46223 33180
46224 33181
46225 33182
46229 33183
46231 33184
46235 33185
46237 33186
46238 33187
46239 33188
46240 33189
46241 33190
46243 33191
46245 33192
46248 33193
46249 33194
46251 33195
46253 33196
46255 33197
46256 33198
46258 33199
46260 33200
46261 33201
46262 33202
46264 33203
46267 33204
46268 33205
46270 33206
46271 33207
46272 33208
46273 33209
46274 33210
46275 33211
46277 33212
46278 33213
46279 33214
46280 33215
46282 33216
46283 33217
46287 33218
46288 33219
46289 33220
46290 33221
46292 33222
46294 33223
46295 33224
46296 33225
46297 33226
46298 33227
46299 33228
46300 33229
46301 33230
46305 33231
46307 33232
46309 33233
46311 33234
46313 33235
46314 33236
46315 33237
46316 33238
46317 33239
46318 33240
46319 33241
46320 33242
46321 33243
46322 33244
46327 33245
46331 33246
46332 33247
46334 33248
46335 33249
46336 33250
46337 33251
46340 33252
46341 33253
46342 33254
46343 33255
46344 33256
46345 33257
46346 33258
46349 33259
46350 33260
46352 33261
46355 33262
46357 33263
46358 33264
46359 33265
46360 33266
46362 33267
46363 33268
46364 33269
46365 33270
46366 33271
46367 33272
46368 33273
46369 33274
46370 33275
46373 33276
46374 33277
46375 33278
46378 33279
46379 33280
46382 33281
46384 33282
46386 33283
46387 33284
46388 33285
46389 33286
46390 33287
46391 33288
46392 33289
46393 33290
46394 33291
46396 33292
46397 33293
46398 33294
46399 33295
46400 33296
46401 33297
46403 33298
46406 33299
46407 33300
46408 33301
46410 33302
46412 33303
46413 33304
46414 33305
46416 33306
46417 33307
46419 33308
46422 33309
46423 33310
46424 33311
46425 33312
46426 33313
46428 33314
46430 33315
46431 33316
46432 33317
46434 33318
46435 33319
46436 33320
46437 33321
46438 33322
46440 33323
46442 33324
46443 33325
46444 33326
46445 33327
46447 33328
46448 33329
46449 33330
46450 33331
46452 33332
46453 33333
46454 33334
46455 33335
46456 33336
46457 33337
46459 33338
46465 33339
46469 33340
46471 33341
46474 33342
46475 33343
46476 33344
46477 33345
46478 33346
46479 33347
46480 33348
46481 33349
46482 33350
46483 33351
46484 33352
46485 33353
46487 33354
46489 33355
46490 33356
46491 33357
46492 33358
46494 33359
46496 33360
46497 33361
46499 33362
46500 33363
46501 33364
46504 33365
46506 33366
46508 33367
46509 33368
46510 33369
46511 33370
46514 33371
46516 33372
46518 33373
46519 33374
46520 33375
46522 33376
46523 33377
46524 33378
46525 33379
46526 33380
46527 33381
46529 33382
46531 33383
46532 33384
46533 33385
46534 33386
46537 33387
46538 33388
46540 33389
46541 33390
46542 33391
46544 33392
46545 33393
46546 33394
46548 33395
46549 33396
46550 33397
46552 33398
46553 33399
46556 33400
46558 33401
46559 33402
46562 33403
46563 33404
46564 33405
46566 33406
46567 33407
46569 33408
46573 33409
46574 33410
46577 33411
46578 33412
46580 33413
46581 33414
46583 33415
46584 33416
46589 33417
46590 33418
46591 33419
46593 33420
46594 33421
46596 33422
46597 33423
46598 33424
46600 33425
46601 33426
46602 33427
46603 33428
46604 33429
46605 33430
46606 33431
46609 33432
46610 33433
46612 33434
46613 33435
46616 33436
46618 33437
46619 33438
46620 33439
46621 33440
46622 33441
46623 33442
46624 33443
46626 33444
46628 33445
46629 33446
46631 33447
46635 33448
46636 33449
46637 33450
46638 33451
46639 33452
46640 33453
46641 33454
46642 33455
46643 33456
46644 33457
46645 33458
46646 33459
46648 33460
46650 33461
46652 33462
46653 33463
46655 33464
46657 33465
46659 33466
46662 33467
46663 33468
46664 33469
46665 33470
46666 33471
46669 33472
46670 33473
46671 33474
46672 33475
46673 33476
46674 33477
46678 33478
46679 33479
46680 33480
46682 33481
46683 33482
46684 33483
46685 33484
46687 33485
46689 33486
46690 33487
46692 33488
46695 33489
46696 33490
46697 33491
46699 33492
46700 33493
46702 33494
46704 33495
46705 33496
46708 33497
46709 33498
46711 33499
46712 33500
46714 33501
46715 33502
46717 33503
46718 33504
46719 33505
46720 33506
46721 33507
46724 33508
46726 33509
46727 33510
46729 33511
46730 33512
46731 33513
46732 33514
46733 33515
46734 33516
46735 33517
46736 33518
46737 33519
46738 33520
46739 33521
46740 33522
46741 33523
46742 33524
46743 33525
46745 33526
46746 33527
46747 33528
46748 33529
46749 33530
46750 33531
46751 33532
46752 33533
46753 33534
46754 33535
46756 33536
46757 33537
46758 33538
46759 33539
46760 33540
46762 33541
46763 33542
46764 33543
46765 33544
46766 33545
46767 33546
46769 33547
46770 33548
46772 33549
46773 33550
46775 33551
46776 33552
46778 33553
46780 33554
46781 33555
46783 33556
46785 33557
46788 33558
46789 33559
46790 33560
46791 33561
46792 33562
46795 33563
46796 33564
46797 33565
46798 33566
46799 33567
46800 33568
46801 33569
46802 33570
46803 33571
46806 33572
46807 33573
46808 33574
46809 33575
46810 33576
46811 33577
46813 33578
46814 33579
46815 33580
46820 33581
46821 33582
46823 33583
46824 33584
46825 33585
46827 33586
46828 33587
46831 33588
46832 33589
46833 33590
46834 33591
46836 33592
46837 33593
46838 33594
46839 33595
46840 33596
46841 33597
46842 33598
46843 33599
46845 33600
46846 33601
46847 33602
46848 33603
46849 33604
46850 33605
46851 33606
46853 33607
46854 33608
46856 33609
46858 33610
46859 33611
46860 33612
46861 33613
46862 33614
46863 33615
46864 33616
46866 33617
46867 33618
46868 33619
46869 33620
46870 33621
46871 33622
46872 33623
46873 33624
46874 33625
46879 33626
46881 33627
46882 33628
46886 33629
46887 33630
46888 33631
46891 33632
46892 33633
46893 33634
46894 33635
46895 33636
46896 33637
46898 33638
46901 33639
46902 33640
46903 33641
46904 33642
46905 33643
46906 33644
46907 33645
46908 33646
46909 33647
46911 33648
46913 33649
46914 33650
46917 33651
46920 33652
46921 33653
46923 33654
46924 33655
46925 33656
46926 33657
46928 33658
46929 33659
46932 33660
46934 33661
46935 33662
46936 33663
46938 33664
46940 33665
46942 33666
46944 33667
46945 33668
46946 33669
46947 33670
46948 33671
46949 33672
46951 33673
46953 33674
46954 33675
46955 33676
46957 33677
46958 33678
46959 33679
46960 33680
46961 33681
46962 33682
46964 33683
46967 33684
46968 33685
46969 33686
46970 33687
46971 33688
46972 33689
46973 33690
46974 33691
46975 33692
46976 33693
46978 33694
46981 33695
46982 33696
46983 33697
46984 33698
46986 33699
46987 33700
46989 33701
46990 33702
46991 33703
46993 33704
46994 33705
46996 33706
47004 33707
47005 33708
47009 33709
47010 33710
47011 33711
47012 33712
47013 33713
47014 33714
47015 33715
47016 33716
47017 33717
47019 33718
47020 33719
47021 33720
47022 33721
47023 33722
47024 33723
47025 33724
47027 33725
47028 33726
47029 33727
47030 33728
47031 33729
47032 33730
47034 33731
47035 33732
47036 33733
47038 33734
47039 33735
47040 33736
47042 33737
47044 33738
47046 33739
47048 33740
47049 33741
47051 33742
47052 33743
47054 33744
47055 33745
47057 33746
47058 33747
47060 33748
47063 33749
47064 33750
47065 33751
47067 33752
47068 33753
47069 33754
47070 33755
47071 33756
47073 33757
47074 33758
47075 33759
47076 33760
47077 33761
47078 33762
47080 33763
47083 33764
47086 33765
47087 33766
47089 33767
47092 33768
47093 33769
47097 33770
47098 33771
47100 33772
47101 33773
47102 33774
47103 33775
47104 33776
47106 33777
47111 33778
47113 33779
47116 33780
47122 33781
47123 33782
47124 33783
47125 33784
47126 33785
47127 33786
47129 33787
47130 33788
47132 33789
47133 33790
47134 33791
47135 33792
47136 33793
47137 33794
47139 33795
47140 33796
47141 33797
47142 33798
47143 33799
47144 33800
47145 33801
47146 33802
47149 33803
47150 33804
47151 33805
47152 33806
47154 33807
47155 33808
47156 33809
47157 33810
47159 33811
47160 33812
47161 33813
47162 33814
47164 33815
47165 33816
47168 33817
47169 33818
47171 33819
47172 33820
47173 33821
47174 33822
47175 33823
47176 33824
47178 33825
47181 33826
47182 33827
47183 33828
47184 33829
47185 33830
47186 33831
47188 33832
47189 33833
47191 33834
47192 33835
47193 33836
47194 33837
47195 33838
47197 33839
47199 33840
47200 33841
47201 33842
47203 33843
47204 33844
47205 33845
47207 33846
47208 33847
47209 33848
47210 33849
47211 33850
47212 33851
47213 33852
47216 33853
47217 33854
47218 33855
47219 33856
47220 33857
47222 33858
47224 33859
47226 33860
47227 33861
47228 33862
47229 33863
47230 33864
47231 33865
47232 33866
47234 33867
47235 33868
47236 33869
47238 33870
47239 33871
47241 33872
47242 33873
47244 33874
47245 33875
47247 33876
47248 33877
47249 33878
47250 33879
47252 33880
47253 33881
47254 33882
47255 33883
47256 33884
47257 33885
47258 33886
47260 33887
47262 33888
47263 33889
47264 33890
47265 33891
47266 33892
47267 33893
47268 33894
47269 33895
47271 33896
47272 33897
47273 33898
47275 33899
47278 33900
47279 33901
47280 33902
47281 33903
47282 33904
47283 33905
47284 33906
47285 33907
47286 33908
47287 33909
47288 33910
47290 33911
47292 33912
47293 33913
47294 33914
47295 33915
47296 33916
47297 33917
47298 33918
47299 33919
47300 33920
47301 33921
47302 33922
47303 33923
47304 33924
47307 33925
47308 33926
47309 33927
47311 33928
47314 33929
47316 33930
47319 33931
47321 33932
47322 33933
47323 33934
47324 33935
47326 33936
47327 33937
47331 33938
47333 33939
47334 33940
47336 33941
47338 33942
47339 33943
47340 33944
47344 33945
47346 33946
47347 33947
47349 33948
47350 33949
47352 33950
47353 33951
47354 33952
47357 33953
47358 33954
47360 33955
47361 33956
47362 33957
47363 33958
47364 33959
47365 33960
47367 33961
47369 33962
47370 33963
47373 33964
47377 33965
47379 33966
47380 33967
47381 33968
47382 33969
47383 33970
47384 33971
47386 33972
47387 33973
47388 33974
47390 33975
47392 33976
47393 33977
47394 33978
47395 33979
47396 33980
47398 33981
47399 33982
47400 33983
47401 33984
47402 33985
47405 33986
47406 33987
47407 33988
47409 33989
47411 33990
47412 33991
47413 33992
47414 33993
47415 33994
47416 33995
47417 33996
47418 33997
47419 33998
47420 33999
47421 34000
47422 34001
47425 34002
47427 34003
47428 34004
47429 34005
47431 34006
47433 34007
47434 34008
47437 34009
47438 34010
47439 34011
47440 34012
47442 34013
47443 34014
47446 34015
47447 34016
47448 34017
47449 34018
47450 34019
47452 34020
47453 34021
47454 34022
47455 34023
47458 34024
47459 34025
47461 34026
47462 34027
47463 34028
47464 34029
47465 34030
47466 34031
47467 34032
47469 34033
47471 34034
47472 34035
47474 34036
47475 34037
47476 34038
47477 34039
47479 34040
47480 34041
47482 34042
47483 34043
47485 34044
47486 34045
47487 34046
47489 34047
47490 34048
47491 34049
47492 34050
47493 34051
47494 34052
47495 34053
47496 34054
47497 34055
47498 34056
47499 34057
47500 34058
47501 34059
47502 34060
47503 34061
47504 34062
47505 34063
47507 34064
47508 34065
47509 34066
47510 34067
47511 34068
47512 34069
47514 34070
47515 34071
47516 34072
47517 34073
47519 34074
47520 34075
47522 34076
47523 34077
47524 34078
47525 34079
47527 34080
47528 34081
47529 34082
47530 34083
47531 34084
47534 34085
47535 34086
47536 34087
47537 34088
47538 34089
47540 34090
47541 34091
47542 34092
47543 34093
47544 34094
47546 34095
47547 34096
47549 34097
47550 34098
47552 34099
47553 34100
47554 34101
47555 34102
47559 34103
47560 34104
47561 34105
47563 34106
47564 34107
47565 34108
47566 34109
47567 34110
47568 34111
47569 34112
47570 34113
47571 34114
47573 34115
47574 34116
47575 34117
47577 34118
47578 34119
47579 34120
47580 34121
47582 34122
47584 34123
47585 34124
47587 34125
47588 34126
47589 34127
47590 34128
47591 34129
47593 34130
47594 34131
47595 34132
47597 34133
47599 34134
47600 34135
47602 34136
47603 34137
47604 34138
47606 34139
47607 34140
47608 34141
47609 34142
47610 34143
47611 34144
47612 34145
47614 34146
47616 34147
47617 34148
47618 34149
47621 34150
47622 34151
47623 34152
47624 34153
47626 34154
47627 34155
47628 34156
47629 34157
47631 34158
47632 34159
47634 34160
47635 34161
47636 34162
47637 34163
47640 34164
47641 34165
47643 34166
47644 34167
47646 34168
47647 34169
47648 34170
47649 34171
47651 34172
47652 34173
47653 34174
47654 34175
47655 34176
47657 34177
47659 34178
47661 34179
47663 34180
47664 34181
47665 34182
47666 34183
47667 34184
47668 34185
47670 34186
47672 34187
47673 34188
47674 34189
47677 34190
47678 34191
47680 34192
47681 34193
47684 34194
47687 34195
47689 34196
47693 34197
47694 34198
47696 34199
47698 34200
47699 34201
47700 34202
47701 34203
47702 34204
47703 34205
47704 34206
47705 34207
47706 34208
47707 34209
47708 34210
47709 34211
47710 34212
47711 34213
47712 34214
47713 34215
47714 34216
47717 34217
47718 34218
47720 34219
47721 34220
47722 34221
47724 34222
47725 34223
47726 34224
47729 34225
47730 34226
47732 34227
47734 34228
47735 34229
47736 34230
47737 34231
47739 34232
47740 34233
47741 34234
47742 34235
47743 34236
47744 34237
47747 34238
47748 34239
47749 34240
47750 34241
47751 34242
47752 34243
47754 34244
47755 34245
47756 34246
47757 34247
47758 34248
47759 34249
47760 34250
47761 34251
47762 34252
47763 34253
47764 34254
47765 34255
47768 34256
47769 34257
47770 34258
47772 34259
47774 34260
47775 34261
47779 34262
47780 34263
47781 34264
47782 34265
47783 34266
47784 34267
47785 34268
47786 34269
47787 34270
47790 34271
47791 34272
47793 34273
47794 34274
47797 34275
47798 34276
47800 34277
47801 34278
47802 34279
47803 34280
47804 34281
47805 34282
47806 34283
47807 34284
47809 34285
47812 34286
47813 34287
47814 34288
47815 34289
47816 34290
47817 34291
47818 34292
47819 34293
47820 34294
47821 34295
47822 34296
47823 34297
47824 34298
47825 34299
47826 34300
47827 34301
47829 34302
47830 34303
47831 34304
47832 34305
47835 34306
47841 34307
47842 34308
47843 34309
47845 34310
47846 34311
47847 34312
47849 34313
47850 34314
47852 34315
47853 34316
47854 34317
47856 34318
47857 34319
47859 34320
47860 34321
47861 34322
47862 34323
47864 34324
47865 34325
47866 34326
47867 34327
47868 34328
47869 34329
47870 34330
47871 34331
47872 34332
47874 34333
47877 34334
47878 34335
47879 34336
47881 34337
47882 34338
47883 34339
47885 34340
47886 34341
47887 34342
47888 34343
47889 34344
47891 34345
47893 34346
47894 34347
47896 34348
47897 34349
47899 34350
47900 34351
47901 34352
47904 34353
47905 34354
47906 34355
47908 34356
47909 34357
47910 34358
47912 34359
47914 34360
47917 34361
47918 34362
47919 34363
47920 34364
47921 34365
47923 34366
47925 34367
47926 34368
47927 34369
47931 34370
47933 34371
47936 34372
47937 34373
47939 34374
47940 34375
47941 34376
47942 34377
47943 34378
47945 34379
47946 34380
47947 34381
47949 34382
47951 34383
47952 34384
47953 34385
47955 34386
47958 34387
47959 34388
47960 34389
47961 34390
47963 34391
47965 34392
47969 34393
47970 34394
47974 34395
47975 34396
47978 34397
47979 34398
47981 34399
47984 34400
47987 34401
47991 34402
47993 34403
47995 34404
47996 34405
47997 34406
48000 34407
48001 34408
48002 34409
48003 34410
48007 34411
48008 34412
48009 34413
48011 34414
48012 34415
48013 34416
48014 34417
48015 34418
48016 34419
48018 34420
48019 34421
48020 34422
48021 34423
48023 34424
48025 34425
48026 34426
48027 34427
48028 34428
48029 34429
48030 34430
48035 34431
48036 34432
48037 34433
48040 34434
48041 34435
48042 34436
48043 34437
48044 34438
48045 34439
48046 34440
48047 34441
48048 34442
48049 34443
48051 34444
48052 34445
48053 34446
48056 34447
48057 34448
48058 34449
48059 34450
48060 34451
48061 34452
48064 34453
48065 34454
48068 34455
48069 34456
48071 34457
48072 34458
48074 34459
48077 34460
48078 34461
48079 34462
48084 34463
48085 34464
48086 34465
48087 34466
48088 34467
48089 34468
48091 34469
48092 34470
48094 34471
48101 34472
48102 34473
48103 34474
48104 34475
48105 34476
48109 34477
48110 34478
48111 34479
48112 34480
48113 34481
48114 34482
48115 34483
48116 34484
48117 34485
48118 34486
48121 34487
48124 34488
48125 34489
48127 34490
48128 34491
48129 34492
48131 34493
48132 34494
48133 34495
48134 34496
48135 34497
48136 34498
48137 34499
48138 34500
48139 34501
48140 34502
48141 34503
48143 34504
48144 34505
48145 34506
48146 34507
48148 34508
48149 34509
48151 34510
48152 34511
48153 34512
48155 34513
48157 34514
48159 34515
48160 34516
48162 34517
48163 34518
48165 34519
48166 34520
48167 34521
48168 34522
48170 34523
48171 34524
48172 34525
48173 34526
48174 34527
48175 34528
48177 34529
48178 34530
48179 34531
48180 34532
48183 34533
48184 34534
48187 34535
48188 34536
48190 34537
48191 34538
48193 34539
48194 34540
48195 34541
48196 34542
48197 34543
48198 34544
48199 34545
48200 34546
48201 34547
48203 34548
48206 34549
48207 34550
48209 34551
48210 34552
48211 34553
48213 34554
48214 34555
48215 34556
48217 34557
48218 34558
48219 34559
48220 34560
48221 34561
48222 34562
48223 34563
48224 34564
48225 34565
48226 34566
48228 34567
48229 34568
48230 34569
48231 34570
48232 34571
48233 34572
48234 34573
48235 34574
48236 34575
48237 34576
48241 34577
48242 34578
48243 34579
48244 34580
48245 34581
48247 34582
48248 34583
48250 34584
48251 34585
48252 34586
48253 34587
48254 34588
48255 34589
48258 34590
48259 34591
48260 34592
48262 34593
48265 34594
48267 34595
48268 34596
48269 34597
48270 34598
48271 34599
48273 34600
48274 34601
48275 34602
48277 34603
48278 34604
48279 34605
48280 34606
48281 34607
48282 34608
48283 34609
48284 34610
48285 34611
48288 34612
48289 34613
48290 34614
48291 34615
48292 34616
48293 34617
48294 34618
48296 34619
48298 34620
48299 34621
48300 34622
48301 34623
48302 34624
48303 34625
48304 34626
48305 34627
48309 34628
48310 34629
48311 34630
48312 34631
48313 34632
48315 34633
48317 34634
48319 34635
48320 34636
48321 34637
48322 34638
48323 34639
48324 34640
48326 34641
48327 34642
48331 34643
48332 34644
48333 34645
48335 34646
48336 34647
48337 34648
48338 34649
48339 34650
48340 34651
48341 34652
48342 34653
48343 34654
48344 34655
48346 34656
48347 34657
48348 34658
48349 34659
48351 34660
48352 34661
48354 34662
48355 34663
48356 34664
48357 34665
48359 34666
48361 34667
48365 34668
48366 34669
48367 34670
48368 34671
48369 34672
48370 34673
48371 34674
48372 34675
48374 34676
48375 34677
48376 34678
48377 34679
48378 34680
48379 34681
48380 34682
48383 34683
48385 34684
48387 34685
48388 34686
48389 34687
48392 34688
48394 34689
48395 34690
48396 34691
48397 34692
48399 34693
48400 34694
48401 34695
48402 34696
48403 34697
48405 34698
48408 34699
48409 34700
48410 34701
48411 34702
48412 34703
48414 34704
48415 34705
48416 34706
48417 34707
48418 34708
48419 34709
48421 34710
48422 34711
48424 34712
48426 34713
48428 34714
48429 34715
48430 34716
48431 34717
48432 34718
48435 34719
48438 34720
48439 34721
48440 34722
48441 34723
48443 34724
48444 34725
48445 34726
48446 34727
48447 34728
48448 34729
48449 34730
48451 34731
48453 34732
48454 34733
48456 34734
48458 34735
48459 34736
48461 34737
48462 34738
48463 34739
48465 34740
48466 34741
48468 34742
48470 34743
48471 34744
48472 34745
48474 34746
48476 34747
48477 34748
48479 34749
48480 34750
48481 34751
48483 34752
48484 34753
48485 34754
48486 34755
48487 34756
48488 34757
48489 34758
48491 34759
48492 34760
48493 34761
48495 34762
48497 34763
48500 34764
48501 34765
48503 34766
48504 34767
48505 34768
48506 34769
48508 34770
48509 34771
48510 34772
48511 34773
48512 34774
48513 34775
48514 34776
48516 34777
48518 34778
48519 34779
48520 34780
48521 34781
48522 34782
48523 34783
48525 34784
48526 34785
48527 34786
48529 34787
48530 34788
48532 34789
48533 34790
48534 34791
48535 34792
48536 34793
48538 34794
48539 34795
48540 34796
48543 34797
48545 34798
48546 34799
48548 34800
48549 34801
48550 34802
48553 34803
48554 34804
48555 34805
48556 34806
48557 34807
48558 34808
48559 34809
48560 34810
48564 34811
48565 34812
48569 34813
48570 34814
48571 34815
48572 34816
48573 34817
48575 34818
48577 34819
48579 34820
48580 34821
48582 34822
48583 34823
48584 34824
48585 34825
48587 34826
48588 34827
48589 34828
48590 34829
48593 34830
48594 34831
48595 34832
48596 34833
48598 34834
48599 34835
48600 34836
48602 34837
48603 34838
48606 34839
48608 34840
48609 34841
48610 34842
48611 34843
48612 34844
48613 34845
48615 34846
48616 34847
48619 34848
48620 34849
48621 34850
48622 34851
48625 34852
48626 34853
48628 34854
48629 34855
48631 34856
48633 34857
48634 34858
48635 34859
48636 34860
48638 34861
48641 34862
48642 34863
48643 34864
48646 34865
48647 34866
48648 34867
48649 34868
48650 34869
48651 34870
48652 34871
48654 34872
48655 34873
48656 34874
48657 34875
48658 34876
48659 34877
48661 34878
48663 34879
48664 34880
48665 34881
48666 34882
48667 34883
48668 34884
48670 34885
48671 34886
48673 34887
48676 34888
48682 34889
48683 34890
48685 34891
48686 34892
48687 34893
48690 34894
48691 34895
48693 34896
48694 34897
48696 34898
48697 34899
48698 34900
48700 34901
48701 34902
48703 34903
48704 34904
48708 34905
48709 34906
48710 34907
48711 34908
48712 34909
48713 34910
48714 34911
48715 34912
48716 34913
48717 34914
48718 34915
48720 34916
48721 34917
48722 34918
48724 34919
48725 34920
48726 34921
48727 34922
48728 34923
48729 34924
48731 34925
48732 34926
48733 34927
48734 34928
48736 34929
48737 34930
48739 34931
48743 34932
48744 34933
48745 34934
48746 34935
48749 34936
48750 34937
48751 34938
48752 34939
48753 34940
48754 34941
48755 34942
48756 34943
48757 34944
48758 34945
48761 34946
48764 34947
48765 34948
48768 34949
48769 34950
48770 34951
48771 34952
48772 34953
48773 34954
48774 34955
48776 34956
48777 34957
48778 34958
48779 34959
48781 34960
48782 34961
48783 34962
48784 34963
48786 34964
48787 34965
48790 34966
48792 34967
48796 34968
48797 34969
48798 34970
48799 34971
48800 34972
48801 34973
48802 34974
48803 34975
48804 34976
48806 34977
48807 34978
48808 34979
48809 34980
48811 34981
48812 34982
48813 34983
48814 34984
48818 34985
48819 34986
48820 34987
48823 34988
48824 34989
48825 34990
48826 34991
48830 34992
48831 34993
48832 34994
48835 34995
48837 34996
48838 34997
48839 34998
48841 34999
48842 35000
48843 35001
48844 35002
48846 35003
48848 35004
48850 35005
48851 35006
48852 35007
48853 35008
48855 35009
48856 35010
48857 35011
48858 35012
48859 35013
48860 35014
48863 35015
48864 35016
48866 35017
48867 35018
48868 35019
48869 35020
48870 35021
48871 35022
48872 35023
48873 35024
48874 35025
48875 35026
48876 35027
48880 35028
48882 35029
48883 35030
48885 35031
48886 35032
48887 35033
48888 35034
48890 35035
48891 35036
48892 35037
48894 35038
48895 35039
48896 35040
48897 35041
48899 35042
48900 35043
48901 35044
48903 35045
48906 35046
48909 35047
48910 35048
48911 35049
48912 35050
48914 35051
48915 35052
48916 35053
48918 35054
48920 35055
48921 35056
48922 35057
48923 35058
48924 35059
48926 35060
48927 35061
48928 35062
48929 35063
48932 35064
48935 35065
48936 35066
48937 35067
48939 35068
48940 35069
48941 35070
48942 35071
48943 35072
48944 35073
48945 35074
48946 35075
48949 35076
48951 35077
48952 35078
48955 35079
48956 35080
48957 35081
48959 35082
48964 35083
48969 35084
48970 35085
48972 35086
48973 35087
48974 35088
48977 35089
48978 35090
48979 35091
48980 35092
48982 35093
48983 35094
48984 35095
48985 35096
48986 35097
48987 35098
48988 35099
48989 35100
48990 35101
48991 35102
48992 35103
48993 35104
48994 35105
48995 35106
48996 35107
48997 35108
48998 35109
48999 35110
49002 35111
49003 35112
49004 35113
49005 35114
49007 35115
49008 35116
49009 35117
49012 35118
49013 35119
49014 35120
49015 35121
49017 35122
49018 35123
49019 35124
49020 35125
49022 35126
49025 35127
49026 35128
49030 35129
49031 35130
49032 35131
49033 35132
49034 35133
49035 35134
49036 35135
49038 35136
49039 35137
49040 35138
49041 35139
49043 35140
49044 35141
49045 35142
49046 35143
49047 35144
49052 35145
49053 35146
49054 35147
49055 35148
49057 35149
49058 35150
49060 35151
49061 35152
49062 35153
49064 35154
49065 35155
49066 35156
49068 35157
49069 35158
49070 35159
49071 35160
49073 35161
49075 35162
49076 35163
49078 35164
49079 35165
49080 35166
49081 35167
49082 35168
49083 35169
49085 35170
49087 35171
49089 35172
49091 35173
49092 35174
49095 35175
49096 35176
49097 35177
49098 35178
49099 35179
49101 35180
49102 35181
49103 35182
49104 35183
49105 35184
49106 35185
49107 35186
49109 35187
49111 35188
49113 35189
49114 35190
49115 35191
49116 35192
49117 35193
49118 35194
49119 35195
49121 35196
49122 35197
49123 35198
49124 35199
49126 35200
49127 35201
49128 35202
49129 35203
49134 35204
49135 35205
49136 35206
49138 35207
49139 35208
49140 35209
49141 35210
49142 35211
49144 35212
49145 35213
49146 35214
49147 35215
49149 35216
49151 35217
49153 35218
49154 35219
49155 35220
49156 35221
49157 35222
49158 35223
49159 35224
49160 35225
49162 35226
49163 35227
49165 35228
49167 35229
49168 35230
49169 35231
49171 35232
49175 35233
49176 35234
49178 35235
49179 35236
49182 35237
49183 35238
49184 35239
49185 35240
49186 35241
49187 35242
49188 35243
49189 35244
49191 35245
49193 35246
49194 35247
49197 35248
49198 35249
49200 35250
49201 35251
49202 35252
49204 35253
49207 35254
49208 35255
49211 35256
49212 35257
49213 35258
49214 35259
49216 35260
49218 35261
49219 35262
49221 35263
49222 35264
49223 35265
49224 35266
49225 35267
49227 35268
49228 35269
49229 35270
49230 35271
49231 35272
49233 35273
49236 35274
49237 35275
49238 35276
49239 35277
49240 35278
49241 35279
49242 35280
49243 35281
49244 35282
49245 35283
49246 35284
49250 35285
49251 35286
49253 35287
49254 35288
49255 35289
49256 35290
49257 35291
49258 35292
49259 35293
49260 35294
49261 35295
49262 35296
49263 35297
49264 35298
49265 35299
49266 35300
49268 35301
49270 35302
49272 35303
49273 35304
49274 35305
49276 35306
49277 35307
49279 35308
49280 35309
49281 35310
49282 35311
49283 35312
49284 35313
49285 35314
49287 35315
49288 35316
49289 35317
49290 35318
49291 35319
49293 35320
49294 35321
49295 35322
49296 35323
49297 35324
49298 35325
49299 35326
49300 35327
49301 35328
49302 35329
49303 35330
49306 35331
49308 35332
49309 35333
49310 35334
49312 35335
49313 35336
49314 35337
49317 35338
49320 35339
49323 35340
49324 35341
49325 35342
49326 35343
49327 35344
49330 35345
49331 35346
49333 35347
49334 35348
49335 35349
49336 35350
49337 35351
49338 35352
49340 35353
49341 35354
49342 35355
49344 35356
49345 35357
49348 35358
49349 35359
49351 35360
49352 35361
49353 35362
49354 35363
49355 35364
49356 35365
49357 35366
49358 35367
49359 35368
49360 35369
49361 35370
49362 35371
49363 35372
49364 35373
49367 35374
49369 35375
49370 35376
49372 35377
49373 35378
49374 35379
49375 35380
49376 35381
49377 35382
49378 35383
49380 35384
49381 35385
49382 35386
49383 35387
49385 35388
49386 35389
49387 35390
49388 35391
49390 35392
49391 35393
49392 35394
49393 35395
49394 35396
49395 35397
49396 35398
49397 35399
49398 35400
49399 35401
49400 35402
49401 35403
49403 35404
49404 35405
49406 35406
49408 35407
49409 35408
49411 35409
49413 35410
49417 35411
49418 35412
49420 35413
49421 35414
49422 35415
49423 35416
49424 35417
49425 35418
49426 35419
49427 35420
49429 35421
49430 35422
49431 35423
49432 35424
49433 35425
49434 35426
49435 35427
49436 35428
49438 35429
49439 35430
49440 35431
49441 35432
49442 35433
49445 35434
49448 35435
49449 35436
49450 35437
49453 35438
49456 35439
49458 35440
49459 35441
49460 35442
49463 35443
49464 35444
49465 35445
49467 35446
49468 35447
49469 35448
49470 35449
49471 35450
49474 35451
49476 35452
49478 35453
49479 35454
49480 35455
49481 35456
49482 35457
49483 35458
49484 35459
49485 35460
49490 35461
49491 35462
49493 35463
49494 35464
49496 35465
49497 35466
49501 35467
49502 35468
49504 35469
49505 35470
49510 35471
49511 35472
49512 35473
49513 35474
49516 35475
49517 35476
49518 35477
49519 35478
49520 35479
49522 35480
49524 35481
49525 35482
49527 35483
49528 35484
49529 35485
49530 35486
49531 35487
49532 35488
49533 35489
49534 35490
49535 35491
49536 35492
49537 35493
49541 35494
49542 35495
49544 35496
49545 35497
49546 35498
49547 35499
49548 35500
49550 35501
49552 35502
49553 35503
49554 35504
49557 35505
49558 35506
49560 35507
49561 35508
49562 35509
49566 35510
49568 35511
49569 35512
49571 35513
49573 35514
49574 35515
49575 35516
49576 35517
49577 35518
49578 35519
49579 35520
49580 35521
49581 35522
49583 35523
49584 35524
49585 35525
49586 35526
49587 35527
49588 35528
49589 35529
49590 35530
49591 35531
49594 35532
49595 35533
49596 35534
49598 35535
49599 35536
49600 35537
49602 35538
49605 35539
49606 35540
49607 35541
49611 35542
49614 35543
49615 35544
49616 35545
49617 35546
49618 35547
49619 35548
49621 35549
49622 35550
49623 35551
49625 35552
49628 35553
49629 35554
49630 35555
49631 35556
49633 35557
49634 35558
49636 35559
49638 35560
49639 35561
49640 35562
49641 35563
49642 35564
49643 35565
49644 35566
49645 35567
49647 35568
49648 35569
49649 35570
49652 35571
49653 35572
49656 35573
49657 35574
49658 35575
49659 35576
49661 35577
49662 35578
49663 35579
49665 35580
49666 35581
49667 35582
49668 35583
49670 35584
49672 35585
49674 35586
49676 35587
49677 35588
49678 35589
49680 35590
49681 35591
49682 35592
49683 35593
49684 35594
49687 35595
49688 35596
49689 35597
49691 35598
49693 35599
49694 35600
49695 35601
49696 35602
49700 35603
49701 35604
49702 35605
49703 35606
49705 35607
49706 35608
49707 35609
49708 35610
49709 35611
49710 35612
49712 35613
49713 35614
49714 35615
49716 35616
49717 35617
49719 35618
49720 35619
49722 35620
49723 35621
49724 35622
49725 35623
49726 35624
49727 35625
49728 35626
49729 35627
49730 35628
49731 35629
49732 35630
49733 35631
49735 35632
49736 35633
49737 35634
49738 35635
49740 35636
49741 35637
49742 35638
49743 35639
49744 35640
49746 35641
49747 35642
49748 35643
49750 35644
49751 35645
49752 35646
49753 35647
49754 35648
49755 35649
49756 35650
49760 35651
49762 35652
49763 35653
49764 35654
49765 35655
49766 35656
49768 35657
49769 35658
49770 35659
49771 35660
49772 35661
49775 35662
49776 35663
49777 35664
49778 35665
49780 35666
49782 35667
49784 35668
49785 35669
49786 35670
49787 35671
49788 35672
49789 35673
49790 35674
49791 35675
49792 35676
49793 35677
49794 35678
49799 35679
49800 35680
49801 35681
49803 35682
49804 35683
49806 35684
49807 35685
49808 35686
49809 35687
49810 35688
49811 35689
49813 35690
49814 35691
49815 35692
49816 35693
49817 35694
49818 35695
49819 35696
49820 35697
49823 35698
49824 35699
49825 35700
49827 35701
49828 35702
49830 35703
49831 35704
49832 35705
49833 35706
49835 35707
49836 35708
49837 35709
49838 35710
49839 35711
49840 35712
49841 35713
49842 35714
49843 35715
49844 35716
49845 35717
49846 35718
49847 35719
49848 35720
49849 35721
49850 35722
49851 35723
49852 35724
49853 35725
49855 35726
49858 35727
49859 35728
49860 35729
49861 35730
49865 35731
49866 35732
49867 35733
49868 35734
49869 35735
49870 35736
49871 35737
49872 35738
49874 35739
49875 35740
49876 35741
49877 35742
49878 35743
49879 35744
49882 35745
49884 35746
49885 35747
49887 35748
49888 35749
49889 35750
49890 35751
49894 35752
49895 35753
49896 35754
49897 35755
49898 35756
49901 35757
49902 35758
49903 35759
49904 35760
49905 35761
49906 35762
49907 35763
49908 35764
49909 35765
49910 35766
49911 35767
49917 35768
49918 35769
49919 35770
49920 35771
49921 35772
49922 35773
49923 35774
49924 35775
49925 35776
49929 35777
49930 35778
49931 35779
49932 35780
49935 35781
49936 35782
49937 35783
49939 35784
49940 35785
49942 35786
49943 35787
49944 35788
49945 35789
49946 35790
49949 35791
49952 35792
49953 35793
49956 35794
49957 35795
49958 35796
49959 35797
49961 35798
49962 35799
49963 35800
49964 35801
49965 35802
49966 35803
49967 35804
49970 35805
49971 35806
49972 35807
49973 35808
49974 35809
49975 35810
49976 35811
49977 35812
49978 35813
49979 35814
49980 35815
49981 35816
49982 35817
49983 35818
49984 35819
49985 35820
49986 35821
49987 35822
49988 35823
49989 35824
49991 35825
49992 35826
49993 35827
49994 35828
49996 35829
49997 35830
49998 35831
49999 35832
